Execution Time,Phenotype,Fitness0
0.016,"FeatureMask(f0=True, f1=False, f2=True, f3=False, f4=True, f5=False, f6=True, f7=True, f8=False, f9=False, f10=True, f11=False, f12=False)",0.7858930228617478
0.032,"FeatureMask(f0=True, f1=False, f2=False, f3=False, f4=True, f5=False, f6=True, f7=False, f8=True, f9=False, f10=False, f11=False, f12=True)",0.8717348085305715
0.047,"FeatureMask(f0=False, f1=False, f2=False, f3=False, f4=True, f5=True, f6=True, f7=False, f8=False, f9=True, f10=False, f11=False, f12=True)",0.91944021344943
0.438,"FeatureMask(f0=False, f1=False, f2=False, f3=False, f4=True, f5=True, f6=True, f7=False, f8=False, f9=True, f10=False, f11=False, f12=True)",0.91944021344943
0.438,"FeatureMask(f0=False, f1=False, f2=False, f3=False, f4=True, f5=True, f6=True, f7=False, f8=False, f9=True, f10=False, f11=False, f12=True)",0.91944021344943
0.438,"FeatureMask(f0=False, f1=False, f2=False, f3=False, f4=True, f5=True, f6=True, f7=False, f8=False, f9=True, f10=False, f11=False, f12=True)",0.91944021344943
0.438,"FeatureMask(f0=False, f1=False, f2=False, f3=False, f4=True, f5=True, f6=True, f7=False, f8=False, f9=True, f10=False, f11=False, f12=True)",0.91944021344943
0.438,"FeatureMask(f0=False, f1=False, f2=False, f3=False, f4=True, f5=True, f6=True, f7=False, f8=False, f9=True, f10=False, f11=False, f12=True)",0.91944021344943
0.438,"FeatureMask(f0=False, f1=False, f2=False, f3=False, f4=True, f5=True, f6=True, f7=False, f8=False, f9=True, f10=False, f11=False, f12=True)",0.91944021344943
0.438,"FeatureMask(f0=False, f1=False, f2=False, f3=False, f4=True, f5=True, f6=True, f7=False, f8=False, f9=True, f10=False, f11=False, f12=True)",0.91944021344943
0.438,"FeatureMask(f0=False, f1=False, f2=False, f3=False, f4=True, f5=True, f6=True, f7=False, f8=False, f9=True, f10=False, f11=False, f12=True)",0.91944021344943
0.438,"FeatureMask(f0=False, f1=False, f2=False, f3=False, f4=True, f5=True, f6=True, f7=False, f8=False, f9=True, f10=False, f11=False, f12=True)",0.91944021344943
0.438,"FeatureMask(f0=False, f1=False, f2=False, f3=False, f4=True, f5=True, f6=True, f7=False, f8=False, f9=True, f10=False, f11=False, f12=True)",0.91944021344943
0.453,"FeatureMask(f0=False, f1=True, f2=False, f3=False, f4=True, f5=True, f6=True, f7=True, f8=False, f9=True, f10=True, f11=False, f12=True)",0.9349863208858138
0.641,"FeatureMask(f0=False, f1=True, f2=False, f3=False, f4=True, f5=True, f6=True, f7=True, f8=False, f9=True, f10=True, f11=False, f12=True)",0.9349863208858138
0.641,"FeatureMask(f0=False, f1=True, f2=False, f3=False, f4=True, f5=True, f6=True, f7=True, f8=False, f9=True, f10=True, f11=False, f12=True)",0.9349863208858138
0.641,"FeatureMask(f0=False, f1=True, f2=False, f3=False, f4=True, f5=True, f6=True, f7=True, f8=False, f9=True, f10=True, f11=False, f12=True)",0.9349863208858138
0.641,"FeatureMask(f0=False, f1=True, f2=False, f3=False, f4=True, f5=True, f6=True, f7=True, f8=False, f9=True, f10=True, f11=False, f12=True)",0.9349863208858138
0.641,"FeatureMask(f0=False, f1=True, f2=False, f3=False, f4=True, f5=True, f6=True, f7=True, f8=False, f9=True, f10=True, f11=False, f12=True)",0.9349863208858138
0.641,"FeatureMask(f0=False, f1=True, f2=False, f3=False, f4=True, f5=True, f6=True, f7=True, f8=False, f9=True, f10=True, f11=False, f12=True)",0.9349863208858138
0.641,"FeatureMask(f0=False, f1=True, f2=False, f3=False, f4=True, f5=True, f6=True, f7=True, f8=False, f9=True, f10=True, f11=False, f12=True)",0.9349863208858138
0.641,"FeatureMask(f0=False, f1=True, f2=False, f3=False, f4=True, f5=True, f6=True, f7=True, f8=False, f9=True, f10=True, f11=False, f12=True)",0.9349863208858138
0.641,"FeatureMask(f0=False, f1=True, f2=False, f3=False, f4=True, f5=True, f6=True, f7=True, f8=False, f9=True, f10=True, f11=False, f12=True)",0.9349863208858138
0.641,"FeatureMask(f0=False, f1=True, f2=False, f3=False, f4=True, f5=True, f6=True, f7=True, f8=False, f9=True, f10=True, f11=False, f12=True)",0.9349863208858138
0.8280000000000001,"FeatureMask(f0=False, f1=True, f2=False, f3=False, f4=True, f5=True, f6=True, f7=True, f8=False, f9=True, f10=True, f11=False, f12=True)",0.9349863208858138
0.8280000000000001,"FeatureMask(f0=False, f1=True, f2=False, f3=False, f4=True, f5=True, f6=True, f7=True, f8=False, f9=True, f10=True, f11=False, f12=True)",0.9349863208858138
0.8280000000000001,"FeatureMask(f0=False, f1=True, f2=False, f3=False, f4=True, f5=True, f6=True, f7=True, f8=False, f9=True, f10=True, f11=False, f12=True)",0.9349863208858138
0.8280000000000001,"FeatureMask(f0=False, f1=True, f2=False, f3=False, f4=True, f5=True, f6=True, f7=True, f8=False, f9=True, f10=True, f11=False, f12=True)",0.9349863208858138
0.8280000000000001,"FeatureMask(f0=False, f1=True, f2=False, f3=False, f4=True, f5=True, f6=True, f7=True, f8=False, f9=True, f10=True, f11=False, f12=True)",0.9349863208858138
0.8280000000000001,"FeatureMask(f0=False, f1=True, f2=False, f3=False, f4=True, f5=True, f6=True, f7=True, f8=False, f9=True, f10=True, f11=False, f12=True)",0.9349863208858138
0.8280000000000001,"FeatureMask(f0=False, f1=True, f2=False, f3=False, f4=True, f5=True, f6=True, f7=True, f8=False, f9=True, f10=True, f11=False, f12=True)",0.9349863208858138
0.8280000000000001,"FeatureMask(f0=False, f1=True, f2=False, f3=False, f4=True, f5=True, f6=True, f7=True, f8=False, f9=True, f10=True, f11=False, f12=True)",0.9349863208858138
0.8280000000000001,"FeatureMask(f0=False, f1=True, f2=False, f3=False, f4=True, f5=True, f6=True, f7=True, f8=False, f9=True, f10=True, f11=False, f12=True)",0.9349863208858138
0.8280000000000001,"FeatureMask(f0=False, f1=True, f2=False, f3=False, f4=True, f5=True, f6=True, f7=True, f8=False, f9=True, f10=True, f11=False, f12=True)",0.9349863208858138
0.922,"FeatureMask(f0=False, f1=True, f2=False, f3=False, f4=True, f5=True, f6=True, f7=True, f8=False, f9=True, f10=True, f11=False, f12=True)",0.9349863208858138
0.922,"FeatureMask(f0=False, f1=True, f2=False, f3=False, f4=True, f5=True, f6=True, f7=True, f8=False, f9=True, f10=True, f11=False, f12=True)",0.9349863208858138
0.922,"FeatureMask(f0=False, f1=True, f2=False, f3=False, f4=True, f5=True, f6=True, f7=True, f8=False, f9=True, f10=True, f11=False, f12=True)",0.9349863208858138
1.032,"FeatureMask(f0=False, f1=True, f2=False, f3=False, f4=True, f5=True, f6=True, f7=True, f8=False, f9=True, f10=True, f11=False, f12=True)",0.9349863208858138
1.032,"FeatureMask(f0=False, f1=True, f2=False, f3=False, f4=True, f5=True, f6=True, f7=True, f8=False, f9=True, f10=True, f11=False, f12=True)",0.9349863208858138
1.032,"FeatureMask(f0=False, f1=True, f2=False, f3=False, f4=True, f5=True, f6=True, f7=True, f8=False, f9=True, f10=True, f11=False, f12=True)",0.9349863208858138
1.032,"FeatureMask(f0=False, f1=True, f2=False, f3=False, f4=True, f5=True, f6=True, f7=True, f8=False, f9=True, f10=True, f11=False, f12=True)",0.9349863208858138
1.032,"FeatureMask(f0=False, f1=True, f2=False, f3=False, f4=True, f5=True, f6=True, f7=True, f8=False, f9=True, f10=True, f11=False, f12=True)",0.9349863208858138
1.032,"FeatureMask(f0=False, f1=True, f2=False, f3=False, f4=True, f5=True, f6=True, f7=True, f8=False, f9=True, f10=True, f11=False, f12=True)",0.9349863208858138
1.032,"FeatureMask(f0=False, f1=True, f2=False, f3=False, f4=True, f5=True, f6=True, f7=True, f8=False, f9=True, f10=True, f11=False, f12=True)",0.9349863208858138
1.032,"FeatureMask(f0=False, f1=True, f2=False, f3=False, f4=True, f5=True, f6=True, f7=True, f8=False, f9=True, f10=True, f11=False, f12=True)",0.9349863208858138
1.032,"FeatureMask(f0=False, f1=True, f2=False, f3=False, f4=True, f5=True, f6=True, f7=True, f8=False, f9=True, f10=True, f11=False, f12=True)",0.9349863208858138
1.032,"FeatureMask(f0=False, f1=True, f2=False, f3=False, f4=True, f5=True, f6=True, f7=True, f8=False, f9=True, f10=True, f11=False, f12=True)",0.9349863208858138
1.11,"FeatureMask(f0=False, f1=True, f2=False, f3=False, f4=True, f5=True, f6=True, f7=True, f8=False, f9=True, f10=True, f11=False, f12=True)",0.9349863208858138
1.219,"FeatureMask(f0=False, f1=True, f2=False, f3=False, f4=True, f5=True, f6=True, f7=True, f8=False, f9=True, f10=True, f11=False, f12=True)",0.9349863208858138
1.219,"FeatureMask(f0=False, f1=True, f2=False, f3=False, f4=True, f5=True, f6=True, f7=True, f8=False, f9=True, f10=True, f11=False, f12=True)",0.9349863208858138
1.219,"FeatureMask(f0=False, f1=True, f2=False, f3=False, f4=True, f5=True, f6=True, f7=True, f8=False, f9=True, f10=True, f11=False, f12=True)",0.9349863208858138
1.219,"FeatureMask(f0=False, f1=True, f2=False, f3=False, f4=True, f5=True, f6=True, f7=True, f8=False, f9=True, f10=True, f11=False, f12=True)",0.9349863208858138
1.219,"FeatureMask(f0=False, f1=True, f2=False, f3=False, f4=True, f5=True, f6=True, f7=True, f8=False, f9=True, f10=True, f11=False, f12=True)",0.9349863208858138
1.219,"FeatureMask(f0=False, f1=True, f2=False, f3=False, f4=True, f5=True, f6=True, f7=True, f8=False, f9=True, f10=True, f11=False, f12=True)",0.9349863208858138
1.219,"FeatureMask(f0=False, f1=True, f2=False, f3=False, f4=True, f5=True, f6=True, f7=True, f8=False, f9=True, f10=True, f11=False, f12=True)",0.9349863208858138
1.219,"FeatureMask(f0=False, f1=True, f2=False, f3=False, f4=True, f5=True, f6=True, f7=True, f8=False, f9=True, f10=True, f11=False, f12=True)",0.9349863208858138
1.219,"FeatureMask(f0=False, f1=True, f2=False, f3=False, f4=True, f5=True, f6=True, f7=True, f8=False, f9=True, f10=True, f11=False, f12=True)",0.9349863208858138
1.219,"FeatureMask(f0=False, f1=True, f2=False, f3=False, f4=True, f5=True, f6=True, f7=True, f8=False, f9=True, f10=True, f11=False, f12=True)",0.9349863208858138
1.2970000000000002,"FeatureMask(f0=False, f1=True, f2=False, f3=False, f4=True, f5=True, f6=True, f7=True, f8=False, f9=True, f10=True, f11=False, f12=True)",0.9349863208858138
1.2970000000000002,"FeatureMask(f0=False, f1=True, f2=False, f3=False, f4=True, f5=True, f6=True, f7=True, f8=False, f9=True, f10=True, f11=False, f12=True)",0.9349863208858138
1.2970000000000002,"FeatureMask(f0=False, f1=True, f2=False, f3=False, f4=True, f5=True, f6=True, f7=True, f8=False, f9=True, f10=True, f11=False, f12=True)",0.9349863208858138
1.407,"FeatureMask(f0=False, f1=True, f2=False, f3=False, f4=True, f5=True, f6=True, f7=True, f8=False, f9=True, f10=True, f11=False, f12=True)",0.9349863208858138
1.407,"FeatureMask(f0=False, f1=True, f2=False, f3=False, f4=True, f5=True, f6=True, f7=True, f8=False, f9=True, f10=True, f11=False, f12=True)",0.9349863208858138
1.407,"FeatureMask(f0=False, f1=True, f2=False, f3=False, f4=True, f5=True, f6=True, f7=True, f8=False, f9=True, f10=True, f11=False, f12=True)",0.9349863208858138
1.407,"FeatureMask(f0=False, f1=True, f2=False, f3=False, f4=True, f5=True, f6=True, f7=True, f8=False, f9=True, f10=True, f11=False, f12=True)",0.9349863208858138
1.407,"FeatureMask(f0=False, f1=True, f2=False, f3=False, f4=True, f5=True, f6=True, f7=True, f8=False, f9=True, f10=True, f11=False, f12=True)",0.9349863208858138
1.407,"FeatureMask(f0=False, f1=True, f2=False, f3=False, f4=True, f5=True, f6=True, f7=True, f8=False, f9=True, f10=True, f11=False, f12=True)",0.9349863208858138
1.407,"FeatureMask(f0=False, f1=True, f2=False, f3=False, f4=True, f5=True, f6=True, f7=True, f8=False, f9=True, f10=True, f11=False, f12=True)",0.9349863208858138
1.407,"FeatureMask(f0=False, f1=True, f2=False, f3=False, f4=True, f5=True, f6=True, f7=True, f8=False, f9=True, f10=True, f11=False, f12=True)",0.9349863208858138
1.407,"FeatureMask(f0=False, f1=True, f2=False, f3=False, f4=True, f5=True, f6=True, f7=True, f8=False, f9=True, f10=True, f11=False, f12=True)",0.9349863208858138
1.407,"FeatureMask(f0=False, f1=True, f2=False, f3=False, f4=True, f5=True, f6=True, f7=True, f8=False, f9=True, f10=True, f11=False, f12=True)",0.9349863208858138
1.485,"FeatureMask(f0=False, f1=True, f2=False, f3=False, f4=True, f5=True, f6=True, f7=True, f8=False, f9=True, f10=True, f11=False, f12=True)",0.9349863208858138
1.485,"FeatureMask(f0=False, f1=True, f2=False, f3=False, f4=True, f5=True, f6=True, f7=True, f8=False, f9=True, f10=True, f11=False, f12=True)",0.9349863208858138
1.485,"FeatureMask(f0=False, f1=True, f2=False, f3=False, f4=True, f5=True, f6=True, f7=True, f8=False, f9=True, f10=True, f11=False, f12=True)",0.9349863208858138
1.485,"FeatureMask(f0=False, f1=True, f2=False, f3=False, f4=True, f5=True, f6=True, f7=True, f8=False, f9=True, f10=True, f11=False, f12=True)",0.9349863208858138
1.578,"FeatureMask(f0=False, f1=True, f2=False, f3=False, f4=True, f5=True, f6=True, f7=True, f8=False, f9=True, f10=True, f11=False, f12=True)",0.9349863208858138
1.578,"FeatureMask(f0=False, f1=True, f2=False, f3=False, f4=True, f5=True, f6=True, f7=True, f8=False, f9=True, f10=True, f11=False, f12=True)",0.9349863208858138
1.578,"FeatureMask(f0=False, f1=True, f2=False, f3=False, f4=True, f5=True, f6=True, f7=True, f8=False, f9=True, f10=True, f11=False, f12=True)",0.9349863208858138
1.578,"FeatureMask(f0=False, f1=True, f2=False, f3=False, f4=True, f5=True, f6=True, f7=True, f8=False, f9=True, f10=True, f11=False, f12=True)",0.9349863208858138
1.578,"FeatureMask(f0=False, f1=True, f2=False, f3=False, f4=True, f5=True, f6=True, f7=True, f8=False, f9=True, f10=True, f11=False, f12=True)",0.9349863208858138
1.578,"FeatureMask(f0=False, f1=True, f2=False, f3=False, f4=True, f5=True, f6=True, f7=True, f8=False, f9=True, f10=True, f11=False, f12=True)",0.9349863208858138
1.578,"FeatureMask(f0=False, f1=True, f2=False, f3=False, f4=True, f5=True, f6=True, f7=True, f8=False, f9=True, f10=True, f11=False, f12=True)",0.9349863208858138
1.578,"FeatureMask(f0=False, f1=True, f2=False, f3=False, f4=True, f5=True, f6=True, f7=True, f8=False, f9=True, f10=True, f11=False, f12=True)",0.9349863208858138
1.578,"FeatureMask(f0=False, f1=True, f2=False, f3=False, f4=True, f5=True, f6=True, f7=True, f8=False, f9=True, f10=True, f11=False, f12=True)",0.9349863208858138
1.578,"FeatureMask(f0=False, f1=True, f2=False, f3=False, f4=True, f5=True, f6=True, f7=True, f8=False, f9=True, f10=True, f11=False, f12=True)",0.9349863208858138
1.6720000000000002,"FeatureMask(f0=False, f1=True, f2=False, f3=False, f4=True, f5=True, f6=True, f7=True, f8=False, f9=True, f10=True, f11=False, f12=True)",0.9349863208858138
1.766,"FeatureMask(f0=False, f1=True, f2=False, f3=False, f4=True, f5=True, f6=True, f7=True, f8=False, f9=True, f10=True, f11=False, f12=True)",0.9349863208858138
1.766,"FeatureMask(f0=False, f1=True, f2=False, f3=False, f4=True, f5=True, f6=True, f7=True, f8=False, f9=True, f10=True, f11=False, f12=True)",0.9349863208858138
1.766,"FeatureMask(f0=False, f1=True, f2=False, f3=False, f4=True, f5=True, f6=True, f7=True, f8=False, f9=True, f10=True, f11=False, f12=True)",0.9349863208858138
1.766,"FeatureMask(f0=False, f1=True, f2=False, f3=False, f4=True, f5=True, f6=True, f7=True, f8=False, f9=True, f10=True, f11=False, f12=True)",0.9349863208858138
1.766,"FeatureMask(f0=False, f1=True, f2=False, f3=False, f4=True, f5=True, f6=True, f7=True, f8=False, f9=True, f10=True, f11=False, f12=True)",0.9349863208858138
1.766,"FeatureMask(f0=False, f1=True, f2=False, f3=False, f4=True, f5=True, f6=True, f7=True, f8=False, f9=True, f10=True, f11=False, f12=True)",0.9349863208858138
1.766,"FeatureMask(f0=False, f1=True, f2=False, f3=False, f4=True, f5=True, f6=True, f7=True, f8=False, f9=True, f10=True, f11=False, f12=True)",0.9349863208858138
1.766,"FeatureMask(f0=False, f1=True, f2=False, f3=False, f4=True, f5=True, f6=True, f7=True, f8=False, f9=True, f10=True, f11=False, f12=True)",0.9349863208858138
1.766,"FeatureMask(f0=False, f1=True, f2=False, f3=False, f4=True, f5=True, f6=True, f7=True, f8=False, f9=True, f10=True, f11=False, f12=True)",0.9349863208858138
1.766,"FeatureMask(f0=False, f1=True, f2=False, f3=False, f4=True, f5=True, f6=True, f7=True, f8=False, f9=True, f10=True, f11=False, f12=True)",0.9349863208858138
1.86,"FeatureMask(f0=False, f1=True, f2=False, f3=False, f4=True, f5=True, f6=True, f7=True, f8=False, f9=True, f10=True, f11=False, f12=True)",0.9349863208858138
1.953,"FeatureMask(f0=False, f1=True, f2=False, f3=False, f4=True, f5=True, f6=True, f7=True, f8=False, f9=True, f10=True, f11=False, f12=True)",0.9349863208858138
1.953,"FeatureMask(f0=False, f1=True, f2=False, f3=False, f4=True, f5=True, f6=True, f7=True, f8=False, f9=True, f10=True, f11=False, f12=True)",0.9349863208858138
1.953,"FeatureMask(f0=False, f1=True, f2=False, f3=False, f4=True, f5=True, f6=True, f7=True, f8=False, f9=True, f10=True, f11=False, f12=True)",0.9349863208858138
1.953,"FeatureMask(f0=False, f1=True, f2=False, f3=False, f4=True, f5=True, f6=True, f7=True, f8=False, f9=True, f10=True, f11=False, f12=True)",0.9349863208858138
1.953,"FeatureMask(f0=False, f1=True, f2=False, f3=False, f4=True, f5=True, f6=True, f7=True, f8=False, f9=True, f10=True, f11=False, f12=True)",0.9349863208858138
1.953,"FeatureMask(f0=False, f1=True, f2=False, f3=False, f4=True, f5=True, f6=True, f7=True, f8=False, f9=True, f10=True, f11=False, f12=True)",0.9349863208858138
1.953,"FeatureMask(f0=False, f1=True, f2=False, f3=False, f4=True, f5=True, f6=True, f7=True, f8=False, f9=True, f10=True, f11=False, f12=True)",0.9349863208858138
1.953,"FeatureMask(f0=False, f1=True, f2=False, f3=False, f4=True, f5=True, f6=True, f7=True, f8=False, f9=True, f10=True, f11=False, f12=True)",0.9349863208858138
1.953,"FeatureMask(f0=False, f1=True, f2=False, f3=False, f4=True, f5=True, f6=True, f7=True, f8=False, f9=True, f10=True, f11=False, f12=True)",0.9349863208858138
1.953,"FeatureMask(f0=False, f1=True, f2=False, f3=False, f4=True, f5=True, f6=True, f7=True, f8=False, f9=True, f10=True, f11=False, f12=True)",0.9349863208858138
2.032,"FeatureMask(f0=False, f1=True, f2=False, f3=False, f4=True, f5=True, f6=True, f7=True, f8=False, f9=True, f10=True, f11=False, f12=True)",0.9349863208858138
2.141,"FeatureMask(f0=False, f1=True, f2=False, f3=False, f4=True, f5=True, f6=True, f7=True, f8=False, f9=True, f10=True, f11=False, f12=True)",0.9349863208858138
2.141,"FeatureMask(f0=False, f1=True, f2=False, f3=False, f4=True, f5=True, f6=True, f7=True, f8=False, f9=True, f10=True, f11=False, f12=True)",0.9349863208858138
2.141,"FeatureMask(f0=False, f1=True, f2=False, f3=False, f4=True, f5=True, f6=True, f7=True, f8=False, f9=True, f10=True, f11=False, f12=True)",0.9349863208858138
2.141,"FeatureMask(f0=False, f1=True, f2=False, f3=False, f4=True, f5=True, f6=True, f7=True, f8=False, f9=True, f10=True, f11=False, f12=True)",0.9349863208858138
2.141,"FeatureMask(f0=False, f1=True, f2=False, f3=False, f4=True, f5=True, f6=True, f7=True, f8=False, f9=True, f10=True, f11=False, f12=True)",0.9349863208858138
2.141,"FeatureMask(f0=False, f1=True, f2=False, f3=False, f4=True, f5=True, f6=True, f7=True, f8=False, f9=True, f10=True, f11=False, f12=True)",0.9349863208858138
2.141,"FeatureMask(f0=False, f1=True, f2=False, f3=False, f4=True, f5=True, f6=True, f7=True, f8=False, f9=True, f10=True, f11=False, f12=True)",0.9349863208858138
2.141,"FeatureMask(f0=False, f1=True, f2=False, f3=False, f4=True, f5=True, f6=True, f7=True, f8=False, f9=True, f10=True, f11=False, f12=True)",0.9349863208858138
2.141,"FeatureMask(f0=False, f1=True, f2=False, f3=False, f4=True, f5=True, f6=True, f7=True, f8=False, f9=True, f10=True, f11=False, f12=True)",0.9349863208858138
2.141,"FeatureMask(f0=False, f1=True, f2=False, f3=False, f4=True, f5=True, f6=True, f7=True, f8=False, f9=True, f10=True, f11=False, f12=True)",0.9349863208858138
2.2350000000000003,"FeatureMask(f0=False, f1=True, f2=False, f3=False, f4=True, f5=True, f6=True, f7=True, f8=False, f9=True, f10=True, f11=False, f12=True)",0.9349863208858138
2.2350000000000003,"FeatureMask(f0=False, f1=True, f2=False, f3=False, f4=True, f5=True, f6=True, f7=True, f8=False, f9=True, f10=True, f11=False, f12=True)",0.9349863208858138
2.3440000000000003,"FeatureMask(f0=False, f1=True, f2=False, f3=False, f4=True, f5=True, f6=True, f7=True, f8=False, f9=True, f10=True, f11=False, f12=True)",0.9349863208858138
2.3440000000000003,"FeatureMask(f0=False, f1=True, f2=False, f3=False, f4=True, f5=True, f6=True, f7=True, f8=False, f9=True, f10=True, f11=False, f12=True)",0.9349863208858138
2.3440000000000003,"FeatureMask(f0=False, f1=True, f2=False, f3=False, f4=True, f5=True, f6=True, f7=True, f8=False, f9=True, f10=True, f11=False, f12=True)",0.9349863208858138
2.3440000000000003,"FeatureMask(f0=False, f1=True, f2=False, f3=False, f4=True, f5=True, f6=True, f7=True, f8=False, f9=True, f10=True, f11=False, f12=True)",0.9349863208858138
2.3440000000000003,"FeatureMask(f0=False, f1=True, f2=False, f3=False, f4=True, f5=True, f6=True, f7=True, f8=False, f9=True, f10=True, f11=False, f12=True)",0.9349863208858138
2.3440000000000003,"FeatureMask(f0=False, f1=True, f2=False, f3=False, f4=True, f5=True, f6=True, f7=True, f8=False, f9=True, f10=True, f11=False, f12=True)",0.9349863208858138
2.3600000000000003,"FeatureMask(f0=False, f1=True, f2=False, f3=False, f4=True, f5=True, f6=True, f7=True, f8=False, f9=True, f10=True, f11=False, f12=True)",0.9349863208858138
2.3600000000000003,"FeatureMask(f0=False, f1=True, f2=False, f3=False, f4=True, f5=True, f6=True, f7=True, f8=False, f9=True, f10=True, f11=False, f12=True)",0.9349863208858138
2.3600000000000003,"FeatureMask(f0=False, f1=True, f2=False, f3=False, f4=True, f5=True, f6=True, f7=True, f8=False, f9=True, f10=True, f11=False, f12=True)",0.9349863208858138
2.3600000000000003,"FeatureMask(f0=False, f1=True, f2=False, f3=False, f4=True, f5=True, f6=True, f7=True, f8=False, f9=True, f10=True, f11=False, f12=True)",0.9349863208858138
2.438,"FeatureMask(f0=False, f1=True, f2=False, f3=False, f4=True, f5=True, f6=True, f7=True, f8=False, f9=True, f10=True, f11=False, f12=True)",0.9349863208858138
2.438,"FeatureMask(f0=False, f1=True, f2=False, f3=False, f4=True, f5=True, f6=True, f7=True, f8=False, f9=True, f10=True, f11=False, f12=True)",0.9349863208858138
2.532,"FeatureMask(f0=False, f1=True, f2=False, f3=False, f4=True, f5=True, f6=True, f7=True, f8=False, f9=True, f10=True, f11=False, f12=True)",0.9349863208858138
2.532,"FeatureMask(f0=False, f1=True, f2=False, f3=False, f4=True, f5=True, f6=True, f7=True, f8=False, f9=True, f10=True, f11=False, f12=True)",0.9349863208858138
2.547,"FeatureMask(f0=False, f1=True, f2=False, f3=False, f4=True, f5=True, f6=True, f7=True, f8=False, f9=True, f10=True, f11=False, f12=True)",0.9349863208858138
2.547,"FeatureMask(f0=False, f1=True, f2=False, f3=False, f4=True, f5=True, f6=True, f7=True, f8=False, f9=True, f10=True, f11=False, f12=True)",0.9349863208858138
2.547,"FeatureMask(f0=False, f1=True, f2=False, f3=False, f4=True, f5=True, f6=True, f7=True, f8=False, f9=True, f10=True, f11=False, f12=True)",0.9349863208858138
2.547,"FeatureMask(f0=False, f1=True, f2=False, f3=False, f4=True, f5=True, f6=True, f7=True, f8=False, f9=True, f10=True, f11=False, f12=True)",0.9349863208858138
2.547,"FeatureMask(f0=False, f1=True, f2=False, f3=False, f4=True, f5=True, f6=True, f7=True, f8=False, f9=True, f10=True, f11=False, f12=True)",0.9349863208858138
2.547,"FeatureMask(f0=False, f1=True, f2=False, f3=False, f4=True, f5=True, f6=True, f7=True, f8=False, f9=True, f10=True, f11=False, f12=True)",0.9349863208858138
2.547,"FeatureMask(f0=False, f1=True, f2=False, f3=False, f4=True, f5=True, f6=True, f7=True, f8=False, f9=True, f10=True, f11=False, f12=True)",0.9349863208858138
2.547,"FeatureMask(f0=False, f1=True, f2=False, f3=False, f4=True, f5=True, f6=True, f7=True, f8=False, f9=True, f10=True, f11=False, f12=True)",0.9349863208858138
2.625,"FeatureMask(f0=False, f1=True, f2=False, f3=False, f4=True, f5=True, f6=True, f7=True, f8=False, f9=True, f10=True, f11=False, f12=True)",0.9349863208858138
2.641,"FeatureMask(f0=False, f1=True, f2=False, f3=False, f4=True, f5=True, f6=True, f7=True, f8=False, f9=True, f10=True, f11=False, f12=True)",0.9349863208858138
2.641,"FeatureMask(f0=False, f1=True, f2=False, f3=False, f4=True, f5=True, f6=True, f7=True, f8=False, f9=True, f10=True, f11=False, f12=True)",0.9349863208858138
2.641,"FeatureMask(f0=False, f1=True, f2=False, f3=False, f4=True, f5=True, f6=True, f7=True, f8=False, f9=True, f10=True, f11=False, f12=True)",0.9349863208858138
2.641,"FeatureMask(f0=False, f1=True, f2=False, f3=False, f4=True, f5=True, f6=True, f7=True, f8=False, f9=True, f10=True, f11=False, f12=True)",0.9349863208858138
2.641,"FeatureMask(f0=False, f1=True, f2=False, f3=False, f4=True, f5=True, f6=True, f7=True, f8=False, f9=True, f10=True, f11=False, f12=True)",0.9349863208858138
2.641,"FeatureMask(f0=False, f1=True, f2=False, f3=False, f4=True, f5=True, f6=True, f7=True, f8=False, f9=True, f10=True, f11=False, f12=True)",0.9349863208858138
2.641,"FeatureMask(f0=False, f1=True, f2=False, f3=False, f4=True, f5=True, f6=True, f7=True, f8=False, f9=True, f10=True, f11=False, f12=True)",0.9349863208858138
2.641,"FeatureMask(f0=False, f1=True, f2=False, f3=False, f4=True, f5=True, f6=True, f7=True, f8=False, f9=True, f10=True, f11=False, f12=True)",0.9349863208858138
2.7350000000000003,"FeatureMask(f0=False, f1=True, f2=False, f3=False, f4=True, f5=True, f6=True, f7=True, f8=False, f9=True, f10=True, f11=False, f12=True)",0.9349863208858138
2.7350000000000003,"FeatureMask(f0=False, f1=True, f2=False, f3=False, f4=True, f5=True, f6=True, f7=True, f8=False, f9=True, f10=True, f11=False, f12=True)",0.9349863208858138
2.7350000000000003,"FeatureMask(f0=False, f1=True, f2=False, f3=False, f4=True, f5=True, f6=True, f7=True, f8=False, f9=True, f10=True, f11=False, f12=True)",0.9349863208858138
2.7350000000000003,"FeatureMask(f0=False, f1=True, f2=False, f3=False, f4=True, f5=True, f6=True, f7=True, f8=False, f9=True, f10=True, f11=False, f12=True)",0.9349863208858138
2.7350000000000003,"FeatureMask(f0=False, f1=True, f2=False, f3=False, f4=True, f5=True, f6=True, f7=True, f8=False, f9=True, f10=True, f11=False, f12=True)",0.9349863208858138
2.7350000000000003,"FeatureMask(f0=False, f1=True, f2=False, f3=False, f4=True, f5=True, f6=True, f7=True, f8=False, f9=True, f10=True, f11=False, f12=True)",0.9349863208858138
2.7350000000000003,"FeatureMask(f0=False, f1=True, f2=False, f3=False, f4=True, f5=True, f6=True, f7=True, f8=False, f9=True, f10=True, f11=False, f12=True)",0.9349863208858138
2.7350000000000003,"FeatureMask(f0=False, f1=True, f2=False, f3=False, f4=True, f5=True, f6=True, f7=True, f8=False, f9=True, f10=True, f11=False, f12=True)",0.9349863208858138
2.7350000000000003,"FeatureMask(f0=False, f1=True, f2=False, f3=False, f4=True, f5=True, f6=True, f7=True, f8=False, f9=True, f10=True, f11=False, f12=True)",0.9349863208858138
2.7350000000000003,"FeatureMask(f0=False, f1=True, f2=False, f3=False, f4=True, f5=True, f6=True, f7=True, f8=False, f9=True, f10=True, f11=False, f12=True)",0.9349863208858138
2.8280000000000003,"FeatureMask(f0=False, f1=True, f2=False, f3=False, f4=True, f5=True, f6=True, f7=True, f8=False, f9=True, f10=True, f11=False, f12=True)",0.9349863208858138
2.8280000000000003,"FeatureMask(f0=False, f1=True, f2=False, f3=False, f4=True, f5=True, f6=True, f7=True, f8=False, f9=True, f10=True, f11=False, f12=True)",0.9349863208858138
2.9530000000000003,"FeatureMask(f0=False, f1=True, f2=False, f3=False, f4=True, f5=True, f6=True, f7=True, f8=False, f9=True, f10=True, f11=False, f12=True)",0.9349863208858138
2.9530000000000003,"FeatureMask(f0=False, f1=True, f2=False, f3=False, f4=True, f5=True, f6=True, f7=True, f8=False, f9=True, f10=True, f11=False, f12=True)",0.9349863208858138
2.9530000000000003,"FeatureMask(f0=False, f1=True, f2=False, f3=False, f4=True, f5=True, f6=True, f7=True, f8=False, f9=True, f10=True, f11=False, f12=True)",0.9349863208858138
2.9530000000000003,"FeatureMask(f0=False, f1=True, f2=False, f3=False, f4=True, f5=True, f6=True, f7=True, f8=False, f9=True, f10=True, f11=False, f12=True)",0.9349863208858138
2.9530000000000003,"FeatureMask(f0=False, f1=True, f2=False, f3=False, f4=True, f5=True, f6=True, f7=True, f8=False, f9=True, f10=True, f11=False, f12=True)",0.9349863208858138
2.9530000000000003,"FeatureMask(f0=False, f1=True, f2=False, f3=False, f4=True, f5=True, f6=True, f7=True, f8=False, f9=True, f10=True, f11=False, f12=True)",0.9349863208858138
2.9530000000000003,"FeatureMask(f0=False, f1=True, f2=False, f3=False, f4=True, f5=True, f6=True, f7=True, f8=False, f9=True, f10=True, f11=False, f12=True)",0.9349863208858138
2.9530000000000003,"FeatureMask(f0=False, f1=True, f2=False, f3=False, f4=True, f5=True, f6=True, f7=True, f8=False, f9=True, f10=True, f11=False, f12=True)",0.9349863208858138
2.9530000000000003,"FeatureMask(f0=False, f1=True, f2=False, f3=False, f4=True, f5=True, f6=True, f7=True, f8=False, f9=True, f10=True, f11=False, f12=True)",0.9349863208858138
2.9530000000000003,"FeatureMask(f0=False, f1=True, f2=False, f3=False, f4=True, f5=True, f6=True, f7=True, f8=False, f9=True, f10=True, f11=False, f12=True)",0.9349863208858138
3.032,"FeatureMask(f0=True, f1=True, f2=True, f3=False, f4=False, f5=False, f6=True, f7=True, f8=True, f9=True, f10=False, f11=True, f12=True)",0.9357171714474256
3.157,"FeatureMask(f0=True, f1=True, f2=True, f3=False, f4=False, f5=False, f6=True, f7=True, f8=True, f9=True, f10=False, f11=True, f12=True)",0.9357171714474256
3.157,"FeatureMask(f0=True, f1=True, f2=True, f3=False, f4=False, f5=False, f6=True, f7=True, f8=True, f9=True, f10=False, f11=True, f12=True)",0.9357171714474256
3.157,"FeatureMask(f0=True, f1=True, f2=True, f3=False, f4=False, f5=False, f6=True, f7=True, f8=True, f9=True, f10=False, f11=True, f12=True)",0.9357171714474256
3.157,"FeatureMask(f0=True, f1=True, f2=True, f3=False, f4=False, f5=False, f6=True, f7=True, f8=True, f9=True, f10=False, f11=True, f12=True)",0.9357171714474256
3.157,"FeatureMask(f0=True, f1=True, f2=True, f3=False, f4=False, f5=False, f6=True, f7=True, f8=True, f9=True, f10=False, f11=True, f12=True)",0.9357171714474256
3.157,"FeatureMask(f0=True, f1=True, f2=True, f3=False, f4=False, f5=False, f6=True, f7=True, f8=True, f9=True, f10=False, f11=True, f12=True)",0.9357171714474256
3.157,"FeatureMask(f0=True, f1=True, f2=True, f3=False, f4=False, f5=False, f6=True, f7=True, f8=True, f9=True, f10=False, f11=True, f12=True)",0.9357171714474256
3.157,"FeatureMask(f0=True, f1=True, f2=True, f3=False, f4=False, f5=False, f6=True, f7=True, f8=True, f9=True, f10=False, f11=True, f12=True)",0.9357171714474256
3.157,"FeatureMask(f0=True, f1=True, f2=True, f3=False, f4=False, f5=False, f6=True, f7=True, f8=True, f9=True, f10=False, f11=True, f12=True)",0.9357171714474256
3.157,"FeatureMask(f0=True, f1=True, f2=True, f3=False, f4=False, f5=False, f6=True, f7=True, f8=True, f9=True, f10=False, f11=True, f12=True)",0.9357171714474256
3.25,"FeatureMask(f0=True, f1=True, f2=True, f3=False, f4=False, f5=False, f6=True, f7=True, f8=True, f9=True, f10=False, f11=True, f12=True)",0.9357171714474256
3.375,"FeatureMask(f0=True, f1=True, f2=True, f3=False, f4=False, f5=False, f6=True, f7=True, f8=True, f9=True, f10=False, f11=True, f12=True)",0.9357171714474256
3.375,"FeatureMask(f0=True, f1=True, f2=True, f3=False, f4=False, f5=False, f6=True, f7=True, f8=True, f9=True, f10=False, f11=True, f12=True)",0.9357171714474256
3.375,"FeatureMask(f0=True, f1=True, f2=True, f3=False, f4=False, f5=False, f6=True, f7=True, f8=True, f9=True, f10=False, f11=True, f12=True)",0.9357171714474256
3.375,"FeatureMask(f0=True, f1=True, f2=True, f3=False, f4=False, f5=False, f6=True, f7=True, f8=True, f9=True, f10=False, f11=True, f12=True)",0.9357171714474256
3.375,"FeatureMask(f0=True, f1=True, f2=True, f3=False, f4=False, f5=False, f6=True, f7=True, f8=True, f9=True, f10=False, f11=True, f12=True)",0.9357171714474256
3.375,"FeatureMask(f0=True, f1=True, f2=True, f3=False, f4=False, f5=False, f6=True, f7=True, f8=True, f9=True, f10=False, f11=True, f12=True)",0.9357171714474256
3.375,"FeatureMask(f0=True, f1=True, f2=True, f3=False, f4=False, f5=False, f6=True, f7=True, f8=True, f9=True, f10=False, f11=True, f12=True)",0.9357171714474256
3.375,"FeatureMask(f0=True, f1=True, f2=True, f3=False, f4=False, f5=False, f6=True, f7=True, f8=True, f9=True, f10=False, f11=True, f12=True)",0.9357171714474256
3.375,"FeatureMask(f0=True, f1=True, f2=True, f3=False, f4=False, f5=False, f6=True, f7=True, f8=True, f9=True, f10=False, f11=True, f12=True)",0.9357171714474256
3.375,"FeatureMask(f0=True, f1=True, f2=True, f3=False, f4=False, f5=False, f6=True, f7=True, f8=True, f9=True, f10=False, f11=True, f12=True)",0.9357171714474256
3.4530000000000003,"FeatureMask(f0=True, f1=True, f2=True, f3=False, f4=False, f5=False, f6=True, f7=True, f8=True, f9=True, f10=False, f11=True, f12=True)",0.9357171714474256
3.563,"FeatureMask(f0=True, f1=True, f2=True, f3=False, f4=False, f5=False, f6=True, f7=True, f8=True, f9=True, f10=False, f11=True, f12=True)",0.9357171714474256
3.563,"FeatureMask(f0=True, f1=True, f2=True, f3=False, f4=False, f5=False, f6=True, f7=True, f8=True, f9=True, f10=False, f11=True, f12=True)",0.9357171714474256
3.563,"FeatureMask(f0=True, f1=True, f2=True, f3=False, f4=False, f5=False, f6=True, f7=True, f8=True, f9=True, f10=False, f11=True, f12=True)",0.9357171714474256
3.563,"FeatureMask(f0=True, f1=True, f2=True, f3=False, f4=False, f5=False, f6=True, f7=True, f8=True, f9=True, f10=False, f11=True, f12=True)",0.9357171714474256
3.563,"FeatureMask(f0=True, f1=True, f2=True, f3=False, f4=False, f5=False, f6=True, f7=True, f8=True, f9=True, f10=False, f11=True, f12=True)",0.9357171714474256
3.563,"FeatureMask(f0=True, f1=True, f2=True, f3=False, f4=False, f5=False, f6=True, f7=True, f8=True, f9=True, f10=False, f11=True, f12=True)",0.9357171714474256
3.563,"FeatureMask(f0=True, f1=True, f2=True, f3=False, f4=False, f5=False, f6=True, f7=True, f8=True, f9=True, f10=False, f11=True, f12=True)",0.9357171714474256
3.563,"FeatureMask(f0=True, f1=True, f2=True, f3=False, f4=False, f5=False, f6=True, f7=True, f8=True, f9=True, f10=False, f11=True, f12=True)",0.9357171714474256
3.563,"FeatureMask(f0=True, f1=True, f2=True, f3=False, f4=False, f5=False, f6=True, f7=True, f8=True, f9=True, f10=False, f11=True, f12=True)",0.9357171714474256
3.563,"FeatureMask(f0=True, f1=True, f2=True, f3=False, f4=False, f5=False, f6=True, f7=True, f8=True, f9=True, f10=False, f11=True, f12=True)",0.9357171714474256
3.657,"FeatureMask(f0=True, f1=True, f2=True, f3=False, f4=False, f5=False, f6=True, f7=True, f8=True, f9=True, f10=False, f11=True, f12=True)",0.9357171714474256
3.766,"FeatureMask(f0=True, f1=True, f2=True, f3=False, f4=False, f5=False, f6=True, f7=True, f8=True, f9=True, f10=False, f11=True, f12=True)",0.9357171714474256
3.766,"FeatureMask(f0=True, f1=True, f2=True, f3=False, f4=False, f5=False, f6=True, f7=True, f8=True, f9=True, f10=False, f11=True, f12=True)",0.9357171714474256
3.766,"FeatureMask(f0=True, f1=True, f2=True, f3=False, f4=False, f5=False, f6=True, f7=True, f8=True, f9=True, f10=False, f11=True, f12=True)",0.9357171714474256
3.766,"FeatureMask(f0=True, f1=True, f2=True, f3=False, f4=False, f5=False, f6=True, f7=True, f8=True, f9=True, f10=False, f11=True, f12=True)",0.9357171714474256
3.766,"FeatureMask(f0=True, f1=True, f2=True, f3=False, f4=False, f5=False, f6=True, f7=True, f8=True, f9=True, f10=False, f11=True, f12=True)",0.9357171714474256
3.766,"FeatureMask(f0=True, f1=True, f2=True, f3=False, f4=False, f5=False, f6=True, f7=True, f8=True, f9=True, f10=False, f11=True, f12=True)",0.9357171714474256
3.766,"FeatureMask(f0=True, f1=True, f2=True, f3=False, f4=False, f5=False, f6=True, f7=True, f8=True, f9=True, f10=False, f11=True, f12=True)",0.9357171714474256
3.766,"FeatureMask(f0=True, f1=True, f2=True, f3=False, f4=False, f5=False, f6=True, f7=True, f8=True, f9=True, f10=False, f11=True, f12=True)",0.9357171714474256
3.766,"FeatureMask(f0=True, f1=True, f2=True, f3=False, f4=False, f5=False, f6=True, f7=True, f8=True, f9=True, f10=False, f11=True, f12=True)",0.9357171714474256
3.766,"FeatureMask(f0=True, f1=True, f2=True, f3=False, f4=False, f5=False, f6=True, f7=True, f8=True, f9=True, f10=False, f11=True, f12=True)",0.9357171714474256
3.9850000000000003,"FeatureMask(f0=True, f1=True, f2=True, f3=False, f4=False, f5=False, f6=True, f7=True, f8=True, f9=True, f10=False, f11=True, f12=True)",0.9357171714474256
3.9850000000000003,"FeatureMask(f0=True, f1=True, f2=True, f3=False, f4=False, f5=False, f6=True, f7=True, f8=True, f9=True, f10=False, f11=True, f12=True)",0.9357171714474256
3.9850000000000003,"FeatureMask(f0=True, f1=True, f2=True, f3=False, f4=False, f5=False, f6=True, f7=True, f8=True, f9=True, f10=False, f11=True, f12=True)",0.9357171714474256
3.9850000000000003,"FeatureMask(f0=True, f1=True, f2=True, f3=False, f4=False, f5=False, f6=True, f7=True, f8=True, f9=True, f10=False, f11=True, f12=True)",0.9357171714474256
3.9850000000000003,"FeatureMask(f0=True, f1=True, f2=True, f3=False, f4=False, f5=False, f6=True, f7=True, f8=True, f9=True, f10=False, f11=True, f12=True)",0.9357171714474256
3.9850000000000003,"FeatureMask(f0=True, f1=True, f2=True, f3=False, f4=False, f5=False, f6=True, f7=True, f8=True, f9=True, f10=False, f11=True, f12=True)",0.9357171714474256
3.9850000000000003,"FeatureMask(f0=True, f1=True, f2=True, f3=False, f4=False, f5=False, f6=True, f7=True, f8=True, f9=True, f10=False, f11=True, f12=True)",0.9357171714474256
3.9850000000000003,"FeatureMask(f0=True, f1=True, f2=True, f3=False, f4=False, f5=False, f6=True, f7=True, f8=True, f9=True, f10=False, f11=True, f12=True)",0.9357171714474256
3.9850000000000003,"FeatureMask(f0=True, f1=True, f2=True, f3=False, f4=False, f5=False, f6=True, f7=True, f8=True, f9=True, f10=False, f11=True, f12=True)",0.9357171714474256
3.9850000000000003,"FeatureMask(f0=True, f1=True, f2=True, f3=False, f4=False, f5=False, f6=True, f7=True, f8=True, f9=True, f10=False, f11=True, f12=True)",0.9357171714474256
4.063000000000001,"FeatureMask(f0=True, f1=True, f2=True, f3=False, f4=False, f5=False, f6=True, f7=True, f8=True, f9=True, f10=False, f11=True, f12=True)",0.9357171714474256
4.172000000000001,"FeatureMask(f0=True, f1=True, f2=True, f3=False, f4=False, f5=False, f6=True, f7=True, f8=True, f9=True, f10=False, f11=True, f12=True)",0.9357171714474256
4.172000000000001,"FeatureMask(f0=True, f1=True, f2=True, f3=False, f4=False, f5=False, f6=True, f7=True, f8=True, f9=True, f10=False, f11=True, f12=True)",0.9357171714474256
4.172000000000001,"FeatureMask(f0=True, f1=True, f2=True, f3=False, f4=False, f5=False, f6=True, f7=True, f8=True, f9=True, f10=False, f11=True, f12=True)",0.9357171714474256
4.172000000000001,"FeatureMask(f0=True, f1=True, f2=True, f3=False, f4=False, f5=False, f6=True, f7=True, f8=True, f9=True, f10=False, f11=True, f12=True)",0.9357171714474256
4.172000000000001,"FeatureMask(f0=True, f1=True, f2=True, f3=False, f4=False, f5=False, f6=True, f7=True, f8=True, f9=True, f10=False, f11=True, f12=True)",0.9357171714474256
4.172000000000001,"FeatureMask(f0=True, f1=True, f2=True, f3=False, f4=False, f5=False, f6=True, f7=True, f8=True, f9=True, f10=False, f11=True, f12=True)",0.9357171714474256
4.172000000000001,"FeatureMask(f0=True, f1=True, f2=True, f3=False, f4=False, f5=False, f6=True, f7=True, f8=True, f9=True, f10=False, f11=True, f12=True)",0.9357171714474256
4.172000000000001,"FeatureMask(f0=True, f1=True, f2=True, f3=False, f4=False, f5=False, f6=True, f7=True, f8=True, f9=True, f10=False, f11=True, f12=True)",0.9357171714474256
4.172000000000001,"FeatureMask(f0=True, f1=True, f2=True, f3=False, f4=False, f5=False, f6=True, f7=True, f8=True, f9=True, f10=False, f11=True, f12=True)",0.9357171714474256
4.172000000000001,"FeatureMask(f0=True, f1=True, f2=True, f3=False, f4=False, f5=False, f6=True, f7=True, f8=True, f9=True, f10=False, f11=True, f12=True)",0.9357171714474256
4.266,"FeatureMask(f0=True, f1=True, f2=True, f3=False, f4=False, f5=False, f6=True, f7=True, f8=True, f9=True, f10=False, f11=True, f12=True)",0.9357171714474256
4.375,"FeatureMask(f0=True, f1=True, f2=True, f3=False, f4=False, f5=False, f6=True, f7=True, f8=True, f9=True, f10=False, f11=True, f12=True)",0.9357171714474256
4.375,"FeatureMask(f0=True, f1=True, f2=True, f3=False, f4=False, f5=False, f6=True, f7=True, f8=True, f9=True, f10=False, f11=True, f12=True)",0.9357171714474256
4.375,"FeatureMask(f0=True, f1=True, f2=True, f3=False, f4=False, f5=False, f6=True, f7=True, f8=True, f9=True, f10=False, f11=True, f12=True)",0.9357171714474256
4.375,"FeatureMask(f0=True, f1=True, f2=True, f3=False, f4=False, f5=False, f6=True, f7=True, f8=True, f9=True, f10=False, f11=True, f12=True)",0.9357171714474256
4.375,"FeatureMask(f0=True, f1=True, f2=True, f3=False, f4=False, f5=False, f6=True, f7=True, f8=True, f9=True, f10=False, f11=True, f12=True)",0.9357171714474256
4.375,"FeatureMask(f0=True, f1=True, f2=True, f3=False, f4=False, f5=False, f6=True, f7=True, f8=True, f9=True, f10=False, f11=True, f12=True)",0.9357171714474256
4.375,"FeatureMask(f0=True, f1=True, f2=True, f3=False, f4=False, f5=False, f6=True, f7=True, f8=True, f9=True, f10=False, f11=True, f12=True)",0.9357171714474256
4.375,"FeatureMask(f0=True, f1=True, f2=True, f3=False, f4=False, f5=False, f6=True, f7=True, f8=True, f9=True, f10=False, f11=True, f12=True)",0.9357171714474256
4.375,"FeatureMask(f0=True, f1=True, f2=True, f3=False, f4=False, f5=False, f6=True, f7=True, f8=True, f9=True, f10=False, f11=True, f12=True)",0.9357171714474256
4.375,"FeatureMask(f0=True, f1=True, f2=True, f3=False, f4=False, f5=False, f6=True, f7=True, f8=True, f9=True, f10=False, f11=True, f12=True)",0.9357171714474256
4.422000000000001,"FeatureMask(f0=True, f1=True, f2=False, f3=True, f4=True, f5=False, f6=True, f7=False, f8=False, f9=True, f10=True, f11=True, f12=True)",0.9394096700224464
4.578,"FeatureMask(f0=True, f1=True, f2=False, f3=True, f4=True, f5=False, f6=True, f7=False, f8=False, f9=True, f10=True, f11=True, f12=True)",0.9394096700224464
4.578,"FeatureMask(f0=True, f1=True, f2=False, f3=True, f4=True, f5=False, f6=True, f7=False, f8=False, f9=True, f10=True, f11=True, f12=True)",0.9394096700224464
4.578,"FeatureMask(f0=True, f1=True, f2=False, f3=True, f4=True, f5=False, f6=True, f7=False, f8=False, f9=True, f10=True, f11=True, f12=True)",0.9394096700224464
4.578,"FeatureMask(f0=True, f1=True, f2=False, f3=True, f4=True, f5=False, f6=True, f7=False, f8=False, f9=True, f10=True, f11=True, f12=True)",0.9394096700224464
4.578,"FeatureMask(f0=True, f1=True, f2=False, f3=True, f4=True, f5=False, f6=True, f7=False, f8=False, f9=True, f10=True, f11=True, f12=True)",0.9394096700224464
4.578,"FeatureMask(f0=True, f1=True, f2=False, f3=True, f4=True, f5=False, f6=True, f7=False, f8=False, f9=True, f10=True, f11=True, f12=True)",0.9394096700224464
4.578,"FeatureMask(f0=True, f1=True, f2=False, f3=True, f4=True, f5=False, f6=True, f7=False, f8=False, f9=True, f10=True, f11=True, f12=True)",0.9394096700224464
4.578,"FeatureMask(f0=True, f1=True, f2=False, f3=True, f4=True, f5=False, f6=True, f7=False, f8=False, f9=True, f10=True, f11=True, f12=True)",0.9394096700224464
4.578,"FeatureMask(f0=True, f1=True, f2=False, f3=True, f4=True, f5=False, f6=True, f7=False, f8=False, f9=True, f10=True, f11=True, f12=True)",0.9394096700224464
4.578,"FeatureMask(f0=True, f1=True, f2=False, f3=True, f4=True, f5=False, f6=True, f7=False, f8=False, f9=True, f10=True, f11=True, f12=True)",0.9394096700224464
4.782,"FeatureMask(f0=True, f1=True, f2=False, f3=True, f4=True, f5=False, f6=True, f7=False, f8=False, f9=True, f10=True, f11=True, f12=True)",0.9394096700224464
4.782,"FeatureMask(f0=True, f1=True, f2=False, f3=True, f4=True, f5=False, f6=True, f7=False, f8=False, f9=True, f10=True, f11=True, f12=True)",0.9394096700224464
4.782,"FeatureMask(f0=True, f1=True, f2=False, f3=True, f4=True, f5=False, f6=True, f7=False, f8=False, f9=True, f10=True, f11=True, f12=True)",0.9394096700224464
4.782,"FeatureMask(f0=True, f1=True, f2=False, f3=True, f4=True, f5=False, f6=True, f7=False, f8=False, f9=True, f10=True, f11=True, f12=True)",0.9394096700224464
4.782,"FeatureMask(f0=True, f1=True, f2=False, f3=True, f4=True, f5=False, f6=True, f7=False, f8=False, f9=True, f10=True, f11=True, f12=True)",0.9394096700224464
4.782,"FeatureMask(f0=True, f1=True, f2=False, f3=True, f4=True, f5=False, f6=True, f7=False, f8=False, f9=True, f10=True, f11=True, f12=True)",0.9394096700224464
4.782,"FeatureMask(f0=True, f1=True, f2=False, f3=True, f4=True, f5=False, f6=True, f7=False, f8=False, f9=True, f10=True, f11=True, f12=True)",0.9394096700224464
4.782,"FeatureMask(f0=True, f1=True, f2=False, f3=True, f4=True, f5=False, f6=True, f7=False, f8=False, f9=True, f10=True, f11=True, f12=True)",0.9394096700224464
4.782,"FeatureMask(f0=True, f1=True, f2=False, f3=True, f4=True, f5=False, f6=True, f7=False, f8=False, f9=True, f10=True, f11=True, f12=True)",0.9394096700224464
4.782,"FeatureMask(f0=True, f1=True, f2=False, f3=True, f4=True, f5=False, f6=True, f7=False, f8=False, f9=True, f10=True, f11=True, f12=True)",0.9394096700224464
4.875,"FeatureMask(f0=True, f1=True, f2=False, f3=True, f4=True, f5=False, f6=True, f7=False, f8=False, f9=True, f10=True, f11=True, f12=True)",0.9394096700224464
4.985,"FeatureMask(f0=True, f1=True, f2=False, f3=True, f4=True, f5=False, f6=True, f7=False, f8=False, f9=True, f10=True, f11=True, f12=True)",0.9394096700224464
4.985,"FeatureMask(f0=True, f1=True, f2=False, f3=True, f4=True, f5=False, f6=True, f7=False, f8=False, f9=True, f10=True, f11=True, f12=True)",0.9394096700224464
4.985,"FeatureMask(f0=True, f1=True, f2=False, f3=True, f4=True, f5=False, f6=True, f7=False, f8=False, f9=True, f10=True, f11=True, f12=True)",0.9394096700224464
4.985,"FeatureMask(f0=True, f1=True, f2=False, f3=True, f4=True, f5=False, f6=True, f7=False, f8=False, f9=True, f10=True, f11=True, f12=True)",0.9394096700224464
4.985,"FeatureMask(f0=True, f1=True, f2=False, f3=True, f4=True, f5=False, f6=True, f7=False, f8=False, f9=True, f10=True, f11=True, f12=True)",0.9394096700224464
4.985,"FeatureMask(f0=True, f1=True, f2=False, f3=True, f4=True, f5=False, f6=True, f7=False, f8=False, f9=True, f10=True, f11=True, f12=True)",0.9394096700224464
4.985,"FeatureMask(f0=True, f1=True, f2=False, f3=True, f4=True, f5=False, f6=True, f7=False, f8=False, f9=True, f10=True, f11=True, f12=True)",0.9394096700224464
4.985,"FeatureMask(f0=True, f1=True, f2=False, f3=True, f4=True, f5=False, f6=True, f7=False, f8=False, f9=True, f10=True, f11=True, f12=True)",0.9394096700224464
4.985,"FeatureMask(f0=True, f1=True, f2=False, f3=True, f4=True, f5=False, f6=True, f7=False, f8=False, f9=True, f10=True, f11=True, f12=True)",0.9394096700224464
4.985,"FeatureMask(f0=True, f1=True, f2=False, f3=True, f4=True, f5=False, f6=True, f7=False, f8=False, f9=True, f10=True, f11=True, f12=True)",0.9394096700224464
5.078,"FeatureMask(f0=True, f1=True, f2=False, f3=True, f4=True, f5=False, f6=True, f7=False, f8=False, f9=True, f10=True, f11=True, f12=True)",0.9394096700224464
5.172000000000001,"FeatureMask(f0=True, f1=True, f2=False, f3=True, f4=True, f5=False, f6=True, f7=False, f8=False, f9=True, f10=True, f11=True, f12=True)",0.9394096700224464
5.172000000000001,"FeatureMask(f0=True, f1=True, f2=False, f3=True, f4=True, f5=False, f6=True, f7=False, f8=False, f9=True, f10=True, f11=True, f12=True)",0.9394096700224464
5.172000000000001,"FeatureMask(f0=True, f1=True, f2=False, f3=True, f4=True, f5=False, f6=True, f7=False, f8=False, f9=True, f10=True, f11=True, f12=True)",0.9394096700224464
5.172000000000001,"FeatureMask(f0=True, f1=True, f2=False, f3=True, f4=True, f5=False, f6=True, f7=False, f8=False, f9=True, f10=True, f11=True, f12=True)",0.9394096700224464
5.172000000000001,"FeatureMask(f0=True, f1=True, f2=False, f3=True, f4=True, f5=False, f6=True, f7=False, f8=False, f9=True, f10=True, f11=True, f12=True)",0.9394096700224464
5.172000000000001,"FeatureMask(f0=True, f1=True, f2=False, f3=True, f4=True, f5=False, f6=True, f7=False, f8=False, f9=True, f10=True, f11=True, f12=True)",0.9394096700224464
5.172000000000001,"FeatureMask(f0=True, f1=True, f2=False, f3=True, f4=True, f5=False, f6=True, f7=False, f8=False, f9=True, f10=True, f11=True, f12=True)",0.9394096700224464
5.172000000000001,"FeatureMask(f0=True, f1=True, f2=False, f3=True, f4=True, f5=False, f6=True, f7=False, f8=False, f9=True, f10=True, f11=True, f12=True)",0.9394096700224464
5.172000000000001,"FeatureMask(f0=True, f1=True, f2=False, f3=True, f4=True, f5=False, f6=True, f7=False, f8=False, f9=True, f10=True, f11=True, f12=True)",0.9394096700224464
5.172000000000001,"FeatureMask(f0=True, f1=True, f2=False, f3=True, f4=True, f5=False, f6=True, f7=False, f8=False, f9=True, f10=True, f11=True, f12=True)",0.9394096700224464
5.282,"FeatureMask(f0=True, f1=True, f2=False, f3=True, f4=True, f5=False, f6=True, f7=False, f8=False, f9=True, f10=True, f11=True, f12=True)",0.9394096700224464
5.282,"FeatureMask(f0=True, f1=True, f2=False, f3=True, f4=True, f5=False, f6=True, f7=False, f8=False, f9=True, f10=True, f11=True, f12=True)",0.9394096700224464
5.282,"FeatureMask(f0=True, f1=True, f2=False, f3=True, f4=True, f5=False, f6=True, f7=False, f8=False, f9=True, f10=True, f11=True, f12=True)",0.9394096700224464
5.391,"FeatureMask(f0=True, f1=True, f2=False, f3=True, f4=True, f5=False, f6=True, f7=False, f8=False, f9=True, f10=True, f11=True, f12=True)",0.9394096700224464
5.391,"FeatureMask(f0=True, f1=True, f2=False, f3=True, f4=True, f5=False, f6=True, f7=False, f8=False, f9=True, f10=True, f11=True, f12=True)",0.9394096700224464
5.391,"FeatureMask(f0=True, f1=True, f2=False, f3=True, f4=True, f5=False, f6=True, f7=False, f8=False, f9=True, f10=True, f11=True, f12=True)",0.9394096700224464
5.391,"FeatureMask(f0=True, f1=True, f2=False, f3=True, f4=True, f5=False, f6=True, f7=False, f8=False, f9=True, f10=True, f11=True, f12=True)",0.9394096700224464
5.391,"FeatureMask(f0=True, f1=True, f2=False, f3=True, f4=True, f5=False, f6=True, f7=False, f8=False, f9=True, f10=True, f11=True, f12=True)",0.9394096700224464
5.391,"FeatureMask(f0=True, f1=True, f2=False, f3=True, f4=True, f5=False, f6=True, f7=False, f8=False, f9=True, f10=True, f11=True, f12=True)",0.9394096700224464
5.391,"FeatureMask(f0=True, f1=True, f2=False, f3=True, f4=True, f5=False, f6=True, f7=False, f8=False, f9=True, f10=True, f11=True, f12=True)",0.9394096700224464
5.391,"FeatureMask(f0=True, f1=True, f2=False, f3=True, f4=True, f5=False, f6=True, f7=False, f8=False, f9=True, f10=True, f11=True, f12=True)",0.9394096700224464
5.391,"FeatureMask(f0=True, f1=True, f2=False, f3=True, f4=True, f5=False, f6=True, f7=False, f8=False, f9=True, f10=True, f11=True, f12=True)",0.9394096700224464
5.391,"FeatureMask(f0=True, f1=True, f2=False, f3=True, f4=True, f5=False, f6=True, f7=False, f8=False, f9=True, f10=True, f11=True, f12=True)",0.9394096700224464
5.485,"FeatureMask(f0=True, f1=True, f2=False, f3=True, f4=True, f5=False, f6=True, f7=False, f8=False, f9=True, f10=True, f11=True, f12=True)",0.9394096700224464
5.625,"FeatureMask(f0=True, f1=True, f2=False, f3=True, f4=True, f5=False, f6=True, f7=False, f8=False, f9=True, f10=True, f11=True, f12=True)",0.9394096700224464
5.625,"FeatureMask(f0=True, f1=True, f2=False, f3=True, f4=True, f5=False, f6=True, f7=False, f8=False, f9=True, f10=True, f11=True, f12=True)",0.9394096700224464
5.625,"FeatureMask(f0=True, f1=True, f2=False, f3=True, f4=True, f5=False, f6=True, f7=False, f8=False, f9=True, f10=True, f11=True, f12=True)",0.9394096700224464
5.625,"FeatureMask(f0=True, f1=True, f2=False, f3=True, f4=True, f5=False, f6=True, f7=False, f8=False, f9=True, f10=True, f11=True, f12=True)",0.9394096700224464
5.625,"FeatureMask(f0=True, f1=True, f2=False, f3=True, f4=True, f5=False, f6=True, f7=False, f8=False, f9=True, f10=True, f11=True, f12=True)",0.9394096700224464
5.625,"FeatureMask(f0=True, f1=True, f2=False, f3=True, f4=True, f5=False, f6=True, f7=False, f8=False, f9=True, f10=True, f11=True, f12=True)",0.9394096700224464
5.625,"FeatureMask(f0=True, f1=True, f2=False, f3=True, f4=True, f5=False, f6=True, f7=False, f8=False, f9=True, f10=True, f11=True, f12=True)",0.9394096700224464
5.625,"FeatureMask(f0=True, f1=True, f2=False, f3=True, f4=True, f5=False, f6=True, f7=False, f8=False, f9=True, f10=True, f11=True, f12=True)",0.9394096700224464
5.625,"FeatureMask(f0=True, f1=True, f2=False, f3=True, f4=True, f5=False, f6=True, f7=False, f8=False, f9=True, f10=True, f11=True, f12=True)",0.9394096700224464
5.625,"FeatureMask(f0=True, f1=True, f2=False, f3=True, f4=True, f5=False, f6=True, f7=False, f8=False, f9=True, f10=True, f11=True, f12=True)",0.9394096700224464
5.844,"FeatureMask(f0=True, f1=True, f2=False, f3=True, f4=True, f5=False, f6=True, f7=False, f8=False, f9=True, f10=True, f11=True, f12=True)",0.9394096700224464
5.844,"FeatureMask(f0=True, f1=True, f2=False, f3=True, f4=True, f5=False, f6=True, f7=False, f8=False, f9=True, f10=True, f11=True, f12=True)",0.9394096700224464
5.844,"FeatureMask(f0=True, f1=True, f2=False, f3=True, f4=True, f5=False, f6=True, f7=False, f8=False, f9=True, f10=True, f11=True, f12=True)",0.9394096700224464
5.844,"FeatureMask(f0=True, f1=True, f2=False, f3=True, f4=True, f5=False, f6=True, f7=False, f8=False, f9=True, f10=True, f11=True, f12=True)",0.9394096700224464
5.844,"FeatureMask(f0=True, f1=True, f2=False, f3=True, f4=True, f5=False, f6=True, f7=False, f8=False, f9=True, f10=True, f11=True, f12=True)",0.9394096700224464
5.844,"FeatureMask(f0=True, f1=True, f2=False, f3=True, f4=True, f5=False, f6=True, f7=False, f8=False, f9=True, f10=True, f11=True, f12=True)",0.9394096700224464
5.844,"FeatureMask(f0=True, f1=True, f2=False, f3=True, f4=True, f5=False, f6=True, f7=False, f8=False, f9=True, f10=True, f11=True, f12=True)",0.9394096700224464
5.844,"FeatureMask(f0=True, f1=True, f2=False, f3=True, f4=True, f5=False, f6=True, f7=False, f8=False, f9=True, f10=True, f11=True, f12=True)",0.9394096700224464
5.844,"FeatureMask(f0=True, f1=True, f2=False, f3=True, f4=True, f5=False, f6=True, f7=False, f8=False, f9=True, f10=True, f11=True, f12=True)",0.9394096700224464
5.844,"FeatureMask(f0=True, f1=True, f2=False, f3=True, f4=True, f5=False, f6=True, f7=False, f8=False, f9=True, f10=True, f11=True, f12=True)",0.9394096700224464
5.938000000000001,"FeatureMask(f0=True, f1=True, f2=False, f3=True, f4=True, f5=False, f6=True, f7=False, f8=False, f9=True, f10=True, f11=True, f12=True)",0.9394096700224464
6.047000000000001,"FeatureMask(f0=True, f1=True, f2=False, f3=True, f4=True, f5=False, f6=True, f7=False, f8=False, f9=True, f10=True, f11=True, f12=True)",0.9394096700224464
6.047000000000001,"FeatureMask(f0=True, f1=True, f2=False, f3=True, f4=True, f5=False, f6=True, f7=False, f8=False, f9=True, f10=True, f11=True, f12=True)",0.9394096700224464
6.047000000000001,"FeatureMask(f0=True, f1=True, f2=False, f3=True, f4=True, f5=False, f6=True, f7=False, f8=False, f9=True, f10=True, f11=True, f12=True)",0.9394096700224464
6.047000000000001,"FeatureMask(f0=True, f1=True, f2=False, f3=True, f4=True, f5=False, f6=True, f7=False, f8=False, f9=True, f10=True, f11=True, f12=True)",0.9394096700224464
6.047000000000001,"FeatureMask(f0=True, f1=True, f2=False, f3=True, f4=True, f5=False, f6=True, f7=False, f8=False, f9=True, f10=True, f11=True, f12=True)",0.9394096700224464
6.047000000000001,"FeatureMask(f0=True, f1=True, f2=False, f3=True, f4=True, f5=False, f6=True, f7=False, f8=False, f9=True, f10=True, f11=True, f12=True)",0.9394096700224464
6.047000000000001,"FeatureMask(f0=True, f1=True, f2=False, f3=True, f4=True, f5=False, f6=True, f7=False, f8=False, f9=True, f10=True, f11=True, f12=True)",0.9394096700224464
6.047000000000001,"FeatureMask(f0=True, f1=True, f2=False, f3=True, f4=True, f5=False, f6=True, f7=False, f8=False, f9=True, f10=True, f11=True, f12=True)",0.9394096700224464
6.047000000000001,"FeatureMask(f0=True, f1=True, f2=False, f3=True, f4=True, f5=False, f6=True, f7=False, f8=False, f9=True, f10=True, f11=True, f12=True)",0.9394096700224464
6.047000000000001,"FeatureMask(f0=True, f1=True, f2=False, f3=True, f4=True, f5=False, f6=True, f7=False, f8=False, f9=True, f10=True, f11=True, f12=True)",0.9394096700224464
6.25,"FeatureMask(f0=True, f1=True, f2=False, f3=True, f4=True, f5=False, f6=True, f7=False, f8=False, f9=True, f10=True, f11=True, f12=True)",0.9394096700224464
6.25,"FeatureMask(f0=True, f1=True, f2=False, f3=True, f4=True, f5=False, f6=True, f7=False, f8=False, f9=True, f10=True, f11=True, f12=True)",0.9394096700224464
6.25,"FeatureMask(f0=True, f1=True, f2=False, f3=True, f4=True, f5=False, f6=True, f7=False, f8=False, f9=True, f10=True, f11=True, f12=True)",0.9394096700224464
6.25,"FeatureMask(f0=True, f1=True, f2=False, f3=True, f4=True, f5=False, f6=True, f7=False, f8=False, f9=True, f10=True, f11=True, f12=True)",0.9394096700224464
6.25,"FeatureMask(f0=True, f1=True, f2=False, f3=True, f4=True, f5=False, f6=True, f7=False, f8=False, f9=True, f10=True, f11=True, f12=True)",0.9394096700224464
6.25,"FeatureMask(f0=True, f1=True, f2=False, f3=True, f4=True, f5=False, f6=True, f7=False, f8=False, f9=True, f10=True, f11=True, f12=True)",0.9394096700224464
6.25,"FeatureMask(f0=True, f1=True, f2=False, f3=True, f4=True, f5=False, f6=True, f7=False, f8=False, f9=True, f10=True, f11=True, f12=True)",0.9394096700224464
6.25,"FeatureMask(f0=True, f1=True, f2=False, f3=True, f4=True, f5=False, f6=True, f7=False, f8=False, f9=True, f10=True, f11=True, f12=True)",0.9394096700224464
6.25,"FeatureMask(f0=True, f1=True, f2=False, f3=True, f4=True, f5=False, f6=True, f7=False, f8=False, f9=True, f10=True, f11=True, f12=True)",0.9394096700224464
6.25,"FeatureMask(f0=True, f1=True, f2=False, f3=True, f4=True, f5=False, f6=True, f7=False, f8=False, f9=True, f10=True, f11=True, f12=True)",0.9394096700224464
6.438000000000001,"FeatureMask(f0=True, f1=True, f2=False, f3=True, f4=True, f5=False, f6=True, f7=False, f8=False, f9=True, f10=True, f11=True, f12=True)",0.9394096700224464
6.438000000000001,"FeatureMask(f0=True, f1=True, f2=False, f3=True, f4=True, f5=False, f6=True, f7=False, f8=False, f9=True, f10=True, f11=True, f12=True)",0.9394096700224464
6.438000000000001,"FeatureMask(f0=True, f1=True, f2=False, f3=True, f4=True, f5=False, f6=True, f7=False, f8=False, f9=True, f10=True, f11=True, f12=True)",0.9394096700224464
6.438000000000001,"FeatureMask(f0=True, f1=True, f2=False, f3=True, f4=True, f5=False, f6=True, f7=False, f8=False, f9=True, f10=True, f11=True, f12=True)",0.9394096700224464
6.438000000000001,"FeatureMask(f0=True, f1=True, f2=False, f3=True, f4=True, f5=False, f6=True, f7=False, f8=False, f9=True, f10=True, f11=True, f12=True)",0.9394096700224464
6.438000000000001,"FeatureMask(f0=True, f1=True, f2=False, f3=True, f4=True, f5=False, f6=True, f7=False, f8=False, f9=True, f10=True, f11=True, f12=True)",0.9394096700224464
6.438000000000001,"FeatureMask(f0=True, f1=True, f2=False, f3=True, f4=True, f5=False, f6=True, f7=False, f8=False, f9=True, f10=True, f11=True, f12=True)",0.9394096700224464
6.438000000000001,"FeatureMask(f0=True, f1=True, f2=False, f3=True, f4=True, f5=False, f6=True, f7=False, f8=False, f9=True, f10=True, f11=True, f12=True)",0.9394096700224464
6.438000000000001,"FeatureMask(f0=True, f1=True, f2=False, f3=True, f4=True, f5=False, f6=True, f7=False, f8=False, f9=True, f10=True, f11=True, f12=True)",0.9394096700224464
6.438000000000001,"FeatureMask(f0=True, f1=True, f2=False, f3=True, f4=True, f5=False, f6=True, f7=False, f8=False, f9=True, f10=True, f11=True, f12=True)",0.9394096700224464
6.532,"FeatureMask(f0=True, f1=True, f2=False, f3=True, f4=True, f5=False, f6=True, f7=False, f8=False, f9=True, f10=True, f11=True, f12=True)",0.9394096700224464
6.657,"FeatureMask(f0=True, f1=True, f2=False, f3=True, f4=True, f5=False, f6=True, f7=False, f8=False, f9=True, f10=True, f11=True, f12=True)",0.9394096700224464
6.657,"FeatureMask(f0=True, f1=True, f2=False, f3=True, f4=True, f5=False, f6=True, f7=False, f8=False, f9=True, f10=True, f11=True, f12=True)",0.9394096700224464
6.657,"FeatureMask(f0=True, f1=True, f2=False, f3=True, f4=True, f5=False, f6=True, f7=False, f8=False, f9=True, f10=True, f11=True, f12=True)",0.9394096700224464
6.657,"FeatureMask(f0=True, f1=True, f2=False, f3=True, f4=True, f5=False, f6=True, f7=False, f8=False, f9=True, f10=True, f11=True, f12=True)",0.9394096700224464
6.657,"FeatureMask(f0=True, f1=True, f2=False, f3=True, f4=True, f5=False, f6=True, f7=False, f8=False, f9=True, f10=True, f11=True, f12=True)",0.9394096700224464
6.657,"FeatureMask(f0=True, f1=True, f2=False, f3=True, f4=True, f5=False, f6=True, f7=False, f8=False, f9=True, f10=True, f11=True, f12=True)",0.9394096700224464
6.657,"FeatureMask(f0=True, f1=True, f2=False, f3=True, f4=True, f5=False, f6=True, f7=False, f8=False, f9=True, f10=True, f11=True, f12=True)",0.9394096700224464
6.657,"FeatureMask(f0=True, f1=True, f2=False, f3=True, f4=True, f5=False, f6=True, f7=False, f8=False, f9=True, f10=True, f11=True, f12=True)",0.9394096700224464
6.657,"FeatureMask(f0=True, f1=True, f2=False, f3=True, f4=True, f5=False, f6=True, f7=False, f8=False, f9=True, f10=True, f11=True, f12=True)",0.9394096700224464
6.657,"FeatureMask(f0=True, f1=True, f2=False, f3=True, f4=True, f5=False, f6=True, f7=False, f8=False, f9=True, f10=True, f11=True, f12=True)",0.9394096700224464
6.735,"FeatureMask(f0=True, f1=True, f2=False, f3=True, f4=True, f5=False, f6=True, f7=False, f8=False, f9=True, f10=True, f11=True, f12=True)",0.9394096700224464
6.844,"FeatureMask(f0=True, f1=True, f2=False, f3=True, f4=True, f5=False, f6=True, f7=False, f8=False, f9=True, f10=True, f11=True, f12=True)",0.9394096700224464
6.844,"FeatureMask(f0=True, f1=True, f2=False, f3=True, f4=True, f5=False, f6=True, f7=False, f8=False, f9=True, f10=True, f11=True, f12=True)",0.9394096700224464
6.844,"FeatureMask(f0=True, f1=True, f2=False, f3=True, f4=True, f5=False, f6=True, f7=False, f8=False, f9=True, f10=True, f11=True, f12=True)",0.9394096700224464
6.844,"FeatureMask(f0=True, f1=True, f2=False, f3=True, f4=True, f5=False, f6=True, f7=False, f8=False, f9=True, f10=True, f11=True, f12=True)",0.9394096700224464
6.844,"FeatureMask(f0=True, f1=True, f2=False, f3=True, f4=True, f5=False, f6=True, f7=False, f8=False, f9=True, f10=True, f11=True, f12=True)",0.9394096700224464
6.844,"FeatureMask(f0=True, f1=True, f2=False, f3=True, f4=True, f5=False, f6=True, f7=False, f8=False, f9=True, f10=True, f11=True, f12=True)",0.9394096700224464
6.844,"FeatureMask(f0=True, f1=True, f2=False, f3=True, f4=True, f5=False, f6=True, f7=False, f8=False, f9=True, f10=True, f11=True, f12=True)",0.9394096700224464
6.844,"FeatureMask(f0=True, f1=True, f2=False, f3=True, f4=True, f5=False, f6=True, f7=False, f8=False, f9=True, f10=True, f11=True, f12=True)",0.9394096700224464
6.844,"FeatureMask(f0=True, f1=True, f2=False, f3=True, f4=True, f5=False, f6=True, f7=False, f8=False, f9=True, f10=True, f11=True, f12=True)",0.9394096700224464
6.844,"FeatureMask(f0=True, f1=True, f2=False, f3=True, f4=True, f5=False, f6=True, f7=False, f8=False, f9=True, f10=True, f11=True, f12=True)",0.9394096700224464
6.891,"FeatureMask(f0=True, f1=True, f2=False, f3=True, f4=True, f5=True, f6=True, f7=False, f8=False, f9=True, f10=False, f11=True, f12=True)",0.9458096827240344
7.047000000000001,"FeatureMask(f0=True, f1=True, f2=False, f3=True, f4=True, f5=True, f6=True, f7=False, f8=False, f9=True, f10=False, f11=True, f12=True)",0.9458096827240344
7.047000000000001,"FeatureMask(f0=True, f1=True, f2=False, f3=True, f4=True, f5=True, f6=True, f7=False, f8=False, f9=True, f10=False, f11=True, f12=True)",0.9458096827240344
7.047000000000001,"FeatureMask(f0=True, f1=True, f2=False, f3=True, f4=True, f5=True, f6=True, f7=False, f8=False, f9=True, f10=False, f11=True, f12=True)",0.9458096827240344
7.047000000000001,"FeatureMask(f0=True, f1=True, f2=False, f3=True, f4=True, f5=True, f6=True, f7=False, f8=False, f9=True, f10=False, f11=True, f12=True)",0.9458096827240344
7.047000000000001,"FeatureMask(f0=True, f1=True, f2=False, f3=True, f4=True, f5=True, f6=True, f7=False, f8=False, f9=True, f10=False, f11=True, f12=True)",0.9458096827240344
7.047000000000001,"FeatureMask(f0=True, f1=True, f2=False, f3=True, f4=True, f5=True, f6=True, f7=False, f8=False, f9=True, f10=False, f11=True, f12=True)",0.9458096827240344
7.047000000000001,"FeatureMask(f0=True, f1=True, f2=False, f3=True, f4=True, f5=True, f6=True, f7=False, f8=False, f9=True, f10=False, f11=True, f12=True)",0.9458096827240344
7.047000000000001,"FeatureMask(f0=True, f1=True, f2=False, f3=True, f4=True, f5=True, f6=True, f7=False, f8=False, f9=True, f10=False, f11=True, f12=True)",0.9458096827240344
7.047000000000001,"FeatureMask(f0=True, f1=True, f2=False, f3=True, f4=True, f5=True, f6=True, f7=False, f8=False, f9=True, f10=False, f11=True, f12=True)",0.9458096827240344
7.047000000000001,"FeatureMask(f0=True, f1=True, f2=False, f3=True, f4=True, f5=True, f6=True, f7=False, f8=False, f9=True, f10=False, f11=True, f12=True)",0.9458096827240344
7.157,"FeatureMask(f0=True, f1=True, f2=False, f3=True, f4=True, f5=True, f6=True, f7=False, f8=False, f9=True, f10=False, f11=True, f12=True)",0.9458096827240344
7.250000000000001,"FeatureMask(f0=True, f1=True, f2=False, f3=True, f4=True, f5=True, f6=True, f7=False, f8=False, f9=True, f10=False, f11=True, f12=True)",0.9458096827240344
7.250000000000001,"FeatureMask(f0=True, f1=True, f2=False, f3=True, f4=True, f5=True, f6=True, f7=False, f8=False, f9=True, f10=False, f11=True, f12=True)",0.9458096827240344
7.250000000000001,"FeatureMask(f0=True, f1=True, f2=False, f3=True, f4=True, f5=True, f6=True, f7=False, f8=False, f9=True, f10=False, f11=True, f12=True)",0.9458096827240344
7.250000000000001,"FeatureMask(f0=True, f1=True, f2=False, f3=True, f4=True, f5=True, f6=True, f7=False, f8=False, f9=True, f10=False, f11=True, f12=True)",0.9458096827240344
7.250000000000001,"FeatureMask(f0=True, f1=True, f2=False, f3=True, f4=True, f5=True, f6=True, f7=False, f8=False, f9=True, f10=False, f11=True, f12=True)",0.9458096827240344
7.250000000000001,"FeatureMask(f0=True, f1=True, f2=False, f3=True, f4=True, f5=True, f6=True, f7=False, f8=False, f9=True, f10=False, f11=True, f12=True)",0.9458096827240344
7.250000000000001,"FeatureMask(f0=True, f1=True, f2=False, f3=True, f4=True, f5=True, f6=True, f7=False, f8=False, f9=True, f10=False, f11=True, f12=True)",0.9458096827240344
7.250000000000001,"FeatureMask(f0=True, f1=True, f2=False, f3=True, f4=True, f5=True, f6=True, f7=False, f8=False, f9=True, f10=False, f11=True, f12=True)",0.9458096827240344
7.250000000000001,"FeatureMask(f0=True, f1=True, f2=False, f3=True, f4=True, f5=True, f6=True, f7=False, f8=False, f9=True, f10=False, f11=True, f12=True)",0.9458096827240344
7.250000000000001,"FeatureMask(f0=True, f1=True, f2=False, f3=True, f4=True, f5=True, f6=True, f7=False, f8=False, f9=True, f10=False, f11=True, f12=True)",0.9458096827240344
7.328,"FeatureMask(f0=True, f1=True, f2=False, f3=True, f4=True, f5=True, f6=True, f7=False, f8=False, f9=True, f10=False, f11=True, f12=True)",0.9458096827240344
7.438000000000001,"FeatureMask(f0=True, f1=True, f2=False, f3=True, f4=True, f5=True, f6=True, f7=False, f8=False, f9=True, f10=False, f11=True, f12=True)",0.9458096827240344
7.438000000000001,"FeatureMask(f0=True, f1=True, f2=False, f3=True, f4=True, f5=True, f6=True, f7=False, f8=False, f9=True, f10=False, f11=True, f12=True)",0.9458096827240344
7.438000000000001,"FeatureMask(f0=True, f1=True, f2=False, f3=True, f4=True, f5=True, f6=True, f7=False, f8=False, f9=True, f10=False, f11=True, f12=True)",0.9458096827240344
7.438000000000001,"FeatureMask(f0=True, f1=True, f2=False, f3=True, f4=True, f5=True, f6=True, f7=False, f8=False, f9=True, f10=False, f11=True, f12=True)",0.9458096827240344
7.438000000000001,"FeatureMask(f0=True, f1=True, f2=False, f3=True, f4=True, f5=True, f6=True, f7=False, f8=False, f9=True, f10=False, f11=True, f12=True)",0.9458096827240344
7.438000000000001,"FeatureMask(f0=True, f1=True, f2=False, f3=True, f4=True, f5=True, f6=True, f7=False, f8=False, f9=True, f10=False, f11=True, f12=True)",0.9458096827240344
7.438000000000001,"FeatureMask(f0=True, f1=True, f2=False, f3=True, f4=True, f5=True, f6=True, f7=False, f8=False, f9=True, f10=False, f11=True, f12=True)",0.9458096827240344
7.438000000000001,"FeatureMask(f0=True, f1=True, f2=False, f3=True, f4=True, f5=True, f6=True, f7=False, f8=False, f9=True, f10=False, f11=True, f12=True)",0.9458096827240344
7.438000000000001,"FeatureMask(f0=True, f1=True, f2=False, f3=True, f4=True, f5=True, f6=True, f7=False, f8=False, f9=True, f10=False, f11=True, f12=True)",0.9458096827240344
7.438000000000001,"FeatureMask(f0=True, f1=True, f2=False, f3=True, f4=True, f5=True, f6=True, f7=False, f8=False, f9=True, f10=False, f11=True, f12=True)",0.9458096827240344
7.532,"FeatureMask(f0=True, f1=True, f2=False, f3=True, f4=True, f5=True, f6=True, f7=False, f8=False, f9=True, f10=False, f11=True, f12=True)",0.9458096827240344
7.625000000000001,"FeatureMask(f0=True, f1=True, f2=False, f3=True, f4=True, f5=True, f6=True, f7=False, f8=False, f9=True, f10=False, f11=True, f12=True)",0.9458096827240344
7.625000000000001,"FeatureMask(f0=True, f1=True, f2=False, f3=True, f4=True, f5=True, f6=True, f7=False, f8=False, f9=True, f10=False, f11=True, f12=True)",0.9458096827240344
7.625000000000001,"FeatureMask(f0=True, f1=True, f2=False, f3=True, f4=True, f5=True, f6=True, f7=False, f8=False, f9=True, f10=False, f11=True, f12=True)",0.9458096827240344
7.625000000000001,"FeatureMask(f0=True, f1=True, f2=False, f3=True, f4=True, f5=True, f6=True, f7=False, f8=False, f9=True, f10=False, f11=True, f12=True)",0.9458096827240344
7.625000000000001,"FeatureMask(f0=True, f1=True, f2=False, f3=True, f4=True, f5=True, f6=True, f7=False, f8=False, f9=True, f10=False, f11=True, f12=True)",0.9458096827240344
7.625000000000001,"FeatureMask(f0=True, f1=True, f2=False, f3=True, f4=True, f5=True, f6=True, f7=False, f8=False, f9=True, f10=False, f11=True, f12=True)",0.9458096827240344
7.625000000000001,"FeatureMask(f0=True, f1=True, f2=False, f3=True, f4=True, f5=True, f6=True, f7=False, f8=False, f9=True, f10=False, f11=True, f12=True)",0.9458096827240344
7.625000000000001,"FeatureMask(f0=True, f1=True, f2=False, f3=True, f4=True, f5=True, f6=True, f7=False, f8=False, f9=True, f10=False, f11=True, f12=True)",0.9458096827240344
7.625000000000001,"FeatureMask(f0=True, f1=True, f2=False, f3=True, f4=True, f5=True, f6=True, f7=False, f8=False, f9=True, f10=False, f11=True, f12=True)",0.9458096827240344
7.625000000000001,"FeatureMask(f0=True, f1=True, f2=False, f3=True, f4=True, f5=True, f6=True, f7=False, f8=False, f9=True, f10=False, f11=True, f12=True)",0.9458096827240344
7.828,"FeatureMask(f0=True, f1=True, f2=False, f3=True, f4=True, f5=True, f6=True, f7=False, f8=False, f9=True, f10=False, f11=True, f12=True)",0.9458096827240344
7.828,"FeatureMask(f0=True, f1=True, f2=False, f3=True, f4=True, f5=True, f6=True, f7=False, f8=False, f9=True, f10=False, f11=True, f12=True)",0.9458096827240344
7.828,"FeatureMask(f0=True, f1=True, f2=False, f3=True, f4=True, f5=True, f6=True, f7=False, f8=False, f9=True, f10=False, f11=True, f12=True)",0.9458096827240344
7.828,"FeatureMask(f0=True, f1=True, f2=False, f3=True, f4=True, f5=True, f6=True, f7=False, f8=False, f9=True, f10=False, f11=True, f12=True)",0.9458096827240344
7.828,"FeatureMask(f0=True, f1=True, f2=False, f3=True, f4=True, f5=True, f6=True, f7=False, f8=False, f9=True, f10=False, f11=True, f12=True)",0.9458096827240344
7.828,"FeatureMask(f0=True, f1=True, f2=False, f3=True, f4=True, f5=True, f6=True, f7=False, f8=False, f9=True, f10=False, f11=True, f12=True)",0.9458096827240344
7.828,"FeatureMask(f0=True, f1=True, f2=False, f3=True, f4=True, f5=True, f6=True, f7=False, f8=False, f9=True, f10=False, f11=True, f12=True)",0.9458096827240344
7.828,"FeatureMask(f0=True, f1=True, f2=False, f3=True, f4=True, f5=True, f6=True, f7=False, f8=False, f9=True, f10=False, f11=True, f12=True)",0.9458096827240344
7.828,"FeatureMask(f0=True, f1=True, f2=False, f3=True, f4=True, f5=True, f6=True, f7=False, f8=False, f9=True, f10=False, f11=True, f12=True)",0.9458096827240344
7.828,"FeatureMask(f0=True, f1=True, f2=False, f3=True, f4=True, f5=True, f6=True, f7=False, f8=False, f9=True, f10=False, f11=True, f12=True)",0.9458096827240344
8.0,"FeatureMask(f0=True, f1=True, f2=False, f3=True, f4=True, f5=True, f6=True, f7=False, f8=False, f9=True, f10=False, f11=True, f12=True)",0.9458096827240344
8.0,"FeatureMask(f0=True, f1=True, f2=False, f3=True, f4=True, f5=True, f6=True, f7=False, f8=False, f9=True, f10=False, f11=True, f12=True)",0.9458096827240344
8.0,"FeatureMask(f0=True, f1=True, f2=False, f3=True, f4=True, f5=True, f6=True, f7=False, f8=False, f9=True, f10=False, f11=True, f12=True)",0.9458096827240344
8.0,"FeatureMask(f0=True, f1=True, f2=False, f3=True, f4=True, f5=True, f6=True, f7=False, f8=False, f9=True, f10=False, f11=True, f12=True)",0.9458096827240344
8.0,"FeatureMask(f0=True, f1=True, f2=False, f3=True, f4=True, f5=True, f6=True, f7=False, f8=False, f9=True, f10=False, f11=True, f12=True)",0.9458096827240344
8.0,"FeatureMask(f0=True, f1=True, f2=False, f3=True, f4=True, f5=True, f6=True, f7=False, f8=False, f9=True, f10=False, f11=True, f12=True)",0.9458096827240344
8.0,"FeatureMask(f0=True, f1=True, f2=False, f3=True, f4=True, f5=True, f6=True, f7=False, f8=False, f9=True, f10=False, f11=True, f12=True)",0.9458096827240344
8.016,"FeatureMask(f0=True, f1=True, f2=False, f3=True, f4=True, f5=True, f6=True, f7=False, f8=False, f9=True, f10=False, f11=True, f12=True)",0.9458096827240344
8.016,"FeatureMask(f0=True, f1=True, f2=False, f3=True, f4=True, f5=True, f6=True, f7=False, f8=False, f9=True, f10=False, f11=True, f12=True)",0.9458096827240344
8.016,"FeatureMask(f0=True, f1=True, f2=False, f3=True, f4=True, f5=True, f6=True, f7=False, f8=False, f9=True, f10=False, f11=True, f12=True)",0.9458096827240344
8.094000000000001,"FeatureMask(f0=True, f1=True, f2=False, f3=True, f4=True, f5=True, f6=True, f7=False, f8=False, f9=True, f10=False, f11=True, f12=True)",0.9458096827240344
8.188,"FeatureMask(f0=True, f1=True, f2=False, f3=True, f4=True, f5=True, f6=True, f7=False, f8=False, f9=True, f10=False, f11=True, f12=True)",0.9458096827240344
8.188,"FeatureMask(f0=True, f1=True, f2=False, f3=True, f4=True, f5=True, f6=True, f7=False, f8=False, f9=True, f10=False, f11=True, f12=True)",0.9458096827240344
8.188,"FeatureMask(f0=True, f1=True, f2=False, f3=True, f4=True, f5=True, f6=True, f7=False, f8=False, f9=True, f10=False, f11=True, f12=True)",0.9458096827240344
8.188,"FeatureMask(f0=True, f1=True, f2=False, f3=True, f4=True, f5=True, f6=True, f7=False, f8=False, f9=True, f10=False, f11=True, f12=True)",0.9458096827240344
8.188,"FeatureMask(f0=True, f1=True, f2=False, f3=True, f4=True, f5=True, f6=True, f7=False, f8=False, f9=True, f10=False, f11=True, f12=True)",0.9458096827240344
8.188,"FeatureMask(f0=True, f1=True, f2=False, f3=True, f4=True, f5=True, f6=True, f7=False, f8=False, f9=True, f10=False, f11=True, f12=True)",0.9458096827240344
8.188,"FeatureMask(f0=True, f1=True, f2=False, f3=True, f4=True, f5=True, f6=True, f7=False, f8=False, f9=True, f10=False, f11=True, f12=True)",0.9458096827240344
8.188,"FeatureMask(f0=True, f1=True, f2=False, f3=True, f4=True, f5=True, f6=True, f7=False, f8=False, f9=True, f10=False, f11=True, f12=True)",0.9458096827240344
8.188,"FeatureMask(f0=True, f1=True, f2=False, f3=True, f4=True, f5=True, f6=True, f7=False, f8=False, f9=True, f10=False, f11=True, f12=True)",0.9458096827240344
8.188,"FeatureMask(f0=True, f1=True, f2=False, f3=True, f4=True, f5=True, f6=True, f7=False, f8=False, f9=True, f10=False, f11=True, f12=True)",0.9458096827240344
8.282,"FeatureMask(f0=True, f1=True, f2=False, f3=True, f4=True, f5=True, f6=True, f7=False, f8=False, f9=True, f10=False, f11=True, f12=True)",0.9458096827240344
8.282,"FeatureMask(f0=True, f1=True, f2=False, f3=True, f4=True, f5=True, f6=True, f7=False, f8=False, f9=True, f10=False, f11=True, f12=True)",0.9458096827240344
8.282,"FeatureMask(f0=True, f1=True, f2=False, f3=True, f4=True, f5=True, f6=True, f7=False, f8=False, f9=True, f10=False, f11=True, f12=True)",0.9458096827240344
8.282,"FeatureMask(f0=True, f1=True, f2=False, f3=True, f4=True, f5=True, f6=True, f7=False, f8=False, f9=True, f10=False, f11=True, f12=True)",0.9458096827240344
8.282,"FeatureMask(f0=True, f1=True, f2=False, f3=True, f4=True, f5=True, f6=True, f7=False, f8=False, f9=True, f10=False, f11=True, f12=True)",0.9458096827240344
8.282,"FeatureMask(f0=True, f1=True, f2=False, f3=True, f4=True, f5=True, f6=True, f7=False, f8=False, f9=True, f10=False, f11=True, f12=True)",0.9458096827240344
8.282,"FeatureMask(f0=True, f1=True, f2=False, f3=True, f4=True, f5=True, f6=True, f7=False, f8=False, f9=True, f10=False, f11=True, f12=True)",0.9458096827240344
8.282,"FeatureMask(f0=True, f1=True, f2=False, f3=True, f4=True, f5=True, f6=True, f7=False, f8=False, f9=True, f10=False, f11=True, f12=True)",0.9458096827240344
8.282,"FeatureMask(f0=True, f1=True, f2=False, f3=True, f4=True, f5=True, f6=True, f7=False, f8=False, f9=True, f10=False, f11=True, f12=True)",0.9458096827240344
8.282,"FeatureMask(f0=True, f1=True, f2=False, f3=True, f4=True, f5=True, f6=True, f7=False, f8=False, f9=True, f10=False, f11=True, f12=True)",0.9458096827240344
8.282,"FeatureMask(f0=True, f1=True, f2=False, f3=True, f4=True, f5=True, f6=True, f7=False, f8=False, f9=True, f10=False, f11=True, f12=True)",0.9458096827240344
8.282,"FeatureMask(f0=True, f1=True, f2=False, f3=True, f4=True, f5=True, f6=True, f7=False, f8=False, f9=True, f10=False, f11=True, f12=True)",0.9458096827240344
8.282,"FeatureMask(f0=True, f1=True, f2=False, f3=True, f4=True, f5=True, f6=True, f7=False, f8=False, f9=True, f10=False, f11=True, f12=True)",0.9458096827240344
8.282,"FeatureMask(f0=True, f1=True, f2=False, f3=True, f4=True, f5=True, f6=True, f7=False, f8=False, f9=True, f10=False, f11=True, f12=True)",0.9458096827240344
8.282,"FeatureMask(f0=True, f1=True, f2=False, f3=True, f4=True, f5=True, f6=True, f7=False, f8=False, f9=True, f10=False, f11=True, f12=True)",0.9458096827240344
8.282,"FeatureMask(f0=True, f1=True, f2=False, f3=True, f4=True, f5=True, f6=True, f7=False, f8=False, f9=True, f10=False, f11=True, f12=True)",0.9458096827240344
8.297,"FeatureMask(f0=True, f1=True, f2=False, f3=True, f4=True, f5=True, f6=True, f7=False, f8=False, f9=True, f10=False, f11=True, f12=True)",0.9458096827240344
8.313,"FeatureMask(f0=True, f1=True, f2=False, f3=True, f4=True, f5=True, f6=True, f7=False, f8=False, f9=True, f10=False, f11=True, f12=True)",0.9458096827240344
8.313,"FeatureMask(f0=True, f1=True, f2=False, f3=True, f4=True, f5=True, f6=True, f7=False, f8=False, f9=True, f10=False, f11=True, f12=True)",0.9458096827240344
8.313,"FeatureMask(f0=True, f1=True, f2=False, f3=True, f4=True, f5=True, f6=True, f7=False, f8=False, f9=True, f10=False, f11=True, f12=True)",0.9458096827240344
8.313,"FeatureMask(f0=True, f1=True, f2=False, f3=True, f4=True, f5=True, f6=True, f7=False, f8=False, f9=True, f10=False, f11=True, f12=True)",0.9458096827240344
8.328000000000001,"FeatureMask(f0=True, f1=True, f2=False, f3=True, f4=True, f5=True, f6=True, f7=False, f8=False, f9=True, f10=False, f11=True, f12=True)",0.9458096827240344
8.328000000000001,"FeatureMask(f0=True, f1=True, f2=False, f3=True, f4=True, f5=True, f6=True, f7=False, f8=False, f9=True, f10=False, f11=True, f12=True)",0.9458096827240344
8.328000000000001,"FeatureMask(f0=True, f1=True, f2=False, f3=True, f4=True, f5=True, f6=True, f7=False, f8=False, f9=True, f10=False, f11=True, f12=True)",0.9458096827240344
8.328000000000001,"FeatureMask(f0=True, f1=True, f2=False, f3=True, f4=True, f5=True, f6=True, f7=False, f8=False, f9=True, f10=False, f11=True, f12=True)",0.9458096827240344
8.344000000000001,"FeatureMask(f0=True, f1=True, f2=False, f3=True, f4=True, f5=True, f6=True, f7=False, f8=False, f9=True, f10=False, f11=True, f12=True)",0.9458096827240344
8.344000000000001,"FeatureMask(f0=True, f1=True, f2=False, f3=True, f4=True, f5=True, f6=True, f7=False, f8=False, f9=True, f10=False, f11=True, f12=True)",0.9458096827240344
8.360000000000001,"FeatureMask(f0=True, f1=True, f2=False, f3=True, f4=True, f5=True, f6=True, f7=False, f8=False, f9=True, f10=False, f11=True, f12=True)",0.9458096827240344
8.375,"FeatureMask(f0=True, f1=True, f2=False, f3=True, f4=True, f5=True, f6=True, f7=False, f8=False, f9=True, f10=False, f11=True, f12=True)",0.9458096827240344
8.375,"FeatureMask(f0=True, f1=True, f2=False, f3=True, f4=True, f5=True, f6=True, f7=False, f8=False, f9=True, f10=False, f11=True, f12=True)",0.9458096827240344
8.375,"FeatureMask(f0=True, f1=True, f2=False, f3=True, f4=True, f5=True, f6=True, f7=False, f8=False, f9=True, f10=False, f11=True, f12=True)",0.9458096827240344
8.375,"FeatureMask(f0=True, f1=True, f2=False, f3=True, f4=True, f5=True, f6=True, f7=False, f8=False, f9=True, f10=False, f11=True, f12=True)",0.9458096827240344
8.375,"FeatureMask(f0=True, f1=True, f2=False, f3=True, f4=True, f5=True, f6=True, f7=False, f8=False, f9=True, f10=False, f11=True, f12=True)",0.9458096827240344
8.375,"FeatureMask(f0=True, f1=True, f2=False, f3=True, f4=True, f5=True, f6=True, f7=False, f8=False, f9=True, f10=False, f11=True, f12=True)",0.9458096827240344
8.375,"FeatureMask(f0=True, f1=True, f2=False, f3=True, f4=True, f5=True, f6=True, f7=False, f8=False, f9=True, f10=False, f11=True, f12=True)",0.9458096827240344
8.375,"FeatureMask(f0=True, f1=True, f2=False, f3=True, f4=True, f5=True, f6=True, f7=False, f8=False, f9=True, f10=False, f11=True, f12=True)",0.9458096827240344
8.375,"FeatureMask(f0=True, f1=True, f2=False, f3=True, f4=True, f5=True, f6=True, f7=False, f8=False, f9=True, f10=False, f11=True, f12=True)",0.9458096827240344
8.375,"FeatureMask(f0=True, f1=True, f2=False, f3=True, f4=True, f5=True, f6=True, f7=False, f8=False, f9=True, f10=False, f11=True, f12=True)",0.9458096827240344
8.375,"FeatureMask(f0=True, f1=True, f2=False, f3=True, f4=True, f5=True, f6=True, f7=False, f8=False, f9=True, f10=False, f11=True, f12=True)",0.9458096827240344
8.375,"FeatureMask(f0=True, f1=True, f2=False, f3=True, f4=True, f5=True, f6=True, f7=False, f8=False, f9=True, f10=False, f11=True, f12=True)",0.9458096827240344
8.469000000000001,"FeatureMask(f0=True, f1=True, f2=False, f3=True, f4=True, f5=True, f6=True, f7=False, f8=False, f9=True, f10=False, f11=True, f12=True)",0.9458096827240344
8.469000000000001,"FeatureMask(f0=True, f1=True, f2=False, f3=True, f4=True, f5=True, f6=True, f7=False, f8=False, f9=True, f10=False, f11=True, f12=True)",0.9458096827240344
8.469000000000001,"FeatureMask(f0=True, f1=True, f2=False, f3=True, f4=True, f5=True, f6=True, f7=False, f8=False, f9=True, f10=False, f11=True, f12=True)",0.9458096827240344
8.469000000000001,"FeatureMask(f0=True, f1=True, f2=False, f3=True, f4=True, f5=True, f6=True, f7=False, f8=False, f9=True, f10=False, f11=True, f12=True)",0.9458096827240344
8.469000000000001,"FeatureMask(f0=True, f1=True, f2=False, f3=True, f4=True, f5=True, f6=True, f7=False, f8=False, f9=True, f10=False, f11=True, f12=True)",0.9458096827240344
8.469000000000001,"FeatureMask(f0=True, f1=True, f2=False, f3=True, f4=True, f5=True, f6=True, f7=False, f8=False, f9=True, f10=False, f11=True, f12=True)",0.9458096827240344
8.469000000000001,"FeatureMask(f0=True, f1=True, f2=False, f3=True, f4=True, f5=True, f6=True, f7=False, f8=False, f9=True, f10=False, f11=True, f12=True)",0.9458096827240344
8.469000000000001,"FeatureMask(f0=True, f1=True, f2=False, f3=True, f4=True, f5=True, f6=True, f7=False, f8=False, f9=True, f10=False, f11=True, f12=True)",0.9458096827240344
8.469000000000001,"FeatureMask(f0=True, f1=True, f2=False, f3=True, f4=True, f5=True, f6=True, f7=False, f8=False, f9=True, f10=False, f11=True, f12=True)",0.9458096827240344
8.469000000000001,"FeatureMask(f0=True, f1=True, f2=False, f3=True, f4=True, f5=True, f6=True, f7=False, f8=False, f9=True, f10=False, f11=True, f12=True)",0.9458096827240344
8.469000000000001,"FeatureMask(f0=True, f1=True, f2=False, f3=True, f4=True, f5=True, f6=True, f7=False, f8=False, f9=True, f10=False, f11=True, f12=True)",0.9458096827240344
8.469000000000001,"FeatureMask(f0=True, f1=True, f2=False, f3=True, f4=True, f5=True, f6=True, f7=False, f8=False, f9=True, f10=False, f11=True, f12=True)",0.9458096827240344
8.469000000000001,"FeatureMask(f0=True, f1=True, f2=False, f3=True, f4=True, f5=True, f6=True, f7=False, f8=False, f9=True, f10=False, f11=True, f12=True)",0.9458096827240344
8.469000000000001,"FeatureMask(f0=True, f1=True, f2=False, f3=True, f4=True, f5=True, f6=True, f7=False, f8=False, f9=True, f10=False, f11=True, f12=True)",0.9458096827240344
8.469000000000001,"FeatureMask(f0=True, f1=True, f2=False, f3=True, f4=True, f5=True, f6=True, f7=False, f8=False, f9=True, f10=False, f11=True, f12=True)",0.9458096827240344
8.469000000000001,"FeatureMask(f0=True, f1=True, f2=False, f3=True, f4=True, f5=True, f6=True, f7=False, f8=False, f9=True, f10=False, f11=True, f12=True)",0.9458096827240344
8.485000000000001,"FeatureMask(f0=True, f1=True, f2=False, f3=True, f4=True, f5=True, f6=True, f7=False, f8=False, f9=True, f10=False, f11=True, f12=True)",0.9458096827240344
8.485000000000001,"FeatureMask(f0=True, f1=True, f2=False, f3=True, f4=True, f5=True, f6=True, f7=False, f8=False, f9=True, f10=False, f11=True, f12=True)",0.9458096827240344
8.5,"FeatureMask(f0=True, f1=True, f2=False, f3=True, f4=True, f5=True, f6=True, f7=False, f8=False, f9=True, f10=False, f11=True, f12=True)",0.9458096827240344
8.5,"FeatureMask(f0=True, f1=True, f2=False, f3=True, f4=True, f5=True, f6=True, f7=False, f8=False, f9=True, f10=False, f11=True, f12=True)",0.9458096827240344
8.516,"FeatureMask(f0=True, f1=True, f2=False, f3=True, f4=True, f5=True, f6=True, f7=False, f8=False, f9=True, f10=False, f11=True, f12=True)",0.9458096827240344
8.532,"FeatureMask(f0=True, f1=True, f2=False, f3=True, f4=True, f5=True, f6=True, f7=False, f8=False, f9=True, f10=False, f11=True, f12=True)",0.9458096827240344
8.532,"FeatureMask(f0=True, f1=True, f2=False, f3=True, f4=True, f5=True, f6=True, f7=False, f8=False, f9=True, f10=False, f11=True, f12=True)",0.9458096827240344
8.532,"FeatureMask(f0=True, f1=True, f2=False, f3=True, f4=True, f5=True, f6=True, f7=False, f8=False, f9=True, f10=False, f11=True, f12=True)",0.9458096827240344
8.532,"FeatureMask(f0=True, f1=True, f2=False, f3=True, f4=True, f5=True, f6=True, f7=False, f8=False, f9=True, f10=False, f11=True, f12=True)",0.9458096827240344
8.547,"FeatureMask(f0=True, f1=True, f2=False, f3=True, f4=True, f5=True, f6=True, f7=False, f8=False, f9=True, f10=False, f11=True, f12=True)",0.9458096827240344
8.547,"FeatureMask(f0=True, f1=True, f2=False, f3=True, f4=True, f5=True, f6=True, f7=False, f8=False, f9=True, f10=False, f11=True, f12=True)",0.9458096827240344
8.563,"FeatureMask(f0=True, f1=True, f2=False, f3=True, f4=True, f5=True, f6=True, f7=False, f8=False, f9=True, f10=False, f11=True, f12=True)",0.9458096827240344
8.563,"FeatureMask(f0=True, f1=True, f2=False, f3=True, f4=True, f5=True, f6=True, f7=False, f8=False, f9=True, f10=False, f11=True, f12=True)",0.9458096827240344
8.563,"FeatureMask(f0=True, f1=True, f2=False, f3=True, f4=True, f5=True, f6=True, f7=False, f8=False, f9=True, f10=False, f11=True, f12=True)",0.9458096827240344
8.563,"FeatureMask(f0=True, f1=True, f2=False, f3=True, f4=True, f5=True, f6=True, f7=False, f8=False, f9=True, f10=False, f11=True, f12=True)",0.9458096827240344
8.563,"FeatureMask(f0=True, f1=True, f2=False, f3=True, f4=True, f5=True, f6=True, f7=False, f8=False, f9=True, f10=False, f11=True, f12=True)",0.9458096827240344
8.563,"FeatureMask(f0=True, f1=True, f2=False, f3=True, f4=True, f5=True, f6=True, f7=False, f8=False, f9=True, f10=False, f11=True, f12=True)",0.9458096827240344
8.563,"FeatureMask(f0=True, f1=True, f2=False, f3=True, f4=True, f5=True, f6=True, f7=False, f8=False, f9=True, f10=False, f11=True, f12=True)",0.9458096827240344
8.563,"FeatureMask(f0=True, f1=True, f2=False, f3=True, f4=True, f5=True, f6=True, f7=False, f8=False, f9=True, f10=False, f11=True, f12=True)",0.9458096827240344
8.563,"FeatureMask(f0=True, f1=True, f2=False, f3=True, f4=True, f5=True, f6=True, f7=False, f8=False, f9=True, f10=False, f11=True, f12=True)",0.9458096827240344
8.563,"FeatureMask(f0=True, f1=True, f2=False, f3=True, f4=True, f5=True, f6=True, f7=False, f8=False, f9=True, f10=False, f11=True, f12=True)",0.9458096827240344
8.578000000000001,"FeatureMask(f0=True, f1=True, f2=False, f3=True, f4=True, f5=True, f6=True, f7=False, f8=False, f9=True, f10=False, f11=True, f12=True)",0.9458096827240344
8.578000000000001,"FeatureMask(f0=True, f1=True, f2=False, f3=True, f4=True, f5=True, f6=True, f7=False, f8=False, f9=True, f10=False, f11=True, f12=True)",0.9458096827240344
8.578000000000001,"FeatureMask(f0=True, f1=True, f2=False, f3=True, f4=True, f5=True, f6=True, f7=False, f8=False, f9=True, f10=False, f11=True, f12=True)",0.9458096827240344
8.657,"FeatureMask(f0=True, f1=True, f2=False, f3=True, f4=True, f5=True, f6=True, f7=False, f8=False, f9=True, f10=False, f11=True, f12=True)",0.9458096827240344
8.657,"FeatureMask(f0=True, f1=True, f2=False, f3=True, f4=True, f5=True, f6=True, f7=False, f8=False, f9=True, f10=False, f11=True, f12=True)",0.9458096827240344
8.657,"FeatureMask(f0=True, f1=True, f2=False, f3=True, f4=True, f5=True, f6=True, f7=False, f8=False, f9=True, f10=False, f11=True, f12=True)",0.9458096827240344
8.657,"FeatureMask(f0=True, f1=True, f2=False, f3=True, f4=True, f5=True, f6=True, f7=False, f8=False, f9=True, f10=False, f11=True, f12=True)",0.9458096827240344
8.657,"FeatureMask(f0=True, f1=True, f2=False, f3=True, f4=True, f5=True, f6=True, f7=False, f8=False, f9=True, f10=False, f11=True, f12=True)",0.9458096827240344
8.657,"FeatureMask(f0=True, f1=True, f2=False, f3=True, f4=True, f5=True, f6=True, f7=False, f8=False, f9=True, f10=False, f11=True, f12=True)",0.9458096827240344
8.657,"FeatureMask(f0=True, f1=True, f2=False, f3=True, f4=True, f5=True, f6=True, f7=False, f8=False, f9=True, f10=False, f11=True, f12=True)",0.9458096827240344
8.657,"FeatureMask(f0=True, f1=True, f2=False, f3=True, f4=True, f5=True, f6=True, f7=False, f8=False, f9=True, f10=False, f11=True, f12=True)",0.9458096827240344
8.657,"FeatureMask(f0=True, f1=True, f2=False, f3=True, f4=True, f5=True, f6=True, f7=False, f8=False, f9=True, f10=False, f11=True, f12=True)",0.9458096827240344
8.657,"FeatureMask(f0=True, f1=True, f2=False, f3=True, f4=True, f5=True, f6=True, f7=False, f8=False, f9=True, f10=False, f11=True, f12=True)",0.9458096827240344
8.657,"FeatureMask(f0=True, f1=True, f2=False, f3=True, f4=True, f5=True, f6=True, f7=False, f8=False, f9=True, f10=False, f11=True, f12=True)",0.9458096827240344
8.657,"FeatureMask(f0=True, f1=True, f2=False, f3=True, f4=True, f5=True, f6=True, f7=False, f8=False, f9=True, f10=False, f11=True, f12=True)",0.9458096827240344
8.657,"FeatureMask(f0=True, f1=True, f2=False, f3=True, f4=True, f5=True, f6=True, f7=False, f8=False, f9=True, f10=False, f11=True, f12=True)",0.9458096827240344
8.657,"FeatureMask(f0=True, f1=True, f2=False, f3=True, f4=True, f5=True, f6=True, f7=False, f8=False, f9=True, f10=False, f11=True, f12=True)",0.9458096827240344
8.657,"FeatureMask(f0=True, f1=True, f2=False, f3=True, f4=True, f5=True, f6=True, f7=False, f8=False, f9=True, f10=False, f11=True, f12=True)",0.9458096827240344
8.672,"FeatureMask(f0=True, f1=True, f2=False, f3=True, f4=True, f5=True, f6=True, f7=False, f8=False, f9=True, f10=False, f11=True, f12=True)",0.9458096827240344
8.672,"FeatureMask(f0=True, f1=True, f2=False, f3=True, f4=True, f5=True, f6=True, f7=False, f8=False, f9=True, f10=False, f11=True, f12=True)",0.9458096827240344
8.688,"FeatureMask(f0=True, f1=True, f2=False, f3=True, f4=True, f5=True, f6=True, f7=False, f8=False, f9=True, f10=False, f11=True, f12=True)",0.9458096827240344
8.703000000000001,"FeatureMask(f0=True, f1=True, f2=False, f3=True, f4=True, f5=True, f6=True, f7=False, f8=False, f9=True, f10=False, f11=True, f12=True)",0.9458096827240344
8.703000000000001,"FeatureMask(f0=True, f1=True, f2=False, f3=True, f4=True, f5=True, f6=True, f7=False, f8=False, f9=True, f10=False, f11=True, f12=True)",0.9458096827240344
8.719000000000001,"FeatureMask(f0=True, f1=True, f2=False, f3=True, f4=True, f5=True, f6=True, f7=False, f8=False, f9=True, f10=False, f11=True, f12=True)",0.9458096827240344
8.735000000000001,"FeatureMask(f0=True, f1=True, f2=False, f3=True, f4=True, f5=True, f6=True, f7=False, f8=False, f9=True, f10=False, f11=True, f12=True)",0.9458096827240344
8.735000000000001,"FeatureMask(f0=True, f1=True, f2=False, f3=True, f4=True, f5=True, f6=True, f7=False, f8=False, f9=True, f10=False, f11=True, f12=True)",0.9458096827240344
8.735000000000001,"FeatureMask(f0=True, f1=True, f2=False, f3=True, f4=True, f5=True, f6=True, f7=False, f8=False, f9=True, f10=False, f11=True, f12=True)",0.9458096827240344
8.735000000000001,"FeatureMask(f0=True, f1=True, f2=False, f3=True, f4=True, f5=True, f6=True, f7=False, f8=False, f9=True, f10=False, f11=True, f12=True)",0.9458096827240344
8.75,"FeatureMask(f0=True, f1=True, f2=False, f3=True, f4=True, f5=True, f6=True, f7=False, f8=False, f9=True, f10=False, f11=True, f12=True)",0.9458096827240344
8.75,"FeatureMask(f0=True, f1=True, f2=False, f3=True, f4=True, f5=True, f6=True, f7=False, f8=False, f9=True, f10=False, f11=True, f12=True)",0.9458096827240344
8.766,"FeatureMask(f0=True, f1=True, f2=False, f3=True, f4=True, f5=True, f6=True, f7=False, f8=False, f9=True, f10=False, f11=True, f12=True)",0.9458096827240344
8.782,"FeatureMask(f0=True, f1=True, f2=False, f3=True, f4=True, f5=True, f6=True, f7=False, f8=False, f9=True, f10=False, f11=True, f12=True)",0.9458096827240344
8.782,"FeatureMask(f0=True, f1=True, f2=False, f3=True, f4=True, f5=True, f6=True, f7=False, f8=False, f9=True, f10=False, f11=True, f12=True)",0.9458096827240344
8.782,"FeatureMask(f0=True, f1=True, f2=False, f3=True, f4=True, f5=True, f6=True, f7=False, f8=False, f9=True, f10=False, f11=True, f12=True)",0.9458096827240344
8.782,"FeatureMask(f0=True, f1=True, f2=False, f3=True, f4=True, f5=True, f6=True, f7=False, f8=False, f9=True, f10=False, f11=True, f12=True)",0.9458096827240344
8.782,"FeatureMask(f0=True, f1=True, f2=False, f3=True, f4=True, f5=True, f6=True, f7=False, f8=False, f9=True, f10=False, f11=True, f12=True)",0.9458096827240344
8.782,"FeatureMask(f0=True, f1=True, f2=False, f3=True, f4=True, f5=True, f6=True, f7=False, f8=False, f9=True, f10=False, f11=True, f12=True)",0.9458096827240344
8.782,"FeatureMask(f0=True, f1=True, f2=False, f3=True, f4=True, f5=True, f6=True, f7=False, f8=False, f9=True, f10=False, f11=True, f12=True)",0.9458096827240344
8.782,"FeatureMask(f0=True, f1=True, f2=False, f3=True, f4=True, f5=True, f6=True, f7=False, f8=False, f9=True, f10=False, f11=True, f12=True)",0.9458096827240344
8.782,"FeatureMask(f0=True, f1=True, f2=False, f3=True, f4=True, f5=True, f6=True, f7=False, f8=False, f9=True, f10=False, f11=True, f12=True)",0.9458096827240344
8.782,"FeatureMask(f0=True, f1=True, f2=False, f3=True, f4=True, f5=True, f6=True, f7=False, f8=False, f9=True, f10=False, f11=True, f12=True)",0.9458096827240344
8.782,"FeatureMask(f0=True, f1=True, f2=False, f3=True, f4=True, f5=True, f6=True, f7=False, f8=False, f9=True, f10=False, f11=True, f12=True)",0.9458096827240344
8.782,"FeatureMask(f0=True, f1=True, f2=False, f3=True, f4=True, f5=True, f6=True, f7=False, f8=False, f9=True, f10=False, f11=True, f12=True)",0.9458096827240344
8.860000000000001,"FeatureMask(f0=True, f1=True, f2=False, f3=True, f4=True, f5=True, f6=True, f7=False, f8=False, f9=True, f10=False, f11=True, f12=True)",0.9458096827240344
8.860000000000001,"FeatureMask(f0=True, f1=True, f2=False, f3=True, f4=True, f5=True, f6=True, f7=False, f8=False, f9=True, f10=False, f11=True, f12=True)",0.9458096827240344
8.860000000000001,"FeatureMask(f0=True, f1=True, f2=False, f3=True, f4=True, f5=True, f6=True, f7=False, f8=False, f9=True, f10=False, f11=True, f12=True)",0.9458096827240344
8.860000000000001,"FeatureMask(f0=True, f1=True, f2=False, f3=True, f4=True, f5=True, f6=True, f7=False, f8=False, f9=True, f10=False, f11=True, f12=True)",0.9458096827240344
8.860000000000001,"FeatureMask(f0=True, f1=True, f2=False, f3=True, f4=True, f5=True, f6=True, f7=False, f8=False, f9=True, f10=False, f11=True, f12=True)",0.9458096827240344
8.860000000000001,"FeatureMask(f0=True, f1=True, f2=False, f3=True, f4=True, f5=True, f6=True, f7=False, f8=False, f9=True, f10=False, f11=True, f12=True)",0.9458096827240344
8.860000000000001,"FeatureMask(f0=True, f1=True, f2=False, f3=True, f4=True, f5=True, f6=True, f7=False, f8=False, f9=True, f10=False, f11=True, f12=True)",0.9458096827240344
8.860000000000001,"FeatureMask(f0=True, f1=True, f2=False, f3=True, f4=True, f5=True, f6=True, f7=False, f8=False, f9=True, f10=False, f11=True, f12=True)",0.9458096827240344
8.860000000000001,"FeatureMask(f0=True, f1=True, f2=False, f3=True, f4=True, f5=True, f6=True, f7=False, f8=False, f9=True, f10=False, f11=True, f12=True)",0.9458096827240344
8.860000000000001,"FeatureMask(f0=True, f1=True, f2=False, f3=True, f4=True, f5=True, f6=True, f7=False, f8=False, f9=True, f10=False, f11=True, f12=True)",0.9458096827240344
8.860000000000001,"FeatureMask(f0=True, f1=True, f2=False, f3=True, f4=True, f5=True, f6=True, f7=False, f8=False, f9=True, f10=False, f11=True, f12=True)",0.9458096827240344
8.860000000000001,"FeatureMask(f0=True, f1=True, f2=False, f3=True, f4=True, f5=True, f6=True, f7=False, f8=False, f9=True, f10=False, f11=True, f12=True)",0.9458096827240344
8.860000000000001,"FeatureMask(f0=True, f1=True, f2=False, f3=True, f4=True, f5=True, f6=True, f7=False, f8=False, f9=True, f10=False, f11=True, f12=True)",0.9458096827240344
8.860000000000001,"FeatureMask(f0=True, f1=True, f2=False, f3=True, f4=True, f5=True, f6=True, f7=False, f8=False, f9=True, f10=False, f11=True, f12=True)",0.9458096827240344
8.860000000000001,"FeatureMask(f0=True, f1=True, f2=False, f3=True, f4=True, f5=True, f6=True, f7=False, f8=False, f9=True, f10=False, f11=True, f12=True)",0.9458096827240344
8.860000000000001,"FeatureMask(f0=True, f1=True, f2=False, f3=True, f4=True, f5=True, f6=True, f7=False, f8=False, f9=True, f10=False, f11=True, f12=True)",0.9458096827240344
8.860000000000001,"FeatureMask(f0=True, f1=True, f2=False, f3=True, f4=True, f5=True, f6=True, f7=False, f8=False, f9=True, f10=False, f11=True, f12=True)",0.9458096827240344
8.875,"FeatureMask(f0=True, f1=True, f2=False, f3=True, f4=True, f5=True, f6=True, f7=False, f8=False, f9=True, f10=False, f11=True, f12=True)",0.9458096827240344
8.891,"FeatureMask(f0=True, f1=True, f2=False, f3=True, f4=True, f5=True, f6=True, f7=False, f8=False, f9=True, f10=False, f11=True, f12=True)",0.9458096827240344
8.891,"FeatureMask(f0=True, f1=True, f2=False, f3=True, f4=True, f5=True, f6=True, f7=False, f8=False, f9=True, f10=False, f11=True, f12=True)",0.9458096827240344
8.891,"FeatureMask(f0=True, f1=True, f2=False, f3=True, f4=True, f5=True, f6=True, f7=False, f8=False, f9=True, f10=False, f11=True, f12=True)",0.9458096827240344
8.891,"FeatureMask(f0=True, f1=True, f2=False, f3=True, f4=True, f5=True, f6=True, f7=False, f8=False, f9=True, f10=False, f11=True, f12=True)",0.9458096827240344
8.891,"FeatureMask(f0=True, f1=True, f2=False, f3=True, f4=True, f5=True, f6=True, f7=False, f8=False, f9=True, f10=False, f11=True, f12=True)",0.9458096827240344
8.891,"FeatureMask(f0=True, f1=True, f2=False, f3=True, f4=True, f5=True, f6=True, f7=False, f8=False, f9=True, f10=False, f11=True, f12=True)",0.9458096827240344
8.907,"FeatureMask(f0=True, f1=True, f2=False, f3=True, f4=True, f5=True, f6=True, f7=False, f8=False, f9=True, f10=False, f11=True, f12=True)",0.9458096827240344
8.922,"FeatureMask(f0=True, f1=True, f2=False, f3=True, f4=True, f5=True, f6=True, f7=False, f8=False, f9=True, f10=False, f11=True, f12=True)",0.9458096827240344
8.922,"FeatureMask(f0=True, f1=True, f2=False, f3=True, f4=True, f5=True, f6=True, f7=False, f8=False, f9=True, f10=False, f11=True, f12=True)",0.9458096827240344
8.938,"FeatureMask(f0=True, f1=True, f2=False, f3=True, f4=True, f5=True, f6=True, f7=False, f8=False, f9=True, f10=False, f11=True, f12=True)",0.9458096827240344
8.938,"FeatureMask(f0=True, f1=True, f2=False, f3=True, f4=True, f5=True, f6=True, f7=False, f8=False, f9=True, f10=False, f11=True, f12=True)",0.9458096827240344
8.938,"FeatureMask(f0=True, f1=True, f2=False, f3=True, f4=True, f5=True, f6=True, f7=False, f8=False, f9=True, f10=False, f11=True, f12=True)",0.9458096827240344
8.938,"FeatureMask(f0=True, f1=True, f2=False, f3=True, f4=True, f5=True, f6=True, f7=False, f8=False, f9=True, f10=False, f11=True, f12=True)",0.9458096827240344
8.938,"FeatureMask(f0=True, f1=True, f2=False, f3=True, f4=True, f5=True, f6=True, f7=False, f8=False, f9=True, f10=False, f11=True, f12=True)",0.9458096827240344
8.938,"FeatureMask(f0=True, f1=True, f2=False, f3=True, f4=True, f5=True, f6=True, f7=False, f8=False, f9=True, f10=False, f11=True, f12=True)",0.9458096827240344
8.938,"FeatureMask(f0=True, f1=True, f2=False, f3=True, f4=True, f5=True, f6=True, f7=False, f8=False, f9=True, f10=False, f11=True, f12=True)",0.9458096827240344
8.938,"FeatureMask(f0=True, f1=True, f2=False, f3=True, f4=True, f5=True, f6=True, f7=False, f8=False, f9=True, f10=False, f11=True, f12=True)",0.9458096827240344
8.938,"FeatureMask(f0=True, f1=True, f2=False, f3=True, f4=True, f5=True, f6=True, f7=False, f8=False, f9=True, f10=False, f11=True, f12=True)",0.9458096827240344
8.938,"FeatureMask(f0=True, f1=True, f2=False, f3=True, f4=True, f5=True, f6=True, f7=False, f8=False, f9=True, f10=False, f11=True, f12=True)",0.9458096827240344
8.938,"FeatureMask(f0=True, f1=True, f2=False, f3=True, f4=True, f5=True, f6=True, f7=False, f8=False, f9=True, f10=False, f11=True, f12=True)",0.9458096827240344
8.938,"FeatureMask(f0=True, f1=True, f2=False, f3=True, f4=True, f5=True, f6=True, f7=False, f8=False, f9=True, f10=False, f11=True, f12=True)",0.9458096827240344
8.938,"FeatureMask(f0=True, f1=True, f2=False, f3=True, f4=True, f5=True, f6=True, f7=False, f8=False, f9=True, f10=False, f11=True, f12=True)",0.9458096827240344
9.032,"FeatureMask(f0=True, f1=True, f2=False, f3=True, f4=True, f5=True, f6=True, f7=False, f8=False, f9=True, f10=False, f11=True, f12=True)",0.9458096827240344
9.032,"FeatureMask(f0=True, f1=True, f2=False, f3=True, f4=True, f5=True, f6=True, f7=False, f8=False, f9=True, f10=False, f11=True, f12=True)",0.9458096827240344
9.032,"FeatureMask(f0=True, f1=True, f2=False, f3=True, f4=True, f5=True, f6=True, f7=False, f8=False, f9=True, f10=False, f11=True, f12=True)",0.9458096827240344
9.032,"FeatureMask(f0=True, f1=True, f2=False, f3=True, f4=True, f5=True, f6=True, f7=False, f8=False, f9=True, f10=False, f11=True, f12=True)",0.9458096827240344
9.032,"FeatureMask(f0=True, f1=True, f2=False, f3=True, f4=True, f5=True, f6=True, f7=False, f8=False, f9=True, f10=False, f11=True, f12=True)",0.9458096827240344
9.032,"FeatureMask(f0=True, f1=True, f2=False, f3=True, f4=True, f5=True, f6=True, f7=False, f8=False, f9=True, f10=False, f11=True, f12=True)",0.9458096827240344
9.032,"FeatureMask(f0=True, f1=True, f2=False, f3=True, f4=True, f5=True, f6=True, f7=False, f8=False, f9=True, f10=False, f11=True, f12=True)",0.9458096827240344
9.032,"FeatureMask(f0=True, f1=True, f2=False, f3=True, f4=True, f5=True, f6=True, f7=False, f8=False, f9=True, f10=False, f11=True, f12=True)",0.9458096827240344
9.032,"FeatureMask(f0=True, f1=True, f2=False, f3=True, f4=True, f5=True, f6=True, f7=False, f8=False, f9=True, f10=False, f11=True, f12=True)",0.9458096827240344
9.032,"FeatureMask(f0=True, f1=True, f2=False, f3=True, f4=True, f5=True, f6=True, f7=False, f8=False, f9=True, f10=False, f11=True, f12=True)",0.9458096827240344
9.032,"FeatureMask(f0=True, f1=True, f2=False, f3=True, f4=True, f5=True, f6=True, f7=False, f8=False, f9=True, f10=False, f11=True, f12=True)",0.9458096827240344
9.032,"FeatureMask(f0=True, f1=True, f2=False, f3=True, f4=True, f5=True, f6=True, f7=False, f8=False, f9=True, f10=False, f11=True, f12=True)",0.9458096827240344
9.032,"FeatureMask(f0=True, f1=True, f2=False, f3=True, f4=True, f5=True, f6=True, f7=False, f8=False, f9=True, f10=False, f11=True, f12=True)",0.9458096827240344
9.032,"FeatureMask(f0=True, f1=True, f2=False, f3=True, f4=True, f5=True, f6=True, f7=False, f8=False, f9=True, f10=False, f11=True, f12=True)",0.9458096827240344
9.032,"FeatureMask(f0=True, f1=True, f2=False, f3=True, f4=True, f5=True, f6=True, f7=False, f8=False, f9=True, f10=False, f11=True, f12=True)",0.9458096827240344
9.047,"FeatureMask(f0=True, f1=True, f2=False, f3=True, f4=True, f5=True, f6=True, f7=False, f8=False, f9=True, f10=False, f11=True, f12=True)",0.9458096827240344
9.047,"FeatureMask(f0=True, f1=True, f2=False, f3=True, f4=True, f5=True, f6=True, f7=False, f8=False, f9=True, f10=False, f11=True, f12=True)",0.9458096827240344
9.063,"FeatureMask(f0=True, f1=True, f2=False, f3=True, f4=True, f5=True, f6=True, f7=False, f8=False, f9=True, f10=False, f11=True, f12=True)",0.9458096827240344
9.078000000000001,"FeatureMask(f0=True, f1=True, f2=False, f3=True, f4=True, f5=True, f6=True, f7=False, f8=False, f9=True, f10=False, f11=True, f12=True)",0.9458096827240344
9.078000000000001,"FeatureMask(f0=True, f1=True, f2=False, f3=True, f4=True, f5=True, f6=True, f7=False, f8=False, f9=True, f10=False, f11=True, f12=True)",0.9458096827240344
9.094000000000001,"FeatureMask(f0=True, f1=True, f2=False, f3=True, f4=True, f5=True, f6=True, f7=False, f8=False, f9=True, f10=False, f11=True, f12=True)",0.9458096827240344
9.094000000000001,"FeatureMask(f0=True, f1=True, f2=False, f3=True, f4=True, f5=True, f6=True, f7=False, f8=False, f9=True, f10=False, f11=True, f12=True)",0.9458096827240344
9.110000000000001,"FeatureMask(f0=True, f1=True, f2=False, f3=True, f4=True, f5=True, f6=True, f7=False, f8=False, f9=True, f10=False, f11=True, f12=True)",0.9458096827240344
9.125,"FeatureMask(f0=True, f1=True, f2=False, f3=True, f4=True, f5=True, f6=True, f7=False, f8=False, f9=True, f10=False, f11=True, f12=True)",0.9458096827240344
9.125,"FeatureMask(f0=True, f1=True, f2=False, f3=True, f4=True, f5=True, f6=True, f7=False, f8=False, f9=True, f10=False, f11=True, f12=True)",0.9458096827240344
9.141,"FeatureMask(f0=True, f1=True, f2=False, f3=True, f4=True, f5=True, f6=True, f7=False, f8=False, f9=True, f10=False, f11=True, f12=True)",0.9458096827240344
9.141,"FeatureMask(f0=True, f1=True, f2=False, f3=True, f4=True, f5=True, f6=True, f7=False, f8=False, f9=True, f10=False, f11=True, f12=True)",0.9458096827240344
9.157,"FeatureMask(f0=True, f1=True, f2=False, f3=True, f4=True, f5=True, f6=True, f7=False, f8=False, f9=True, f10=False, f11=True, f12=True)",0.9458096827240344
9.157,"FeatureMask(f0=True, f1=True, f2=False, f3=True, f4=True, f5=True, f6=True, f7=False, f8=False, f9=True, f10=False, f11=True, f12=True)",0.9458096827240344
9.157,"FeatureMask(f0=True, f1=True, f2=False, f3=True, f4=True, f5=True, f6=True, f7=False, f8=False, f9=True, f10=False, f11=True, f12=True)",0.9458096827240344
9.157,"FeatureMask(f0=True, f1=True, f2=False, f3=True, f4=True, f5=True, f6=True, f7=False, f8=False, f9=True, f10=False, f11=True, f12=True)",0.9458096827240344
9.157,"FeatureMask(f0=True, f1=True, f2=False, f3=True, f4=True, f5=True, f6=True, f7=False, f8=False, f9=True, f10=False, f11=True, f12=True)",0.9458096827240344
9.157,"FeatureMask(f0=True, f1=True, f2=False, f3=True, f4=True, f5=True, f6=True, f7=False, f8=False, f9=True, f10=False, f11=True, f12=True)",0.9458096827240344
9.157,"FeatureMask(f0=True, f1=True, f2=False, f3=True, f4=True, f5=True, f6=True, f7=False, f8=False, f9=True, f10=False, f11=True, f12=True)",0.9458096827240344
9.157,"FeatureMask(f0=True, f1=True, f2=False, f3=True, f4=True, f5=True, f6=True, f7=False, f8=False, f9=True, f10=False, f11=True, f12=True)",0.9458096827240344
9.157,"FeatureMask(f0=True, f1=True, f2=False, f3=True, f4=True, f5=True, f6=True, f7=False, f8=False, f9=True, f10=False, f11=True, f12=True)",0.9458096827240344
9.157,"FeatureMask(f0=True, f1=True, f2=False, f3=True, f4=True, f5=True, f6=True, f7=False, f8=False, f9=True, f10=False, f11=True, f12=True)",0.9458096827240344
9.157,"FeatureMask(f0=True, f1=True, f2=False, f3=True, f4=True, f5=True, f6=True, f7=False, f8=False, f9=True, f10=False, f11=True, f12=True)",0.9458096827240344
9.157,"FeatureMask(f0=True, f1=True, f2=False, f3=True, f4=True, f5=True, f6=True, f7=False, f8=False, f9=True, f10=False, f11=True, f12=True)",0.9458096827240344
9.157,"FeatureMask(f0=True, f1=True, f2=False, f3=True, f4=True, f5=True, f6=True, f7=False, f8=False, f9=True, f10=False, f11=True, f12=True)",0.9458096827240344
9.25,"FeatureMask(f0=True, f1=True, f2=False, f3=True, f4=True, f5=True, f6=True, f7=False, f8=False, f9=True, f10=False, f11=True, f12=True)",0.9458096827240344
9.25,"FeatureMask(f0=True, f1=True, f2=False, f3=True, f4=True, f5=True, f6=True, f7=False, f8=False, f9=True, f10=False, f11=True, f12=True)",0.9458096827240344
9.25,"FeatureMask(f0=True, f1=True, f2=False, f3=True, f4=True, f5=True, f6=True, f7=False, f8=False, f9=True, f10=False, f11=True, f12=True)",0.9458096827240344
9.25,"FeatureMask(f0=True, f1=True, f2=False, f3=True, f4=True, f5=True, f6=True, f7=False, f8=False, f9=True, f10=False, f11=True, f12=True)",0.9458096827240344
9.25,"FeatureMask(f0=True, f1=True, f2=False, f3=True, f4=True, f5=True, f6=True, f7=False, f8=False, f9=True, f10=False, f11=True, f12=True)",0.9458096827240344
9.25,"FeatureMask(f0=True, f1=True, f2=False, f3=True, f4=True, f5=True, f6=True, f7=False, f8=False, f9=True, f10=False, f11=True, f12=True)",0.9458096827240344
9.25,"FeatureMask(f0=True, f1=True, f2=False, f3=True, f4=True, f5=True, f6=True, f7=False, f8=False, f9=True, f10=False, f11=True, f12=True)",0.9458096827240344
9.25,"FeatureMask(f0=True, f1=True, f2=False, f3=True, f4=True, f5=True, f6=True, f7=False, f8=False, f9=True, f10=False, f11=True, f12=True)",0.9458096827240344
9.25,"FeatureMask(f0=True, f1=True, f2=False, f3=True, f4=True, f5=True, f6=True, f7=False, f8=False, f9=True, f10=False, f11=True, f12=True)",0.9458096827240344
9.25,"FeatureMask(f0=True, f1=True, f2=False, f3=True, f4=True, f5=True, f6=True, f7=False, f8=False, f9=True, f10=False, f11=True, f12=True)",0.9458096827240344
9.25,"FeatureMask(f0=True, f1=True, f2=False, f3=True, f4=True, f5=True, f6=True, f7=False, f8=False, f9=True, f10=False, f11=True, f12=True)",0.9458096827240344
9.25,"FeatureMask(f0=True, f1=True, f2=False, f3=True, f4=True, f5=True, f6=True, f7=False, f8=False, f9=True, f10=False, f11=True, f12=True)",0.9458096827240344
9.25,"FeatureMask(f0=True, f1=True, f2=False, f3=True, f4=True, f5=True, f6=True, f7=False, f8=False, f9=True, f10=False, f11=True, f12=True)",0.9458096827240344
9.25,"FeatureMask(f0=True, f1=True, f2=False, f3=True, f4=True, f5=True, f6=True, f7=False, f8=False, f9=True, f10=False, f11=True, f12=True)",0.9458096827240344
9.25,"FeatureMask(f0=True, f1=True, f2=False, f3=True, f4=True, f5=True, f6=True, f7=False, f8=False, f9=True, f10=False, f11=True, f12=True)",0.9458096827240344
9.266,"FeatureMask(f0=True, f1=True, f2=False, f3=True, f4=True, f5=True, f6=True, f7=False, f8=False, f9=True, f10=False, f11=True, f12=True)",0.9458096827240344
9.266,"FeatureMask(f0=True, f1=True, f2=False, f3=True, f4=True, f5=True, f6=True, f7=False, f8=False, f9=True, f10=False, f11=True, f12=True)",0.9458096827240344
9.282,"FeatureMask(f0=True, f1=True, f2=False, f3=True, f4=True, f5=True, f6=True, f7=False, f8=False, f9=True, f10=False, f11=True, f12=True)",0.9458096827240344
9.282,"FeatureMask(f0=True, f1=True, f2=False, f3=True, f4=True, f5=True, f6=True, f7=False, f8=False, f9=True, f10=False, f11=True, f12=True)",0.9458096827240344
9.297,"FeatureMask(f0=True, f1=True, f2=False, f3=True, f4=True, f5=True, f6=True, f7=False, f8=False, f9=True, f10=False, f11=True, f12=True)",0.9458096827240344
9.297,"FeatureMask(f0=True, f1=True, f2=False, f3=True, f4=True, f5=True, f6=True, f7=False, f8=False, f9=True, f10=False, f11=True, f12=True)",0.9458096827240344
9.313,"FeatureMask(f0=True, f1=True, f2=False, f3=True, f4=True, f5=True, f6=True, f7=False, f8=False, f9=True, f10=False, f11=True, f12=True)",0.9458096827240344
9.328000000000001,"FeatureMask(f0=True, f1=True, f2=False, f3=True, f4=True, f5=True, f6=True, f7=False, f8=False, f9=True, f10=False, f11=True, f12=True)",0.9458096827240344
9.328000000000001,"FeatureMask(f0=True, f1=True, f2=False, f3=True, f4=True, f5=True, f6=True, f7=False, f8=False, f9=True, f10=False, f11=True, f12=True)",0.9458096827240344
9.344000000000001,"FeatureMask(f0=True, f1=True, f2=False, f3=True, f4=True, f5=True, f6=True, f7=False, f8=False, f9=True, f10=False, f11=True, f12=True)",0.9458096827240344
9.344000000000001,"FeatureMask(f0=True, f1=True, f2=False, f3=True, f4=True, f5=True, f6=True, f7=False, f8=False, f9=True, f10=False, f11=True, f12=True)",0.9458096827240344
9.360000000000001,"FeatureMask(f0=True, f1=True, f2=False, f3=True, f4=True, f5=True, f6=True, f7=False, f8=False, f9=True, f10=False, f11=True, f12=True)",0.9458096827240344
9.375,"FeatureMask(f0=True, f1=True, f2=False, f3=True, f4=True, f5=True, f6=True, f7=False, f8=False, f9=True, f10=False, f11=True, f12=True)",0.9458096827240344
9.375,"FeatureMask(f0=True, f1=True, f2=False, f3=True, f4=True, f5=True, f6=True, f7=False, f8=False, f9=True, f10=False, f11=True, f12=True)",0.9458096827240344
9.375,"FeatureMask(f0=True, f1=True, f2=False, f3=True, f4=True, f5=True, f6=True, f7=False, f8=False, f9=True, f10=False, f11=True, f12=True)",0.9458096827240344
9.375,"FeatureMask(f0=True, f1=True, f2=False, f3=True, f4=True, f5=True, f6=True, f7=False, f8=False, f9=True, f10=False, f11=True, f12=True)",0.9458096827240344
9.375,"FeatureMask(f0=True, f1=True, f2=False, f3=True, f4=True, f5=True, f6=True, f7=False, f8=False, f9=True, f10=False, f11=True, f12=True)",0.9458096827240344
9.375,"FeatureMask(f0=True, f1=True, f2=False, f3=True, f4=True, f5=True, f6=True, f7=False, f8=False, f9=True, f10=False, f11=True, f12=True)",0.9458096827240344
9.375,"FeatureMask(f0=True, f1=True, f2=False, f3=True, f4=True, f5=True, f6=True, f7=False, f8=False, f9=True, f10=False, f11=True, f12=True)",0.9458096827240344
9.375,"FeatureMask(f0=True, f1=True, f2=False, f3=True, f4=True, f5=True, f6=True, f7=False, f8=False, f9=True, f10=False, f11=True, f12=True)",0.9458096827240344
9.375,"FeatureMask(f0=True, f1=True, f2=False, f3=True, f4=True, f5=True, f6=True, f7=False, f8=False, f9=True, f10=False, f11=True, f12=True)",0.9458096827240344
9.375,"FeatureMask(f0=True, f1=True, f2=False, f3=True, f4=True, f5=True, f6=True, f7=False, f8=False, f9=True, f10=False, f11=True, f12=True)",0.9458096827240344
9.375,"FeatureMask(f0=True, f1=True, f2=False, f3=True, f4=True, f5=True, f6=True, f7=False, f8=False, f9=True, f10=False, f11=True, f12=True)",0.9458096827240344
9.375,"FeatureMask(f0=True, f1=True, f2=False, f3=True, f4=True, f5=True, f6=True, f7=False, f8=False, f9=True, f10=False, f11=True, f12=True)",0.9458096827240344
9.375,"FeatureMask(f0=True, f1=True, f2=False, f3=True, f4=True, f5=True, f6=True, f7=False, f8=False, f9=True, f10=False, f11=True, f12=True)",0.9458096827240344
9.469000000000001,"FeatureMask(f0=True, f1=True, f2=False, f3=True, f4=True, f5=True, f6=True, f7=False, f8=False, f9=True, f10=False, f11=True, f12=True)",0.9458096827240344
9.469000000000001,"FeatureMask(f0=True, f1=True, f2=False, f3=True, f4=True, f5=True, f6=True, f7=False, f8=False, f9=True, f10=False, f11=True, f12=True)",0.9458096827240344
9.469000000000001,"FeatureMask(f0=True, f1=True, f2=False, f3=True, f4=True, f5=True, f6=True, f7=False, f8=False, f9=True, f10=False, f11=True, f12=True)",0.9458096827240344
9.469000000000001,"FeatureMask(f0=True, f1=True, f2=False, f3=True, f4=True, f5=True, f6=True, f7=False, f8=False, f9=True, f10=False, f11=True, f12=True)",0.9458096827240344
9.469000000000001,"FeatureMask(f0=True, f1=True, f2=False, f3=True, f4=True, f5=True, f6=True, f7=False, f8=False, f9=True, f10=False, f11=True, f12=True)",0.9458096827240344
9.469000000000001,"FeatureMask(f0=True, f1=True, f2=False, f3=True, f4=True, f5=True, f6=True, f7=False, f8=False, f9=True, f10=False, f11=True, f12=True)",0.9458096827240344
9.469000000000001,"FeatureMask(f0=True, f1=True, f2=False, f3=True, f4=True, f5=True, f6=True, f7=False, f8=False, f9=True, f10=False, f11=True, f12=True)",0.9458096827240344
9.469000000000001,"FeatureMask(f0=True, f1=True, f2=False, f3=True, f4=True, f5=True, f6=True, f7=False, f8=False, f9=True, f10=False, f11=True, f12=True)",0.9458096827240344
9.594000000000001,"FeatureMask(f0=True, f1=True, f2=False, f3=True, f4=True, f5=True, f6=True, f7=False, f8=False, f9=True, f10=False, f11=True, f12=True)",0.9458096827240344
9.594000000000001,"FeatureMask(f0=True, f1=True, f2=False, f3=True, f4=True, f5=True, f6=True, f7=False, f8=False, f9=True, f10=False, f11=True, f12=True)",0.9458096827240344
9.594000000000001,"FeatureMask(f0=True, f1=True, f2=False, f3=True, f4=True, f5=True, f6=True, f7=False, f8=False, f9=True, f10=False, f11=True, f12=True)",0.9458096827240344
9.594000000000001,"FeatureMask(f0=True, f1=True, f2=False, f3=True, f4=True, f5=True, f6=True, f7=False, f8=False, f9=True, f10=False, f11=True, f12=True)",0.9458096827240344
9.594000000000001,"FeatureMask(f0=True, f1=True, f2=False, f3=True, f4=True, f5=True, f6=True, f7=False, f8=False, f9=True, f10=False, f11=True, f12=True)",0.9458096827240344
9.594000000000001,"FeatureMask(f0=True, f1=True, f2=False, f3=True, f4=True, f5=True, f6=True, f7=False, f8=False, f9=True, f10=False, f11=True, f12=True)",0.9458096827240344
9.594000000000001,"FeatureMask(f0=True, f1=True, f2=False, f3=True, f4=True, f5=True, f6=True, f7=False, f8=False, f9=True, f10=False, f11=True, f12=True)",0.9458096827240344
9.594000000000001,"FeatureMask(f0=True, f1=True, f2=False, f3=True, f4=True, f5=True, f6=True, f7=False, f8=False, f9=True, f10=False, f11=True, f12=True)",0.9458096827240344
9.594000000000001,"FeatureMask(f0=True, f1=True, f2=False, f3=True, f4=True, f5=True, f6=True, f7=False, f8=False, f9=True, f10=False, f11=True, f12=True)",0.9458096827240344
9.594000000000001,"FeatureMask(f0=True, f1=True, f2=False, f3=True, f4=True, f5=True, f6=True, f7=False, f8=False, f9=True, f10=False, f11=True, f12=True)",0.9458096827240344
9.672,"FeatureMask(f0=True, f1=True, f2=False, f3=True, f4=True, f5=True, f6=True, f7=False, f8=False, f9=True, f10=False, f11=True, f12=True)",0.9458096827240344
9.672,"FeatureMask(f0=True, f1=True, f2=False, f3=True, f4=True, f5=True, f6=True, f7=False, f8=False, f9=True, f10=False, f11=True, f12=True)",0.9458096827240344
9.672,"FeatureMask(f0=True, f1=True, f2=False, f3=True, f4=True, f5=True, f6=True, f7=False, f8=False, f9=True, f10=False, f11=True, f12=True)",0.9458096827240344
9.782,"FeatureMask(f0=True, f1=True, f2=False, f3=True, f4=True, f5=True, f6=True, f7=False, f8=False, f9=True, f10=False, f11=True, f12=True)",0.9458096827240344
9.782,"FeatureMask(f0=True, f1=True, f2=False, f3=True, f4=True, f5=True, f6=True, f7=False, f8=False, f9=True, f10=False, f11=True, f12=True)",0.9458096827240344
9.782,"FeatureMask(f0=True, f1=True, f2=False, f3=True, f4=True, f5=True, f6=True, f7=False, f8=False, f9=True, f10=False, f11=True, f12=True)",0.9458096827240344
9.782,"FeatureMask(f0=True, f1=True, f2=False, f3=True, f4=True, f5=True, f6=True, f7=False, f8=False, f9=True, f10=False, f11=True, f12=True)",0.9458096827240344
9.782,"FeatureMask(f0=True, f1=True, f2=False, f3=True, f4=True, f5=True, f6=True, f7=False, f8=False, f9=True, f10=False, f11=True, f12=True)",0.9458096827240344
9.782,"FeatureMask(f0=True, f1=True, f2=False, f3=True, f4=True, f5=True, f6=True, f7=False, f8=False, f9=True, f10=False, f11=True, f12=True)",0.9458096827240344
9.782,"FeatureMask(f0=True, f1=True, f2=False, f3=True, f4=True, f5=True, f6=True, f7=False, f8=False, f9=True, f10=False, f11=True, f12=True)",0.9458096827240344
9.782,"FeatureMask(f0=True, f1=True, f2=False, f3=True, f4=True, f5=True, f6=True, f7=False, f8=False, f9=True, f10=False, f11=True, f12=True)",0.9458096827240344
9.782,"FeatureMask(f0=True, f1=True, f2=False, f3=True, f4=True, f5=True, f6=True, f7=False, f8=False, f9=True, f10=False, f11=True, f12=True)",0.9458096827240344
9.782,"FeatureMask(f0=True, f1=True, f2=False, f3=True, f4=True, f5=True, f6=True, f7=False, f8=False, f9=True, f10=False, f11=True, f12=True)",0.9458096827240344
9.875,"FeatureMask(f0=True, f1=True, f2=False, f3=True, f4=True, f5=True, f6=True, f7=False, f8=False, f9=True, f10=False, f11=True, f12=True)",0.9458096827240344
9.875,"FeatureMask(f0=True, f1=True, f2=False, f3=True, f4=True, f5=True, f6=True, f7=False, f8=False, f9=True, f10=False, f11=True, f12=True)",0.9458096827240344
9.875,"FeatureMask(f0=True, f1=True, f2=False, f3=True, f4=True, f5=True, f6=True, f7=False, f8=False, f9=True, f10=False, f11=True, f12=True)",0.9458096827240344
9.985000000000001,"FeatureMask(f0=True, f1=True, f2=False, f3=True, f4=True, f5=True, f6=True, f7=False, f8=False, f9=True, f10=False, f11=True, f12=True)",0.9458096827240344
9.985000000000001,"FeatureMask(f0=True, f1=True, f2=False, f3=True, f4=True, f5=True, f6=True, f7=False, f8=False, f9=True, f10=False, f11=True, f12=True)",0.9458096827240344
9.985000000000001,"FeatureMask(f0=True, f1=True, f2=False, f3=True, f4=True, f5=True, f6=True, f7=False, f8=False, f9=True, f10=False, f11=True, f12=True)",0.9458096827240344
9.985000000000001,"FeatureMask(f0=True, f1=True, f2=False, f3=True, f4=True, f5=True, f6=True, f7=False, f8=False, f9=True, f10=False, f11=True, f12=True)",0.9458096827240344
9.985000000000001,"FeatureMask(f0=True, f1=True, f2=False, f3=True, f4=True, f5=True, f6=True, f7=False, f8=False, f9=True, f10=False, f11=True, f12=True)",0.9458096827240344
9.985000000000001,"FeatureMask(f0=True, f1=True, f2=False, f3=True, f4=True, f5=True, f6=True, f7=False, f8=False, f9=True, f10=False, f11=True, f12=True)",0.9458096827240344
9.985000000000001,"FeatureMask(f0=True, f1=True, f2=False, f3=True, f4=True, f5=True, f6=True, f7=False, f8=False, f9=True, f10=False, f11=True, f12=True)",0.9458096827240344
9.985000000000001,"FeatureMask(f0=True, f1=True, f2=False, f3=True, f4=True, f5=True, f6=True, f7=False, f8=False, f9=True, f10=False, f11=True, f12=True)",0.9458096827240344
9.985000000000001,"FeatureMask(f0=True, f1=True, f2=False, f3=True, f4=True, f5=True, f6=True, f7=False, f8=False, f9=True, f10=False, f11=True, f12=True)",0.9458096827240344
9.985000000000001,"FeatureMask(f0=True, f1=True, f2=False, f3=True, f4=True, f5=True, f6=True, f7=False, f8=False, f9=True, f10=False, f11=True, f12=True)",0.9458096827240344
10.078000000000001,"FeatureMask(f0=True, f1=True, f2=False, f3=True, f4=True, f5=True, f6=True, f7=False, f8=False, f9=True, f10=False, f11=True, f12=True)",0.9458096827240344
10.203000000000001,"FeatureMask(f0=True, f1=True, f2=False, f3=True, f4=True, f5=True, f6=True, f7=False, f8=False, f9=True, f10=False, f11=True, f12=True)",0.9458096827240344
10.203000000000001,"FeatureMask(f0=True, f1=True, f2=False, f3=True, f4=True, f5=True, f6=True, f7=False, f8=False, f9=True, f10=False, f11=True, f12=True)",0.9458096827240344
10.203000000000001,"FeatureMask(f0=True, f1=True, f2=False, f3=True, f4=True, f5=True, f6=True, f7=False, f8=False, f9=True, f10=False, f11=True, f12=True)",0.9458096827240344
10.203000000000001,"FeatureMask(f0=True, f1=True, f2=False, f3=True, f4=True, f5=True, f6=True, f7=False, f8=False, f9=True, f10=False, f11=True, f12=True)",0.9458096827240344
10.203000000000001,"FeatureMask(f0=True, f1=True, f2=False, f3=True, f4=True, f5=True, f6=True, f7=False, f8=False, f9=True, f10=False, f11=True, f12=True)",0.9458096827240344
10.203000000000001,"FeatureMask(f0=True, f1=True, f2=False, f3=True, f4=True, f5=True, f6=True, f7=False, f8=False, f9=True, f10=False, f11=True, f12=True)",0.9458096827240344
10.203000000000001,"FeatureMask(f0=True, f1=True, f2=False, f3=True, f4=True, f5=True, f6=True, f7=False, f8=False, f9=True, f10=False, f11=True, f12=True)",0.9458096827240344
10.203000000000001,"FeatureMask(f0=True, f1=True, f2=False, f3=True, f4=True, f5=True, f6=True, f7=False, f8=False, f9=True, f10=False, f11=True, f12=True)",0.9458096827240344
10.203000000000001,"FeatureMask(f0=True, f1=True, f2=False, f3=True, f4=True, f5=True, f6=True, f7=False, f8=False, f9=True, f10=False, f11=True, f12=True)",0.9458096827240344
10.203000000000001,"FeatureMask(f0=True, f1=True, f2=False, f3=True, f4=True, f5=True, f6=True, f7=False, f8=False, f9=True, f10=False, f11=True, f12=True)",0.9458096827240344
10.297,"FeatureMask(f0=True, f1=True, f2=False, f3=True, f4=True, f5=True, f6=True, f7=False, f8=False, f9=True, f10=False, f11=True, f12=True)",0.9458096827240344
10.297,"FeatureMask(f0=True, f1=True, f2=False, f3=True, f4=True, f5=True, f6=True, f7=False, f8=False, f9=True, f10=False, f11=True, f12=True)",0.9458096827240344
10.297,"FeatureMask(f0=True, f1=True, f2=False, f3=True, f4=True, f5=True, f6=True, f7=False, f8=False, f9=True, f10=False, f11=True, f12=True)",0.9458096827240344
10.297,"FeatureMask(f0=True, f1=True, f2=False, f3=True, f4=True, f5=True, f6=True, f7=False, f8=False, f9=True, f10=False, f11=True, f12=True)",0.9458096827240344
10.297,"FeatureMask(f0=True, f1=True, f2=False, f3=True, f4=True, f5=True, f6=True, f7=False, f8=False, f9=True, f10=False, f11=True, f12=True)",0.9458096827240344
10.297,"FeatureMask(f0=True, f1=True, f2=False, f3=True, f4=True, f5=True, f6=True, f7=False, f8=False, f9=True, f10=False, f11=True, f12=True)",0.9458096827240344
10.297,"FeatureMask(f0=True, f1=True, f2=False, f3=True, f4=True, f5=True, f6=True, f7=False, f8=False, f9=True, f10=False, f11=True, f12=True)",0.9458096827240344
10.297,"FeatureMask(f0=True, f1=True, f2=False, f3=True, f4=True, f5=True, f6=True, f7=False, f8=False, f9=True, f10=False, f11=True, f12=True)",0.9458096827240344
10.297,"FeatureMask(f0=True, f1=True, f2=False, f3=True, f4=True, f5=True, f6=True, f7=False, f8=False, f9=True, f10=False, f11=True, f12=True)",0.9458096827240344
10.297,"FeatureMask(f0=True, f1=True, f2=False, f3=True, f4=True, f5=True, f6=True, f7=False, f8=False, f9=True, f10=False, f11=True, f12=True)",0.9458096827240344
10.297,"FeatureMask(f0=True, f1=True, f2=False, f3=True, f4=True, f5=True, f6=True, f7=False, f8=False, f9=True, f10=False, f11=True, f12=True)",0.9458096827240344
10.297,"FeatureMask(f0=True, f1=True, f2=False, f3=True, f4=True, f5=True, f6=True, f7=False, f8=False, f9=True, f10=False, f11=True, f12=True)",0.9458096827240344
10.297,"FeatureMask(f0=True, f1=True, f2=False, f3=True, f4=True, f5=True, f6=True, f7=False, f8=False, f9=True, f10=False, f11=True, f12=True)",0.9458096827240344
10.297,"FeatureMask(f0=True, f1=True, f2=False, f3=True, f4=True, f5=True, f6=True, f7=False, f8=False, f9=True, f10=False, f11=True, f12=True)",0.9458096827240344
10.297,"FeatureMask(f0=True, f1=True, f2=False, f3=True, f4=True, f5=True, f6=True, f7=False, f8=False, f9=True, f10=False, f11=True, f12=True)",0.9458096827240344
10.297,"FeatureMask(f0=True, f1=True, f2=False, f3=True, f4=True, f5=True, f6=True, f7=False, f8=False, f9=True, f10=False, f11=True, f12=True)",0.9458096827240344
10.313,"FeatureMask(f0=True, f1=True, f2=False, f3=True, f4=True, f5=True, f6=True, f7=False, f8=False, f9=True, f10=False, f11=True, f12=True)",0.9458096827240344
10.328000000000001,"FeatureMask(f0=True, f1=True, f2=False, f3=True, f4=True, f5=True, f6=True, f7=False, f8=False, f9=True, f10=False, f11=True, f12=True)",0.9458096827240344
10.328000000000001,"FeatureMask(f0=True, f1=True, f2=False, f3=True, f4=True, f5=True, f6=True, f7=False, f8=False, f9=True, f10=False, f11=True, f12=True)",0.9458096827240344
10.344000000000001,"FeatureMask(f0=True, f1=True, f2=False, f3=True, f4=True, f5=True, f6=True, f7=False, f8=False, f9=True, f10=False, f11=True, f12=True)",0.9458096827240344
10.344000000000001,"FeatureMask(f0=True, f1=True, f2=False, f3=True, f4=True, f5=True, f6=True, f7=False, f8=False, f9=True, f10=False, f11=True, f12=True)",0.9458096827240344
10.360000000000001,"FeatureMask(f0=True, f1=True, f2=False, f3=True, f4=True, f5=True, f6=True, f7=False, f8=False, f9=True, f10=False, f11=True, f12=True)",0.9458096827240344
10.375,"FeatureMask(f0=True, f1=True, f2=False, f3=True, f4=True, f5=True, f6=True, f7=False, f8=False, f9=True, f10=False, f11=True, f12=True)",0.9458096827240344
10.375,"FeatureMask(f0=True, f1=True, f2=False, f3=True, f4=True, f5=True, f6=True, f7=False, f8=False, f9=True, f10=False, f11=True, f12=True)",0.9458096827240344
10.391,"FeatureMask(f0=True, f1=True, f2=False, f3=True, f4=True, f5=True, f6=True, f7=False, f8=False, f9=True, f10=False, f11=True, f12=True)",0.9458096827240344
10.391,"FeatureMask(f0=True, f1=True, f2=False, f3=True, f4=True, f5=True, f6=True, f7=False, f8=False, f9=True, f10=False, f11=True, f12=True)",0.9458096827240344
10.407,"FeatureMask(f0=True, f1=True, f2=False, f3=True, f4=True, f5=True, f6=True, f7=False, f8=False, f9=True, f10=False, f11=True, f12=True)",0.9458096827240344
10.422,"FeatureMask(f0=True, f1=True, f2=False, f3=True, f4=True, f5=True, f6=True, f7=False, f8=False, f9=True, f10=False, f11=True, f12=True)",0.9458096827240344
10.422,"FeatureMask(f0=True, f1=True, f2=False, f3=True, f4=True, f5=True, f6=True, f7=False, f8=False, f9=True, f10=False, f11=True, f12=True)",0.9458096827240344
10.422,"FeatureMask(f0=True, f1=True, f2=False, f3=True, f4=True, f5=True, f6=True, f7=False, f8=False, f9=True, f10=False, f11=True, f12=True)",0.9458096827240344
10.422,"FeatureMask(f0=True, f1=True, f2=False, f3=True, f4=True, f5=True, f6=True, f7=False, f8=False, f9=True, f10=False, f11=True, f12=True)",0.9458096827240344
10.422,"FeatureMask(f0=True, f1=True, f2=False, f3=True, f4=True, f5=True, f6=True, f7=False, f8=False, f9=True, f10=False, f11=True, f12=True)",0.9458096827240344
10.422,"FeatureMask(f0=True, f1=True, f2=False, f3=True, f4=True, f5=True, f6=True, f7=False, f8=False, f9=True, f10=False, f11=True, f12=True)",0.9458096827240344
10.422,"FeatureMask(f0=True, f1=True, f2=False, f3=True, f4=True, f5=True, f6=True, f7=False, f8=False, f9=True, f10=False, f11=True, f12=True)",0.9458096827240344
10.422,"FeatureMask(f0=True, f1=True, f2=False, f3=True, f4=True, f5=True, f6=True, f7=False, f8=False, f9=True, f10=False, f11=True, f12=True)",0.9458096827240344
10.422,"FeatureMask(f0=True, f1=True, f2=False, f3=True, f4=True, f5=True, f6=True, f7=False, f8=False, f9=True, f10=False, f11=True, f12=True)",0.9458096827240344
10.422,"FeatureMask(f0=True, f1=True, f2=False, f3=True, f4=True, f5=True, f6=True, f7=False, f8=False, f9=True, f10=False, f11=True, f12=True)",0.9458096827240344
10.422,"FeatureMask(f0=True, f1=True, f2=False, f3=True, f4=True, f5=True, f6=True, f7=False, f8=False, f9=True, f10=False, f11=True, f12=True)",0.9458096827240344
10.422,"FeatureMask(f0=True, f1=True, f2=False, f3=True, f4=True, f5=True, f6=True, f7=False, f8=False, f9=True, f10=False, f11=True, f12=True)",0.9458096827240344
10.422,"FeatureMask(f0=True, f1=True, f2=False, f3=True, f4=True, f5=True, f6=True, f7=False, f8=False, f9=True, f10=False, f11=True, f12=True)",0.9458096827240344
10.516,"FeatureMask(f0=True, f1=True, f2=False, f3=True, f4=True, f5=True, f6=True, f7=False, f8=False, f9=True, f10=False, f11=True, f12=True)",0.9458096827240344
10.516,"FeatureMask(f0=True, f1=True, f2=False, f3=True, f4=True, f5=True, f6=True, f7=False, f8=False, f9=True, f10=False, f11=True, f12=True)",0.9458096827240344
10.516,"FeatureMask(f0=True, f1=True, f2=False, f3=True, f4=True, f5=True, f6=True, f7=False, f8=False, f9=True, f10=False, f11=True, f12=True)",0.9458096827240344
10.516,"FeatureMask(f0=True, f1=True, f2=False, f3=True, f4=True, f5=True, f6=True, f7=False, f8=False, f9=True, f10=False, f11=True, f12=True)",0.9458096827240344
10.516,"FeatureMask(f0=True, f1=True, f2=False, f3=True, f4=True, f5=True, f6=True, f7=False, f8=False, f9=True, f10=False, f11=True, f12=True)",0.9458096827240344
10.610000000000001,"FeatureMask(f0=True, f1=True, f2=False, f3=True, f4=True, f5=True, f6=True, f7=False, f8=False, f9=True, f10=False, f11=True, f12=True)",0.9458096827240344
10.610000000000001,"FeatureMask(f0=True, f1=True, f2=False, f3=True, f4=True, f5=True, f6=True, f7=False, f8=False, f9=True, f10=False, f11=True, f12=True)",0.9458096827240344
10.610000000000001,"FeatureMask(f0=True, f1=True, f2=False, f3=True, f4=True, f5=True, f6=True, f7=False, f8=False, f9=True, f10=False, f11=True, f12=True)",0.9458096827240344
10.610000000000001,"FeatureMask(f0=True, f1=True, f2=False, f3=True, f4=True, f5=True, f6=True, f7=False, f8=False, f9=True, f10=False, f11=True, f12=True)",0.9458096827240344
10.610000000000001,"FeatureMask(f0=True, f1=True, f2=False, f3=True, f4=True, f5=True, f6=True, f7=False, f8=False, f9=True, f10=False, f11=True, f12=True)",0.9458096827240344
10.610000000000001,"FeatureMask(f0=True, f1=True, f2=False, f3=True, f4=True, f5=True, f6=True, f7=False, f8=False, f9=True, f10=False, f11=True, f12=True)",0.9458096827240344
10.610000000000001,"FeatureMask(f0=True, f1=True, f2=False, f3=True, f4=True, f5=True, f6=True, f7=False, f8=False, f9=True, f10=False, f11=True, f12=True)",0.9458096827240344
10.610000000000001,"FeatureMask(f0=True, f1=True, f2=False, f3=True, f4=True, f5=True, f6=True, f7=False, f8=False, f9=True, f10=False, f11=True, f12=True)",0.9458096827240344
10.610000000000001,"FeatureMask(f0=True, f1=True, f2=False, f3=True, f4=True, f5=True, f6=True, f7=False, f8=False, f9=True, f10=False, f11=True, f12=True)",0.9458096827240344
10.610000000000001,"FeatureMask(f0=True, f1=True, f2=False, f3=True, f4=True, f5=True, f6=True, f7=False, f8=False, f9=True, f10=False, f11=True, f12=True)",0.9458096827240344
10.672,"FeatureMask(f0=True, f1=True, f2=True, f3=True, f4=False, f5=False, f6=True, f7=True, f8=False, f9=True, f10=False, f11=True, f12=True)",0.9509211864733172
10.828000000000001,"FeatureMask(f0=True, f1=True, f2=True, f3=True, f4=False, f5=False, f6=True, f7=True, f8=False, f9=True, f10=False, f11=True, f12=True)",0.9509211864733172
10.828000000000001,"FeatureMask(f0=True, f1=True, f2=True, f3=True, f4=False, f5=False, f6=True, f7=True, f8=False, f9=True, f10=False, f11=True, f12=True)",0.9509211864733172
10.828000000000001,"FeatureMask(f0=True, f1=True, f2=True, f3=True, f4=False, f5=False, f6=True, f7=True, f8=False, f9=True, f10=False, f11=True, f12=True)",0.9509211864733172
10.828000000000001,"FeatureMask(f0=True, f1=True, f2=True, f3=True, f4=False, f5=False, f6=True, f7=True, f8=False, f9=True, f10=False, f11=True, f12=True)",0.9509211864733172
10.828000000000001,"FeatureMask(f0=True, f1=True, f2=True, f3=True, f4=False, f5=False, f6=True, f7=True, f8=False, f9=True, f10=False, f11=True, f12=True)",0.9509211864733172
10.828000000000001,"FeatureMask(f0=True, f1=True, f2=True, f3=True, f4=False, f5=False, f6=True, f7=True, f8=False, f9=True, f10=False, f11=True, f12=True)",0.9509211864733172
10.828000000000001,"FeatureMask(f0=True, f1=True, f2=True, f3=True, f4=False, f5=False, f6=True, f7=True, f8=False, f9=True, f10=False, f11=True, f12=True)",0.9509211864733172
10.828000000000001,"FeatureMask(f0=True, f1=True, f2=True, f3=True, f4=False, f5=False, f6=True, f7=True, f8=False, f9=True, f10=False, f11=True, f12=True)",0.9509211864733172
10.828000000000001,"FeatureMask(f0=True, f1=True, f2=True, f3=True, f4=False, f5=False, f6=True, f7=True, f8=False, f9=True, f10=False, f11=True, f12=True)",0.9509211864733172
10.828000000000001,"FeatureMask(f0=True, f1=True, f2=True, f3=True, f4=False, f5=False, f6=True, f7=True, f8=False, f9=True, f10=False, f11=True, f12=True)",0.9509211864733172
11.032,"FeatureMask(f0=True, f1=True, f2=True, f3=True, f4=False, f5=False, f6=True, f7=True, f8=False, f9=True, f10=False, f11=True, f12=True)",0.9509211864733172
11.032,"FeatureMask(f0=True, f1=True, f2=True, f3=True, f4=False, f5=False, f6=True, f7=True, f8=False, f9=True, f10=False, f11=True, f12=True)",0.9509211864733172
11.032,"FeatureMask(f0=True, f1=True, f2=True, f3=True, f4=False, f5=False, f6=True, f7=True, f8=False, f9=True, f10=False, f11=True, f12=True)",0.9509211864733172
11.032,"FeatureMask(f0=True, f1=True, f2=True, f3=True, f4=False, f5=False, f6=True, f7=True, f8=False, f9=True, f10=False, f11=True, f12=True)",0.9509211864733172
11.032,"FeatureMask(f0=True, f1=True, f2=True, f3=True, f4=False, f5=False, f6=True, f7=True, f8=False, f9=True, f10=False, f11=True, f12=True)",0.9509211864733172
11.032,"FeatureMask(f0=True, f1=True, f2=True, f3=True, f4=False, f5=False, f6=True, f7=True, f8=False, f9=True, f10=False, f11=True, f12=True)",0.9509211864733172
11.032,"FeatureMask(f0=True, f1=True, f2=True, f3=True, f4=False, f5=False, f6=True, f7=True, f8=False, f9=True, f10=False, f11=True, f12=True)",0.9509211864733172
11.032,"FeatureMask(f0=True, f1=True, f2=True, f3=True, f4=False, f5=False, f6=True, f7=True, f8=False, f9=True, f10=False, f11=True, f12=True)",0.9509211864733172
11.032,"FeatureMask(f0=True, f1=True, f2=True, f3=True, f4=False, f5=False, f6=True, f7=True, f8=False, f9=True, f10=False, f11=True, f12=True)",0.9509211864733172
11.032,"FeatureMask(f0=True, f1=True, f2=True, f3=True, f4=False, f5=False, f6=True, f7=True, f8=False, f9=True, f10=False, f11=True, f12=True)",0.9509211864733172
11.125,"FeatureMask(f0=True, f1=True, f2=True, f3=True, f4=False, f5=False, f6=True, f7=True, f8=False, f9=True, f10=False, f11=True, f12=True)",0.9509211864733172
11.235000000000001,"FeatureMask(f0=True, f1=True, f2=True, f3=True, f4=False, f5=False, f6=True, f7=True, f8=False, f9=True, f10=False, f11=True, f12=True)",0.9509211864733172
11.235000000000001,"FeatureMask(f0=True, f1=True, f2=True, f3=True, f4=False, f5=False, f6=True, f7=True, f8=False, f9=True, f10=False, f11=True, f12=True)",0.9509211864733172
11.235000000000001,"FeatureMask(f0=True, f1=True, f2=True, f3=True, f4=False, f5=False, f6=True, f7=True, f8=False, f9=True, f10=False, f11=True, f12=True)",0.9509211864733172
11.235000000000001,"FeatureMask(f0=True, f1=True, f2=True, f3=True, f4=False, f5=False, f6=True, f7=True, f8=False, f9=True, f10=False, f11=True, f12=True)",0.9509211864733172
11.235000000000001,"FeatureMask(f0=True, f1=True, f2=True, f3=True, f4=False, f5=False, f6=True, f7=True, f8=False, f9=True, f10=False, f11=True, f12=True)",0.9509211864733172
11.235000000000001,"FeatureMask(f0=True, f1=True, f2=True, f3=True, f4=False, f5=False, f6=True, f7=True, f8=False, f9=True, f10=False, f11=True, f12=True)",0.9509211864733172
11.235000000000001,"FeatureMask(f0=True, f1=True, f2=True, f3=True, f4=False, f5=False, f6=True, f7=True, f8=False, f9=True, f10=False, f11=True, f12=True)",0.9509211864733172
11.235000000000001,"FeatureMask(f0=True, f1=True, f2=True, f3=True, f4=False, f5=False, f6=True, f7=True, f8=False, f9=True, f10=False, f11=True, f12=True)",0.9509211864733172
11.235000000000001,"FeatureMask(f0=True, f1=True, f2=True, f3=True, f4=False, f5=False, f6=True, f7=True, f8=False, f9=True, f10=False, f11=True, f12=True)",0.9509211864733172
11.235000000000001,"FeatureMask(f0=True, f1=True, f2=True, f3=True, f4=False, f5=False, f6=True, f7=True, f8=False, f9=True, f10=False, f11=True, f12=True)",0.9509211864733172
11.328000000000001,"FeatureMask(f0=True, f1=True, f2=True, f3=True, f4=False, f5=False, f6=True, f7=True, f8=False, f9=True, f10=False, f11=True, f12=True)",0.9509211864733172
11.328000000000001,"FeatureMask(f0=True, f1=True, f2=True, f3=True, f4=False, f5=False, f6=True, f7=True, f8=False, f9=True, f10=False, f11=True, f12=True)",0.9509211864733172
11.328000000000001,"FeatureMask(f0=True, f1=True, f2=True, f3=True, f4=False, f5=False, f6=True, f7=True, f8=False, f9=True, f10=False, f11=True, f12=True)",0.9509211864733172
11.328000000000001,"FeatureMask(f0=True, f1=True, f2=True, f3=True, f4=False, f5=False, f6=True, f7=True, f8=False, f9=True, f10=False, f11=True, f12=True)",0.9509211864733172
11.328000000000001,"FeatureMask(f0=True, f1=True, f2=True, f3=True, f4=False, f5=False, f6=True, f7=True, f8=False, f9=True, f10=False, f11=True, f12=True)",0.9509211864733172
11.328000000000001,"FeatureMask(f0=True, f1=True, f2=True, f3=True, f4=False, f5=False, f6=True, f7=True, f8=False, f9=True, f10=False, f11=True, f12=True)",0.9509211864733172
11.422,"FeatureMask(f0=True, f1=True, f2=True, f3=True, f4=False, f5=False, f6=True, f7=True, f8=False, f9=True, f10=False, f11=True, f12=True)",0.9509211864733172
11.422,"FeatureMask(f0=True, f1=True, f2=True, f3=True, f4=False, f5=False, f6=True, f7=True, f8=False, f9=True, f10=False, f11=True, f12=True)",0.9509211864733172
11.422,"FeatureMask(f0=True, f1=True, f2=True, f3=True, f4=False, f5=False, f6=True, f7=True, f8=False, f9=True, f10=False, f11=True, f12=True)",0.9509211864733172
11.422,"FeatureMask(f0=True, f1=True, f2=True, f3=True, f4=False, f5=False, f6=True, f7=True, f8=False, f9=True, f10=False, f11=True, f12=True)",0.9509211864733172
11.422,"FeatureMask(f0=True, f1=True, f2=True, f3=True, f4=False, f5=False, f6=True, f7=True, f8=False, f9=True, f10=False, f11=True, f12=True)",0.9509211864733172
11.422,"FeatureMask(f0=True, f1=True, f2=True, f3=True, f4=False, f5=False, f6=True, f7=True, f8=False, f9=True, f10=False, f11=True, f12=True)",0.9509211864733172
11.422,"FeatureMask(f0=True, f1=True, f2=True, f3=True, f4=False, f5=False, f6=True, f7=True, f8=False, f9=True, f10=False, f11=True, f12=True)",0.9509211864733172
11.422,"FeatureMask(f0=True, f1=True, f2=True, f3=True, f4=False, f5=False, f6=True, f7=True, f8=False, f9=True, f10=False, f11=True, f12=True)",0.9509211864733172
11.422,"FeatureMask(f0=True, f1=True, f2=True, f3=True, f4=False, f5=False, f6=True, f7=True, f8=False, f9=True, f10=False, f11=True, f12=True)",0.9509211864733172
11.422,"FeatureMask(f0=True, f1=True, f2=True, f3=True, f4=False, f5=False, f6=True, f7=True, f8=False, f9=True, f10=False, f11=True, f12=True)",0.9509211864733172
11.516,"FeatureMask(f0=True, f1=True, f2=True, f3=True, f4=False, f5=False, f6=True, f7=True, f8=False, f9=True, f10=False, f11=True, f12=True)",0.9509211864733172
11.610000000000001,"FeatureMask(f0=True, f1=True, f2=True, f3=True, f4=False, f5=False, f6=True, f7=True, f8=False, f9=True, f10=False, f11=True, f12=True)",0.9509211864733172
11.610000000000001,"FeatureMask(f0=True, f1=True, f2=True, f3=True, f4=False, f5=False, f6=True, f7=True, f8=False, f9=True, f10=False, f11=True, f12=True)",0.9509211864733172
11.610000000000001,"FeatureMask(f0=True, f1=True, f2=True, f3=True, f4=False, f5=False, f6=True, f7=True, f8=False, f9=True, f10=False, f11=True, f12=True)",0.9509211864733172
11.610000000000001,"FeatureMask(f0=True, f1=True, f2=True, f3=True, f4=False, f5=False, f6=True, f7=True, f8=False, f9=True, f10=False, f11=True, f12=True)",0.9509211864733172
11.610000000000001,"FeatureMask(f0=True, f1=True, f2=True, f3=True, f4=False, f5=False, f6=True, f7=True, f8=False, f9=True, f10=False, f11=True, f12=True)",0.9509211864733172
11.610000000000001,"FeatureMask(f0=True, f1=True, f2=True, f3=True, f4=False, f5=False, f6=True, f7=True, f8=False, f9=True, f10=False, f11=True, f12=True)",0.9509211864733172
11.610000000000001,"FeatureMask(f0=True, f1=True, f2=True, f3=True, f4=False, f5=False, f6=True, f7=True, f8=False, f9=True, f10=False, f11=True, f12=True)",0.9509211864733172
11.610000000000001,"FeatureMask(f0=True, f1=True, f2=True, f3=True, f4=False, f5=False, f6=True, f7=True, f8=False, f9=True, f10=False, f11=True, f12=True)",0.9509211864733172
11.610000000000001,"FeatureMask(f0=True, f1=True, f2=True, f3=True, f4=False, f5=False, f6=True, f7=True, f8=False, f9=True, f10=False, f11=True, f12=True)",0.9509211864733172
11.610000000000001,"FeatureMask(f0=True, f1=True, f2=True, f3=True, f4=False, f5=False, f6=True, f7=True, f8=False, f9=True, f10=False, f11=True, f12=True)",0.9509211864733172
11.688,"FeatureMask(f0=True, f1=True, f2=True, f3=True, f4=False, f5=False, f6=True, f7=True, f8=False, f9=True, f10=False, f11=True, f12=True)",0.9509211864733172
11.782,"FeatureMask(f0=True, f1=True, f2=True, f3=True, f4=False, f5=False, f6=True, f7=True, f8=False, f9=True, f10=False, f11=True, f12=True)",0.9509211864733172
11.782,"FeatureMask(f0=True, f1=True, f2=True, f3=True, f4=False, f5=False, f6=True, f7=True, f8=False, f9=True, f10=False, f11=True, f12=True)",0.9509211864733172
11.782,"FeatureMask(f0=True, f1=True, f2=True, f3=True, f4=False, f5=False, f6=True, f7=True, f8=False, f9=True, f10=False, f11=True, f12=True)",0.9509211864733172
11.782,"FeatureMask(f0=True, f1=True, f2=True, f3=True, f4=False, f5=False, f6=True, f7=True, f8=False, f9=True, f10=False, f11=True, f12=True)",0.9509211864733172
11.782,"FeatureMask(f0=True, f1=True, f2=True, f3=True, f4=False, f5=False, f6=True, f7=True, f8=False, f9=True, f10=False, f11=True, f12=True)",0.9509211864733172
11.782,"FeatureMask(f0=True, f1=True, f2=True, f3=True, f4=False, f5=False, f6=True, f7=True, f8=False, f9=True, f10=False, f11=True, f12=True)",0.9509211864733172
11.782,"FeatureMask(f0=True, f1=True, f2=True, f3=True, f4=False, f5=False, f6=True, f7=True, f8=False, f9=True, f10=False, f11=True, f12=True)",0.9509211864733172
11.782,"FeatureMask(f0=True, f1=True, f2=True, f3=True, f4=False, f5=False, f6=True, f7=True, f8=False, f9=True, f10=False, f11=True, f12=True)",0.9509211864733172
11.782,"FeatureMask(f0=True, f1=True, f2=True, f3=True, f4=False, f5=False, f6=True, f7=True, f8=False, f9=True, f10=False, f11=True, f12=True)",0.9509211864733172
11.782,"FeatureMask(f0=True, f1=True, f2=True, f3=True, f4=False, f5=False, f6=True, f7=True, f8=False, f9=True, f10=False, f11=True, f12=True)",0.9509211864733172
11.985000000000001,"FeatureMask(f0=True, f1=True, f2=True, f3=True, f4=False, f5=False, f6=True, f7=True, f8=False, f9=True, f10=False, f11=True, f12=True)",0.9509211864733172
11.985000000000001,"FeatureMask(f0=True, f1=True, f2=True, f3=True, f4=False, f5=False, f6=True, f7=True, f8=False, f9=True, f10=False, f11=True, f12=True)",0.9509211864733172
11.985000000000001,"FeatureMask(f0=True, f1=True, f2=True, f3=True, f4=False, f5=False, f6=True, f7=True, f8=False, f9=True, f10=False, f11=True, f12=True)",0.9509211864733172
11.985000000000001,"FeatureMask(f0=True, f1=True, f2=True, f3=True, f4=False, f5=False, f6=True, f7=True, f8=False, f9=True, f10=False, f11=True, f12=True)",0.9509211864733172
11.985000000000001,"FeatureMask(f0=True, f1=True, f2=True, f3=True, f4=False, f5=False, f6=True, f7=True, f8=False, f9=True, f10=False, f11=True, f12=True)",0.9509211864733172
11.985000000000001,"FeatureMask(f0=True, f1=True, f2=True, f3=True, f4=False, f5=False, f6=True, f7=True, f8=False, f9=True, f10=False, f11=True, f12=True)",0.9509211864733172
11.985000000000001,"FeatureMask(f0=True, f1=True, f2=True, f3=True, f4=False, f5=False, f6=True, f7=True, f8=False, f9=True, f10=False, f11=True, f12=True)",0.9509211864733172
11.985000000000001,"FeatureMask(f0=True, f1=True, f2=True, f3=True, f4=False, f5=False, f6=True, f7=True, f8=False, f9=True, f10=False, f11=True, f12=True)",0.9509211864733172
11.985000000000001,"FeatureMask(f0=True, f1=True, f2=True, f3=True, f4=False, f5=False, f6=True, f7=True, f8=False, f9=True, f10=False, f11=True, f12=True)",0.9509211864733172
11.985000000000001,"FeatureMask(f0=True, f1=True, f2=True, f3=True, f4=False, f5=False, f6=True, f7=True, f8=False, f9=True, f10=False, f11=True, f12=True)",0.9509211864733172
12.157,"FeatureMask(f0=True, f1=True, f2=True, f3=True, f4=False, f5=False, f6=True, f7=True, f8=False, f9=True, f10=False, f11=True, f12=True)",0.9509211864733172
12.157,"FeatureMask(f0=True, f1=True, f2=True, f3=True, f4=False, f5=False, f6=True, f7=True, f8=False, f9=True, f10=False, f11=True, f12=True)",0.9509211864733172
12.157,"FeatureMask(f0=True, f1=True, f2=True, f3=True, f4=False, f5=False, f6=True, f7=True, f8=False, f9=True, f10=False, f11=True, f12=True)",0.9509211864733172
12.157,"FeatureMask(f0=True, f1=True, f2=True, f3=True, f4=False, f5=False, f6=True, f7=True, f8=False, f9=True, f10=False, f11=True, f12=True)",0.9509211864733172
12.157,"FeatureMask(f0=True, f1=True, f2=True, f3=True, f4=False, f5=False, f6=True, f7=True, f8=False, f9=True, f10=False, f11=True, f12=True)",0.9509211864733172
12.157,"FeatureMask(f0=True, f1=True, f2=True, f3=True, f4=False, f5=False, f6=True, f7=True, f8=False, f9=True, f10=False, f11=True, f12=True)",0.9509211864733172
12.157,"FeatureMask(f0=True, f1=True, f2=True, f3=True, f4=False, f5=False, f6=True, f7=True, f8=False, f9=True, f10=False, f11=True, f12=True)",0.9509211864733172
12.157,"FeatureMask(f0=True, f1=True, f2=True, f3=True, f4=False, f5=False, f6=True, f7=True, f8=False, f9=True, f10=False, f11=True, f12=True)",0.9509211864733172
12.157,"FeatureMask(f0=True, f1=True, f2=True, f3=True, f4=False, f5=False, f6=True, f7=True, f8=False, f9=True, f10=False, f11=True, f12=True)",0.9509211864733172
12.157,"FeatureMask(f0=True, f1=True, f2=True, f3=True, f4=False, f5=False, f6=True, f7=True, f8=False, f9=True, f10=False, f11=True, f12=True)",0.9509211864733172
12.235000000000001,"FeatureMask(f0=True, f1=True, f2=True, f3=True, f4=False, f5=False, f6=True, f7=True, f8=False, f9=True, f10=False, f11=True, f12=True)",0.9509211864733172
12.344000000000001,"FeatureMask(f0=True, f1=True, f2=True, f3=True, f4=False, f5=False, f6=True, f7=True, f8=False, f9=True, f10=False, f11=True, f12=True)",0.9509211864733172
12.344000000000001,"FeatureMask(f0=True, f1=True, f2=True, f3=True, f4=False, f5=False, f6=True, f7=True, f8=False, f9=True, f10=False, f11=True, f12=True)",0.9509211864733172
12.344000000000001,"FeatureMask(f0=True, f1=True, f2=True, f3=True, f4=False, f5=False, f6=True, f7=True, f8=False, f9=True, f10=False, f11=True, f12=True)",0.9509211864733172
12.344000000000001,"FeatureMask(f0=True, f1=True, f2=True, f3=True, f4=False, f5=False, f6=True, f7=True, f8=False, f9=True, f10=False, f11=True, f12=True)",0.9509211864733172
12.344000000000001,"FeatureMask(f0=True, f1=True, f2=True, f3=True, f4=False, f5=False, f6=True, f7=True, f8=False, f9=True, f10=False, f11=True, f12=True)",0.9509211864733172
12.344000000000001,"FeatureMask(f0=True, f1=True, f2=True, f3=True, f4=False, f5=False, f6=True, f7=True, f8=False, f9=True, f10=False, f11=True, f12=True)",0.9509211864733172
12.344000000000001,"FeatureMask(f0=True, f1=True, f2=True, f3=True, f4=False, f5=False, f6=True, f7=True, f8=False, f9=True, f10=False, f11=True, f12=True)",0.9509211864733172
12.344000000000001,"FeatureMask(f0=True, f1=True, f2=True, f3=True, f4=False, f5=False, f6=True, f7=True, f8=False, f9=True, f10=False, f11=True, f12=True)",0.9509211864733172
12.344000000000001,"FeatureMask(f0=True, f1=True, f2=True, f3=True, f4=False, f5=False, f6=True, f7=True, f8=False, f9=True, f10=False, f11=True, f12=True)",0.9509211864733172
12.344000000000001,"FeatureMask(f0=True, f1=True, f2=True, f3=True, f4=False, f5=False, f6=True, f7=True, f8=False, f9=True, f10=False, f11=True, f12=True)",0.9509211864733172
12.438,"FeatureMask(f0=True, f1=True, f2=True, f3=True, f4=False, f5=False, f6=True, f7=True, f8=False, f9=True, f10=False, f11=True, f12=True)",0.9509211864733172
12.438,"FeatureMask(f0=True, f1=True, f2=True, f3=True, f4=False, f5=False, f6=True, f7=True, f8=False, f9=True, f10=False, f11=True, f12=True)",0.9509211864733172
12.438,"FeatureMask(f0=True, f1=True, f2=True, f3=True, f4=False, f5=False, f6=True, f7=True, f8=False, f9=True, f10=False, f11=True, f12=True)",0.9509211864733172
12.547,"FeatureMask(f0=True, f1=True, f2=True, f3=True, f4=False, f5=False, f6=True, f7=True, f8=False, f9=True, f10=False, f11=True, f12=True)",0.9509211864733172
12.547,"FeatureMask(f0=True, f1=True, f2=True, f3=True, f4=False, f5=False, f6=True, f7=True, f8=False, f9=True, f10=False, f11=True, f12=True)",0.9509211864733172
12.547,"FeatureMask(f0=True, f1=True, f2=True, f3=True, f4=False, f5=False, f6=True, f7=True, f8=False, f9=True, f10=False, f11=True, f12=True)",0.9509211864733172
12.547,"FeatureMask(f0=True, f1=True, f2=True, f3=True, f4=False, f5=False, f6=True, f7=True, f8=False, f9=True, f10=False, f11=True, f12=True)",0.9509211864733172
12.547,"FeatureMask(f0=True, f1=True, f2=True, f3=True, f4=False, f5=False, f6=True, f7=True, f8=False, f9=True, f10=False, f11=True, f12=True)",0.9509211864733172
12.547,"FeatureMask(f0=True, f1=True, f2=True, f3=True, f4=False, f5=False, f6=True, f7=True, f8=False, f9=True, f10=False, f11=True, f12=True)",0.9509211864733172
12.547,"FeatureMask(f0=True, f1=True, f2=True, f3=True, f4=False, f5=False, f6=True, f7=True, f8=False, f9=True, f10=False, f11=True, f12=True)",0.9509211864733172
12.547,"FeatureMask(f0=True, f1=True, f2=True, f3=True, f4=False, f5=False, f6=True, f7=True, f8=False, f9=True, f10=False, f11=True, f12=True)",0.9509211864733172
12.547,"FeatureMask(f0=True, f1=True, f2=True, f3=True, f4=False, f5=False, f6=True, f7=True, f8=False, f9=True, f10=False, f11=True, f12=True)",0.9509211864733172
12.547,"FeatureMask(f0=True, f1=True, f2=True, f3=True, f4=False, f5=False, f6=True, f7=True, f8=False, f9=True, f10=False, f11=True, f12=True)",0.9509211864733172
12.641,"FeatureMask(f0=True, f1=True, f2=True, f3=True, f4=False, f5=False, f6=True, f7=True, f8=False, f9=True, f10=False, f11=True, f12=True)",0.9509211864733172
12.75,"FeatureMask(f0=True, f1=True, f2=True, f3=True, f4=False, f5=False, f6=True, f7=True, f8=False, f9=True, f10=False, f11=True, f12=True)",0.9509211864733172
12.75,"FeatureMask(f0=True, f1=True, f2=True, f3=True, f4=False, f5=False, f6=True, f7=True, f8=False, f9=True, f10=False, f11=True, f12=True)",0.9509211864733172
12.75,"FeatureMask(f0=True, f1=True, f2=True, f3=True, f4=False, f5=False, f6=True, f7=True, f8=False, f9=True, f10=False, f11=True, f12=True)",0.9509211864733172
12.75,"FeatureMask(f0=True, f1=True, f2=True, f3=True, f4=False, f5=False, f6=True, f7=True, f8=False, f9=True, f10=False, f11=True, f12=True)",0.9509211864733172
12.75,"FeatureMask(f0=True, f1=True, f2=True, f3=True, f4=False, f5=False, f6=True, f7=True, f8=False, f9=True, f10=False, f11=True, f12=True)",0.9509211864733172
12.75,"FeatureMask(f0=True, f1=True, f2=True, f3=True, f4=False, f5=False, f6=True, f7=True, f8=False, f9=True, f10=False, f11=True, f12=True)",0.9509211864733172
12.75,"FeatureMask(f0=True, f1=True, f2=True, f3=True, f4=False, f5=False, f6=True, f7=True, f8=False, f9=True, f10=False, f11=True, f12=True)",0.9509211864733172
12.75,"FeatureMask(f0=True, f1=True, f2=True, f3=True, f4=False, f5=False, f6=True, f7=True, f8=False, f9=True, f10=False, f11=True, f12=True)",0.9509211864733172
12.75,"FeatureMask(f0=True, f1=True, f2=True, f3=True, f4=False, f5=False, f6=True, f7=True, f8=False, f9=True, f10=False, f11=True, f12=True)",0.9509211864733172
12.75,"FeatureMask(f0=True, f1=True, f2=True, f3=True, f4=False, f5=False, f6=True, f7=True, f8=False, f9=True, f10=False, f11=True, f12=True)",0.9509211864733172
12.844000000000001,"FeatureMask(f0=True, f1=True, f2=True, f3=True, f4=False, f5=False, f6=True, f7=True, f8=False, f9=True, f10=False, f11=True, f12=True)",0.9509211864733172
12.938,"FeatureMask(f0=True, f1=True, f2=True, f3=True, f4=False, f5=False, f6=True, f7=True, f8=False, f9=True, f10=False, f11=True, f12=True)",0.9509211864733172
12.938,"FeatureMask(f0=True, f1=True, f2=True, f3=True, f4=False, f5=False, f6=True, f7=True, f8=False, f9=True, f10=False, f11=True, f12=True)",0.9509211864733172
12.938,"FeatureMask(f0=True, f1=True, f2=True, f3=True, f4=False, f5=False, f6=True, f7=True, f8=False, f9=True, f10=False, f11=True, f12=True)",0.9509211864733172
12.938,"FeatureMask(f0=True, f1=True, f2=True, f3=True, f4=False, f5=False, f6=True, f7=True, f8=False, f9=True, f10=False, f11=True, f12=True)",0.9509211864733172
12.938,"FeatureMask(f0=True, f1=True, f2=True, f3=True, f4=False, f5=False, f6=True, f7=True, f8=False, f9=True, f10=False, f11=True, f12=True)",0.9509211864733172
12.938,"FeatureMask(f0=True, f1=True, f2=True, f3=True, f4=False, f5=False, f6=True, f7=True, f8=False, f9=True, f10=False, f11=True, f12=True)",0.9509211864733172
12.938,"FeatureMask(f0=True, f1=True, f2=True, f3=True, f4=False, f5=False, f6=True, f7=True, f8=False, f9=True, f10=False, f11=True, f12=True)",0.9509211864733172
12.938,"FeatureMask(f0=True, f1=True, f2=True, f3=True, f4=False, f5=False, f6=True, f7=True, f8=False, f9=True, f10=False, f11=True, f12=True)",0.9509211864733172
12.938,"FeatureMask(f0=True, f1=True, f2=True, f3=True, f4=False, f5=False, f6=True, f7=True, f8=False, f9=True, f10=False, f11=True, f12=True)",0.9509211864733172
12.938,"FeatureMask(f0=True, f1=True, f2=True, f3=True, f4=False, f5=False, f6=True, f7=True, f8=False, f9=True, f10=False, f11=True, f12=True)",0.9509211864733172
13.032,"FeatureMask(f0=True, f1=True, f2=True, f3=True, f4=False, f5=False, f6=True, f7=True, f8=False, f9=True, f10=False, f11=True, f12=True)",0.9509211864733172
13.141,"FeatureMask(f0=True, f1=True, f2=True, f3=True, f4=False, f5=False, f6=True, f7=True, f8=False, f9=True, f10=False, f11=True, f12=True)",0.9509211864733172
13.141,"FeatureMask(f0=True, f1=True, f2=True, f3=True, f4=False, f5=False, f6=True, f7=True, f8=False, f9=True, f10=False, f11=True, f12=True)",0.9509211864733172
13.141,"FeatureMask(f0=True, f1=True, f2=True, f3=True, f4=False, f5=False, f6=True, f7=True, f8=False, f9=True, f10=False, f11=True, f12=True)",0.9509211864733172
13.141,"FeatureMask(f0=True, f1=True, f2=True, f3=True, f4=False, f5=False, f6=True, f7=True, f8=False, f9=True, f10=False, f11=True, f12=True)",0.9509211864733172
13.141,"FeatureMask(f0=True, f1=True, f2=True, f3=True, f4=False, f5=False, f6=True, f7=True, f8=False, f9=True, f10=False, f11=True, f12=True)",0.9509211864733172
13.141,"FeatureMask(f0=True, f1=True, f2=True, f3=True, f4=False, f5=False, f6=True, f7=True, f8=False, f9=True, f10=False, f11=True, f12=True)",0.9509211864733172
13.141,"FeatureMask(f0=True, f1=True, f2=True, f3=True, f4=False, f5=False, f6=True, f7=True, f8=False, f9=True, f10=False, f11=True, f12=True)",0.9509211864733172
13.141,"FeatureMask(f0=True, f1=True, f2=True, f3=True, f4=False, f5=False, f6=True, f7=True, f8=False, f9=True, f10=False, f11=True, f12=True)",0.9509211864733172
13.141,"FeatureMask(f0=True, f1=True, f2=True, f3=True, f4=False, f5=False, f6=True, f7=True, f8=False, f9=True, f10=False, f11=True, f12=True)",0.9509211864733172
13.141,"FeatureMask(f0=True, f1=True, f2=True, f3=True, f4=False, f5=False, f6=True, f7=True, f8=False, f9=True, f10=False, f11=True, f12=True)",0.9509211864733172
13.360000000000001,"FeatureMask(f0=True, f1=True, f2=True, f3=True, f4=False, f5=False, f6=True, f7=True, f8=False, f9=True, f10=False, f11=True, f12=True)",0.9509211864733172
13.360000000000001,"FeatureMask(f0=True, f1=True, f2=True, f3=True, f4=False, f5=False, f6=True, f7=True, f8=False, f9=True, f10=False, f11=True, f12=True)",0.9509211864733172
13.360000000000001,"FeatureMask(f0=True, f1=True, f2=True, f3=True, f4=False, f5=False, f6=True, f7=True, f8=False, f9=True, f10=False, f11=True, f12=True)",0.9509211864733172
13.360000000000001,"FeatureMask(f0=True, f1=True, f2=True, f3=True, f4=False, f5=False, f6=True, f7=True, f8=False, f9=True, f10=False, f11=True, f12=True)",0.9509211864733172
13.360000000000001,"FeatureMask(f0=True, f1=True, f2=True, f3=True, f4=False, f5=False, f6=True, f7=True, f8=False, f9=True, f10=False, f11=True, f12=True)",0.9509211864733172
13.360000000000001,"FeatureMask(f0=True, f1=True, f2=True, f3=True, f4=False, f5=False, f6=True, f7=True, f8=False, f9=True, f10=False, f11=True, f12=True)",0.9509211864733172
13.360000000000001,"FeatureMask(f0=True, f1=True, f2=True, f3=True, f4=False, f5=False, f6=True, f7=True, f8=False, f9=True, f10=False, f11=True, f12=True)",0.9509211864733172
13.360000000000001,"FeatureMask(f0=True, f1=True, f2=True, f3=True, f4=False, f5=False, f6=True, f7=True, f8=False, f9=True, f10=False, f11=True, f12=True)",0.9509211864733172
13.360000000000001,"FeatureMask(f0=True, f1=True, f2=True, f3=True, f4=False, f5=False, f6=True, f7=True, f8=False, f9=True, f10=False, f11=True, f12=True)",0.9509211864733172
13.360000000000001,"FeatureMask(f0=True, f1=True, f2=True, f3=True, f4=False, f5=False, f6=True, f7=True, f8=False, f9=True, f10=False, f11=True, f12=True)",0.9509211864733172
13.453000000000001,"FeatureMask(f0=True, f1=True, f2=True, f3=True, f4=False, f5=False, f6=True, f7=True, f8=False, f9=True, f10=False, f11=True, f12=True)",0.9509211864733172
13.453000000000001,"FeatureMask(f0=True, f1=True, f2=True, f3=True, f4=False, f5=False, f6=True, f7=True, f8=False, f9=True, f10=False, f11=True, f12=True)",0.9509211864733172
13.453000000000001,"FeatureMask(f0=True, f1=True, f2=True, f3=True, f4=False, f5=False, f6=True, f7=True, f8=False, f9=True, f10=False, f11=True, f12=True)",0.9509211864733172
13.453000000000001,"FeatureMask(f0=True, f1=True, f2=True, f3=True, f4=False, f5=False, f6=True, f7=True, f8=False, f9=True, f10=False, f11=True, f12=True)",0.9509211864733172
13.453000000000001,"FeatureMask(f0=True, f1=True, f2=True, f3=True, f4=False, f5=False, f6=True, f7=True, f8=False, f9=True, f10=False, f11=True, f12=True)",0.9509211864733172
13.453000000000001,"FeatureMask(f0=True, f1=True, f2=True, f3=True, f4=False, f5=False, f6=True, f7=True, f8=False, f9=True, f10=False, f11=True, f12=True)",0.9509211864733172
13.547,"FeatureMask(f0=True, f1=True, f2=True, f3=True, f4=False, f5=False, f6=True, f7=True, f8=False, f9=True, f10=False, f11=True, f12=True)",0.9509211864733172
13.547,"FeatureMask(f0=True, f1=True, f2=True, f3=True, f4=False, f5=False, f6=True, f7=True, f8=False, f9=True, f10=False, f11=True, f12=True)",0.9509211864733172
13.547,"FeatureMask(f0=True, f1=True, f2=True, f3=True, f4=False, f5=False, f6=True, f7=True, f8=False, f9=True, f10=False, f11=True, f12=True)",0.9509211864733172
13.547,"FeatureMask(f0=True, f1=True, f2=True, f3=True, f4=False, f5=False, f6=True, f7=True, f8=False, f9=True, f10=False, f11=True, f12=True)",0.9509211864733172
13.547,"FeatureMask(f0=True, f1=True, f2=True, f3=True, f4=False, f5=False, f6=True, f7=True, f8=False, f9=True, f10=False, f11=True, f12=True)",0.9509211864733172
13.547,"FeatureMask(f0=True, f1=True, f2=True, f3=True, f4=False, f5=False, f6=True, f7=True, f8=False, f9=True, f10=False, f11=True, f12=True)",0.9509211864733172
13.547,"FeatureMask(f0=True, f1=True, f2=True, f3=True, f4=False, f5=False, f6=True, f7=True, f8=False, f9=True, f10=False, f11=True, f12=True)",0.9509211864733172
13.547,"FeatureMask(f0=True, f1=True, f2=True, f3=True, f4=False, f5=False, f6=True, f7=True, f8=False, f9=True, f10=False, f11=True, f12=True)",0.9509211864733172
13.547,"FeatureMask(f0=True, f1=True, f2=True, f3=True, f4=False, f5=False, f6=True, f7=True, f8=False, f9=True, f10=False, f11=True, f12=True)",0.9509211864733172
13.547,"FeatureMask(f0=True, f1=True, f2=True, f3=True, f4=False, f5=False, f6=True, f7=True, f8=False, f9=True, f10=False, f11=True, f12=True)",0.9509211864733172
13.641,"FeatureMask(f0=True, f1=True, f2=True, f3=True, f4=False, f5=False, f6=True, f7=True, f8=False, f9=True, f10=False, f11=True, f12=True)",0.9509211864733172
13.641,"FeatureMask(f0=True, f1=True, f2=True, f3=True, f4=False, f5=False, f6=True, f7=True, f8=False, f9=True, f10=False, f11=True, f12=True)",0.9509211864733172
13.766,"FeatureMask(f0=True, f1=True, f2=True, f3=True, f4=False, f5=False, f6=True, f7=True, f8=False, f9=True, f10=False, f11=True, f12=True)",0.9509211864733172
13.766,"FeatureMask(f0=True, f1=True, f2=True, f3=True, f4=False, f5=False, f6=True, f7=True, f8=False, f9=True, f10=False, f11=True, f12=True)",0.9509211864733172
13.766,"FeatureMask(f0=True, f1=True, f2=True, f3=True, f4=False, f5=False, f6=True, f7=True, f8=False, f9=True, f10=False, f11=True, f12=True)",0.9509211864733172
13.766,"FeatureMask(f0=True, f1=True, f2=True, f3=True, f4=False, f5=False, f6=True, f7=True, f8=False, f9=True, f10=False, f11=True, f12=True)",0.9509211864733172
13.766,"FeatureMask(f0=True, f1=True, f2=True, f3=True, f4=False, f5=False, f6=True, f7=True, f8=False, f9=True, f10=False, f11=True, f12=True)",0.9509211864733172
13.766,"FeatureMask(f0=True, f1=True, f2=True, f3=True, f4=False, f5=False, f6=True, f7=True, f8=False, f9=True, f10=False, f11=True, f12=True)",0.9509211864733172
13.766,"FeatureMask(f0=True, f1=True, f2=True, f3=True, f4=False, f5=False, f6=True, f7=True, f8=False, f9=True, f10=False, f11=True, f12=True)",0.9509211864733172
13.766,"FeatureMask(f0=True, f1=True, f2=True, f3=True, f4=False, f5=False, f6=True, f7=True, f8=False, f9=True, f10=False, f11=True, f12=True)",0.9509211864733172
13.766,"FeatureMask(f0=True, f1=True, f2=True, f3=True, f4=False, f5=False, f6=True, f7=True, f8=False, f9=True, f10=False, f11=True, f12=True)",0.9509211864733172
13.766,"FeatureMask(f0=True, f1=True, f2=True, f3=True, f4=False, f5=False, f6=True, f7=True, f8=False, f9=True, f10=False, f11=True, f12=True)",0.9509211864733172
13.860000000000001,"FeatureMask(f0=True, f1=True, f2=True, f3=True, f4=False, f5=False, f6=True, f7=True, f8=False, f9=True, f10=False, f11=True, f12=True)",0.9509211864733172
13.985000000000001,"FeatureMask(f0=True, f1=True, f2=True, f3=True, f4=False, f5=False, f6=True, f7=True, f8=False, f9=True, f10=False, f11=True, f12=True)",0.9509211864733172
13.985000000000001,"FeatureMask(f0=True, f1=True, f2=True, f3=True, f4=False, f5=False, f6=True, f7=True, f8=False, f9=True, f10=False, f11=True, f12=True)",0.9509211864733172
13.985000000000001,"FeatureMask(f0=True, f1=True, f2=True, f3=True, f4=False, f5=False, f6=True, f7=True, f8=False, f9=True, f10=False, f11=True, f12=True)",0.9509211864733172
13.985000000000001,"FeatureMask(f0=True, f1=True, f2=True, f3=True, f4=False, f5=False, f6=True, f7=True, f8=False, f9=True, f10=False, f11=True, f12=True)",0.9509211864733172
13.985000000000001,"FeatureMask(f0=True, f1=True, f2=True, f3=True, f4=False, f5=False, f6=True, f7=True, f8=False, f9=True, f10=False, f11=True, f12=True)",0.9509211864733172
13.985000000000001,"FeatureMask(f0=True, f1=True, f2=True, f3=True, f4=False, f5=False, f6=True, f7=True, f8=False, f9=True, f10=False, f11=True, f12=True)",0.9509211864733172
13.985000000000001,"FeatureMask(f0=True, f1=True, f2=True, f3=True, f4=False, f5=False, f6=True, f7=True, f8=False, f9=True, f10=False, f11=True, f12=True)",0.9509211864733172
13.985000000000001,"FeatureMask(f0=True, f1=True, f2=True, f3=True, f4=False, f5=False, f6=True, f7=True, f8=False, f9=True, f10=False, f11=True, f12=True)",0.9509211864733172
13.985000000000001,"FeatureMask(f0=True, f1=True, f2=True, f3=True, f4=False, f5=False, f6=True, f7=True, f8=False, f9=True, f10=False, f11=True, f12=True)",0.9509211864733172
13.985000000000001,"FeatureMask(f0=True, f1=True, f2=True, f3=True, f4=False, f5=False, f6=True, f7=True, f8=False, f9=True, f10=False, f11=True, f12=True)",0.9509211864733172
14.172,"FeatureMask(f0=True, f1=True, f2=True, f3=True, f4=False, f5=False, f6=True, f7=True, f8=False, f9=True, f10=False, f11=True, f12=True)",0.9509211864733172
14.172,"FeatureMask(f0=True, f1=True, f2=True, f3=True, f4=False, f5=False, f6=True, f7=True, f8=False, f9=True, f10=False, f11=True, f12=True)",0.9509211864733172
14.172,"FeatureMask(f0=True, f1=True, f2=True, f3=True, f4=False, f5=False, f6=True, f7=True, f8=False, f9=True, f10=False, f11=True, f12=True)",0.9509211864733172
14.172,"FeatureMask(f0=True, f1=True, f2=True, f3=True, f4=False, f5=False, f6=True, f7=True, f8=False, f9=True, f10=False, f11=True, f12=True)",0.9509211864733172
14.172,"FeatureMask(f0=True, f1=True, f2=True, f3=True, f4=False, f5=False, f6=True, f7=True, f8=False, f9=True, f10=False, f11=True, f12=True)",0.9509211864733172
14.172,"FeatureMask(f0=True, f1=True, f2=True, f3=True, f4=False, f5=False, f6=True, f7=True, f8=False, f9=True, f10=False, f11=True, f12=True)",0.9509211864733172
14.172,"FeatureMask(f0=True, f1=True, f2=True, f3=True, f4=False, f5=False, f6=True, f7=True, f8=False, f9=True, f10=False, f11=True, f12=True)",0.9509211864733172
14.172,"FeatureMask(f0=True, f1=True, f2=True, f3=True, f4=False, f5=False, f6=True, f7=True, f8=False, f9=True, f10=False, f11=True, f12=True)",0.9509211864733172
14.172,"FeatureMask(f0=True, f1=True, f2=True, f3=True, f4=False, f5=False, f6=True, f7=True, f8=False, f9=True, f10=False, f11=True, f12=True)",0.9509211864733172
14.172,"FeatureMask(f0=True, f1=True, f2=True, f3=True, f4=False, f5=False, f6=True, f7=True, f8=False, f9=True, f10=False, f11=True, f12=True)",0.9509211864733172
14.266,"FeatureMask(f0=True, f1=True, f2=True, f3=True, f4=False, f5=False, f6=True, f7=True, f8=False, f9=True, f10=False, f11=True, f12=True)",0.9509211864733172
14.266,"FeatureMask(f0=True, f1=True, f2=True, f3=True, f4=False, f5=False, f6=True, f7=True, f8=False, f9=True, f10=False, f11=True, f12=True)",0.9509211864733172
14.391,"FeatureMask(f0=True, f1=True, f2=True, f3=True, f4=False, f5=False, f6=True, f7=True, f8=False, f9=True, f10=False, f11=True, f12=True)",0.9509211864733172
14.391,"FeatureMask(f0=True, f1=True, f2=True, f3=True, f4=False, f5=False, f6=True, f7=True, f8=False, f9=True, f10=False, f11=True, f12=True)",0.9509211864733172
14.391,"FeatureMask(f0=True, f1=True, f2=True, f3=True, f4=False, f5=False, f6=True, f7=True, f8=False, f9=True, f10=False, f11=True, f12=True)",0.9509211864733172
14.391,"FeatureMask(f0=True, f1=True, f2=True, f3=True, f4=False, f5=False, f6=True, f7=True, f8=False, f9=True, f10=False, f11=True, f12=True)",0.9509211864733172
14.391,"FeatureMask(f0=True, f1=True, f2=True, f3=True, f4=False, f5=False, f6=True, f7=True, f8=False, f9=True, f10=False, f11=True, f12=True)",0.9509211864733172
14.391,"FeatureMask(f0=True, f1=True, f2=True, f3=True, f4=False, f5=False, f6=True, f7=True, f8=False, f9=True, f10=False, f11=True, f12=True)",0.9509211864733172
14.391,"FeatureMask(f0=True, f1=True, f2=True, f3=True, f4=False, f5=False, f6=True, f7=True, f8=False, f9=True, f10=False, f11=True, f12=True)",0.9509211864733172
14.391,"FeatureMask(f0=True, f1=True, f2=True, f3=True, f4=False, f5=False, f6=True, f7=True, f8=False, f9=True, f10=False, f11=True, f12=True)",0.9509211864733172
14.391,"FeatureMask(f0=True, f1=True, f2=True, f3=True, f4=False, f5=False, f6=True, f7=True, f8=False, f9=True, f10=False, f11=True, f12=True)",0.9509211864733172
14.391,"FeatureMask(f0=True, f1=True, f2=True, f3=True, f4=False, f5=False, f6=True, f7=True, f8=False, f9=True, f10=False, f11=True, f12=True)",0.9509211864733172
14.485000000000001,"FeatureMask(f0=True, f1=True, f2=True, f3=True, f4=False, f5=False, f6=True, f7=True, f8=False, f9=True, f10=False, f11=True, f12=True)",0.9509211864733172
14.610000000000001,"FeatureMask(f0=True, f1=True, f2=True, f3=True, f4=False, f5=False, f6=True, f7=True, f8=False, f9=True, f10=False, f11=True, f12=True)",0.9509211864733172
14.610000000000001,"FeatureMask(f0=True, f1=True, f2=True, f3=True, f4=False, f5=False, f6=True, f7=True, f8=False, f9=True, f10=False, f11=True, f12=True)",0.9509211864733172
14.610000000000001,"FeatureMask(f0=True, f1=True, f2=True, f3=True, f4=False, f5=False, f6=True, f7=True, f8=False, f9=True, f10=False, f11=True, f12=True)",0.9509211864733172
14.610000000000001,"FeatureMask(f0=True, f1=True, f2=True, f3=True, f4=False, f5=False, f6=True, f7=True, f8=False, f9=True, f10=False, f11=True, f12=True)",0.9509211864733172
14.610000000000001,"FeatureMask(f0=True, f1=True, f2=True, f3=True, f4=False, f5=False, f6=True, f7=True, f8=False, f9=True, f10=False, f11=True, f12=True)",0.9509211864733172
14.610000000000001,"FeatureMask(f0=True, f1=True, f2=True, f3=True, f4=False, f5=False, f6=True, f7=True, f8=False, f9=True, f10=False, f11=True, f12=True)",0.9509211864733172
14.610000000000001,"FeatureMask(f0=True, f1=True, f2=True, f3=True, f4=False, f5=False, f6=True, f7=True, f8=False, f9=True, f10=False, f11=True, f12=True)",0.9509211864733172
14.610000000000001,"FeatureMask(f0=True, f1=True, f2=True, f3=True, f4=False, f5=False, f6=True, f7=True, f8=False, f9=True, f10=False, f11=True, f12=True)",0.9509211864733172
14.610000000000001,"FeatureMask(f0=True, f1=True, f2=True, f3=True, f4=False, f5=False, f6=True, f7=True, f8=False, f9=True, f10=False, f11=True, f12=True)",0.9509211864733172
14.610000000000001,"FeatureMask(f0=True, f1=True, f2=True, f3=True, f4=False, f5=False, f6=True, f7=True, f8=False, f9=True, f10=False, f11=True, f12=True)",0.9509211864733172
14.703000000000001,"FeatureMask(f0=True, f1=True, f2=True, f3=True, f4=False, f5=False, f6=True, f7=True, f8=False, f9=True, f10=False, f11=True, f12=True)",0.9509211864733172
14.703000000000001,"FeatureMask(f0=True, f1=True, f2=True, f3=True, f4=False, f5=False, f6=True, f7=True, f8=False, f9=True, f10=False, f11=True, f12=True)",0.9509211864733172
14.813,"FeatureMask(f0=True, f1=True, f2=True, f3=True, f4=False, f5=False, f6=True, f7=True, f8=False, f9=True, f10=False, f11=True, f12=True)",0.9509211864733172
14.813,"FeatureMask(f0=True, f1=True, f2=True, f3=True, f4=False, f5=False, f6=True, f7=True, f8=False, f9=True, f10=False, f11=True, f12=True)",0.9509211864733172
14.813,"FeatureMask(f0=True, f1=True, f2=True, f3=True, f4=False, f5=False, f6=True, f7=True, f8=False, f9=True, f10=False, f11=True, f12=True)",0.9509211864733172
14.813,"FeatureMask(f0=True, f1=True, f2=True, f3=True, f4=False, f5=False, f6=True, f7=True, f8=False, f9=True, f10=False, f11=True, f12=True)",0.9509211864733172
14.813,"FeatureMask(f0=True, f1=True, f2=True, f3=True, f4=False, f5=False, f6=True, f7=True, f8=False, f9=True, f10=False, f11=True, f12=True)",0.9509211864733172
14.813,"FeatureMask(f0=True, f1=True, f2=True, f3=True, f4=False, f5=False, f6=True, f7=True, f8=False, f9=True, f10=False, f11=True, f12=True)",0.9509211864733172
14.813,"FeatureMask(f0=True, f1=True, f2=True, f3=True, f4=False, f5=False, f6=True, f7=True, f8=False, f9=True, f10=False, f11=True, f12=True)",0.9509211864733172
14.813,"FeatureMask(f0=True, f1=True, f2=True, f3=True, f4=False, f5=False, f6=True, f7=True, f8=False, f9=True, f10=False, f11=True, f12=True)",0.9509211864733172
14.813,"FeatureMask(f0=True, f1=True, f2=True, f3=True, f4=False, f5=False, f6=True, f7=True, f8=False, f9=True, f10=False, f11=True, f12=True)",0.9509211864733172
14.813,"FeatureMask(f0=True, f1=True, f2=True, f3=True, f4=False, f5=False, f6=True, f7=True, f8=False, f9=True, f10=False, f11=True, f12=True)",0.9509211864733172
14.891000000000002,"FeatureMask(f0=True, f1=True, f2=True, f3=True, f4=False, f5=False, f6=True, f7=True, f8=False, f9=True, f10=False, f11=True, f12=True)",0.9509211864733172
14.891000000000002,"FeatureMask(f0=True, f1=True, f2=True, f3=True, f4=False, f5=False, f6=True, f7=True, f8=False, f9=True, f10=False, f11=True, f12=True)",0.9509211864733172
14.985000000000001,"FeatureMask(f0=True, f1=True, f2=True, f3=True, f4=False, f5=False, f6=True, f7=True, f8=False, f9=True, f10=False, f11=True, f12=True)",0.9509211864733172
14.985000000000001,"FeatureMask(f0=True, f1=True, f2=True, f3=True, f4=False, f5=False, f6=True, f7=True, f8=False, f9=True, f10=False, f11=True, f12=True)",0.9509211864733172
14.985000000000001,"FeatureMask(f0=True, f1=True, f2=True, f3=True, f4=False, f5=False, f6=True, f7=True, f8=False, f9=True, f10=False, f11=True, f12=True)",0.9509211864733172
14.985000000000001,"FeatureMask(f0=True, f1=True, f2=True, f3=True, f4=False, f5=False, f6=True, f7=True, f8=False, f9=True, f10=False, f11=True, f12=True)",0.9509211864733172
14.985000000000001,"FeatureMask(f0=True, f1=True, f2=True, f3=True, f4=False, f5=False, f6=True, f7=True, f8=False, f9=True, f10=False, f11=True, f12=True)",0.9509211864733172
14.985000000000001,"FeatureMask(f0=True, f1=True, f2=True, f3=True, f4=False, f5=False, f6=True, f7=True, f8=False, f9=True, f10=False, f11=True, f12=True)",0.9509211864733172
14.985000000000001,"FeatureMask(f0=True, f1=True, f2=True, f3=True, f4=False, f5=False, f6=True, f7=True, f8=False, f9=True, f10=False, f11=True, f12=True)",0.9509211864733172
14.985000000000001,"FeatureMask(f0=True, f1=True, f2=True, f3=True, f4=False, f5=False, f6=True, f7=True, f8=False, f9=True, f10=False, f11=True, f12=True)",0.9509211864733172
14.985000000000001,"FeatureMask(f0=True, f1=True, f2=True, f3=True, f4=False, f5=False, f6=True, f7=True, f8=False, f9=True, f10=False, f11=True, f12=True)",0.9509211864733172
14.985000000000001,"FeatureMask(f0=True, f1=True, f2=True, f3=True, f4=False, f5=False, f6=True, f7=True, f8=False, f9=True, f10=False, f11=True, f12=True)",0.9509211864733172
15.078000000000001,"FeatureMask(f0=True, f1=True, f2=True, f3=True, f4=False, f5=False, f6=True, f7=True, f8=False, f9=True, f10=False, f11=True, f12=True)",0.9509211864733172
15.157000000000002,"FeatureMask(f0=True, f1=True, f2=True, f3=True, f4=False, f5=False, f6=True, f7=True, f8=False, f9=True, f10=False, f11=True, f12=True)",0.9509211864733172
15.157000000000002,"FeatureMask(f0=True, f1=True, f2=True, f3=True, f4=False, f5=False, f6=True, f7=True, f8=False, f9=True, f10=False, f11=True, f12=True)",0.9509211864733172
15.157000000000002,"FeatureMask(f0=True, f1=True, f2=True, f3=True, f4=False, f5=False, f6=True, f7=True, f8=False, f9=True, f10=False, f11=True, f12=True)",0.9509211864733172
15.157000000000002,"FeatureMask(f0=True, f1=True, f2=True, f3=True, f4=False, f5=False, f6=True, f7=True, f8=False, f9=True, f10=False, f11=True, f12=True)",0.9509211864733172
15.157000000000002,"FeatureMask(f0=True, f1=True, f2=True, f3=True, f4=False, f5=False, f6=True, f7=True, f8=False, f9=True, f10=False, f11=True, f12=True)",0.9509211864733172
15.157000000000002,"FeatureMask(f0=True, f1=True, f2=True, f3=True, f4=False, f5=False, f6=True, f7=True, f8=False, f9=True, f10=False, f11=True, f12=True)",0.9509211864733172
15.157000000000002,"FeatureMask(f0=True, f1=True, f2=True, f3=True, f4=False, f5=False, f6=True, f7=True, f8=False, f9=True, f10=False, f11=True, f12=True)",0.9509211864733172
15.157000000000002,"FeatureMask(f0=True, f1=True, f2=True, f3=True, f4=False, f5=False, f6=True, f7=True, f8=False, f9=True, f10=False, f11=True, f12=True)",0.9509211864733172
15.157000000000002,"FeatureMask(f0=True, f1=True, f2=True, f3=True, f4=False, f5=False, f6=True, f7=True, f8=False, f9=True, f10=False, f11=True, f12=True)",0.9509211864733172
15.157000000000002,"FeatureMask(f0=True, f1=True, f2=True, f3=True, f4=False, f5=False, f6=True, f7=True, f8=False, f9=True, f10=False, f11=True, f12=True)",0.9509211864733172
15.250000000000002,"FeatureMask(f0=True, f1=True, f2=True, f3=True, f4=False, f5=False, f6=True, f7=True, f8=False, f9=True, f10=False, f11=True, f12=True)",0.9509211864733172
15.328000000000001,"FeatureMask(f0=True, f1=True, f2=True, f3=True, f4=False, f5=False, f6=True, f7=True, f8=False, f9=True, f10=False, f11=True, f12=True)",0.9509211864733172
15.328000000000001,"FeatureMask(f0=True, f1=True, f2=True, f3=True, f4=False, f5=False, f6=True, f7=True, f8=False, f9=True, f10=False, f11=True, f12=True)",0.9509211864733172
15.328000000000001,"FeatureMask(f0=True, f1=True, f2=True, f3=True, f4=False, f5=False, f6=True, f7=True, f8=False, f9=True, f10=False, f11=True, f12=True)",0.9509211864733172
15.328000000000001,"FeatureMask(f0=True, f1=True, f2=True, f3=True, f4=False, f5=False, f6=True, f7=True, f8=False, f9=True, f10=False, f11=True, f12=True)",0.9509211864733172
15.328000000000001,"FeatureMask(f0=True, f1=True, f2=True, f3=True, f4=False, f5=False, f6=True, f7=True, f8=False, f9=True, f10=False, f11=True, f12=True)",0.9509211864733172
15.328000000000001,"FeatureMask(f0=True, f1=True, f2=True, f3=True, f4=False, f5=False, f6=True, f7=True, f8=False, f9=True, f10=False, f11=True, f12=True)",0.9509211864733172
15.328000000000001,"FeatureMask(f0=True, f1=True, f2=True, f3=True, f4=False, f5=False, f6=True, f7=True, f8=False, f9=True, f10=False, f11=True, f12=True)",0.9509211864733172
15.328000000000001,"FeatureMask(f0=True, f1=True, f2=True, f3=True, f4=False, f5=False, f6=True, f7=True, f8=False, f9=True, f10=False, f11=True, f12=True)",0.9509211864733172
15.328000000000001,"FeatureMask(f0=True, f1=True, f2=True, f3=True, f4=False, f5=False, f6=True, f7=True, f8=False, f9=True, f10=False, f11=True, f12=True)",0.9509211864733172
15.328000000000001,"FeatureMask(f0=True, f1=True, f2=True, f3=True, f4=False, f5=False, f6=True, f7=True, f8=False, f9=True, f10=False, f11=True, f12=True)",0.9509211864733172
15.422,"FeatureMask(f0=True, f1=True, f2=True, f3=True, f4=False, f5=False, f6=True, f7=True, f8=False, f9=True, f10=False, f11=True, f12=True)",0.9509211864733172
15.485000000000001,"FeatureMask(f0=True, f1=True, f2=True, f3=True, f4=False, f5=False, f6=True, f7=True, f8=False, f9=True, f10=False, f11=True, f12=True)",0.9509211864733172
15.485000000000001,"FeatureMask(f0=True, f1=True, f2=True, f3=True, f4=False, f5=False, f6=True, f7=True, f8=False, f9=True, f10=False, f11=True, f12=True)",0.9509211864733172
15.485000000000001,"FeatureMask(f0=True, f1=True, f2=True, f3=True, f4=False, f5=False, f6=True, f7=True, f8=False, f9=True, f10=False, f11=True, f12=True)",0.9509211864733172
15.485000000000001,"FeatureMask(f0=True, f1=True, f2=True, f3=True, f4=False, f5=False, f6=True, f7=True, f8=False, f9=True, f10=False, f11=True, f12=True)",0.9509211864733172
15.485000000000001,"FeatureMask(f0=True, f1=True, f2=True, f3=True, f4=False, f5=False, f6=True, f7=True, f8=False, f9=True, f10=False, f11=True, f12=True)",0.9509211864733172
15.485000000000001,"FeatureMask(f0=True, f1=True, f2=True, f3=True, f4=False, f5=False, f6=True, f7=True, f8=False, f9=True, f10=False, f11=True, f12=True)",0.9509211864733172
15.485000000000001,"FeatureMask(f0=True, f1=True, f2=True, f3=True, f4=False, f5=False, f6=True, f7=True, f8=False, f9=True, f10=False, f11=True, f12=True)",0.9509211864733172
15.485000000000001,"FeatureMask(f0=True, f1=True, f2=True, f3=True, f4=False, f5=False, f6=True, f7=True, f8=False, f9=True, f10=False, f11=True, f12=True)",0.9509211864733172
15.485000000000001,"FeatureMask(f0=True, f1=True, f2=True, f3=True, f4=False, f5=False, f6=True, f7=True, f8=False, f9=True, f10=False, f11=True, f12=True)",0.9509211864733172
15.485000000000001,"FeatureMask(f0=True, f1=True, f2=True, f3=True, f4=False, f5=False, f6=True, f7=True, f8=False, f9=True, f10=False, f11=True, f12=True)",0.9509211864733172
15.563,"FeatureMask(f0=True, f1=True, f2=True, f3=True, f4=False, f5=False, f6=True, f7=True, f8=False, f9=True, f10=False, f11=True, f12=True)",0.9509211864733172
15.563,"FeatureMask(f0=True, f1=True, f2=True, f3=True, f4=False, f5=False, f6=True, f7=True, f8=False, f9=True, f10=False, f11=True, f12=True)",0.9509211864733172
15.563,"FeatureMask(f0=True, f1=True, f2=True, f3=True, f4=False, f5=False, f6=True, f7=True, f8=False, f9=True, f10=False, f11=True, f12=True)",0.9509211864733172
15.563,"FeatureMask(f0=True, f1=True, f2=True, f3=True, f4=False, f5=False, f6=True, f7=True, f8=False, f9=True, f10=False, f11=True, f12=True)",0.9509211864733172
15.563,"FeatureMask(f0=True, f1=True, f2=True, f3=True, f4=False, f5=False, f6=True, f7=True, f8=False, f9=True, f10=False, f11=True, f12=True)",0.9509211864733172
15.563,"FeatureMask(f0=True, f1=True, f2=True, f3=True, f4=False, f5=False, f6=True, f7=True, f8=False, f9=True, f10=False, f11=True, f12=True)",0.9509211864733172
15.563,"FeatureMask(f0=True, f1=True, f2=True, f3=True, f4=False, f5=False, f6=True, f7=True, f8=False, f9=True, f10=False, f11=True, f12=True)",0.9509211864733172
15.563,"FeatureMask(f0=True, f1=True, f2=True, f3=True, f4=False, f5=False, f6=True, f7=True, f8=False, f9=True, f10=False, f11=True, f12=True)",0.9509211864733172
15.563,"FeatureMask(f0=True, f1=True, f2=True, f3=True, f4=False, f5=False, f6=True, f7=True, f8=False, f9=True, f10=False, f11=True, f12=True)",0.9509211864733172
15.578000000000001,"FeatureMask(f0=True, f1=True, f2=True, f3=True, f4=False, f5=False, f6=True, f7=True, f8=False, f9=True, f10=False, f11=True, f12=True)",0.9509211864733172
15.578000000000001,"FeatureMask(f0=True, f1=True, f2=True, f3=True, f4=False, f5=False, f6=True, f7=True, f8=False, f9=True, f10=False, f11=True, f12=True)",0.9509211864733172
15.578000000000001,"FeatureMask(f0=True, f1=True, f2=True, f3=True, f4=False, f5=False, f6=True, f7=True, f8=False, f9=True, f10=False, f11=True, f12=True)",0.9509211864733172
15.578000000000001,"FeatureMask(f0=True, f1=True, f2=True, f3=True, f4=False, f5=False, f6=True, f7=True, f8=False, f9=True, f10=False, f11=True, f12=True)",0.9509211864733172
15.578000000000001,"FeatureMask(f0=True, f1=True, f2=True, f3=True, f4=False, f5=False, f6=True, f7=True, f8=False, f9=True, f10=False, f11=True, f12=True)",0.9509211864733172
15.594000000000001,"FeatureMask(f0=True, f1=True, f2=True, f3=True, f4=False, f5=False, f6=True, f7=True, f8=False, f9=True, f10=False, f11=True, f12=True)",0.9509211864733172
15.594000000000001,"FeatureMask(f0=True, f1=True, f2=True, f3=True, f4=False, f5=False, f6=True, f7=True, f8=False, f9=True, f10=False, f11=True, f12=True)",0.9509211864733172
15.610000000000001,"FeatureMask(f0=True, f1=True, f2=True, f3=True, f4=False, f5=False, f6=True, f7=True, f8=False, f9=True, f10=False, f11=True, f12=True)",0.9509211864733172
15.610000000000001,"FeatureMask(f0=True, f1=True, f2=True, f3=True, f4=False, f5=False, f6=True, f7=True, f8=False, f9=True, f10=False, f11=True, f12=True)",0.9509211864733172
15.625000000000002,"FeatureMask(f0=True, f1=True, f2=True, f3=True, f4=False, f5=False, f6=True, f7=True, f8=False, f9=True, f10=False, f11=True, f12=True)",0.9509211864733172
15.641000000000002,"FeatureMask(f0=True, f1=True, f2=True, f3=True, f4=False, f5=False, f6=True, f7=True, f8=False, f9=True, f10=False, f11=True, f12=True)",0.9509211864733172
15.641000000000002,"FeatureMask(f0=True, f1=True, f2=True, f3=True, f4=False, f5=False, f6=True, f7=True, f8=False, f9=True, f10=False, f11=True, f12=True)",0.9509211864733172
15.641000000000002,"FeatureMask(f0=True, f1=True, f2=True, f3=True, f4=False, f5=False, f6=True, f7=True, f8=False, f9=True, f10=False, f11=True, f12=True)",0.9509211864733172
15.657000000000002,"FeatureMask(f0=True, f1=True, f2=True, f3=True, f4=False, f5=False, f6=True, f7=True, f8=False, f9=True, f10=False, f11=True, f12=True)",0.9509211864733172
15.672,"FeatureMask(f0=True, f1=True, f2=True, f3=True, f4=False, f5=False, f6=True, f7=True, f8=False, f9=True, f10=False, f11=True, f12=True)",0.9509211864733172
15.672,"FeatureMask(f0=True, f1=True, f2=True, f3=True, f4=False, f5=False, f6=True, f7=True, f8=False, f9=True, f10=False, f11=True, f12=True)",0.9509211864733172
15.688,"FeatureMask(f0=True, f1=True, f2=True, f3=True, f4=False, f5=False, f6=True, f7=True, f8=False, f9=True, f10=False, f11=True, f12=True)",0.9509211864733172
15.688,"FeatureMask(f0=True, f1=True, f2=True, f3=True, f4=False, f5=False, f6=True, f7=True, f8=False, f9=True, f10=False, f11=True, f12=True)",0.9509211864733172
15.703000000000001,"FeatureMask(f0=True, f1=True, f2=True, f3=True, f4=False, f5=False, f6=True, f7=True, f8=False, f9=True, f10=False, f11=True, f12=True)",0.9509211864733172
15.703000000000001,"FeatureMask(f0=True, f1=True, f2=True, f3=True, f4=False, f5=False, f6=True, f7=True, f8=False, f9=True, f10=False, f11=True, f12=True)",0.9509211864733172
15.703000000000001,"FeatureMask(f0=True, f1=True, f2=True, f3=True, f4=False, f5=False, f6=True, f7=True, f8=False, f9=True, f10=False, f11=True, f12=True)",0.9509211864733172
15.703000000000001,"FeatureMask(f0=True, f1=True, f2=True, f3=True, f4=False, f5=False, f6=True, f7=True, f8=False, f9=True, f10=False, f11=True, f12=True)",0.9509211864733172
15.703000000000001,"FeatureMask(f0=True, f1=True, f2=True, f3=True, f4=False, f5=False, f6=True, f7=True, f8=False, f9=True, f10=False, f11=True, f12=True)",0.9509211864733172
15.703000000000001,"FeatureMask(f0=True, f1=True, f2=True, f3=True, f4=False, f5=False, f6=True, f7=True, f8=False, f9=True, f10=False, f11=True, f12=True)",0.9509211864733172
15.703000000000001,"FeatureMask(f0=True, f1=True, f2=True, f3=True, f4=False, f5=False, f6=True, f7=True, f8=False, f9=True, f10=False, f11=True, f12=True)",0.9509211864733172
15.703000000000001,"FeatureMask(f0=True, f1=True, f2=True, f3=True, f4=False, f5=False, f6=True, f7=True, f8=False, f9=True, f10=False, f11=True, f12=True)",0.9509211864733172
15.703000000000001,"FeatureMask(f0=True, f1=True, f2=True, f3=True, f4=False, f5=False, f6=True, f7=True, f8=False, f9=True, f10=False, f11=True, f12=True)",0.9509211864733172
15.703000000000001,"FeatureMask(f0=True, f1=True, f2=True, f3=True, f4=False, f5=False, f6=True, f7=True, f8=False, f9=True, f10=False, f11=True, f12=True)",0.9509211864733172
15.703000000000001,"FeatureMask(f0=True, f1=True, f2=True, f3=True, f4=False, f5=False, f6=True, f7=True, f8=False, f9=True, f10=False, f11=True, f12=True)",0.9509211864733172
15.703000000000001,"FeatureMask(f0=True, f1=True, f2=True, f3=True, f4=False, f5=False, f6=True, f7=True, f8=False, f9=True, f10=False, f11=True, f12=True)",0.9509211864733172
15.797,"FeatureMask(f0=True, f1=True, f2=True, f3=True, f4=False, f5=False, f6=True, f7=True, f8=False, f9=True, f10=False, f11=True, f12=True)",0.9509211864733172
15.797,"FeatureMask(f0=True, f1=True, f2=True, f3=True, f4=False, f5=False, f6=True, f7=True, f8=False, f9=True, f10=False, f11=True, f12=True)",0.9509211864733172
15.797,"FeatureMask(f0=True, f1=True, f2=True, f3=True, f4=False, f5=False, f6=True, f7=True, f8=False, f9=True, f10=False, f11=True, f12=True)",0.9509211864733172
15.797,"FeatureMask(f0=True, f1=True, f2=True, f3=True, f4=False, f5=False, f6=True, f7=True, f8=False, f9=True, f10=False, f11=True, f12=True)",0.9509211864733172
15.797,"FeatureMask(f0=True, f1=True, f2=True, f3=True, f4=False, f5=False, f6=True, f7=True, f8=False, f9=True, f10=False, f11=True, f12=True)",0.9509211864733172
15.797,"FeatureMask(f0=True, f1=True, f2=True, f3=True, f4=False, f5=False, f6=True, f7=True, f8=False, f9=True, f10=False, f11=True, f12=True)",0.9509211864733172
15.797,"FeatureMask(f0=True, f1=True, f2=True, f3=True, f4=False, f5=False, f6=True, f7=True, f8=False, f9=True, f10=False, f11=True, f12=True)",0.9509211864733172
15.797,"FeatureMask(f0=True, f1=True, f2=True, f3=True, f4=False, f5=False, f6=True, f7=True, f8=False, f9=True, f10=False, f11=True, f12=True)",0.9509211864733172
15.797,"FeatureMask(f0=True, f1=True, f2=True, f3=True, f4=False, f5=False, f6=True, f7=True, f8=False, f9=True, f10=False, f11=True, f12=True)",0.9509211864733172
15.797,"FeatureMask(f0=True, f1=True, f2=True, f3=True, f4=False, f5=False, f6=True, f7=True, f8=False, f9=True, f10=False, f11=True, f12=True)",0.9509211864733172
15.797,"FeatureMask(f0=True, f1=True, f2=True, f3=True, f4=False, f5=False, f6=True, f7=True, f8=False, f9=True, f10=False, f11=True, f12=True)",0.9509211864733172
15.797,"FeatureMask(f0=True, f1=True, f2=True, f3=True, f4=False, f5=False, f6=True, f7=True, f8=False, f9=True, f10=False, f11=True, f12=True)",0.9509211864733172
15.797,"FeatureMask(f0=True, f1=True, f2=True, f3=True, f4=False, f5=False, f6=True, f7=True, f8=False, f9=True, f10=False, f11=True, f12=True)",0.9509211864733172
15.797,"FeatureMask(f0=True, f1=True, f2=True, f3=True, f4=False, f5=False, f6=True, f7=True, f8=False, f9=True, f10=False, f11=True, f12=True)",0.9509211864733172
15.797,"FeatureMask(f0=True, f1=True, f2=True, f3=True, f4=False, f5=False, f6=True, f7=True, f8=False, f9=True, f10=False, f11=True, f12=True)",0.9509211864733172
15.797,"FeatureMask(f0=True, f1=True, f2=True, f3=True, f4=False, f5=False, f6=True, f7=True, f8=False, f9=True, f10=False, f11=True, f12=True)",0.9509211864733172
15.813,"FeatureMask(f0=True, f1=True, f2=True, f3=True, f4=False, f5=False, f6=True, f7=True, f8=False, f9=True, f10=False, f11=True, f12=True)",0.9509211864733172
15.813,"FeatureMask(f0=True, f1=True, f2=True, f3=True, f4=False, f5=False, f6=True, f7=True, f8=False, f9=True, f10=False, f11=True, f12=True)",0.9509211864733172
15.828000000000001,"FeatureMask(f0=True, f1=True, f2=True, f3=True, f4=False, f5=False, f6=True, f7=True, f8=False, f9=True, f10=False, f11=True, f12=True)",0.9509211864733172
15.828000000000001,"FeatureMask(f0=True, f1=True, f2=True, f3=True, f4=False, f5=False, f6=True, f7=True, f8=False, f9=True, f10=False, f11=True, f12=True)",0.9509211864733172
15.828000000000001,"FeatureMask(f0=True, f1=True, f2=True, f3=True, f4=False, f5=False, f6=True, f7=True, f8=False, f9=True, f10=False, f11=True, f12=True)",0.9509211864733172
15.828000000000001,"FeatureMask(f0=True, f1=True, f2=True, f3=True, f4=False, f5=False, f6=True, f7=True, f8=False, f9=True, f10=False, f11=True, f12=True)",0.9509211864733172
15.844000000000001,"FeatureMask(f0=True, f1=True, f2=True, f3=True, f4=False, f5=False, f6=True, f7=True, f8=False, f9=True, f10=False, f11=True, f12=True)",0.9509211864733172
15.860000000000001,"FeatureMask(f0=True, f1=True, f2=True, f3=True, f4=False, f5=False, f6=True, f7=True, f8=False, f9=True, f10=False, f11=True, f12=True)",0.9509211864733172
15.860000000000001,"FeatureMask(f0=True, f1=True, f2=True, f3=True, f4=False, f5=False, f6=True, f7=True, f8=False, f9=True, f10=False, f11=True, f12=True)",0.9509211864733172
15.875000000000002,"FeatureMask(f0=True, f1=True, f2=True, f3=True, f4=False, f5=False, f6=True, f7=True, f8=False, f9=True, f10=False, f11=True, f12=True)",0.9509211864733172
15.875000000000002,"FeatureMask(f0=True, f1=True, f2=True, f3=True, f4=False, f5=False, f6=True, f7=True, f8=False, f9=True, f10=False, f11=True, f12=True)",0.9509211864733172
15.891000000000002,"FeatureMask(f0=True, f1=True, f2=True, f3=True, f4=False, f5=False, f6=True, f7=True, f8=False, f9=True, f10=False, f11=True, f12=True)",0.9509211864733172
15.891000000000002,"FeatureMask(f0=True, f1=True, f2=True, f3=True, f4=False, f5=False, f6=True, f7=True, f8=False, f9=True, f10=False, f11=True, f12=True)",0.9509211864733172
15.891000000000002,"FeatureMask(f0=True, f1=True, f2=True, f3=True, f4=False, f5=False, f6=True, f7=True, f8=False, f9=True, f10=False, f11=True, f12=True)",0.9509211864733172
15.891000000000002,"FeatureMask(f0=True, f1=True, f2=True, f3=True, f4=False, f5=False, f6=True, f7=True, f8=False, f9=True, f10=False, f11=True, f12=True)",0.9509211864733172
15.891000000000002,"FeatureMask(f0=True, f1=True, f2=True, f3=True, f4=False, f5=False, f6=True, f7=True, f8=False, f9=True, f10=False, f11=True, f12=True)",0.9509211864733172
15.891000000000002,"FeatureMask(f0=True, f1=True, f2=True, f3=True, f4=False, f5=False, f6=True, f7=True, f8=False, f9=True, f10=False, f11=True, f12=True)",0.9509211864733172
15.891000000000002,"FeatureMask(f0=True, f1=True, f2=True, f3=True, f4=False, f5=False, f6=True, f7=True, f8=False, f9=True, f10=False, f11=True, f12=True)",0.9509211864733172
15.891000000000002,"FeatureMask(f0=True, f1=True, f2=True, f3=True, f4=False, f5=False, f6=True, f7=True, f8=False, f9=True, f10=False, f11=True, f12=True)",0.9509211864733172
15.891000000000002,"FeatureMask(f0=True, f1=True, f2=True, f3=True, f4=False, f5=False, f6=True, f7=True, f8=False, f9=True, f10=False, f11=True, f12=True)",0.9509211864733172
15.907000000000002,"FeatureMask(f0=True, f1=True, f2=True, f3=True, f4=False, f5=False, f6=True, f7=True, f8=False, f9=True, f10=False, f11=True, f12=True)",0.9509211864733172
15.907000000000002,"FeatureMask(f0=True, f1=True, f2=True, f3=True, f4=False, f5=False, f6=True, f7=True, f8=False, f9=True, f10=False, f11=True, f12=True)",0.9509211864733172
15.907000000000002,"FeatureMask(f0=True, f1=True, f2=True, f3=True, f4=False, f5=False, f6=True, f7=True, f8=False, f9=True, f10=False, f11=True, f12=True)",0.9509211864733172
15.907000000000002,"FeatureMask(f0=True, f1=True, f2=True, f3=True, f4=False, f5=False, f6=True, f7=True, f8=False, f9=True, f10=False, f11=True, f12=True)",0.9509211864733172
15.985000000000001,"FeatureMask(f0=True, f1=True, f2=True, f3=True, f4=False, f5=False, f6=True, f7=True, f8=False, f9=True, f10=False, f11=True, f12=True)",0.9509211864733172
15.985000000000001,"FeatureMask(f0=True, f1=True, f2=True, f3=True, f4=False, f5=False, f6=True, f7=True, f8=False, f9=True, f10=False, f11=True, f12=True)",0.9509211864733172
15.985000000000001,"FeatureMask(f0=True, f1=True, f2=True, f3=True, f4=False, f5=False, f6=True, f7=True, f8=False, f9=True, f10=False, f11=True, f12=True)",0.9509211864733172
16.078,"FeatureMask(f0=True, f1=True, f2=True, f3=True, f4=False, f5=False, f6=True, f7=True, f8=False, f9=True, f10=False, f11=True, f12=True)",0.9509211864733172
16.078,"FeatureMask(f0=True, f1=True, f2=True, f3=True, f4=False, f5=False, f6=True, f7=True, f8=False, f9=True, f10=False, f11=True, f12=True)",0.9509211864733172
16.078,"FeatureMask(f0=True, f1=True, f2=True, f3=True, f4=False, f5=False, f6=True, f7=True, f8=False, f9=True, f10=False, f11=True, f12=True)",0.9509211864733172
16.078,"FeatureMask(f0=True, f1=True, f2=True, f3=True, f4=False, f5=False, f6=True, f7=True, f8=False, f9=True, f10=False, f11=True, f12=True)",0.9509211864733172
16.078,"FeatureMask(f0=True, f1=True, f2=True, f3=True, f4=False, f5=False, f6=True, f7=True, f8=False, f9=True, f10=False, f11=True, f12=True)",0.9509211864733172
16.078,"FeatureMask(f0=True, f1=True, f2=True, f3=True, f4=False, f5=False, f6=True, f7=True, f8=False, f9=True, f10=False, f11=True, f12=True)",0.9509211864733172
16.078,"FeatureMask(f0=True, f1=True, f2=True, f3=True, f4=False, f5=False, f6=True, f7=True, f8=False, f9=True, f10=False, f11=True, f12=True)",0.9509211864733172
16.078,"FeatureMask(f0=True, f1=True, f2=True, f3=True, f4=False, f5=False, f6=True, f7=True, f8=False, f9=True, f10=False, f11=True, f12=True)",0.9509211864733172
16.094,"FeatureMask(f0=True, f1=True, f2=True, f3=True, f4=False, f5=False, f6=True, f7=True, f8=False, f9=True, f10=False, f11=True, f12=True)",0.9509211864733172
16.094,"FeatureMask(f0=True, f1=True, f2=True, f3=True, f4=False, f5=False, f6=True, f7=True, f8=False, f9=True, f10=False, f11=True, f12=True)",0.9509211864733172
16.266000000000002,"FeatureMask(f0=True, f1=True, f2=True, f3=True, f4=False, f5=False, f6=True, f7=True, f8=False, f9=True, f10=False, f11=True, f12=True)",0.9509211864733172
16.266000000000002,"FeatureMask(f0=True, f1=True, f2=True, f3=True, f4=False, f5=False, f6=True, f7=True, f8=False, f9=True, f10=False, f11=True, f12=True)",0.9509211864733172
16.266000000000002,"FeatureMask(f0=True, f1=True, f2=True, f3=True, f4=False, f5=False, f6=True, f7=True, f8=False, f9=True, f10=False, f11=True, f12=True)",0.9509211864733172
16.266000000000002,"FeatureMask(f0=True, f1=True, f2=True, f3=True, f4=False, f5=False, f6=True, f7=True, f8=False, f9=True, f10=False, f11=True, f12=True)",0.9509211864733172
16.266000000000002,"FeatureMask(f0=True, f1=True, f2=True, f3=True, f4=False, f5=False, f6=True, f7=True, f8=False, f9=True, f10=False, f11=True, f12=True)",0.9509211864733172
16.266000000000002,"FeatureMask(f0=True, f1=True, f2=True, f3=True, f4=False, f5=False, f6=True, f7=True, f8=False, f9=True, f10=False, f11=True, f12=True)",0.9509211864733172
16.266000000000002,"FeatureMask(f0=True, f1=True, f2=True, f3=True, f4=False, f5=False, f6=True, f7=True, f8=False, f9=True, f10=False, f11=True, f12=True)",0.9509211864733172
16.266000000000002,"FeatureMask(f0=True, f1=True, f2=True, f3=True, f4=False, f5=False, f6=True, f7=True, f8=False, f9=True, f10=False, f11=True, f12=True)",0.9509211864733172
16.266000000000002,"FeatureMask(f0=True, f1=True, f2=True, f3=True, f4=False, f5=False, f6=True, f7=True, f8=False, f9=True, f10=False, f11=True, f12=True)",0.9509211864733172
16.266000000000002,"FeatureMask(f0=True, f1=True, f2=True, f3=True, f4=False, f5=False, f6=True, f7=True, f8=False, f9=True, f10=False, f11=True, f12=True)",0.9509211864733172
16.313000000000002,"FeatureMask(f0=True, f1=True, f2=True, f3=True, f4=False, f5=False, f6=True, f7=False, f8=False, f9=True, f10=True, f11=True, f12=True)",0.9509211864733172
16.5,"FeatureMask(f0=True, f1=True, f2=True, f3=True, f4=False, f5=False, f6=True, f7=True, f8=False, f9=True, f10=False, f11=True, f12=True)",0.9509211864733172
16.5,"FeatureMask(f0=True, f1=True, f2=True, f3=True, f4=False, f5=False, f6=True, f7=True, f8=False, f9=True, f10=False, f11=True, f12=True)",0.9509211864733172
16.5,"FeatureMask(f0=True, f1=True, f2=True, f3=True, f4=False, f5=False, f6=True, f7=True, f8=False, f9=True, f10=False, f11=True, f12=True)",0.9509211864733172
16.5,"FeatureMask(f0=True, f1=True, f2=True, f3=True, f4=False, f5=False, f6=True, f7=True, f8=False, f9=True, f10=False, f11=True, f12=True)",0.9509211864733172
16.5,"FeatureMask(f0=True, f1=True, f2=True, f3=True, f4=False, f5=False, f6=True, f7=True, f8=False, f9=True, f10=False, f11=True, f12=True)",0.9509211864733172
16.5,"FeatureMask(f0=True, f1=True, f2=True, f3=True, f4=False, f5=False, f6=True, f7=True, f8=False, f9=True, f10=False, f11=True, f12=True)",0.9509211864733172
16.5,"FeatureMask(f0=True, f1=True, f2=True, f3=True, f4=False, f5=False, f6=True, f7=True, f8=False, f9=True, f10=False, f11=True, f12=True)",0.9509211864733172
16.5,"FeatureMask(f0=True, f1=True, f2=True, f3=True, f4=False, f5=False, f6=True, f7=True, f8=False, f9=True, f10=False, f11=True, f12=True)",0.9509211864733172
16.5,"FeatureMask(f0=True, f1=True, f2=True, f3=True, f4=False, f5=False, f6=True, f7=True, f8=False, f9=True, f10=False, f11=True, f12=True)",0.9509211864733172
16.5,"FeatureMask(f0=True, f1=True, f2=True, f3=True, f4=False, f5=False, f6=True, f7=True, f8=False, f9=True, f10=False, f11=True, f12=True)",0.9509211864733172
16.672,"FeatureMask(f0=True, f1=True, f2=True, f3=True, f4=False, f5=False, f6=True, f7=True, f8=False, f9=True, f10=False, f11=True, f12=True)",0.9509211864733172
16.672,"FeatureMask(f0=True, f1=True, f2=True, f3=True, f4=False, f5=False, f6=True, f7=True, f8=False, f9=True, f10=False, f11=True, f12=True)",0.9509211864733172
16.672,"FeatureMask(f0=True, f1=True, f2=True, f3=True, f4=False, f5=False, f6=True, f7=True, f8=False, f9=True, f10=False, f11=True, f12=True)",0.9509211864733172
16.672,"FeatureMask(f0=True, f1=True, f2=True, f3=True, f4=False, f5=False, f6=True, f7=True, f8=False, f9=True, f10=False, f11=True, f12=True)",0.9509211864733172
16.672,"FeatureMask(f0=True, f1=True, f2=True, f3=True, f4=False, f5=False, f6=True, f7=True, f8=False, f9=True, f10=False, f11=True, f12=True)",0.9509211864733172
16.672,"FeatureMask(f0=True, f1=True, f2=True, f3=True, f4=False, f5=False, f6=True, f7=True, f8=False, f9=True, f10=False, f11=True, f12=True)",0.9509211864733172
16.672,"FeatureMask(f0=True, f1=True, f2=True, f3=True, f4=False, f5=False, f6=True, f7=True, f8=False, f9=True, f10=False, f11=True, f12=True)",0.9509211864733172
16.672,"FeatureMask(f0=True, f1=True, f2=True, f3=True, f4=False, f5=False, f6=True, f7=True, f8=False, f9=True, f10=False, f11=True, f12=True)",0.9509211864733172
16.672,"FeatureMask(f0=True, f1=True, f2=True, f3=True, f4=False, f5=False, f6=True, f7=True, f8=False, f9=True, f10=False, f11=True, f12=True)",0.9509211864733172
16.672,"FeatureMask(f0=True, f1=True, f2=True, f3=True, f4=False, f5=False, f6=True, f7=True, f8=False, f9=True, f10=False, f11=True, f12=True)",0.9509211864733172
16.766000000000002,"FeatureMask(f0=True, f1=True, f2=True, f3=True, f4=False, f5=False, f6=True, f7=True, f8=False, f9=True, f10=False, f11=True, f12=True)",0.9509211864733172
16.875,"FeatureMask(f0=True, f1=True, f2=True, f3=True, f4=False, f5=False, f6=True, f7=True, f8=False, f9=True, f10=False, f11=True, f12=True)",0.9509211864733172
16.875,"FeatureMask(f0=True, f1=True, f2=True, f3=True, f4=False, f5=False, f6=True, f7=True, f8=False, f9=True, f10=False, f11=True, f12=True)",0.9509211864733172
16.875,"FeatureMask(f0=True, f1=True, f2=True, f3=True, f4=False, f5=False, f6=True, f7=True, f8=False, f9=True, f10=False, f11=True, f12=True)",0.9509211864733172
16.875,"FeatureMask(f0=True, f1=True, f2=True, f3=True, f4=False, f5=False, f6=True, f7=True, f8=False, f9=True, f10=False, f11=True, f12=True)",0.9509211864733172
16.875,"FeatureMask(f0=True, f1=True, f2=True, f3=True, f4=False, f5=False, f6=True, f7=True, f8=False, f9=True, f10=False, f11=True, f12=True)",0.9509211864733172
16.875,"FeatureMask(f0=True, f1=True, f2=True, f3=True, f4=False, f5=False, f6=True, f7=True, f8=False, f9=True, f10=False, f11=True, f12=True)",0.9509211864733172
16.875,"FeatureMask(f0=True, f1=True, f2=True, f3=True, f4=False, f5=False, f6=True, f7=True, f8=False, f9=True, f10=False, f11=True, f12=True)",0.9509211864733172
16.875,"FeatureMask(f0=True, f1=True, f2=True, f3=True, f4=False, f5=False, f6=True, f7=True, f8=False, f9=True, f10=False, f11=True, f12=True)",0.9509211864733172
16.875,"FeatureMask(f0=True, f1=True, f2=True, f3=True, f4=False, f5=False, f6=True, f7=True, f8=False, f9=True, f10=False, f11=True, f12=True)",0.9509211864733172
16.875,"FeatureMask(f0=True, f1=True, f2=True, f3=True, f4=False, f5=False, f6=True, f7=True, f8=False, f9=True, f10=False, f11=True, f12=True)",0.9509211864733172
17.094,"FeatureMask(f0=True, f1=True, f2=True, f3=True, f4=False, f5=False, f6=True, f7=True, f8=False, f9=True, f10=False, f11=True, f12=True)",0.9509211864733172
17.094,"FeatureMask(f0=True, f1=True, f2=True, f3=True, f4=False, f5=False, f6=True, f7=True, f8=False, f9=True, f10=False, f11=True, f12=True)",0.9509211864733172
17.094,"FeatureMask(f0=True, f1=True, f2=True, f3=True, f4=False, f5=False, f6=True, f7=True, f8=False, f9=True, f10=False, f11=True, f12=True)",0.9509211864733172
17.094,"FeatureMask(f0=True, f1=True, f2=True, f3=True, f4=False, f5=False, f6=True, f7=True, f8=False, f9=True, f10=False, f11=True, f12=True)",0.9509211864733172
17.094,"FeatureMask(f0=True, f1=True, f2=True, f3=True, f4=False, f5=False, f6=True, f7=True, f8=False, f9=True, f10=False, f11=True, f12=True)",0.9509211864733172
17.094,"FeatureMask(f0=True, f1=True, f2=True, f3=True, f4=False, f5=False, f6=True, f7=True, f8=False, f9=True, f10=False, f11=True, f12=True)",0.9509211864733172
17.094,"FeatureMask(f0=True, f1=True, f2=True, f3=True, f4=False, f5=False, f6=True, f7=True, f8=False, f9=True, f10=False, f11=True, f12=True)",0.9509211864733172
17.094,"FeatureMask(f0=True, f1=True, f2=True, f3=True, f4=False, f5=False, f6=True, f7=True, f8=False, f9=True, f10=False, f11=True, f12=True)",0.9509211864733172
17.094,"FeatureMask(f0=True, f1=True, f2=True, f3=True, f4=False, f5=False, f6=True, f7=True, f8=False, f9=True, f10=False, f11=True, f12=True)",0.9509211864733172
17.094,"FeatureMask(f0=True, f1=True, f2=True, f3=True, f4=False, f5=False, f6=True, f7=True, f8=False, f9=True, f10=False, f11=True, f12=True)",0.9509211864733172
17.172,"FeatureMask(f0=True, f1=True, f2=True, f3=True, f4=False, f5=False, f6=True, f7=True, f8=False, f9=True, f10=False, f11=True, f12=True)",0.9509211864733172
17.297,"FeatureMask(f0=True, f1=True, f2=True, f3=True, f4=False, f5=False, f6=True, f7=True, f8=False, f9=True, f10=False, f11=True, f12=True)",0.9509211864733172
17.297,"FeatureMask(f0=True, f1=True, f2=True, f3=True, f4=False, f5=False, f6=True, f7=True, f8=False, f9=True, f10=False, f11=True, f12=True)",0.9509211864733172
17.297,"FeatureMask(f0=True, f1=True, f2=True, f3=True, f4=False, f5=False, f6=True, f7=True, f8=False, f9=True, f10=False, f11=True, f12=True)",0.9509211864733172
17.297,"FeatureMask(f0=True, f1=True, f2=True, f3=True, f4=False, f5=False, f6=True, f7=True, f8=False, f9=True, f10=False, f11=True, f12=True)",0.9509211864733172
17.297,"FeatureMask(f0=True, f1=True, f2=True, f3=True, f4=False, f5=False, f6=True, f7=True, f8=False, f9=True, f10=False, f11=True, f12=True)",0.9509211864733172
17.297,"FeatureMask(f0=True, f1=True, f2=True, f3=True, f4=False, f5=False, f6=True, f7=True, f8=False, f9=True, f10=False, f11=True, f12=True)",0.9509211864733172
17.297,"FeatureMask(f0=True, f1=True, f2=True, f3=True, f4=False, f5=False, f6=True, f7=True, f8=False, f9=True, f10=False, f11=True, f12=True)",0.9509211864733172
17.297,"FeatureMask(f0=True, f1=True, f2=True, f3=True, f4=False, f5=False, f6=True, f7=True, f8=False, f9=True, f10=False, f11=True, f12=True)",0.9509211864733172
17.297,"FeatureMask(f0=True, f1=True, f2=True, f3=True, f4=False, f5=False, f6=True, f7=True, f8=False, f9=True, f10=False, f11=True, f12=True)",0.9509211864733172
17.297,"FeatureMask(f0=True, f1=True, f2=True, f3=True, f4=False, f5=False, f6=True, f7=True, f8=False, f9=True, f10=False, f11=True, f12=True)",0.9509211864733172
17.375,"FeatureMask(f0=True, f1=True, f2=True, f3=True, f4=False, f5=False, f6=True, f7=True, f8=False, f9=True, f10=False, f11=True, f12=True)",0.9509211864733172
17.5,"FeatureMask(f0=True, f1=True, f2=True, f3=True, f4=False, f5=False, f6=True, f7=True, f8=False, f9=True, f10=False, f11=True, f12=True)",0.9509211864733172
17.5,"FeatureMask(f0=True, f1=True, f2=True, f3=True, f4=False, f5=False, f6=True, f7=True, f8=False, f9=True, f10=False, f11=True, f12=True)",0.9509211864733172
17.5,"FeatureMask(f0=True, f1=True, f2=True, f3=True, f4=False, f5=False, f6=True, f7=True, f8=False, f9=True, f10=False, f11=True, f12=True)",0.9509211864733172
17.5,"FeatureMask(f0=True, f1=True, f2=True, f3=True, f4=False, f5=False, f6=True, f7=True, f8=False, f9=True, f10=False, f11=True, f12=True)",0.9509211864733172
17.5,"FeatureMask(f0=True, f1=True, f2=True, f3=True, f4=False, f5=False, f6=True, f7=True, f8=False, f9=True, f10=False, f11=True, f12=True)",0.9509211864733172
17.5,"FeatureMask(f0=True, f1=True, f2=True, f3=True, f4=False, f5=False, f6=True, f7=True, f8=False, f9=True, f10=False, f11=True, f12=True)",0.9509211864733172
17.5,"FeatureMask(f0=True, f1=True, f2=True, f3=True, f4=False, f5=False, f6=True, f7=True, f8=False, f9=True, f10=False, f11=True, f12=True)",0.9509211864733172
17.5,"FeatureMask(f0=True, f1=True, f2=True, f3=True, f4=False, f5=False, f6=True, f7=True, f8=False, f9=True, f10=False, f11=True, f12=True)",0.9509211864733172
17.5,"FeatureMask(f0=True, f1=True, f2=True, f3=True, f4=False, f5=False, f6=True, f7=True, f8=False, f9=True, f10=False, f11=True, f12=True)",0.9509211864733172
17.5,"FeatureMask(f0=True, f1=True, f2=True, f3=True, f4=False, f5=False, f6=True, f7=True, f8=False, f9=True, f10=False, f11=True, f12=True)",0.9509211864733172
17.703,"FeatureMask(f0=True, f1=True, f2=True, f3=True, f4=False, f5=False, f6=True, f7=True, f8=False, f9=True, f10=False, f11=True, f12=True)",0.9509211864733172
17.703,"FeatureMask(f0=True, f1=True, f2=True, f3=True, f4=False, f5=False, f6=True, f7=True, f8=False, f9=True, f10=False, f11=True, f12=True)",0.9509211864733172
17.703,"FeatureMask(f0=True, f1=True, f2=True, f3=True, f4=False, f5=False, f6=True, f7=True, f8=False, f9=True, f10=False, f11=True, f12=True)",0.9509211864733172
17.703,"FeatureMask(f0=True, f1=True, f2=True, f3=True, f4=False, f5=False, f6=True, f7=True, f8=False, f9=True, f10=False, f11=True, f12=True)",0.9509211864733172
17.703,"FeatureMask(f0=True, f1=True, f2=True, f3=True, f4=False, f5=False, f6=True, f7=True, f8=False, f9=True, f10=False, f11=True, f12=True)",0.9509211864733172
17.703,"FeatureMask(f0=True, f1=True, f2=True, f3=True, f4=False, f5=False, f6=True, f7=True, f8=False, f9=True, f10=False, f11=True, f12=True)",0.9509211864733172
17.703,"FeatureMask(f0=True, f1=True, f2=True, f3=True, f4=False, f5=False, f6=True, f7=True, f8=False, f9=True, f10=False, f11=True, f12=True)",0.9509211864733172
17.703,"FeatureMask(f0=True, f1=True, f2=True, f3=True, f4=False, f5=False, f6=True, f7=True, f8=False, f9=True, f10=False, f11=True, f12=True)",0.9509211864733172
17.703,"FeatureMask(f0=True, f1=True, f2=True, f3=True, f4=False, f5=False, f6=True, f7=True, f8=False, f9=True, f10=False, f11=True, f12=True)",0.9509211864733172
17.703,"FeatureMask(f0=True, f1=True, f2=True, f3=True, f4=False, f5=False, f6=True, f7=True, f8=False, f9=True, f10=False, f11=True, f12=True)",0.9509211864733172
17.782,"FeatureMask(f0=True, f1=True, f2=True, f3=True, f4=False, f5=False, f6=True, f7=True, f8=False, f9=True, f10=False, f11=True, f12=True)",0.9509211864733172
17.782,"FeatureMask(f0=True, f1=True, f2=True, f3=True, f4=False, f5=False, f6=True, f7=True, f8=False, f9=True, f10=False, f11=True, f12=True)",0.9509211864733172
17.782,"FeatureMask(f0=True, f1=True, f2=True, f3=True, f4=False, f5=False, f6=True, f7=True, f8=False, f9=True, f10=False, f11=True, f12=True)",0.9509211864733172
17.907,"FeatureMask(f0=True, f1=True, f2=True, f3=True, f4=False, f5=False, f6=True, f7=True, f8=False, f9=True, f10=False, f11=True, f12=True)",0.9509211864733172
17.907,"FeatureMask(f0=True, f1=True, f2=True, f3=True, f4=False, f5=False, f6=True, f7=True, f8=False, f9=True, f10=False, f11=True, f12=True)",0.9509211864733172
17.907,"FeatureMask(f0=True, f1=True, f2=True, f3=True, f4=False, f5=False, f6=True, f7=True, f8=False, f9=True, f10=False, f11=True, f12=True)",0.9509211864733172
17.907,"FeatureMask(f0=True, f1=True, f2=True, f3=True, f4=False, f5=False, f6=True, f7=True, f8=False, f9=True, f10=False, f11=True, f12=True)",0.9509211864733172
17.907,"FeatureMask(f0=True, f1=True, f2=True, f3=True, f4=False, f5=False, f6=True, f7=True, f8=False, f9=True, f10=False, f11=True, f12=True)",0.9509211864733172
17.907,"FeatureMask(f0=True, f1=True, f2=True, f3=True, f4=False, f5=False, f6=True, f7=True, f8=False, f9=True, f10=False, f11=True, f12=True)",0.9509211864733172
17.907,"FeatureMask(f0=True, f1=True, f2=True, f3=True, f4=False, f5=False, f6=True, f7=True, f8=False, f9=True, f10=False, f11=True, f12=True)",0.9509211864733172
17.907,"FeatureMask(f0=True, f1=True, f2=True, f3=True, f4=False, f5=False, f6=True, f7=True, f8=False, f9=True, f10=False, f11=True, f12=True)",0.9509211864733172
17.907,"FeatureMask(f0=True, f1=True, f2=True, f3=True, f4=False, f5=False, f6=True, f7=True, f8=False, f9=True, f10=False, f11=True, f12=True)",0.9509211864733172
17.907,"FeatureMask(f0=True, f1=True, f2=True, f3=True, f4=False, f5=False, f6=True, f7=True, f8=False, f9=True, f10=False, f11=True, f12=True)",0.9509211864733172
18.11,"FeatureMask(f0=True, f1=True, f2=True, f3=True, f4=False, f5=False, f6=True, f7=True, f8=False, f9=True, f10=False, f11=True, f12=True)",0.9509211864733172
18.11,"FeatureMask(f0=True, f1=True, f2=True, f3=True, f4=False, f5=False, f6=True, f7=True, f8=False, f9=True, f10=False, f11=True, f12=True)",0.9509211864733172
18.11,"FeatureMask(f0=True, f1=True, f2=True, f3=True, f4=False, f5=False, f6=True, f7=True, f8=False, f9=True, f10=False, f11=True, f12=True)",0.9509211864733172
18.11,"FeatureMask(f0=True, f1=True, f2=True, f3=True, f4=False, f5=False, f6=True, f7=True, f8=False, f9=True, f10=False, f11=True, f12=True)",0.9509211864733172
18.11,"FeatureMask(f0=True, f1=True, f2=True, f3=True, f4=False, f5=False, f6=True, f7=True, f8=False, f9=True, f10=False, f11=True, f12=True)",0.9509211864733172
18.11,"FeatureMask(f0=True, f1=True, f2=True, f3=True, f4=False, f5=False, f6=True, f7=True, f8=False, f9=True, f10=False, f11=True, f12=True)",0.9509211864733172
18.11,"FeatureMask(f0=True, f1=True, f2=True, f3=True, f4=False, f5=False, f6=True, f7=True, f8=False, f9=True, f10=False, f11=True, f12=True)",0.9509211864733172
18.11,"FeatureMask(f0=True, f1=True, f2=True, f3=True, f4=False, f5=False, f6=True, f7=True, f8=False, f9=True, f10=False, f11=True, f12=True)",0.9509211864733172
18.11,"FeatureMask(f0=True, f1=True, f2=True, f3=True, f4=False, f5=False, f6=True, f7=True, f8=False, f9=True, f10=False, f11=True, f12=True)",0.9509211864733172
18.11,"FeatureMask(f0=True, f1=True, f2=True, f3=True, f4=False, f5=False, f6=True, f7=True, f8=False, f9=True, f10=False, f11=True, f12=True)",0.9509211864733172
18.188000000000002,"FeatureMask(f0=True, f1=True, f2=True, f3=True, f4=False, f5=False, f6=True, f7=True, f8=False, f9=True, f10=False, f11=True, f12=True)",0.9509211864733172
18.313000000000002,"FeatureMask(f0=True, f1=True, f2=True, f3=True, f4=False, f5=False, f6=True, f7=True, f8=False, f9=True, f10=False, f11=True, f12=True)",0.9509211864733172
18.313000000000002,"FeatureMask(f0=True, f1=True, f2=True, f3=True, f4=False, f5=False, f6=True, f7=True, f8=False, f9=True, f10=False, f11=True, f12=True)",0.9509211864733172
18.313000000000002,"FeatureMask(f0=True, f1=True, f2=True, f3=True, f4=False, f5=False, f6=True, f7=True, f8=False, f9=True, f10=False, f11=True, f12=True)",0.9509211864733172
18.313000000000002,"FeatureMask(f0=True, f1=True, f2=True, f3=True, f4=False, f5=False, f6=True, f7=True, f8=False, f9=True, f10=False, f11=True, f12=True)",0.9509211864733172
18.313000000000002,"FeatureMask(f0=True, f1=True, f2=True, f3=True, f4=False, f5=False, f6=True, f7=True, f8=False, f9=True, f10=False, f11=True, f12=True)",0.9509211864733172
18.313000000000002,"FeatureMask(f0=True, f1=True, f2=True, f3=True, f4=False, f5=False, f6=True, f7=True, f8=False, f9=True, f10=False, f11=True, f12=True)",0.9509211864733172
18.313000000000002,"FeatureMask(f0=True, f1=True, f2=True, f3=True, f4=False, f5=False, f6=True, f7=True, f8=False, f9=True, f10=False, f11=True, f12=True)",0.9509211864733172
18.313000000000002,"FeatureMask(f0=True, f1=True, f2=True, f3=True, f4=False, f5=False, f6=True, f7=True, f8=False, f9=True, f10=False, f11=True, f12=True)",0.9509211864733172
18.313000000000002,"FeatureMask(f0=True, f1=True, f2=True, f3=True, f4=False, f5=False, f6=True, f7=True, f8=False, f9=True, f10=False, f11=True, f12=True)",0.9509211864733172
18.313000000000002,"FeatureMask(f0=True, f1=True, f2=True, f3=True, f4=False, f5=False, f6=True, f7=True, f8=False, f9=True, f10=False, f11=True, f12=True)",0.9509211864733172
18.407,"FeatureMask(f0=True, f1=True, f2=True, f3=True, f4=False, f5=False, f6=True, f7=True, f8=False, f9=True, f10=False, f11=True, f12=True)",0.9509211864733172
18.516000000000002,"FeatureMask(f0=True, f1=True, f2=True, f3=True, f4=False, f5=False, f6=True, f7=True, f8=False, f9=True, f10=False, f11=True, f12=True)",0.9509211864733172
18.516000000000002,"FeatureMask(f0=True, f1=True, f2=True, f3=True, f4=False, f5=False, f6=True, f7=True, f8=False, f9=True, f10=False, f11=True, f12=True)",0.9509211864733172
18.516000000000002,"FeatureMask(f0=True, f1=True, f2=True, f3=True, f4=False, f5=False, f6=True, f7=True, f8=False, f9=True, f10=False, f11=True, f12=True)",0.9509211864733172
18.516000000000002,"FeatureMask(f0=True, f1=True, f2=True, f3=True, f4=False, f5=False, f6=True, f7=True, f8=False, f9=True, f10=False, f11=True, f12=True)",0.9509211864733172
18.516000000000002,"FeatureMask(f0=True, f1=True, f2=True, f3=True, f4=False, f5=False, f6=True, f7=True, f8=False, f9=True, f10=False, f11=True, f12=True)",0.9509211864733172
18.516000000000002,"FeatureMask(f0=True, f1=True, f2=True, f3=True, f4=False, f5=False, f6=True, f7=True, f8=False, f9=True, f10=False, f11=True, f12=True)",0.9509211864733172
18.516000000000002,"FeatureMask(f0=True, f1=True, f2=True, f3=True, f4=False, f5=False, f6=True, f7=True, f8=False, f9=True, f10=False, f11=True, f12=True)",0.9509211864733172
18.516000000000002,"FeatureMask(f0=True, f1=True, f2=True, f3=True, f4=False, f5=False, f6=True, f7=True, f8=False, f9=True, f10=False, f11=True, f12=True)",0.9509211864733172
18.516000000000002,"FeatureMask(f0=True, f1=True, f2=True, f3=True, f4=False, f5=False, f6=True, f7=True, f8=False, f9=True, f10=False, f11=True, f12=True)",0.9509211864733172
18.516000000000002,"FeatureMask(f0=True, f1=True, f2=True, f3=True, f4=False, f5=False, f6=True, f7=True, f8=False, f9=True, f10=False, f11=True, f12=True)",0.9509211864733172
18.61,"FeatureMask(f0=True, f1=True, f2=True, f3=True, f4=False, f5=False, f6=True, f7=True, f8=False, f9=True, f10=False, f11=True, f12=True)",0.9509211864733172
18.703,"FeatureMask(f0=True, f1=True, f2=True, f3=True, f4=False, f5=False, f6=True, f7=True, f8=False, f9=True, f10=False, f11=True, f12=True)",0.9509211864733172
18.703,"FeatureMask(f0=True, f1=True, f2=True, f3=True, f4=False, f5=False, f6=True, f7=True, f8=False, f9=True, f10=False, f11=True, f12=True)",0.9509211864733172
18.703,"FeatureMask(f0=True, f1=True, f2=True, f3=True, f4=False, f5=False, f6=True, f7=True, f8=False, f9=True, f10=False, f11=True, f12=True)",0.9509211864733172
18.703,"FeatureMask(f0=True, f1=True, f2=True, f3=True, f4=False, f5=False, f6=True, f7=True, f8=False, f9=True, f10=False, f11=True, f12=True)",0.9509211864733172
18.703,"FeatureMask(f0=True, f1=True, f2=True, f3=True, f4=False, f5=False, f6=True, f7=True, f8=False, f9=True, f10=False, f11=True, f12=True)",0.9509211864733172
18.703,"FeatureMask(f0=True, f1=True, f2=True, f3=True, f4=False, f5=False, f6=True, f7=True, f8=False, f9=True, f10=False, f11=True, f12=True)",0.9509211864733172
18.703,"FeatureMask(f0=True, f1=True, f2=True, f3=True, f4=False, f5=False, f6=True, f7=True, f8=False, f9=True, f10=False, f11=True, f12=True)",0.9509211864733172
18.703,"FeatureMask(f0=True, f1=True, f2=True, f3=True, f4=False, f5=False, f6=True, f7=True, f8=False, f9=True, f10=False, f11=True, f12=True)",0.9509211864733172
18.703,"FeatureMask(f0=True, f1=True, f2=True, f3=True, f4=False, f5=False, f6=True, f7=True, f8=False, f9=True, f10=False, f11=True, f12=True)",0.9509211864733172
18.703,"FeatureMask(f0=True, f1=True, f2=True, f3=True, f4=False, f5=False, f6=True, f7=True, f8=False, f9=True, f10=False, f11=True, f12=True)",0.9509211864733172
18.766000000000002,"FeatureMask(f0=True, f1=True, f2=True, f3=True, f4=False, f5=False, f6=True, f7=True, f8=False, f9=True, f10=False, f11=True, f12=True)",0.9509211864733172
18.907,"FeatureMask(f0=True, f1=True, f2=True, f3=True, f4=False, f5=False, f6=True, f7=True, f8=False, f9=True, f10=False, f11=True, f12=True)",0.9509211864733172
18.907,"FeatureMask(f0=True, f1=True, f2=True, f3=True, f4=False, f5=False, f6=True, f7=True, f8=False, f9=True, f10=False, f11=True, f12=True)",0.9509211864733172
18.907,"FeatureMask(f0=True, f1=True, f2=True, f3=True, f4=False, f5=False, f6=True, f7=True, f8=False, f9=True, f10=False, f11=True, f12=True)",0.9509211864733172
18.907,"FeatureMask(f0=True, f1=True, f2=True, f3=True, f4=False, f5=False, f6=True, f7=True, f8=False, f9=True, f10=False, f11=True, f12=True)",0.9509211864733172
18.907,"FeatureMask(f0=True, f1=True, f2=True, f3=True, f4=False, f5=False, f6=True, f7=True, f8=False, f9=True, f10=False, f11=True, f12=True)",0.9509211864733172
18.907,"FeatureMask(f0=True, f1=True, f2=True, f3=True, f4=False, f5=False, f6=True, f7=True, f8=False, f9=True, f10=False, f11=True, f12=True)",0.9509211864733172
18.907,"FeatureMask(f0=True, f1=True, f2=True, f3=True, f4=False, f5=False, f6=True, f7=True, f8=False, f9=True, f10=False, f11=True, f12=True)",0.9509211864733172
18.907,"FeatureMask(f0=True, f1=True, f2=True, f3=True, f4=False, f5=False, f6=True, f7=True, f8=False, f9=True, f10=False, f11=True, f12=True)",0.9509211864733172
18.907,"FeatureMask(f0=True, f1=True, f2=True, f3=True, f4=False, f5=False, f6=True, f7=True, f8=False, f9=True, f10=False, f11=True, f12=True)",0.9509211864733172
18.907,"FeatureMask(f0=True, f1=True, f2=True, f3=True, f4=False, f5=False, f6=True, f7=True, f8=False, f9=True, f10=False, f11=True, f12=True)",0.9509211864733172
19.0,"FeatureMask(f0=True, f1=True, f2=True, f3=True, f4=False, f5=False, f6=True, f7=True, f8=False, f9=True, f10=False, f11=True, f12=True)",0.9509211864733172
19.094,"FeatureMask(f0=True, f1=True, f2=True, f3=True, f4=False, f5=False, f6=True, f7=True, f8=False, f9=True, f10=False, f11=True, f12=True)",0.9509211864733172
19.094,"FeatureMask(f0=True, f1=True, f2=True, f3=True, f4=False, f5=False, f6=True, f7=True, f8=False, f9=True, f10=False, f11=True, f12=True)",0.9509211864733172
19.11,"FeatureMask(f0=True, f1=True, f2=True, f3=True, f4=False, f5=False, f6=True, f7=True, f8=False, f9=True, f10=False, f11=True, f12=True)",0.9509211864733172
19.11,"FeatureMask(f0=True, f1=True, f2=True, f3=True, f4=False, f5=False, f6=True, f7=True, f8=False, f9=True, f10=False, f11=True, f12=True)",0.9509211864733172
19.11,"FeatureMask(f0=True, f1=True, f2=True, f3=True, f4=False, f5=False, f6=True, f7=True, f8=False, f9=True, f10=False, f11=True, f12=True)",0.9509211864733172
19.11,"FeatureMask(f0=True, f1=True, f2=True, f3=True, f4=False, f5=False, f6=True, f7=True, f8=False, f9=True, f10=False, f11=True, f12=True)",0.9509211864733172
19.11,"FeatureMask(f0=True, f1=True, f2=True, f3=True, f4=False, f5=False, f6=True, f7=True, f8=False, f9=True, f10=False, f11=True, f12=True)",0.9509211864733172
19.11,"FeatureMask(f0=True, f1=True, f2=True, f3=True, f4=False, f5=False, f6=True, f7=True, f8=False, f9=True, f10=False, f11=True, f12=True)",0.9509211864733172
19.11,"FeatureMask(f0=True, f1=True, f2=True, f3=True, f4=False, f5=False, f6=True, f7=True, f8=False, f9=True, f10=False, f11=True, f12=True)",0.9509211864733172
19.11,"FeatureMask(f0=True, f1=True, f2=True, f3=True, f4=False, f5=False, f6=True, f7=True, f8=False, f9=True, f10=False, f11=True, f12=True)",0.9509211864733172
19.313000000000002,"FeatureMask(f0=True, f1=True, f2=True, f3=True, f4=False, f5=False, f6=True, f7=True, f8=False, f9=True, f10=False, f11=True, f12=True)",0.9509211864733172
19.313000000000002,"FeatureMask(f0=True, f1=True, f2=True, f3=True, f4=False, f5=False, f6=True, f7=True, f8=False, f9=True, f10=False, f11=True, f12=True)",0.9509211864733172
19.313000000000002,"FeatureMask(f0=True, f1=True, f2=True, f3=True, f4=False, f5=False, f6=True, f7=True, f8=False, f9=True, f10=False, f11=True, f12=True)",0.9509211864733172
19.313000000000002,"FeatureMask(f0=True, f1=True, f2=True, f3=True, f4=False, f5=False, f6=True, f7=True, f8=False, f9=True, f10=False, f11=True, f12=True)",0.9509211864733172
19.313000000000002,"FeatureMask(f0=True, f1=True, f2=True, f3=True, f4=False, f5=False, f6=True, f7=True, f8=False, f9=True, f10=False, f11=True, f12=True)",0.9509211864733172
19.313000000000002,"FeatureMask(f0=True, f1=True, f2=True, f3=True, f4=False, f5=False, f6=True, f7=True, f8=False, f9=True, f10=False, f11=True, f12=True)",0.9509211864733172
19.313000000000002,"FeatureMask(f0=True, f1=True, f2=True, f3=True, f4=False, f5=False, f6=True, f7=True, f8=False, f9=True, f10=False, f11=True, f12=True)",0.9509211864733172
19.313000000000002,"FeatureMask(f0=True, f1=True, f2=True, f3=True, f4=False, f5=False, f6=True, f7=True, f8=False, f9=True, f10=False, f11=True, f12=True)",0.9509211864733172
19.313000000000002,"FeatureMask(f0=True, f1=True, f2=True, f3=True, f4=False, f5=False, f6=True, f7=True, f8=False, f9=True, f10=False, f11=True, f12=True)",0.9509211864733172
19.313000000000002,"FeatureMask(f0=True, f1=True, f2=True, f3=True, f4=False, f5=False, f6=True, f7=True, f8=False, f9=True, f10=False, f11=True, f12=True)",0.9509211864733172
19.407,"FeatureMask(f0=True, f1=True, f2=True, f3=True, f4=False, f5=False, f6=True, f7=True, f8=False, f9=True, f10=False, f11=True, f12=True)",0.9509211864733172
19.5,"FeatureMask(f0=True, f1=True, f2=True, f3=True, f4=False, f5=False, f6=True, f7=True, f8=False, f9=True, f10=False, f11=True, f12=True)",0.9509211864733172
19.516000000000002,"FeatureMask(f0=True, f1=True, f2=True, f3=True, f4=False, f5=False, f6=True, f7=True, f8=False, f9=True, f10=False, f11=True, f12=True)",0.9509211864733172
19.516000000000002,"FeatureMask(f0=True, f1=True, f2=True, f3=True, f4=False, f5=False, f6=True, f7=True, f8=False, f9=True, f10=False, f11=True, f12=True)",0.9509211864733172
19.516000000000002,"FeatureMask(f0=True, f1=True, f2=True, f3=True, f4=False, f5=False, f6=True, f7=True, f8=False, f9=True, f10=False, f11=True, f12=True)",0.9509211864733172
19.516000000000002,"FeatureMask(f0=True, f1=True, f2=True, f3=True, f4=False, f5=False, f6=True, f7=True, f8=False, f9=True, f10=False, f11=True, f12=True)",0.9509211864733172
19.516000000000002,"FeatureMask(f0=True, f1=True, f2=True, f3=True, f4=False, f5=False, f6=True, f7=True, f8=False, f9=True, f10=False, f11=True, f12=True)",0.9509211864733172
19.516000000000002,"FeatureMask(f0=True, f1=True, f2=True, f3=True, f4=False, f5=False, f6=True, f7=True, f8=False, f9=True, f10=False, f11=True, f12=True)",0.9509211864733172
19.516000000000002,"FeatureMask(f0=True, f1=True, f2=True, f3=True, f4=False, f5=False, f6=True, f7=True, f8=False, f9=True, f10=False, f11=True, f12=True)",0.9509211864733172
19.516000000000002,"FeatureMask(f0=True, f1=True, f2=True, f3=True, f4=False, f5=False, f6=True, f7=True, f8=False, f9=True, f10=False, f11=True, f12=True)",0.9509211864733172
19.516000000000002,"FeatureMask(f0=True, f1=True, f2=True, f3=True, f4=False, f5=False, f6=True, f7=True, f8=False, f9=True, f10=False, f11=True, f12=True)",0.9509211864733172
19.594,"FeatureMask(f0=True, f1=True, f2=True, f3=True, f4=False, f5=False, f6=True, f7=True, f8=False, f9=True, f10=False, f11=True, f12=True)",0.9509211864733172
19.594,"FeatureMask(f0=True, f1=True, f2=True, f3=True, f4=False, f5=False, f6=True, f7=True, f8=False, f9=True, f10=False, f11=True, f12=True)",0.9509211864733172
19.703000000000003,"FeatureMask(f0=True, f1=True, f2=True, f3=True, f4=False, f5=False, f6=True, f7=True, f8=False, f9=True, f10=False, f11=True, f12=True)",0.9509211864733172
19.703000000000003,"FeatureMask(f0=True, f1=True, f2=True, f3=True, f4=False, f5=False, f6=True, f7=True, f8=False, f9=True, f10=False, f11=True, f12=True)",0.9509211864733172
19.703000000000003,"FeatureMask(f0=True, f1=True, f2=True, f3=True, f4=False, f5=False, f6=True, f7=True, f8=False, f9=True, f10=False, f11=True, f12=True)",0.9509211864733172
19.703000000000003,"FeatureMask(f0=True, f1=True, f2=True, f3=True, f4=False, f5=False, f6=True, f7=True, f8=False, f9=True, f10=False, f11=True, f12=True)",0.9509211864733172
19.703000000000003,"FeatureMask(f0=True, f1=True, f2=True, f3=True, f4=False, f5=False, f6=True, f7=True, f8=False, f9=True, f10=False, f11=True, f12=True)",0.9509211864733172
19.703000000000003,"FeatureMask(f0=True, f1=True, f2=True, f3=True, f4=False, f5=False, f6=True, f7=True, f8=False, f9=True, f10=False, f11=True, f12=True)",0.9509211864733172
19.703000000000003,"FeatureMask(f0=True, f1=True, f2=True, f3=True, f4=False, f5=False, f6=True, f7=True, f8=False, f9=True, f10=False, f11=True, f12=True)",0.9509211864733172
19.703000000000003,"FeatureMask(f0=True, f1=True, f2=True, f3=True, f4=False, f5=False, f6=True, f7=True, f8=False, f9=True, f10=False, f11=True, f12=True)",0.9509211864733172
19.703000000000003,"FeatureMask(f0=True, f1=True, f2=True, f3=True, f4=False, f5=False, f6=True, f7=True, f8=False, f9=True, f10=False, f11=True, f12=True)",0.9509211864733172
19.703000000000003,"FeatureMask(f0=True, f1=True, f2=True, f3=True, f4=False, f5=False, f6=True, f7=True, f8=False, f9=True, f10=False, f11=True, f12=True)",0.9509211864733172
19.719,"FeatureMask(f0=True, f1=True, f2=True, f3=True, f4=False, f5=False, f6=True, f7=False, f8=False, f9=True, f10=False, f11=True, f12=True)",0.9509211864733172
19.797,"FeatureMask(f0=True, f1=True, f2=True, f3=True, f4=False, f5=False, f6=True, f7=True, f8=False, f9=True, f10=False, f11=True, f12=True)",0.9509211864733172
19.891000000000002,"FeatureMask(f0=True, f1=True, f2=True, f3=True, f4=False, f5=False, f6=True, f7=True, f8=False, f9=True, f10=False, f11=True, f12=True)",0.9509211864733172
19.891000000000002,"FeatureMask(f0=True, f1=True, f2=True, f3=True, f4=False, f5=False, f6=True, f7=True, f8=False, f9=True, f10=False, f11=True, f12=True)",0.9509211864733172
19.891000000000002,"FeatureMask(f0=True, f1=True, f2=True, f3=True, f4=False, f5=False, f6=True, f7=True, f8=False, f9=True, f10=False, f11=True, f12=True)",0.9509211864733172
19.891000000000002,"FeatureMask(f0=True, f1=True, f2=True, f3=True, f4=False, f5=False, f6=True, f7=True, f8=False, f9=True, f10=False, f11=True, f12=True)",0.9509211864733172
19.891000000000002,"FeatureMask(f0=True, f1=True, f2=True, f3=True, f4=False, f5=False, f6=True, f7=True, f8=False, f9=True, f10=False, f11=True, f12=True)",0.9509211864733172
19.891000000000002,"FeatureMask(f0=True, f1=True, f2=True, f3=True, f4=False, f5=False, f6=True, f7=True, f8=False, f9=True, f10=False, f11=True, f12=True)",0.9509211864733172
19.891000000000002,"FeatureMask(f0=True, f1=True, f2=True, f3=True, f4=False, f5=False, f6=True, f7=True, f8=False, f9=True, f10=False, f11=True, f12=True)",0.9509211864733172
19.891000000000002,"FeatureMask(f0=True, f1=True, f2=True, f3=True, f4=False, f5=False, f6=True, f7=True, f8=False, f9=True, f10=False, f11=True, f12=True)",0.9509211864733172
19.891000000000002,"FeatureMask(f0=True, f1=True, f2=True, f3=True, f4=False, f5=False, f6=True, f7=True, f8=False, f9=True, f10=False, f11=True, f12=True)",0.9509211864733172
19.891000000000002,"FeatureMask(f0=True, f1=True, f2=True, f3=True, f4=False, f5=False, f6=True, f7=True, f8=False, f9=True, f10=False, f11=True, f12=True)",0.9509211864733172
19.985000000000003,"FeatureMask(f0=True, f1=True, f2=True, f3=True, f4=False, f5=False, f6=True, f7=True, f8=False, f9=True, f10=False, f11=True, f12=True)",0.9509211864733172
20.094,"FeatureMask(f0=True, f1=True, f2=True, f3=True, f4=False, f5=False, f6=True, f7=True, f8=False, f9=True, f10=False, f11=True, f12=True)",0.9509211864733172
20.094,"FeatureMask(f0=True, f1=True, f2=True, f3=True, f4=False, f5=False, f6=True, f7=True, f8=False, f9=True, f10=False, f11=True, f12=True)",0.9509211864733172
20.094,"FeatureMask(f0=True, f1=True, f2=True, f3=True, f4=False, f5=False, f6=True, f7=True, f8=False, f9=True, f10=False, f11=True, f12=True)",0.9509211864733172
20.094,"FeatureMask(f0=True, f1=True, f2=True, f3=True, f4=False, f5=False, f6=True, f7=True, f8=False, f9=True, f10=False, f11=True, f12=True)",0.9509211864733172
20.094,"FeatureMask(f0=True, f1=True, f2=True, f3=True, f4=False, f5=False, f6=True, f7=True, f8=False, f9=True, f10=False, f11=True, f12=True)",0.9509211864733172
20.094,"FeatureMask(f0=True, f1=True, f2=True, f3=True, f4=False, f5=False, f6=True, f7=True, f8=False, f9=True, f10=False, f11=True, f12=True)",0.9509211864733172
20.094,"FeatureMask(f0=True, f1=True, f2=True, f3=True, f4=False, f5=False, f6=True, f7=True, f8=False, f9=True, f10=False, f11=True, f12=True)",0.9509211864733172
20.094,"FeatureMask(f0=True, f1=True, f2=True, f3=True, f4=False, f5=False, f6=True, f7=True, f8=False, f9=True, f10=False, f11=True, f12=True)",0.9509211864733172
20.094,"FeatureMask(f0=True, f1=True, f2=True, f3=True, f4=False, f5=False, f6=True, f7=True, f8=False, f9=True, f10=False, f11=True, f12=True)",0.9509211864733172
20.094,"FeatureMask(f0=True, f1=True, f2=True, f3=True, f4=False, f5=False, f6=True, f7=True, f8=False, f9=True, f10=False, f11=True, f12=True)",0.9509211864733172
20.188000000000002,"FeatureMask(f0=True, f1=True, f2=True, f3=True, f4=False, f5=False, f6=True, f7=True, f8=False, f9=True, f10=False, f11=True, f12=True)",0.9509211864733172
20.266000000000002,"FeatureMask(f0=True, f1=True, f2=True, f3=True, f4=False, f5=False, f6=True, f7=True, f8=False, f9=True, f10=False, f11=True, f12=True)",0.9509211864733172
20.266000000000002,"FeatureMask(f0=True, f1=True, f2=True, f3=True, f4=False, f5=False, f6=True, f7=True, f8=False, f9=True, f10=False, f11=True, f12=True)",0.9509211864733172
20.266000000000002,"FeatureMask(f0=True, f1=True, f2=True, f3=True, f4=False, f5=False, f6=True, f7=True, f8=False, f9=True, f10=False, f11=True, f12=True)",0.9509211864733172
20.266000000000002,"FeatureMask(f0=True, f1=True, f2=True, f3=True, f4=False, f5=False, f6=True, f7=True, f8=False, f9=True, f10=False, f11=True, f12=True)",0.9509211864733172
20.266000000000002,"FeatureMask(f0=True, f1=True, f2=True, f3=True, f4=False, f5=False, f6=True, f7=True, f8=False, f9=True, f10=False, f11=True, f12=True)",0.9509211864733172
20.266000000000002,"FeatureMask(f0=True, f1=True, f2=True, f3=True, f4=False, f5=False, f6=True, f7=True, f8=False, f9=True, f10=False, f11=True, f12=True)",0.9509211864733172
20.266000000000002,"FeatureMask(f0=True, f1=True, f2=True, f3=True, f4=False, f5=False, f6=True, f7=True, f8=False, f9=True, f10=False, f11=True, f12=True)",0.9509211864733172
20.266000000000002,"FeatureMask(f0=True, f1=True, f2=True, f3=True, f4=False, f5=False, f6=True, f7=True, f8=False, f9=True, f10=False, f11=True, f12=True)",0.9509211864733172
20.266000000000002,"FeatureMask(f0=True, f1=True, f2=True, f3=True, f4=False, f5=False, f6=True, f7=True, f8=False, f9=True, f10=False, f11=True, f12=True)",0.9509211864733172
20.266000000000002,"FeatureMask(f0=True, f1=True, f2=True, f3=True, f4=False, f5=False, f6=True, f7=True, f8=False, f9=True, f10=False, f11=True, f12=True)",0.9509211864733172
20.360000000000003,"FeatureMask(f0=True, f1=True, f2=True, f3=True, f4=False, f5=False, f6=True, f7=True, f8=False, f9=True, f10=False, f11=True, f12=True)",0.9509211864733172
20.453000000000003,"FeatureMask(f0=True, f1=True, f2=True, f3=True, f4=False, f5=False, f6=True, f7=True, f8=False, f9=True, f10=False, f11=True, f12=True)",0.9509211864733172
20.453000000000003,"FeatureMask(f0=True, f1=True, f2=True, f3=True, f4=False, f5=False, f6=True, f7=True, f8=False, f9=True, f10=False, f11=True, f12=True)",0.9509211864733172
20.453000000000003,"FeatureMask(f0=True, f1=True, f2=True, f3=True, f4=False, f5=False, f6=True, f7=True, f8=False, f9=True, f10=False, f11=True, f12=True)",0.9509211864733172
20.453000000000003,"FeatureMask(f0=True, f1=True, f2=True, f3=True, f4=False, f5=False, f6=True, f7=True, f8=False, f9=True, f10=False, f11=True, f12=True)",0.9509211864733172
20.453000000000003,"FeatureMask(f0=True, f1=True, f2=True, f3=True, f4=False, f5=False, f6=True, f7=True, f8=False, f9=True, f10=False, f11=True, f12=True)",0.9509211864733172
20.453000000000003,"FeatureMask(f0=True, f1=True, f2=True, f3=True, f4=False, f5=False, f6=True, f7=True, f8=False, f9=True, f10=False, f11=True, f12=True)",0.9509211864733172
20.453000000000003,"FeatureMask(f0=True, f1=True, f2=True, f3=True, f4=False, f5=False, f6=True, f7=True, f8=False, f9=True, f10=False, f11=True, f12=True)",0.9509211864733172
20.453000000000003,"FeatureMask(f0=True, f1=True, f2=True, f3=True, f4=False, f5=False, f6=True, f7=True, f8=False, f9=True, f10=False, f11=True, f12=True)",0.9509211864733172
20.453000000000003,"FeatureMask(f0=True, f1=True, f2=True, f3=True, f4=False, f5=False, f6=True, f7=True, f8=False, f9=True, f10=False, f11=True, f12=True)",0.9509211864733172
20.453000000000003,"FeatureMask(f0=True, f1=True, f2=True, f3=True, f4=False, f5=False, f6=True, f7=True, f8=False, f9=True, f10=False, f11=True, f12=True)",0.9509211864733172
20.532,"FeatureMask(f0=True, f1=True, f2=True, f3=True, f4=False, f5=False, f6=True, f7=True, f8=False, f9=True, f10=False, f11=True, f12=True)",0.9509211864733172
20.641000000000002,"FeatureMask(f0=True, f1=True, f2=True, f3=True, f4=False, f5=False, f6=True, f7=True, f8=False, f9=True, f10=False, f11=True, f12=True)",0.9509211864733172
20.641000000000002,"FeatureMask(f0=True, f1=True, f2=True, f3=True, f4=False, f5=False, f6=True, f7=True, f8=False, f9=True, f10=False, f11=True, f12=True)",0.9509211864733172
20.641000000000002,"FeatureMask(f0=True, f1=True, f2=True, f3=True, f4=False, f5=False, f6=True, f7=True, f8=False, f9=True, f10=False, f11=True, f12=True)",0.9509211864733172
20.641000000000002,"FeatureMask(f0=True, f1=True, f2=True, f3=True, f4=False, f5=False, f6=True, f7=True, f8=False, f9=True, f10=False, f11=True, f12=True)",0.9509211864733172
20.641000000000002,"FeatureMask(f0=True, f1=True, f2=True, f3=True, f4=False, f5=False, f6=True, f7=True, f8=False, f9=True, f10=False, f11=True, f12=True)",0.9509211864733172
20.641000000000002,"FeatureMask(f0=True, f1=True, f2=True, f3=True, f4=False, f5=False, f6=True, f7=True, f8=False, f9=True, f10=False, f11=True, f12=True)",0.9509211864733172
20.641000000000002,"FeatureMask(f0=True, f1=True, f2=True, f3=True, f4=False, f5=False, f6=True, f7=True, f8=False, f9=True, f10=False, f11=True, f12=True)",0.9509211864733172
20.641000000000002,"FeatureMask(f0=True, f1=True, f2=True, f3=True, f4=False, f5=False, f6=True, f7=True, f8=False, f9=True, f10=False, f11=True, f12=True)",0.9509211864733172
20.641000000000002,"FeatureMask(f0=True, f1=True, f2=True, f3=True, f4=False, f5=False, f6=True, f7=True, f8=False, f9=True, f10=False, f11=True, f12=True)",0.9509211864733172
20.641000000000002,"FeatureMask(f0=True, f1=True, f2=True, f3=True, f4=False, f5=False, f6=True, f7=True, f8=False, f9=True, f10=False, f11=True, f12=True)",0.9509211864733172
20.719,"FeatureMask(f0=True, f1=True, f2=True, f3=True, f4=False, f5=False, f6=True, f7=True, f8=False, f9=True, f10=False, f11=True, f12=True)",0.9509211864733172
20.844,"FeatureMask(f0=True, f1=True, f2=True, f3=True, f4=False, f5=False, f6=True, f7=True, f8=False, f9=True, f10=False, f11=True, f12=True)",0.9509211864733172
20.844,"FeatureMask(f0=True, f1=True, f2=True, f3=True, f4=False, f5=False, f6=True, f7=True, f8=False, f9=True, f10=False, f11=True, f12=True)",0.9509211864733172
20.844,"FeatureMask(f0=True, f1=True, f2=True, f3=True, f4=False, f5=False, f6=True, f7=True, f8=False, f9=True, f10=False, f11=True, f12=True)",0.9509211864733172
20.844,"FeatureMask(f0=True, f1=True, f2=True, f3=True, f4=False, f5=False, f6=True, f7=True, f8=False, f9=True, f10=False, f11=True, f12=True)",0.9509211864733172
20.844,"FeatureMask(f0=True, f1=True, f2=True, f3=True, f4=False, f5=False, f6=True, f7=True, f8=False, f9=True, f10=False, f11=True, f12=True)",0.9509211864733172
20.844,"FeatureMask(f0=True, f1=True, f2=True, f3=True, f4=False, f5=False, f6=True, f7=True, f8=False, f9=True, f10=False, f11=True, f12=True)",0.9509211864733172
20.844,"FeatureMask(f0=True, f1=True, f2=True, f3=True, f4=False, f5=False, f6=True, f7=True, f8=False, f9=True, f10=False, f11=True, f12=True)",0.9509211864733172
20.844,"FeatureMask(f0=True, f1=True, f2=True, f3=True, f4=False, f5=False, f6=True, f7=True, f8=False, f9=True, f10=False, f11=True, f12=True)",0.9509211864733172
20.844,"FeatureMask(f0=True, f1=True, f2=True, f3=True, f4=False, f5=False, f6=True, f7=True, f8=False, f9=True, f10=False, f11=True, f12=True)",0.9509211864733172
20.844,"FeatureMask(f0=True, f1=True, f2=True, f3=True, f4=False, f5=False, f6=True, f7=True, f8=False, f9=True, f10=False, f11=True, f12=True)",0.9509211864733172
21.047,"FeatureMask(f0=True, f1=True, f2=True, f3=True, f4=False, f5=False, f6=True, f7=True, f8=False, f9=True, f10=False, f11=True, f12=True)",0.9509211864733172
21.047,"FeatureMask(f0=True, f1=True, f2=True, f3=True, f4=False, f5=False, f6=True, f7=True, f8=False, f9=True, f10=False, f11=True, f12=True)",0.9509211864733172
21.047,"FeatureMask(f0=True, f1=True, f2=True, f3=True, f4=False, f5=False, f6=True, f7=True, f8=False, f9=True, f10=False, f11=True, f12=True)",0.9509211864733172
21.047,"FeatureMask(f0=True, f1=True, f2=True, f3=True, f4=False, f5=False, f6=True, f7=True, f8=False, f9=True, f10=False, f11=True, f12=True)",0.9509211864733172
21.047,"FeatureMask(f0=True, f1=True, f2=True, f3=True, f4=False, f5=False, f6=True, f7=True, f8=False, f9=True, f10=False, f11=True, f12=True)",0.9509211864733172
21.047,"FeatureMask(f0=True, f1=True, f2=True, f3=True, f4=False, f5=False, f6=True, f7=True, f8=False, f9=True, f10=False, f11=True, f12=True)",0.9509211864733172
21.047,"FeatureMask(f0=True, f1=True, f2=True, f3=True, f4=False, f5=False, f6=True, f7=True, f8=False, f9=True, f10=False, f11=True, f12=True)",0.9509211864733172
21.047,"FeatureMask(f0=True, f1=True, f2=True, f3=True, f4=False, f5=False, f6=True, f7=True, f8=False, f9=True, f10=False, f11=True, f12=True)",0.9509211864733172
21.047,"FeatureMask(f0=True, f1=True, f2=True, f3=True, f4=False, f5=False, f6=True, f7=True, f8=False, f9=True, f10=False, f11=True, f12=True)",0.9509211864733172
21.047,"FeatureMask(f0=True, f1=True, f2=True, f3=True, f4=False, f5=False, f6=True, f7=True, f8=False, f9=True, f10=False, f11=True, f12=True)",0.9509211864733172
21.125,"FeatureMask(f0=True, f1=True, f2=True, f3=True, f4=False, f5=False, f6=True, f7=True, f8=False, f9=True, f10=False, f11=True, f12=True)",0.9509211864733172
21.25,"FeatureMask(f0=True, f1=True, f2=True, f3=True, f4=False, f5=False, f6=True, f7=True, f8=False, f9=True, f10=False, f11=True, f12=True)",0.9509211864733172
21.25,"FeatureMask(f0=True, f1=True, f2=True, f3=True, f4=False, f5=False, f6=True, f7=True, f8=False, f9=True, f10=False, f11=True, f12=True)",0.9509211864733172
21.25,"FeatureMask(f0=True, f1=True, f2=True, f3=True, f4=False, f5=False, f6=True, f7=True, f8=False, f9=True, f10=False, f11=True, f12=True)",0.9509211864733172
21.25,"FeatureMask(f0=True, f1=True, f2=True, f3=True, f4=False, f5=False, f6=True, f7=True, f8=False, f9=True, f10=False, f11=True, f12=True)",0.9509211864733172
21.25,"FeatureMask(f0=True, f1=True, f2=True, f3=True, f4=False, f5=False, f6=True, f7=True, f8=False, f9=True, f10=False, f11=True, f12=True)",0.9509211864733172
21.25,"FeatureMask(f0=True, f1=True, f2=True, f3=True, f4=False, f5=False, f6=True, f7=True, f8=False, f9=True, f10=False, f11=True, f12=True)",0.9509211864733172
21.25,"FeatureMask(f0=True, f1=True, f2=True, f3=True, f4=False, f5=False, f6=True, f7=True, f8=False, f9=True, f10=False, f11=True, f12=True)",0.9509211864733172
21.25,"FeatureMask(f0=True, f1=True, f2=True, f3=True, f4=False, f5=False, f6=True, f7=True, f8=False, f9=True, f10=False, f11=True, f12=True)",0.9509211864733172
21.25,"FeatureMask(f0=True, f1=True, f2=True, f3=True, f4=False, f5=False, f6=True, f7=True, f8=False, f9=True, f10=False, f11=True, f12=True)",0.9509211864733172
21.25,"FeatureMask(f0=True, f1=True, f2=True, f3=True, f4=False, f5=False, f6=True, f7=True, f8=False, f9=True, f10=False, f11=True, f12=True)",0.9509211864733172
21.344,"FeatureMask(f0=True, f1=True, f2=True, f3=True, f4=False, f5=False, f6=True, f7=True, f8=False, f9=True, f10=False, f11=True, f12=True)",0.9509211864733172
21.422,"FeatureMask(f0=True, f1=True, f2=True, f3=True, f4=False, f5=False, f6=True, f7=True, f8=False, f9=True, f10=False, f11=True, f12=True)",0.9509211864733172
21.422,"FeatureMask(f0=True, f1=True, f2=True, f3=True, f4=False, f5=False, f6=True, f7=True, f8=False, f9=True, f10=False, f11=True, f12=True)",0.9509211864733172
21.422,"FeatureMask(f0=True, f1=True, f2=True, f3=True, f4=False, f5=False, f6=True, f7=True, f8=False, f9=True, f10=False, f11=True, f12=True)",0.9509211864733172
21.422,"FeatureMask(f0=True, f1=True, f2=True, f3=True, f4=False, f5=False, f6=True, f7=True, f8=False, f9=True, f10=False, f11=True, f12=True)",0.9509211864733172
21.422,"FeatureMask(f0=True, f1=True, f2=True, f3=True, f4=False, f5=False, f6=True, f7=True, f8=False, f9=True, f10=False, f11=True, f12=True)",0.9509211864733172
21.422,"FeatureMask(f0=True, f1=True, f2=True, f3=True, f4=False, f5=False, f6=True, f7=True, f8=False, f9=True, f10=False, f11=True, f12=True)",0.9509211864733172
21.422,"FeatureMask(f0=True, f1=True, f2=True, f3=True, f4=False, f5=False, f6=True, f7=True, f8=False, f9=True, f10=False, f11=True, f12=True)",0.9509211864733172
21.422,"FeatureMask(f0=True, f1=True, f2=True, f3=True, f4=False, f5=False, f6=True, f7=True, f8=False, f9=True, f10=False, f11=True, f12=True)",0.9509211864733172
21.422,"FeatureMask(f0=True, f1=True, f2=True, f3=True, f4=False, f5=False, f6=True, f7=True, f8=False, f9=True, f10=False, f11=True, f12=True)",0.9509211864733172
21.422,"FeatureMask(f0=True, f1=True, f2=True, f3=True, f4=False, f5=False, f6=True, f7=True, f8=False, f9=True, f10=False, f11=True, f12=True)",0.9509211864733172
21.516000000000002,"FeatureMask(f0=True, f1=True, f2=True, f3=True, f4=False, f5=False, f6=True, f7=True, f8=False, f9=True, f10=False, f11=True, f12=True)",0.9509211864733172
21.516000000000002,"FeatureMask(f0=True, f1=True, f2=True, f3=True, f4=False, f5=False, f6=True, f7=True, f8=False, f9=True, f10=False, f11=True, f12=True)",0.9509211864733172
21.516000000000002,"FeatureMask(f0=True, f1=True, f2=True, f3=True, f4=False, f5=False, f6=True, f7=True, f8=False, f9=True, f10=False, f11=True, f12=True)",0.9509211864733172
21.516000000000002,"FeatureMask(f0=True, f1=True, f2=True, f3=True, f4=False, f5=False, f6=True, f7=True, f8=False, f9=True, f10=False, f11=True, f12=True)",0.9509211864733172
21.516000000000002,"FeatureMask(f0=True, f1=True, f2=True, f3=True, f4=False, f5=False, f6=True, f7=True, f8=False, f9=True, f10=False, f11=True, f12=True)",0.9509211864733172
21.516000000000002,"FeatureMask(f0=True, f1=True, f2=True, f3=True, f4=False, f5=False, f6=True, f7=True, f8=False, f9=True, f10=False, f11=True, f12=True)",0.9509211864733172
21.516000000000002,"FeatureMask(f0=True, f1=True, f2=True, f3=True, f4=False, f5=False, f6=True, f7=True, f8=False, f9=True, f10=False, f11=True, f12=True)",0.9509211864733172
21.516000000000002,"FeatureMask(f0=True, f1=True, f2=True, f3=True, f4=False, f5=False, f6=True, f7=True, f8=False, f9=True, f10=False, f11=True, f12=True)",0.9509211864733172
21.516000000000002,"FeatureMask(f0=True, f1=True, f2=True, f3=True, f4=False, f5=False, f6=True, f7=True, f8=False, f9=True, f10=False, f11=True, f12=True)",0.9509211864733172
21.516000000000002,"FeatureMask(f0=True, f1=True, f2=True, f3=True, f4=False, f5=False, f6=True, f7=True, f8=False, f9=True, f10=False, f11=True, f12=True)",0.9509211864733172
21.610000000000003,"FeatureMask(f0=True, f1=True, f2=True, f3=True, f4=False, f5=False, f6=True, f7=True, f8=False, f9=True, f10=False, f11=True, f12=True)",0.9509211864733172
21.610000000000003,"FeatureMask(f0=True, f1=True, f2=True, f3=True, f4=False, f5=False, f6=True, f7=True, f8=False, f9=True, f10=False, f11=True, f12=True)",0.9509211864733172
21.610000000000003,"FeatureMask(f0=True, f1=True, f2=True, f3=True, f4=False, f5=False, f6=True, f7=True, f8=False, f9=True, f10=False, f11=True, f12=True)",0.9509211864733172
21.610000000000003,"FeatureMask(f0=True, f1=True, f2=True, f3=True, f4=False, f5=False, f6=True, f7=True, f8=False, f9=True, f10=False, f11=True, f12=True)",0.9509211864733172
21.610000000000003,"FeatureMask(f0=True, f1=True, f2=True, f3=True, f4=False, f5=False, f6=True, f7=True, f8=False, f9=True, f10=False, f11=True, f12=True)",0.9509211864733172
21.610000000000003,"FeatureMask(f0=True, f1=True, f2=True, f3=True, f4=False, f5=False, f6=True, f7=True, f8=False, f9=True, f10=False, f11=True, f12=True)",0.9509211864733172
21.610000000000003,"FeatureMask(f0=True, f1=True, f2=True, f3=True, f4=False, f5=False, f6=True, f7=True, f8=False, f9=True, f10=False, f11=True, f12=True)",0.9509211864733172
21.610000000000003,"FeatureMask(f0=True, f1=True, f2=True, f3=True, f4=False, f5=False, f6=True, f7=True, f8=False, f9=True, f10=False, f11=True, f12=True)",0.9509211864733172
21.610000000000003,"FeatureMask(f0=True, f1=True, f2=True, f3=True, f4=False, f5=False, f6=True, f7=True, f8=False, f9=True, f10=False, f11=True, f12=True)",0.9509211864733172
21.610000000000003,"FeatureMask(f0=True, f1=True, f2=True, f3=True, f4=False, f5=False, f6=True, f7=True, f8=False, f9=True, f10=False, f11=True, f12=True)",0.9509211864733172
21.703000000000003,"FeatureMask(f0=True, f1=True, f2=True, f3=True, f4=False, f5=False, f6=True, f7=True, f8=False, f9=True, f10=False, f11=True, f12=True)",0.9509211864733172
21.813000000000002,"FeatureMask(f0=True, f1=True, f2=True, f3=True, f4=False, f5=False, f6=True, f7=True, f8=False, f9=True, f10=False, f11=True, f12=True)",0.9509211864733172
21.813000000000002,"FeatureMask(f0=True, f1=True, f2=True, f3=True, f4=False, f5=False, f6=True, f7=True, f8=False, f9=True, f10=False, f11=True, f12=True)",0.9509211864733172
21.813000000000002,"FeatureMask(f0=True, f1=True, f2=True, f3=True, f4=False, f5=False, f6=True, f7=True, f8=False, f9=True, f10=False, f11=True, f12=True)",0.9509211864733172
21.813000000000002,"FeatureMask(f0=True, f1=True, f2=True, f3=True, f4=False, f5=False, f6=True, f7=True, f8=False, f9=True, f10=False, f11=True, f12=True)",0.9509211864733172
21.813000000000002,"FeatureMask(f0=True, f1=True, f2=True, f3=True, f4=False, f5=False, f6=True, f7=True, f8=False, f9=True, f10=False, f11=True, f12=True)",0.9509211864733172
21.813000000000002,"FeatureMask(f0=True, f1=True, f2=True, f3=True, f4=False, f5=False, f6=True, f7=True, f8=False, f9=True, f10=False, f11=True, f12=True)",0.9509211864733172
21.813000000000002,"FeatureMask(f0=True, f1=True, f2=True, f3=True, f4=False, f5=False, f6=True, f7=True, f8=False, f9=True, f10=False, f11=True, f12=True)",0.9509211864733172
21.813000000000002,"FeatureMask(f0=True, f1=True, f2=True, f3=True, f4=False, f5=False, f6=True, f7=True, f8=False, f9=True, f10=False, f11=True, f12=True)",0.9509211864733172
21.813000000000002,"FeatureMask(f0=True, f1=True, f2=True, f3=True, f4=False, f5=False, f6=True, f7=True, f8=False, f9=True, f10=False, f11=True, f12=True)",0.9509211864733172
21.813000000000002,"FeatureMask(f0=True, f1=True, f2=True, f3=True, f4=False, f5=False, f6=True, f7=True, f8=False, f9=True, f10=False, f11=True, f12=True)",0.9509211864733172
21.907,"FeatureMask(f0=True, f1=True, f2=True, f3=True, f4=False, f5=False, f6=True, f7=True, f8=False, f9=True, f10=False, f11=True, f12=True)",0.9509211864733172
21.985000000000003,"FeatureMask(f0=True, f1=True, f2=True, f3=True, f4=False, f5=False, f6=True, f7=True, f8=False, f9=True, f10=False, f11=True, f12=True)",0.9509211864733172
21.985000000000003,"FeatureMask(f0=True, f1=True, f2=True, f3=True, f4=False, f5=False, f6=True, f7=True, f8=False, f9=True, f10=False, f11=True, f12=True)",0.9509211864733172
21.985000000000003,"FeatureMask(f0=True, f1=True, f2=True, f3=True, f4=False, f5=False, f6=True, f7=True, f8=False, f9=True, f10=False, f11=True, f12=True)",0.9509211864733172
21.985000000000003,"FeatureMask(f0=True, f1=True, f2=True, f3=True, f4=False, f5=False, f6=True, f7=True, f8=False, f9=True, f10=False, f11=True, f12=True)",0.9509211864733172
21.985000000000003,"FeatureMask(f0=True, f1=True, f2=True, f3=True, f4=False, f5=False, f6=True, f7=True, f8=False, f9=True, f10=False, f11=True, f12=True)",0.9509211864733172
21.985000000000003,"FeatureMask(f0=True, f1=True, f2=True, f3=True, f4=False, f5=False, f6=True, f7=True, f8=False, f9=True, f10=False, f11=True, f12=True)",0.9509211864733172
21.985000000000003,"FeatureMask(f0=True, f1=True, f2=True, f3=True, f4=False, f5=False, f6=True, f7=True, f8=False, f9=True, f10=False, f11=True, f12=True)",0.9509211864733172
21.985000000000003,"FeatureMask(f0=True, f1=True, f2=True, f3=True, f4=False, f5=False, f6=True, f7=True, f8=False, f9=True, f10=False, f11=True, f12=True)",0.9509211864733172
21.985000000000003,"FeatureMask(f0=True, f1=True, f2=True, f3=True, f4=False, f5=False, f6=True, f7=True, f8=False, f9=True, f10=False, f11=True, f12=True)",0.9509211864733172
21.985000000000003,"FeatureMask(f0=True, f1=True, f2=True, f3=True, f4=False, f5=False, f6=True, f7=True, f8=False, f9=True, f10=False, f11=True, f12=True)",0.9509211864733172
22.172,"FeatureMask(f0=True, f1=True, f2=True, f3=True, f4=False, f5=False, f6=True, f7=True, f8=False, f9=True, f10=False, f11=True, f12=True)",0.9509211864733172
22.172,"FeatureMask(f0=True, f1=True, f2=True, f3=True, f4=False, f5=False, f6=True, f7=True, f8=False, f9=True, f10=False, f11=True, f12=True)",0.9509211864733172
22.172,"FeatureMask(f0=True, f1=True, f2=True, f3=True, f4=False, f5=False, f6=True, f7=True, f8=False, f9=True, f10=False, f11=True, f12=True)",0.9509211864733172
22.172,"FeatureMask(f0=True, f1=True, f2=True, f3=True, f4=False, f5=False, f6=True, f7=True, f8=False, f9=True, f10=False, f11=True, f12=True)",0.9509211864733172
22.172,"FeatureMask(f0=True, f1=True, f2=True, f3=True, f4=False, f5=False, f6=True, f7=True, f8=False, f9=True, f10=False, f11=True, f12=True)",0.9509211864733172
22.172,"FeatureMask(f0=True, f1=True, f2=True, f3=True, f4=False, f5=False, f6=True, f7=True, f8=False, f9=True, f10=False, f11=True, f12=True)",0.9509211864733172
22.172,"FeatureMask(f0=True, f1=True, f2=True, f3=True, f4=False, f5=False, f6=True, f7=True, f8=False, f9=True, f10=False, f11=True, f12=True)",0.9509211864733172
22.172,"FeatureMask(f0=True, f1=True, f2=True, f3=True, f4=False, f5=False, f6=True, f7=True, f8=False, f9=True, f10=False, f11=True, f12=True)",0.9509211864733172
22.172,"FeatureMask(f0=True, f1=True, f2=True, f3=True, f4=False, f5=False, f6=True, f7=True, f8=False, f9=True, f10=False, f11=True, f12=True)",0.9509211864733172
22.172,"FeatureMask(f0=True, f1=True, f2=True, f3=True, f4=False, f5=False, f6=True, f7=True, f8=False, f9=True, f10=False, f11=True, f12=True)",0.9509211864733172
22.375,"FeatureMask(f0=True, f1=True, f2=True, f3=True, f4=False, f5=False, f6=True, f7=True, f8=False, f9=True, f10=False, f11=True, f12=True)",0.9509211864733172
22.375,"FeatureMask(f0=True, f1=True, f2=True, f3=True, f4=False, f5=False, f6=True, f7=True, f8=False, f9=True, f10=False, f11=True, f12=True)",0.9509211864733172
22.375,"FeatureMask(f0=True, f1=True, f2=True, f3=True, f4=False, f5=False, f6=True, f7=True, f8=False, f9=True, f10=False, f11=True, f12=True)",0.9509211864733172
22.375,"FeatureMask(f0=True, f1=True, f2=True, f3=True, f4=False, f5=False, f6=True, f7=True, f8=False, f9=True, f10=False, f11=True, f12=True)",0.9509211864733172
22.375,"FeatureMask(f0=True, f1=True, f2=True, f3=True, f4=False, f5=False, f6=True, f7=True, f8=False, f9=True, f10=False, f11=True, f12=True)",0.9509211864733172
22.375,"FeatureMask(f0=True, f1=True, f2=True, f3=True, f4=False, f5=False, f6=True, f7=True, f8=False, f9=True, f10=False, f11=True, f12=True)",0.9509211864733172
22.375,"FeatureMask(f0=True, f1=True, f2=True, f3=True, f4=False, f5=False, f6=True, f7=True, f8=False, f9=True, f10=False, f11=True, f12=True)",0.9509211864733172
22.375,"FeatureMask(f0=True, f1=True, f2=True, f3=True, f4=False, f5=False, f6=True, f7=True, f8=False, f9=True, f10=False, f11=True, f12=True)",0.9509211864733172
22.375,"FeatureMask(f0=True, f1=True, f2=True, f3=True, f4=False, f5=False, f6=True, f7=True, f8=False, f9=True, f10=False, f11=True, f12=True)",0.9509211864733172
22.375,"FeatureMask(f0=True, f1=True, f2=True, f3=True, f4=False, f5=False, f6=True, f7=True, f8=False, f9=True, f10=False, f11=True, f12=True)",0.9509211864733172
22.578000000000003,"FeatureMask(f0=True, f1=True, f2=True, f3=True, f4=False, f5=False, f6=True, f7=True, f8=False, f9=True, f10=False, f11=True, f12=True)",0.9509211864733172
22.578000000000003,"FeatureMask(f0=True, f1=True, f2=True, f3=True, f4=False, f5=False, f6=True, f7=True, f8=False, f9=True, f10=False, f11=True, f12=True)",0.9509211864733172
22.578000000000003,"FeatureMask(f0=True, f1=True, f2=True, f3=True, f4=False, f5=False, f6=True, f7=True, f8=False, f9=True, f10=False, f11=True, f12=True)",0.9509211864733172
22.578000000000003,"FeatureMask(f0=True, f1=True, f2=True, f3=True, f4=False, f5=False, f6=True, f7=True, f8=False, f9=True, f10=False, f11=True, f12=True)",0.9509211864733172
22.578000000000003,"FeatureMask(f0=True, f1=True, f2=True, f3=True, f4=False, f5=False, f6=True, f7=True, f8=False, f9=True, f10=False, f11=True, f12=True)",0.9509211864733172
22.578000000000003,"FeatureMask(f0=True, f1=True, f2=True, f3=True, f4=False, f5=False, f6=True, f7=True, f8=False, f9=True, f10=False, f11=True, f12=True)",0.9509211864733172
22.578000000000003,"FeatureMask(f0=True, f1=True, f2=True, f3=True, f4=False, f5=False, f6=True, f7=True, f8=False, f9=True, f10=False, f11=True, f12=True)",0.9509211864733172
22.578000000000003,"FeatureMask(f0=True, f1=True, f2=True, f3=True, f4=False, f5=False, f6=True, f7=True, f8=False, f9=True, f10=False, f11=True, f12=True)",0.9509211864733172
22.578000000000003,"FeatureMask(f0=True, f1=True, f2=True, f3=True, f4=False, f5=False, f6=True, f7=True, f8=False, f9=True, f10=False, f11=True, f12=True)",0.9509211864733172
22.578000000000003,"FeatureMask(f0=True, f1=True, f2=True, f3=True, f4=False, f5=False, f6=True, f7=True, f8=False, f9=True, f10=False, f11=True, f12=True)",0.9509211864733172
22.75,"FeatureMask(f0=True, f1=True, f2=True, f3=True, f4=False, f5=False, f6=True, f7=True, f8=False, f9=True, f10=False, f11=True, f12=True)",0.9509211864733172
22.75,"FeatureMask(f0=True, f1=True, f2=True, f3=True, f4=False, f5=False, f6=True, f7=True, f8=False, f9=True, f10=False, f11=True, f12=True)",0.9509211864733172
22.75,"FeatureMask(f0=True, f1=True, f2=True, f3=True, f4=False, f5=False, f6=True, f7=True, f8=False, f9=True, f10=False, f11=True, f12=True)",0.9509211864733172
22.75,"FeatureMask(f0=True, f1=True, f2=True, f3=True, f4=False, f5=False, f6=True, f7=True, f8=False, f9=True, f10=False, f11=True, f12=True)",0.9509211864733172
22.75,"FeatureMask(f0=True, f1=True, f2=True, f3=True, f4=False, f5=False, f6=True, f7=True, f8=False, f9=True, f10=False, f11=True, f12=True)",0.9509211864733172
22.75,"FeatureMask(f0=True, f1=True, f2=True, f3=True, f4=False, f5=False, f6=True, f7=True, f8=False, f9=True, f10=False, f11=True, f12=True)",0.9509211864733172
22.75,"FeatureMask(f0=True, f1=True, f2=True, f3=True, f4=False, f5=False, f6=True, f7=True, f8=False, f9=True, f10=False, f11=True, f12=True)",0.9509211864733172
22.75,"FeatureMask(f0=True, f1=True, f2=True, f3=True, f4=False, f5=False, f6=True, f7=True, f8=False, f9=True, f10=False, f11=True, f12=True)",0.9509211864733172
22.75,"FeatureMask(f0=True, f1=True, f2=True, f3=True, f4=False, f5=False, f6=True, f7=True, f8=False, f9=True, f10=False, f11=True, f12=True)",0.9509211864733172
22.75,"FeatureMask(f0=True, f1=True, f2=True, f3=True, f4=False, f5=False, f6=True, f7=True, f8=False, f9=True, f10=False, f11=True, f12=True)",0.9509211864733172
22.938000000000002,"FeatureMask(f0=True, f1=True, f2=True, f3=True, f4=False, f5=False, f6=True, f7=True, f8=False, f9=True, f10=False, f11=True, f12=True)",0.9509211864733172
22.938000000000002,"FeatureMask(f0=True, f1=True, f2=True, f3=True, f4=False, f5=False, f6=True, f7=True, f8=False, f9=True, f10=False, f11=True, f12=True)",0.9509211864733172
22.938000000000002,"FeatureMask(f0=True, f1=True, f2=True, f3=True, f4=False, f5=False, f6=True, f7=True, f8=False, f9=True, f10=False, f11=True, f12=True)",0.9509211864733172
22.938000000000002,"FeatureMask(f0=True, f1=True, f2=True, f3=True, f4=False, f5=False, f6=True, f7=True, f8=False, f9=True, f10=False, f11=True, f12=True)",0.9509211864733172
22.938000000000002,"FeatureMask(f0=True, f1=True, f2=True, f3=True, f4=False, f5=False, f6=True, f7=True, f8=False, f9=True, f10=False, f11=True, f12=True)",0.9509211864733172
22.938000000000002,"FeatureMask(f0=True, f1=True, f2=True, f3=True, f4=False, f5=False, f6=True, f7=True, f8=False, f9=True, f10=False, f11=True, f12=True)",0.9509211864733172
22.938000000000002,"FeatureMask(f0=True, f1=True, f2=True, f3=True, f4=False, f5=False, f6=True, f7=True, f8=False, f9=True, f10=False, f11=True, f12=True)",0.9509211864733172
22.938000000000002,"FeatureMask(f0=True, f1=True, f2=True, f3=True, f4=False, f5=False, f6=True, f7=True, f8=False, f9=True, f10=False, f11=True, f12=True)",0.9509211864733172
22.938000000000002,"FeatureMask(f0=True, f1=True, f2=True, f3=True, f4=False, f5=False, f6=True, f7=True, f8=False, f9=True, f10=False, f11=True, f12=True)",0.9509211864733172
22.938000000000002,"FeatureMask(f0=True, f1=True, f2=True, f3=True, f4=False, f5=False, f6=True, f7=True, f8=False, f9=True, f10=False, f11=True, f12=True)",0.9509211864733172
23.016000000000002,"FeatureMask(f0=True, f1=True, f2=True, f3=True, f4=False, f5=False, f6=True, f7=True, f8=False, f9=True, f10=False, f11=True, f12=True)",0.9509211864733172
23.141000000000002,"FeatureMask(f0=True, f1=True, f2=True, f3=True, f4=False, f5=False, f6=True, f7=True, f8=False, f9=True, f10=False, f11=True, f12=True)",0.9509211864733172
23.141000000000002,"FeatureMask(f0=True, f1=True, f2=True, f3=True, f4=False, f5=False, f6=True, f7=True, f8=False, f9=True, f10=False, f11=True, f12=True)",0.9509211864733172
23.141000000000002,"FeatureMask(f0=True, f1=True, f2=True, f3=True, f4=False, f5=False, f6=True, f7=True, f8=False, f9=True, f10=False, f11=True, f12=True)",0.9509211864733172
23.141000000000002,"FeatureMask(f0=True, f1=True, f2=True, f3=True, f4=False, f5=False, f6=True, f7=True, f8=False, f9=True, f10=False, f11=True, f12=True)",0.9509211864733172
23.141000000000002,"FeatureMask(f0=True, f1=True, f2=True, f3=True, f4=False, f5=False, f6=True, f7=True, f8=False, f9=True, f10=False, f11=True, f12=True)",0.9509211864733172
23.141000000000002,"FeatureMask(f0=True, f1=True, f2=True, f3=True, f4=False, f5=False, f6=True, f7=True, f8=False, f9=True, f10=False, f11=True, f12=True)",0.9509211864733172
23.141000000000002,"FeatureMask(f0=True, f1=True, f2=True, f3=True, f4=False, f5=False, f6=True, f7=True, f8=False, f9=True, f10=False, f11=True, f12=True)",0.9509211864733172
23.141000000000002,"FeatureMask(f0=True, f1=True, f2=True, f3=True, f4=False, f5=False, f6=True, f7=True, f8=False, f9=True, f10=False, f11=True, f12=True)",0.9509211864733172
23.141000000000002,"FeatureMask(f0=True, f1=True, f2=True, f3=True, f4=False, f5=False, f6=True, f7=True, f8=False, f9=True, f10=False, f11=True, f12=True)",0.9509211864733172
23.141000000000002,"FeatureMask(f0=True, f1=True, f2=True, f3=True, f4=False, f5=False, f6=True, f7=True, f8=False, f9=True, f10=False, f11=True, f12=True)",0.9509211864733172
23.219,"FeatureMask(f0=True, f1=True, f2=True, f3=True, f4=False, f5=False, f6=True, f7=True, f8=False, f9=True, f10=False, f11=True, f12=True)",0.9509211864733172
23.297,"FeatureMask(f0=True, f1=True, f2=True, f3=True, f4=False, f5=False, f6=True, f7=True, f8=False, f9=True, f10=False, f11=True, f12=True)",0.9509211864733172
23.297,"FeatureMask(f0=True, f1=True, f2=True, f3=True, f4=False, f5=False, f6=True, f7=True, f8=False, f9=True, f10=False, f11=True, f12=True)",0.9509211864733172
23.297,"FeatureMask(f0=True, f1=True, f2=True, f3=True, f4=False, f5=False, f6=True, f7=True, f8=False, f9=True, f10=False, f11=True, f12=True)",0.9509211864733172
23.297,"FeatureMask(f0=True, f1=True, f2=True, f3=True, f4=False, f5=False, f6=True, f7=True, f8=False, f9=True, f10=False, f11=True, f12=True)",0.9509211864733172
23.297,"FeatureMask(f0=True, f1=True, f2=True, f3=True, f4=False, f5=False, f6=True, f7=True, f8=False, f9=True, f10=False, f11=True, f12=True)",0.9509211864733172
23.297,"FeatureMask(f0=True, f1=True, f2=True, f3=True, f4=False, f5=False, f6=True, f7=True, f8=False, f9=True, f10=False, f11=True, f12=True)",0.9509211864733172
23.297,"FeatureMask(f0=True, f1=True, f2=True, f3=True, f4=False, f5=False, f6=True, f7=True, f8=False, f9=True, f10=False, f11=True, f12=True)",0.9509211864733172
23.297,"FeatureMask(f0=True, f1=True, f2=True, f3=True, f4=False, f5=False, f6=True, f7=True, f8=False, f9=True, f10=False, f11=True, f12=True)",0.9509211864733172
23.297,"FeatureMask(f0=True, f1=True, f2=True, f3=True, f4=False, f5=False, f6=True, f7=True, f8=False, f9=True, f10=False, f11=True, f12=True)",0.9509211864733172
23.297,"FeatureMask(f0=True, f1=True, f2=True, f3=True, f4=False, f5=False, f6=True, f7=True, f8=False, f9=True, f10=False, f11=True, f12=True)",0.9509211864733172
23.391000000000002,"FeatureMask(f0=True, f1=True, f2=True, f3=True, f4=False, f5=False, f6=True, f7=True, f8=False, f9=True, f10=False, f11=True, f12=True)",0.9509211864733172
23.5,"FeatureMask(f0=True, f1=True, f2=True, f3=True, f4=False, f5=False, f6=True, f7=True, f8=False, f9=True, f10=False, f11=True, f12=True)",0.9509211864733172
23.5,"FeatureMask(f0=True, f1=True, f2=True, f3=True, f4=False, f5=False, f6=True, f7=True, f8=False, f9=True, f10=False, f11=True, f12=True)",0.9509211864733172
23.5,"FeatureMask(f0=True, f1=True, f2=True, f3=True, f4=False, f5=False, f6=True, f7=True, f8=False, f9=True, f10=False, f11=True, f12=True)",0.9509211864733172
23.5,"FeatureMask(f0=True, f1=True, f2=True, f3=True, f4=False, f5=False, f6=True, f7=True, f8=False, f9=True, f10=False, f11=True, f12=True)",0.9509211864733172
23.5,"FeatureMask(f0=True, f1=True, f2=True, f3=True, f4=False, f5=False, f6=True, f7=True, f8=False, f9=True, f10=False, f11=True, f12=True)",0.9509211864733172
23.5,"FeatureMask(f0=True, f1=True, f2=True, f3=True, f4=False, f5=False, f6=True, f7=True, f8=False, f9=True, f10=False, f11=True, f12=True)",0.9509211864733172
23.5,"FeatureMask(f0=True, f1=True, f2=True, f3=True, f4=False, f5=False, f6=True, f7=True, f8=False, f9=True, f10=False, f11=True, f12=True)",0.9509211864733172
23.5,"FeatureMask(f0=True, f1=True, f2=True, f3=True, f4=False, f5=False, f6=True, f7=True, f8=False, f9=True, f10=False, f11=True, f12=True)",0.9509211864733172
23.5,"FeatureMask(f0=True, f1=True, f2=True, f3=True, f4=False, f5=False, f6=True, f7=True, f8=False, f9=True, f10=False, f11=True, f12=True)",0.9509211864733172
23.5,"FeatureMask(f0=True, f1=True, f2=True, f3=True, f4=False, f5=False, f6=True, f7=True, f8=False, f9=True, f10=False, f11=True, f12=True)",0.9509211864733172
23.594,"FeatureMask(f0=True, f1=True, f2=True, f3=True, f4=False, f5=False, f6=True, f7=True, f8=False, f9=True, f10=False, f11=True, f12=True)",0.9509211864733172
23.594,"FeatureMask(f0=True, f1=True, f2=True, f3=True, f4=False, f5=False, f6=True, f7=True, f8=False, f9=True, f10=False, f11=True, f12=True)",0.9509211864733172
23.594,"FeatureMask(f0=True, f1=True, f2=True, f3=True, f4=False, f5=False, f6=True, f7=True, f8=False, f9=True, f10=False, f11=True, f12=True)",0.9509211864733172
23.594,"FeatureMask(f0=True, f1=True, f2=True, f3=True, f4=False, f5=False, f6=True, f7=True, f8=False, f9=True, f10=False, f11=True, f12=True)",0.9509211864733172
23.703000000000003,"FeatureMask(f0=True, f1=True, f2=True, f3=True, f4=False, f5=False, f6=True, f7=True, f8=False, f9=True, f10=False, f11=True, f12=True)",0.9509211864733172
23.703000000000003,"FeatureMask(f0=True, f1=True, f2=True, f3=True, f4=False, f5=False, f6=True, f7=True, f8=False, f9=True, f10=False, f11=True, f12=True)",0.9509211864733172
23.703000000000003,"FeatureMask(f0=True, f1=True, f2=True, f3=True, f4=False, f5=False, f6=True, f7=True, f8=False, f9=True, f10=False, f11=True, f12=True)",0.9509211864733172
23.703000000000003,"FeatureMask(f0=True, f1=True, f2=True, f3=True, f4=False, f5=False, f6=True, f7=True, f8=False, f9=True, f10=False, f11=True, f12=True)",0.9509211864733172
23.703000000000003,"FeatureMask(f0=True, f1=True, f2=True, f3=True, f4=False, f5=False, f6=True, f7=True, f8=False, f9=True, f10=False, f11=True, f12=True)",0.9509211864733172
23.703000000000003,"FeatureMask(f0=True, f1=True, f2=True, f3=True, f4=False, f5=False, f6=True, f7=True, f8=False, f9=True, f10=False, f11=True, f12=True)",0.9509211864733172
23.703000000000003,"FeatureMask(f0=True, f1=True, f2=True, f3=True, f4=False, f5=False, f6=True, f7=True, f8=False, f9=True, f10=False, f11=True, f12=True)",0.9509211864733172
23.703000000000003,"FeatureMask(f0=True, f1=True, f2=True, f3=True, f4=False, f5=False, f6=True, f7=True, f8=False, f9=True, f10=False, f11=True, f12=True)",0.9509211864733172
23.703000000000003,"FeatureMask(f0=True, f1=True, f2=True, f3=True, f4=False, f5=False, f6=True, f7=True, f8=False, f9=True, f10=False, f11=True, f12=True)",0.9509211864733172
23.703000000000003,"FeatureMask(f0=True, f1=True, f2=True, f3=True, f4=False, f5=False, f6=True, f7=True, f8=False, f9=True, f10=False, f11=True, f12=True)",0.9509211864733172
23.766000000000002,"FeatureMask(f0=True, f1=True, f2=True, f3=True, f4=False, f5=True, f6=True, f7=True, f8=False, f9=True, f10=True, f11=True, f12=True)",0.9509211864733172
23.797,"FeatureMask(f0=True, f1=True, f2=True, f3=True, f4=False, f5=False, f6=True, f7=True, f8=False, f9=True, f10=False, f11=True, f12=True)",0.9509211864733172
23.860000000000003,"FeatureMask(f0=True, f1=True, f2=True, f3=True, f4=False, f5=False, f6=True, f7=True, f8=False, f9=True, f10=False, f11=True, f12=True)",0.9509211864733172
23.860000000000003,"FeatureMask(f0=True, f1=True, f2=True, f3=True, f4=False, f5=False, f6=True, f7=True, f8=False, f9=True, f10=False, f11=True, f12=True)",0.9509211864733172
23.860000000000003,"FeatureMask(f0=True, f1=True, f2=True, f3=True, f4=False, f5=False, f6=True, f7=True, f8=False, f9=True, f10=False, f11=True, f12=True)",0.9509211864733172
23.860000000000003,"FeatureMask(f0=True, f1=True, f2=True, f3=True, f4=False, f5=False, f6=True, f7=True, f8=False, f9=True, f10=False, f11=True, f12=True)",0.9509211864733172
23.860000000000003,"FeatureMask(f0=True, f1=True, f2=True, f3=True, f4=False, f5=False, f6=True, f7=True, f8=False, f9=True, f10=False, f11=True, f12=True)",0.9509211864733172
23.860000000000003,"FeatureMask(f0=True, f1=True, f2=True, f3=True, f4=False, f5=False, f6=True, f7=True, f8=False, f9=True, f10=False, f11=True, f12=True)",0.9509211864733172
23.860000000000003,"FeatureMask(f0=True, f1=True, f2=True, f3=True, f4=False, f5=False, f6=True, f7=True, f8=False, f9=True, f10=False, f11=True, f12=True)",0.9509211864733172
23.860000000000003,"FeatureMask(f0=True, f1=True, f2=True, f3=True, f4=False, f5=False, f6=True, f7=True, f8=False, f9=True, f10=False, f11=True, f12=True)",0.9509211864733172
23.860000000000003,"FeatureMask(f0=True, f1=True, f2=True, f3=True, f4=False, f5=False, f6=True, f7=True, f8=False, f9=True, f10=False, f11=True, f12=True)",0.9509211864733172
23.860000000000003,"FeatureMask(f0=True, f1=True, f2=True, f3=True, f4=False, f5=False, f6=True, f7=True, f8=False, f9=True, f10=False, f11=True, f12=True)",0.9509211864733172
23.938000000000002,"FeatureMask(f0=True, f1=True, f2=True, f3=True, f4=False, f5=False, f6=True, f7=True, f8=False, f9=True, f10=False, f11=True, f12=True)",0.9509211864733172
24.063000000000002,"FeatureMask(f0=True, f1=True, f2=True, f3=True, f4=False, f5=False, f6=True, f7=True, f8=False, f9=True, f10=False, f11=True, f12=True)",0.9509211864733172
24.063000000000002,"FeatureMask(f0=True, f1=True, f2=True, f3=True, f4=False, f5=False, f6=True, f7=True, f8=False, f9=True, f10=False, f11=True, f12=True)",0.9509211864733172
24.063000000000002,"FeatureMask(f0=True, f1=True, f2=True, f3=True, f4=False, f5=False, f6=True, f7=True, f8=False, f9=True, f10=False, f11=True, f12=True)",0.9509211864733172
24.063000000000002,"FeatureMask(f0=True, f1=True, f2=True, f3=True, f4=False, f5=False, f6=True, f7=True, f8=False, f9=True, f10=False, f11=True, f12=True)",0.9509211864733172
24.063000000000002,"FeatureMask(f0=True, f1=True, f2=True, f3=True, f4=False, f5=False, f6=True, f7=True, f8=False, f9=True, f10=False, f11=True, f12=True)",0.9509211864733172
24.063000000000002,"FeatureMask(f0=True, f1=True, f2=True, f3=True, f4=False, f5=False, f6=True, f7=True, f8=False, f9=True, f10=False, f11=True, f12=True)",0.9509211864733172
24.063000000000002,"FeatureMask(f0=True, f1=True, f2=True, f3=True, f4=False, f5=False, f6=True, f7=True, f8=False, f9=True, f10=False, f11=True, f12=True)",0.9509211864733172
24.063000000000002,"FeatureMask(f0=True, f1=True, f2=True, f3=True, f4=False, f5=False, f6=True, f7=True, f8=False, f9=True, f10=False, f11=True, f12=True)",0.9509211864733172
24.063000000000002,"FeatureMask(f0=True, f1=True, f2=True, f3=True, f4=False, f5=False, f6=True, f7=True, f8=False, f9=True, f10=False, f11=True, f12=True)",0.9509211864733172
24.063000000000002,"FeatureMask(f0=True, f1=True, f2=True, f3=True, f4=False, f5=False, f6=True, f7=True, f8=False, f9=True, f10=False, f11=True, f12=True)",0.9509211864733172
24.157,"FeatureMask(f0=True, f1=True, f2=True, f3=True, f4=False, f5=False, f6=True, f7=True, f8=False, f9=True, f10=False, f11=True, f12=True)",0.9509211864733172
24.25,"FeatureMask(f0=True, f1=True, f2=True, f3=True, f4=False, f5=False, f6=True, f7=True, f8=False, f9=True, f10=False, f11=True, f12=True)",0.9509211864733172
24.25,"FeatureMask(f0=True, f1=True, f2=True, f3=True, f4=False, f5=False, f6=True, f7=True, f8=False, f9=True, f10=False, f11=True, f12=True)",0.9509211864733172
24.25,"FeatureMask(f0=True, f1=True, f2=True, f3=True, f4=False, f5=False, f6=True, f7=True, f8=False, f9=True, f10=False, f11=True, f12=True)",0.9509211864733172
24.25,"FeatureMask(f0=True, f1=True, f2=True, f3=True, f4=False, f5=False, f6=True, f7=True, f8=False, f9=True, f10=False, f11=True, f12=True)",0.9509211864733172
24.25,"FeatureMask(f0=True, f1=True, f2=True, f3=True, f4=False, f5=False, f6=True, f7=True, f8=False, f9=True, f10=False, f11=True, f12=True)",0.9509211864733172
24.25,"FeatureMask(f0=True, f1=True, f2=True, f3=True, f4=False, f5=False, f6=True, f7=True, f8=False, f9=True, f10=False, f11=True, f12=True)",0.9509211864733172
24.25,"FeatureMask(f0=True, f1=True, f2=True, f3=True, f4=False, f5=False, f6=True, f7=True, f8=False, f9=True, f10=False, f11=True, f12=True)",0.9509211864733172
24.25,"FeatureMask(f0=True, f1=True, f2=True, f3=True, f4=False, f5=False, f6=True, f7=True, f8=False, f9=True, f10=False, f11=True, f12=True)",0.9509211864733172
24.25,"FeatureMask(f0=True, f1=True, f2=True, f3=True, f4=False, f5=False, f6=True, f7=True, f8=False, f9=True, f10=False, f11=True, f12=True)",0.9509211864733172
24.25,"FeatureMask(f0=True, f1=True, f2=True, f3=True, f4=False, f5=False, f6=True, f7=True, f8=False, f9=True, f10=False, f11=True, f12=True)",0.9509211864733172
24.344,"FeatureMask(f0=True, f1=True, f2=True, f3=True, f4=False, f5=False, f6=True, f7=True, f8=False, f9=True, f10=False, f11=True, f12=True)",0.9509211864733172
24.391000000000002,"FeatureMask(f0=True, f1=True, f2=True, f3=True, f4=False, f5=False, f6=True, f7=True, f8=False, f9=True, f10=False, f11=True, f12=True)",0.9509211864733172
24.391000000000002,"FeatureMask(f0=True, f1=True, f2=True, f3=True, f4=False, f5=False, f6=True, f7=True, f8=False, f9=True, f10=False, f11=True, f12=True)",0.9509211864733172
24.391000000000002,"FeatureMask(f0=True, f1=True, f2=True, f3=True, f4=False, f5=False, f6=True, f7=True, f8=False, f9=True, f10=False, f11=True, f12=True)",0.9509211864733172
24.391000000000002,"FeatureMask(f0=True, f1=True, f2=True, f3=True, f4=False, f5=False, f6=True, f7=True, f8=False, f9=True, f10=False, f11=True, f12=True)",0.9509211864733172
24.391000000000002,"FeatureMask(f0=True, f1=True, f2=True, f3=True, f4=False, f5=False, f6=True, f7=True, f8=False, f9=True, f10=False, f11=True, f12=True)",0.9509211864733172
24.391000000000002,"FeatureMask(f0=True, f1=True, f2=True, f3=True, f4=False, f5=False, f6=True, f7=True, f8=False, f9=True, f10=False, f11=True, f12=True)",0.9509211864733172
24.391000000000002,"FeatureMask(f0=True, f1=True, f2=True, f3=True, f4=False, f5=False, f6=True, f7=True, f8=False, f9=True, f10=False, f11=True, f12=True)",0.9509211864733172
24.391000000000002,"FeatureMask(f0=True, f1=True, f2=True, f3=True, f4=False, f5=False, f6=True, f7=True, f8=False, f9=True, f10=False, f11=True, f12=True)",0.9509211864733172
24.391000000000002,"FeatureMask(f0=True, f1=True, f2=True, f3=True, f4=False, f5=False, f6=True, f7=True, f8=False, f9=True, f10=False, f11=True, f12=True)",0.9509211864733172
24.391000000000002,"FeatureMask(f0=True, f1=True, f2=True, f3=True, f4=False, f5=False, f6=True, f7=True, f8=False, f9=True, f10=False, f11=True, f12=True)",0.9509211864733172
24.485000000000003,"FeatureMask(f0=True, f1=True, f2=True, f3=True, f4=False, f5=False, f6=True, f7=True, f8=False, f9=True, f10=False, f11=True, f12=True)",0.9509211864733172
24.485000000000003,"FeatureMask(f0=True, f1=True, f2=True, f3=True, f4=False, f5=False, f6=True, f7=True, f8=False, f9=True, f10=False, f11=True, f12=True)",0.9509211864733172
24.594,"FeatureMask(f0=True, f1=True, f2=True, f3=True, f4=False, f5=False, f6=True, f7=True, f8=False, f9=True, f10=False, f11=True, f12=True)",0.9509211864733172
24.594,"FeatureMask(f0=True, f1=True, f2=True, f3=True, f4=False, f5=False, f6=True, f7=True, f8=False, f9=True, f10=False, f11=True, f12=True)",0.9509211864733172
24.594,"FeatureMask(f0=True, f1=True, f2=True, f3=True, f4=False, f5=False, f6=True, f7=True, f8=False, f9=True, f10=False, f11=True, f12=True)",0.9509211864733172
24.594,"FeatureMask(f0=True, f1=True, f2=True, f3=True, f4=False, f5=False, f6=True, f7=True, f8=False, f9=True, f10=False, f11=True, f12=True)",0.9509211864733172
24.594,"FeatureMask(f0=True, f1=True, f2=True, f3=True, f4=False, f5=False, f6=True, f7=True, f8=False, f9=True, f10=False, f11=True, f12=True)",0.9509211864733172
24.594,"FeatureMask(f0=True, f1=True, f2=True, f3=True, f4=False, f5=False, f6=True, f7=True, f8=False, f9=True, f10=False, f11=True, f12=True)",0.9509211864733172
24.594,"FeatureMask(f0=True, f1=True, f2=True, f3=True, f4=False, f5=False, f6=True, f7=True, f8=False, f9=True, f10=False, f11=True, f12=True)",0.9509211864733172
24.594,"FeatureMask(f0=True, f1=True, f2=True, f3=True, f4=False, f5=False, f6=True, f7=True, f8=False, f9=True, f10=False, f11=True, f12=True)",0.9509211864733172
24.594,"FeatureMask(f0=True, f1=True, f2=True, f3=True, f4=False, f5=False, f6=True, f7=True, f8=False, f9=True, f10=False, f11=True, f12=True)",0.9509211864733172
24.594,"FeatureMask(f0=True, f1=True, f2=True, f3=True, f4=False, f5=False, f6=True, f7=True, f8=False, f9=True, f10=False, f11=True, f12=True)",0.9509211864733172
24.797,"FeatureMask(f0=True, f1=True, f2=True, f3=True, f4=False, f5=False, f6=True, f7=True, f8=False, f9=True, f10=False, f11=True, f12=True)",0.9509211864733172
24.797,"FeatureMask(f0=True, f1=True, f2=True, f3=True, f4=False, f5=False, f6=True, f7=True, f8=False, f9=True, f10=False, f11=True, f12=True)",0.9509211864733172
24.797,"FeatureMask(f0=True, f1=True, f2=True, f3=True, f4=False, f5=False, f6=True, f7=True, f8=False, f9=True, f10=False, f11=True, f12=True)",0.9509211864733172
24.797,"FeatureMask(f0=True, f1=True, f2=True, f3=True, f4=False, f5=False, f6=True, f7=True, f8=False, f9=True, f10=False, f11=True, f12=True)",0.9509211864733172
24.797,"FeatureMask(f0=True, f1=True, f2=True, f3=True, f4=False, f5=False, f6=True, f7=True, f8=False, f9=True, f10=False, f11=True, f12=True)",0.9509211864733172
24.797,"FeatureMask(f0=True, f1=True, f2=True, f3=True, f4=False, f5=False, f6=True, f7=True, f8=False, f9=True, f10=False, f11=True, f12=True)",0.9509211864733172
24.797,"FeatureMask(f0=True, f1=True, f2=True, f3=True, f4=False, f5=False, f6=True, f7=True, f8=False, f9=True, f10=False, f11=True, f12=True)",0.9509211864733172
24.797,"FeatureMask(f0=True, f1=True, f2=True, f3=True, f4=False, f5=False, f6=True, f7=True, f8=False, f9=True, f10=False, f11=True, f12=True)",0.9509211864733172
24.797,"FeatureMask(f0=True, f1=True, f2=True, f3=True, f4=False, f5=False, f6=True, f7=True, f8=False, f9=True, f10=False, f11=True, f12=True)",0.9509211864733172
24.797,"FeatureMask(f0=True, f1=True, f2=True, f3=True, f4=False, f5=False, f6=True, f7=True, f8=False, f9=True, f10=False, f11=True, f12=True)",0.9509211864733172
25.0,"FeatureMask(f0=True, f1=True, f2=True, f3=True, f4=False, f5=False, f6=True, f7=True, f8=False, f9=True, f10=False, f11=True, f12=True)",0.9509211864733172
25.0,"FeatureMask(f0=True, f1=True, f2=True, f3=True, f4=False, f5=False, f6=True, f7=True, f8=False, f9=True, f10=False, f11=True, f12=True)",0.9509211864733172
25.0,"FeatureMask(f0=True, f1=True, f2=True, f3=True, f4=False, f5=False, f6=True, f7=True, f8=False, f9=True, f10=False, f11=True, f12=True)",0.9509211864733172
25.0,"FeatureMask(f0=True, f1=True, f2=True, f3=True, f4=False, f5=False, f6=True, f7=True, f8=False, f9=True, f10=False, f11=True, f12=True)",0.9509211864733172
25.0,"FeatureMask(f0=True, f1=True, f2=True, f3=True, f4=False, f5=False, f6=True, f7=True, f8=False, f9=True, f10=False, f11=True, f12=True)",0.9509211864733172
25.0,"FeatureMask(f0=True, f1=True, f2=True, f3=True, f4=False, f5=False, f6=True, f7=True, f8=False, f9=True, f10=False, f11=True, f12=True)",0.9509211864733172
25.0,"FeatureMask(f0=True, f1=True, f2=True, f3=True, f4=False, f5=False, f6=True, f7=True, f8=False, f9=True, f10=False, f11=True, f12=True)",0.9509211864733172
25.0,"FeatureMask(f0=True, f1=True, f2=True, f3=True, f4=False, f5=False, f6=True, f7=True, f8=False, f9=True, f10=False, f11=True, f12=True)",0.9509211864733172
25.0,"FeatureMask(f0=True, f1=True, f2=True, f3=True, f4=False, f5=False, f6=True, f7=True, f8=False, f9=True, f10=False, f11=True, f12=True)",0.9509211864733172
25.0,"FeatureMask(f0=True, f1=True, f2=True, f3=True, f4=False, f5=False, f6=True, f7=True, f8=False, f9=True, f10=False, f11=True, f12=True)",0.9509211864733172
25.094,"FeatureMask(f0=True, f1=True, f2=True, f3=True, f4=False, f5=False, f6=True, f7=True, f8=False, f9=True, f10=False, f11=True, f12=True)",0.9509211864733172
25.203000000000003,"FeatureMask(f0=True, f1=True, f2=True, f3=True, f4=False, f5=False, f6=True, f7=True, f8=False, f9=True, f10=False, f11=True, f12=True)",0.9509211864733172
25.203000000000003,"FeatureMask(f0=True, f1=True, f2=True, f3=True, f4=False, f5=False, f6=True, f7=True, f8=False, f9=True, f10=False, f11=True, f12=True)",0.9509211864733172
25.203000000000003,"FeatureMask(f0=True, f1=True, f2=True, f3=True, f4=False, f5=False, f6=True, f7=True, f8=False, f9=True, f10=False, f11=True, f12=True)",0.9509211864733172
25.203000000000003,"FeatureMask(f0=True, f1=True, f2=True, f3=True, f4=False, f5=False, f6=True, f7=True, f8=False, f9=True, f10=False, f11=True, f12=True)",0.9509211864733172
25.203000000000003,"FeatureMask(f0=True, f1=True, f2=True, f3=True, f4=False, f5=False, f6=True, f7=True, f8=False, f9=True, f10=False, f11=True, f12=True)",0.9509211864733172
25.203000000000003,"FeatureMask(f0=True, f1=True, f2=True, f3=True, f4=False, f5=False, f6=True, f7=True, f8=False, f9=True, f10=False, f11=True, f12=True)",0.9509211864733172
25.203000000000003,"FeatureMask(f0=True, f1=True, f2=True, f3=True, f4=False, f5=False, f6=True, f7=True, f8=False, f9=True, f10=False, f11=True, f12=True)",0.9509211864733172
25.203000000000003,"FeatureMask(f0=True, f1=True, f2=True, f3=True, f4=False, f5=False, f6=True, f7=True, f8=False, f9=True, f10=False, f11=True, f12=True)",0.9509211864733172
25.203000000000003,"FeatureMask(f0=True, f1=True, f2=True, f3=True, f4=False, f5=False, f6=True, f7=True, f8=False, f9=True, f10=False, f11=True, f12=True)",0.9509211864733172
25.203000000000003,"FeatureMask(f0=True, f1=True, f2=True, f3=True, f4=False, f5=False, f6=True, f7=True, f8=False, f9=True, f10=False, f11=True, f12=True)",0.9509211864733172
25.391000000000002,"FeatureMask(f0=True, f1=True, f2=True, f3=True, f4=False, f5=False, f6=True, f7=True, f8=False, f9=True, f10=False, f11=True, f12=True)",0.9509211864733172
25.391000000000002,"FeatureMask(f0=True, f1=True, f2=True, f3=True, f4=False, f5=False, f6=True, f7=True, f8=False, f9=True, f10=False, f11=True, f12=True)",0.9509211864733172
25.391000000000002,"FeatureMask(f0=True, f1=True, f2=True, f3=True, f4=False, f5=False, f6=True, f7=True, f8=False, f9=True, f10=False, f11=True, f12=True)",0.9509211864733172
25.391000000000002,"FeatureMask(f0=True, f1=True, f2=True, f3=True, f4=False, f5=False, f6=True, f7=True, f8=False, f9=True, f10=False, f11=True, f12=True)",0.9509211864733172
25.391000000000002,"FeatureMask(f0=True, f1=True, f2=True, f3=True, f4=False, f5=False, f6=True, f7=True, f8=False, f9=True, f10=False, f11=True, f12=True)",0.9509211864733172
25.391000000000002,"FeatureMask(f0=True, f1=True, f2=True, f3=True, f4=False, f5=False, f6=True, f7=True, f8=False, f9=True, f10=False, f11=True, f12=True)",0.9509211864733172
25.391000000000002,"FeatureMask(f0=True, f1=True, f2=True, f3=True, f4=False, f5=False, f6=True, f7=True, f8=False, f9=True, f10=False, f11=True, f12=True)",0.9509211864733172
25.391000000000002,"FeatureMask(f0=True, f1=True, f2=True, f3=True, f4=False, f5=False, f6=True, f7=True, f8=False, f9=True, f10=False, f11=True, f12=True)",0.9509211864733172
25.391000000000002,"FeatureMask(f0=True, f1=True, f2=True, f3=True, f4=False, f5=False, f6=True, f7=True, f8=False, f9=True, f10=False, f11=True, f12=True)",0.9509211864733172
25.391000000000002,"FeatureMask(f0=True, f1=True, f2=True, f3=True, f4=False, f5=False, f6=True, f7=True, f8=False, f9=True, f10=False, f11=True, f12=True)",0.9509211864733172
25.594,"FeatureMask(f0=True, f1=True, f2=True, f3=True, f4=False, f5=False, f6=True, f7=True, f8=False, f9=True, f10=False, f11=True, f12=True)",0.9509211864733172
25.594,"FeatureMask(f0=True, f1=True, f2=True, f3=True, f4=False, f5=False, f6=True, f7=True, f8=False, f9=True, f10=False, f11=True, f12=True)",0.9509211864733172
25.594,"FeatureMask(f0=True, f1=True, f2=True, f3=True, f4=False, f5=False, f6=True, f7=True, f8=False, f9=True, f10=False, f11=True, f12=True)",0.9509211864733172
25.594,"FeatureMask(f0=True, f1=True, f2=True, f3=True, f4=False, f5=False, f6=True, f7=True, f8=False, f9=True, f10=False, f11=True, f12=True)",0.9509211864733172
25.594,"FeatureMask(f0=True, f1=True, f2=True, f3=True, f4=False, f5=False, f6=True, f7=True, f8=False, f9=True, f10=False, f11=True, f12=True)",0.9509211864733172
25.594,"FeatureMask(f0=True, f1=True, f2=True, f3=True, f4=False, f5=False, f6=True, f7=True, f8=False, f9=True, f10=False, f11=True, f12=True)",0.9509211864733172
25.594,"FeatureMask(f0=True, f1=True, f2=True, f3=True, f4=False, f5=False, f6=True, f7=True, f8=False, f9=True, f10=False, f11=True, f12=True)",0.9509211864733172
25.594,"FeatureMask(f0=True, f1=True, f2=True, f3=True, f4=False, f5=False, f6=True, f7=True, f8=False, f9=True, f10=False, f11=True, f12=True)",0.9509211864733172
25.594,"FeatureMask(f0=True, f1=True, f2=True, f3=True, f4=False, f5=False, f6=True, f7=True, f8=False, f9=True, f10=False, f11=True, f12=True)",0.9509211864733172
25.594,"FeatureMask(f0=True, f1=True, f2=True, f3=True, f4=False, f5=False, f6=True, f7=True, f8=False, f9=True, f10=False, f11=True, f12=True)",0.9509211864733172
25.688000000000002,"FeatureMask(f0=True, f1=True, f2=True, f3=True, f4=False, f5=False, f6=True, f7=True, f8=False, f9=True, f10=False, f11=True, f12=True)",0.9509211864733172
25.813000000000002,"FeatureMask(f0=True, f1=True, f2=True, f3=True, f4=False, f5=False, f6=True, f7=True, f8=False, f9=True, f10=False, f11=True, f12=True)",0.9509211864733172
25.813000000000002,"FeatureMask(f0=True, f1=True, f2=True, f3=True, f4=False, f5=False, f6=True, f7=True, f8=False, f9=True, f10=False, f11=True, f12=True)",0.9509211864733172
25.813000000000002,"FeatureMask(f0=True, f1=True, f2=True, f3=True, f4=False, f5=False, f6=True, f7=True, f8=False, f9=True, f10=False, f11=True, f12=True)",0.9509211864733172
25.813000000000002,"FeatureMask(f0=True, f1=True, f2=True, f3=True, f4=False, f5=False, f6=True, f7=True, f8=False, f9=True, f10=False, f11=True, f12=True)",0.9509211864733172
25.813000000000002,"FeatureMask(f0=True, f1=True, f2=True, f3=True, f4=False, f5=False, f6=True, f7=True, f8=False, f9=True, f10=False, f11=True, f12=True)",0.9509211864733172
25.813000000000002,"FeatureMask(f0=True, f1=True, f2=True, f3=True, f4=False, f5=False, f6=True, f7=True, f8=False, f9=True, f10=False, f11=True, f12=True)",0.9509211864733172
25.813000000000002,"FeatureMask(f0=True, f1=True, f2=True, f3=True, f4=False, f5=False, f6=True, f7=True, f8=False, f9=True, f10=False, f11=True, f12=True)",0.9509211864733172
25.813000000000002,"FeatureMask(f0=True, f1=True, f2=True, f3=True, f4=False, f5=False, f6=True, f7=True, f8=False, f9=True, f10=False, f11=True, f12=True)",0.9509211864733172
25.813000000000002,"FeatureMask(f0=True, f1=True, f2=True, f3=True, f4=False, f5=False, f6=True, f7=True, f8=False, f9=True, f10=False, f11=True, f12=True)",0.9509211864733172
25.813000000000002,"FeatureMask(f0=True, f1=True, f2=True, f3=True, f4=False, f5=False, f6=True, f7=True, f8=False, f9=True, f10=False, f11=True, f12=True)",0.9509211864733172
25.969,"FeatureMask(f0=True, f1=True, f2=True, f3=True, f4=False, f5=False, f6=True, f7=True, f8=False, f9=True, f10=False, f11=True, f12=True)",0.9509211864733172
25.969,"FeatureMask(f0=True, f1=True, f2=True, f3=True, f4=False, f5=False, f6=True, f7=True, f8=False, f9=True, f10=False, f11=True, f12=True)",0.9509211864733172
25.969,"FeatureMask(f0=True, f1=True, f2=True, f3=True, f4=False, f5=False, f6=True, f7=True, f8=False, f9=True, f10=False, f11=True, f12=True)",0.9509211864733172
25.969,"FeatureMask(f0=True, f1=True, f2=True, f3=True, f4=False, f5=False, f6=True, f7=True, f8=False, f9=True, f10=False, f11=True, f12=True)",0.9509211864733172
25.969,"FeatureMask(f0=True, f1=True, f2=True, f3=True, f4=False, f5=False, f6=True, f7=True, f8=False, f9=True, f10=False, f11=True, f12=True)",0.9509211864733172
25.969,"FeatureMask(f0=True, f1=True, f2=True, f3=True, f4=False, f5=False, f6=True, f7=True, f8=False, f9=True, f10=False, f11=True, f12=True)",0.9509211864733172
25.969,"FeatureMask(f0=True, f1=True, f2=True, f3=True, f4=False, f5=False, f6=True, f7=True, f8=False, f9=True, f10=False, f11=True, f12=True)",0.9509211864733172
25.969,"FeatureMask(f0=True, f1=True, f2=True, f3=True, f4=False, f5=False, f6=True, f7=True, f8=False, f9=True, f10=False, f11=True, f12=True)",0.9509211864733172
25.969,"FeatureMask(f0=True, f1=True, f2=True, f3=True, f4=False, f5=False, f6=True, f7=True, f8=False, f9=True, f10=False, f11=True, f12=True)",0.9509211864733172
25.969,"FeatureMask(f0=True, f1=True, f2=True, f3=True, f4=False, f5=False, f6=True, f7=True, f8=False, f9=True, f10=False, f11=True, f12=True)",0.9509211864733172
26.063000000000002,"FeatureMask(f0=True, f1=True, f2=True, f3=True, f4=False, f5=False, f6=True, f7=True, f8=False, f9=True, f10=False, f11=True, f12=True)",0.9509211864733172
26.172,"FeatureMask(f0=True, f1=True, f2=True, f3=True, f4=False, f5=False, f6=True, f7=True, f8=False, f9=True, f10=False, f11=True, f12=True)",0.9509211864733172
26.172,"FeatureMask(f0=True, f1=True, f2=True, f3=True, f4=False, f5=False, f6=True, f7=True, f8=False, f9=True, f10=False, f11=True, f12=True)",0.9509211864733172
26.172,"FeatureMask(f0=True, f1=True, f2=True, f3=True, f4=False, f5=False, f6=True, f7=True, f8=False, f9=True, f10=False, f11=True, f12=True)",0.9509211864733172
26.172,"FeatureMask(f0=True, f1=True, f2=True, f3=True, f4=False, f5=False, f6=True, f7=True, f8=False, f9=True, f10=False, f11=True, f12=True)",0.9509211864733172
26.172,"FeatureMask(f0=True, f1=True, f2=True, f3=True, f4=False, f5=False, f6=True, f7=True, f8=False, f9=True, f10=False, f11=True, f12=True)",0.9509211864733172
26.172,"FeatureMask(f0=True, f1=True, f2=True, f3=True, f4=False, f5=False, f6=True, f7=True, f8=False, f9=True, f10=False, f11=True, f12=True)",0.9509211864733172
26.172,"FeatureMask(f0=True, f1=True, f2=True, f3=True, f4=False, f5=False, f6=True, f7=True, f8=False, f9=True, f10=False, f11=True, f12=True)",0.9509211864733172
26.172,"FeatureMask(f0=True, f1=True, f2=True, f3=True, f4=False, f5=False, f6=True, f7=True, f8=False, f9=True, f10=False, f11=True, f12=True)",0.9509211864733172
26.172,"FeatureMask(f0=True, f1=True, f2=True, f3=True, f4=False, f5=False, f6=True, f7=True, f8=False, f9=True, f10=False, f11=True, f12=True)",0.9509211864733172
26.172,"FeatureMask(f0=True, f1=True, f2=True, f3=True, f4=False, f5=False, f6=True, f7=True, f8=False, f9=True, f10=False, f11=True, f12=True)",0.9509211864733172
26.266000000000002,"FeatureMask(f0=True, f1=True, f2=True, f3=True, f4=False, f5=False, f6=True, f7=True, f8=False, f9=True, f10=False, f11=True, f12=True)",0.9509211864733172
26.375,"FeatureMask(f0=True, f1=True, f2=True, f3=True, f4=False, f5=False, f6=True, f7=True, f8=False, f9=True, f10=False, f11=True, f12=True)",0.9509211864733172
26.375,"FeatureMask(f0=True, f1=True, f2=True, f3=True, f4=False, f5=False, f6=True, f7=True, f8=False, f9=True, f10=False, f11=True, f12=True)",0.9509211864733172
26.375,"FeatureMask(f0=True, f1=True, f2=True, f3=True, f4=False, f5=False, f6=True, f7=True, f8=False, f9=True, f10=False, f11=True, f12=True)",0.9509211864733172
26.375,"FeatureMask(f0=True, f1=True, f2=True, f3=True, f4=False, f5=False, f6=True, f7=True, f8=False, f9=True, f10=False, f11=True, f12=True)",0.9509211864733172
26.375,"FeatureMask(f0=True, f1=True, f2=True, f3=True, f4=False, f5=False, f6=True, f7=True, f8=False, f9=True, f10=False, f11=True, f12=True)",0.9509211864733172
26.375,"FeatureMask(f0=True, f1=True, f2=True, f3=True, f4=False, f5=False, f6=True, f7=True, f8=False, f9=True, f10=False, f11=True, f12=True)",0.9509211864733172
26.375,"FeatureMask(f0=True, f1=True, f2=True, f3=True, f4=False, f5=False, f6=True, f7=True, f8=False, f9=True, f10=False, f11=True, f12=True)",0.9509211864733172
26.375,"FeatureMask(f0=True, f1=True, f2=True, f3=True, f4=False, f5=False, f6=True, f7=True, f8=False, f9=True, f10=False, f11=True, f12=True)",0.9509211864733172
26.375,"FeatureMask(f0=True, f1=True, f2=True, f3=True, f4=False, f5=False, f6=True, f7=True, f8=False, f9=True, f10=False, f11=True, f12=True)",0.9509211864733172
26.375,"FeatureMask(f0=True, f1=True, f2=True, f3=True, f4=False, f5=False, f6=True, f7=True, f8=False, f9=True, f10=False, f11=True, f12=True)",0.9509211864733172
26.469,"FeatureMask(f0=True, f1=True, f2=True, f3=True, f4=False, f5=False, f6=True, f7=True, f8=False, f9=True, f10=False, f11=True, f12=True)",0.9509211864733172
26.563000000000002,"FeatureMask(f0=True, f1=True, f2=True, f3=True, f4=False, f5=False, f6=True, f7=True, f8=False, f9=True, f10=False, f11=True, f12=True)",0.9509211864733172
26.563000000000002,"FeatureMask(f0=True, f1=True, f2=True, f3=True, f4=False, f5=False, f6=True, f7=True, f8=False, f9=True, f10=False, f11=True, f12=True)",0.9509211864733172
26.563000000000002,"FeatureMask(f0=True, f1=True, f2=True, f3=True, f4=False, f5=False, f6=True, f7=True, f8=False, f9=True, f10=False, f11=True, f12=True)",0.9509211864733172
26.563000000000002,"FeatureMask(f0=True, f1=True, f2=True, f3=True, f4=False, f5=False, f6=True, f7=True, f8=False, f9=True, f10=False, f11=True, f12=True)",0.9509211864733172
26.563000000000002,"FeatureMask(f0=True, f1=True, f2=True, f3=True, f4=False, f5=False, f6=True, f7=True, f8=False, f9=True, f10=False, f11=True, f12=True)",0.9509211864733172
26.563000000000002,"FeatureMask(f0=True, f1=True, f2=True, f3=True, f4=False, f5=False, f6=True, f7=True, f8=False, f9=True, f10=False, f11=True, f12=True)",0.9509211864733172
26.563000000000002,"FeatureMask(f0=True, f1=True, f2=True, f3=True, f4=False, f5=False, f6=True, f7=True, f8=False, f9=True, f10=False, f11=True, f12=True)",0.9509211864733172
26.563000000000002,"FeatureMask(f0=True, f1=True, f2=True, f3=True, f4=False, f5=False, f6=True, f7=True, f8=False, f9=True, f10=False, f11=True, f12=True)",0.9509211864733172
26.563000000000002,"FeatureMask(f0=True, f1=True, f2=True, f3=True, f4=False, f5=False, f6=True, f7=True, f8=False, f9=True, f10=False, f11=True, f12=True)",0.9509211864733172
26.563000000000002,"FeatureMask(f0=True, f1=True, f2=True, f3=True, f4=False, f5=False, f6=True, f7=True, f8=False, f9=True, f10=False, f11=True, f12=True)",0.9509211864733172
26.641000000000002,"FeatureMask(f0=True, f1=True, f2=True, f3=True, f4=False, f5=False, f6=True, f7=True, f8=False, f9=True, f10=False, f11=True, f12=True)",0.9509211864733172
26.641000000000002,"FeatureMask(f0=True, f1=True, f2=True, f3=True, f4=False, f5=False, f6=True, f7=True, f8=False, f9=True, f10=False, f11=True, f12=True)",0.9509211864733172
26.641000000000002,"FeatureMask(f0=True, f1=True, f2=True, f3=True, f4=False, f5=False, f6=True, f7=True, f8=False, f9=True, f10=False, f11=True, f12=True)",0.9509211864733172
26.735000000000003,"FeatureMask(f0=True, f1=True, f2=True, f3=True, f4=False, f5=False, f6=True, f7=True, f8=False, f9=True, f10=False, f11=True, f12=True)",0.9509211864733172
26.735000000000003,"FeatureMask(f0=True, f1=True, f2=True, f3=True, f4=False, f5=False, f6=True, f7=True, f8=False, f9=True, f10=False, f11=True, f12=True)",0.9509211864733172
26.735000000000003,"FeatureMask(f0=True, f1=True, f2=True, f3=True, f4=False, f5=False, f6=True, f7=True, f8=False, f9=True, f10=False, f11=True, f12=True)",0.9509211864733172
26.735000000000003,"FeatureMask(f0=True, f1=True, f2=True, f3=True, f4=False, f5=False, f6=True, f7=True, f8=False, f9=True, f10=False, f11=True, f12=True)",0.9509211864733172
26.735000000000003,"FeatureMask(f0=True, f1=True, f2=True, f3=True, f4=False, f5=False, f6=True, f7=True, f8=False, f9=True, f10=False, f11=True, f12=True)",0.9509211864733172
26.735000000000003,"FeatureMask(f0=True, f1=True, f2=True, f3=True, f4=False, f5=False, f6=True, f7=True, f8=False, f9=True, f10=False, f11=True, f12=True)",0.9509211864733172
26.735000000000003,"FeatureMask(f0=True, f1=True, f2=True, f3=True, f4=False, f5=False, f6=True, f7=True, f8=False, f9=True, f10=False, f11=True, f12=True)",0.9509211864733172
26.735000000000003,"FeatureMask(f0=True, f1=True, f2=True, f3=True, f4=False, f5=False, f6=True, f7=True, f8=False, f9=True, f10=False, f11=True, f12=True)",0.9509211864733172
26.735000000000003,"FeatureMask(f0=True, f1=True, f2=True, f3=True, f4=False, f5=False, f6=True, f7=True, f8=False, f9=True, f10=False, f11=True, f12=True)",0.9509211864733172
26.735000000000003,"FeatureMask(f0=True, f1=True, f2=True, f3=True, f4=False, f5=False, f6=True, f7=True, f8=False, f9=True, f10=False, f11=True, f12=True)",0.9509211864733172
26.828000000000003,"FeatureMask(f0=True, f1=True, f2=True, f3=True, f4=False, f5=False, f6=True, f7=True, f8=False, f9=True, f10=False, f11=True, f12=True)",0.9509211864733172
26.922,"FeatureMask(f0=True, f1=True, f2=True, f3=True, f4=False, f5=False, f6=True, f7=True, f8=False, f9=True, f10=False, f11=True, f12=True)",0.9509211864733172
26.922,"FeatureMask(f0=True, f1=True, f2=True, f3=True, f4=False, f5=False, f6=True, f7=True, f8=False, f9=True, f10=False, f11=True, f12=True)",0.9509211864733172
26.922,"FeatureMask(f0=True, f1=True, f2=True, f3=True, f4=False, f5=False, f6=True, f7=True, f8=False, f9=True, f10=False, f11=True, f12=True)",0.9509211864733172
26.922,"FeatureMask(f0=True, f1=True, f2=True, f3=True, f4=False, f5=False, f6=True, f7=True, f8=False, f9=True, f10=False, f11=True, f12=True)",0.9509211864733172
26.922,"FeatureMask(f0=True, f1=True, f2=True, f3=True, f4=False, f5=False, f6=True, f7=True, f8=False, f9=True, f10=False, f11=True, f12=True)",0.9509211864733172
26.922,"FeatureMask(f0=True, f1=True, f2=True, f3=True, f4=False, f5=False, f6=True, f7=True, f8=False, f9=True, f10=False, f11=True, f12=True)",0.9509211864733172
26.922,"FeatureMask(f0=True, f1=True, f2=True, f3=True, f4=False, f5=False, f6=True, f7=True, f8=False, f9=True, f10=False, f11=True, f12=True)",0.9509211864733172
26.922,"FeatureMask(f0=True, f1=True, f2=True, f3=True, f4=False, f5=False, f6=True, f7=True, f8=False, f9=True, f10=False, f11=True, f12=True)",0.9509211864733172
26.922,"FeatureMask(f0=True, f1=True, f2=True, f3=True, f4=False, f5=False, f6=True, f7=True, f8=False, f9=True, f10=False, f11=True, f12=True)",0.9509211864733172
26.922,"FeatureMask(f0=True, f1=True, f2=True, f3=True, f4=False, f5=False, f6=True, f7=True, f8=False, f9=True, f10=False, f11=True, f12=True)",0.9509211864733172
27.016000000000002,"FeatureMask(f0=True, f1=True, f2=True, f3=True, f4=False, f5=False, f6=True, f7=True, f8=False, f9=True, f10=False, f11=True, f12=True)",0.9509211864733172
27.016000000000002,"FeatureMask(f0=True, f1=True, f2=True, f3=True, f4=False, f5=False, f6=True, f7=True, f8=False, f9=True, f10=False, f11=True, f12=True)",0.9509211864733172
27.125,"FeatureMask(f0=True, f1=True, f2=True, f3=True, f4=False, f5=False, f6=True, f7=True, f8=False, f9=True, f10=False, f11=True, f12=True)",0.9509211864733172
27.125,"FeatureMask(f0=True, f1=True, f2=True, f3=True, f4=False, f5=False, f6=True, f7=True, f8=False, f9=True, f10=False, f11=True, f12=True)",0.9509211864733172
27.125,"FeatureMask(f0=True, f1=True, f2=True, f3=True, f4=False, f5=False, f6=True, f7=True, f8=False, f9=True, f10=False, f11=True, f12=True)",0.9509211864733172
27.125,"FeatureMask(f0=True, f1=True, f2=True, f3=True, f4=False, f5=False, f6=True, f7=True, f8=False, f9=True, f10=False, f11=True, f12=True)",0.9509211864733172
27.125,"FeatureMask(f0=True, f1=True, f2=True, f3=True, f4=False, f5=False, f6=True, f7=True, f8=False, f9=True, f10=False, f11=True, f12=True)",0.9509211864733172
27.125,"FeatureMask(f0=True, f1=True, f2=True, f3=True, f4=False, f5=False, f6=True, f7=True, f8=False, f9=True, f10=False, f11=True, f12=True)",0.9509211864733172
27.125,"FeatureMask(f0=True, f1=True, f2=True, f3=True, f4=False, f5=False, f6=True, f7=True, f8=False, f9=True, f10=False, f11=True, f12=True)",0.9509211864733172
27.125,"FeatureMask(f0=True, f1=True, f2=True, f3=True, f4=False, f5=False, f6=True, f7=True, f8=False, f9=True, f10=False, f11=True, f12=True)",0.9509211864733172
27.125,"FeatureMask(f0=True, f1=True, f2=True, f3=True, f4=False, f5=False, f6=True, f7=True, f8=False, f9=True, f10=False, f11=True, f12=True)",0.9509211864733172
27.125,"FeatureMask(f0=True, f1=True, f2=True, f3=True, f4=False, f5=False, f6=True, f7=True, f8=False, f9=True, f10=False, f11=True, f12=True)",0.9509211864733172
27.203000000000003,"FeatureMask(f0=True, f1=True, f2=True, f3=True, f4=False, f5=False, f6=True, f7=True, f8=False, f9=True, f10=False, f11=True, f12=True)",0.9509211864733172
27.203000000000003,"FeatureMask(f0=True, f1=True, f2=True, f3=True, f4=False, f5=False, f6=True, f7=True, f8=False, f9=True, f10=False, f11=True, f12=True)",0.9509211864733172
27.203000000000003,"FeatureMask(f0=True, f1=True, f2=True, f3=True, f4=False, f5=False, f6=True, f7=True, f8=False, f9=True, f10=False, f11=True, f12=True)",0.9509211864733172
27.313000000000002,"FeatureMask(f0=True, f1=True, f2=True, f3=True, f4=False, f5=False, f6=True, f7=True, f8=False, f9=True, f10=False, f11=True, f12=True)",0.9509211864733172
27.313000000000002,"FeatureMask(f0=True, f1=True, f2=True, f3=True, f4=False, f5=False, f6=True, f7=True, f8=False, f9=True, f10=False, f11=True, f12=True)",0.9509211864733172
27.313000000000002,"FeatureMask(f0=True, f1=True, f2=True, f3=True, f4=False, f5=False, f6=True, f7=True, f8=False, f9=True, f10=False, f11=True, f12=True)",0.9509211864733172
27.313000000000002,"FeatureMask(f0=True, f1=True, f2=True, f3=True, f4=False, f5=False, f6=True, f7=True, f8=False, f9=True, f10=False, f11=True, f12=True)",0.9509211864733172
27.313000000000002,"FeatureMask(f0=True, f1=True, f2=True, f3=True, f4=False, f5=False, f6=True, f7=True, f8=False, f9=True, f10=False, f11=True, f12=True)",0.9509211864733172
27.313000000000002,"FeatureMask(f0=True, f1=True, f2=True, f3=True, f4=False, f5=False, f6=True, f7=True, f8=False, f9=True, f10=False, f11=True, f12=True)",0.9509211864733172
27.313000000000002,"FeatureMask(f0=True, f1=True, f2=True, f3=True, f4=False, f5=False, f6=True, f7=True, f8=False, f9=True, f10=False, f11=True, f12=True)",0.9509211864733172
27.328000000000003,"FeatureMask(f0=True, f1=True, f2=True, f3=True, f4=False, f5=False, f6=True, f7=True, f8=False, f9=True, f10=False, f11=True, f12=True)",0.9509211864733172
27.328000000000003,"FeatureMask(f0=True, f1=True, f2=True, f3=True, f4=False, f5=False, f6=True, f7=True, f8=False, f9=True, f10=False, f11=True, f12=True)",0.9509211864733172
27.328000000000003,"FeatureMask(f0=True, f1=True, f2=True, f3=True, f4=False, f5=False, f6=True, f7=True, f8=False, f9=True, f10=False, f11=True, f12=True)",0.9509211864733172
27.516000000000002,"FeatureMask(f0=True, f1=True, f2=True, f3=True, f4=False, f5=False, f6=True, f7=True, f8=False, f9=True, f10=False, f11=True, f12=True)",0.9509211864733172
27.516000000000002,"FeatureMask(f0=True, f1=True, f2=True, f3=True, f4=False, f5=False, f6=True, f7=True, f8=False, f9=True, f10=False, f11=True, f12=True)",0.9509211864733172
27.516000000000002,"FeatureMask(f0=True, f1=True, f2=True, f3=True, f4=False, f5=False, f6=True, f7=True, f8=False, f9=True, f10=False, f11=True, f12=True)",0.9509211864733172
27.516000000000002,"FeatureMask(f0=True, f1=True, f2=True, f3=True, f4=False, f5=False, f6=True, f7=True, f8=False, f9=True, f10=False, f11=True, f12=True)",0.9509211864733172
27.516000000000002,"FeatureMask(f0=True, f1=True, f2=True, f3=True, f4=False, f5=False, f6=True, f7=True, f8=False, f9=True, f10=False, f11=True, f12=True)",0.9509211864733172
27.516000000000002,"FeatureMask(f0=True, f1=True, f2=True, f3=True, f4=False, f5=False, f6=True, f7=True, f8=False, f9=True, f10=False, f11=True, f12=True)",0.9509211864733172
27.516000000000002,"FeatureMask(f0=True, f1=True, f2=True, f3=True, f4=False, f5=False, f6=True, f7=True, f8=False, f9=True, f10=False, f11=True, f12=True)",0.9509211864733172
27.516000000000002,"FeatureMask(f0=True, f1=True, f2=True, f3=True, f4=False, f5=False, f6=True, f7=True, f8=False, f9=True, f10=False, f11=True, f12=True)",0.9509211864733172
27.516000000000002,"FeatureMask(f0=True, f1=True, f2=True, f3=True, f4=False, f5=False, f6=True, f7=True, f8=False, f9=True, f10=False, f11=True, f12=True)",0.9509211864733172
27.516000000000002,"FeatureMask(f0=True, f1=True, f2=True, f3=True, f4=False, f5=False, f6=True, f7=True, f8=False, f9=True, f10=False, f11=True, f12=True)",0.9509211864733172
27.610000000000003,"FeatureMask(f0=True, f1=True, f2=True, f3=True, f4=False, f5=False, f6=True, f7=True, f8=False, f9=True, f10=False, f11=True, f12=True)",0.9509211864733172
27.610000000000003,"FeatureMask(f0=True, f1=True, f2=True, f3=True, f4=False, f5=False, f6=True, f7=True, f8=False, f9=True, f10=False, f11=True, f12=True)",0.9509211864733172
27.610000000000003,"FeatureMask(f0=True, f1=True, f2=True, f3=True, f4=False, f5=False, f6=True, f7=True, f8=False, f9=True, f10=False, f11=True, f12=True)",0.9509211864733172
27.610000000000003,"FeatureMask(f0=True, f1=True, f2=True, f3=True, f4=False, f5=False, f6=True, f7=True, f8=False, f9=True, f10=False, f11=True, f12=True)",0.9509211864733172
27.703000000000003,"FeatureMask(f0=True, f1=True, f2=True, f3=True, f4=False, f5=False, f6=True, f7=True, f8=False, f9=True, f10=False, f11=True, f12=True)",0.9509211864733172
27.703000000000003,"FeatureMask(f0=True, f1=True, f2=True, f3=True, f4=False, f5=False, f6=True, f7=True, f8=False, f9=True, f10=False, f11=True, f12=True)",0.9509211864733172
27.703000000000003,"FeatureMask(f0=True, f1=True, f2=True, f3=True, f4=False, f5=False, f6=True, f7=True, f8=False, f9=True, f10=False, f11=True, f12=True)",0.9509211864733172
27.703000000000003,"FeatureMask(f0=True, f1=True, f2=True, f3=True, f4=False, f5=False, f6=True, f7=True, f8=False, f9=True, f10=False, f11=True, f12=True)",0.9509211864733172
27.703000000000003,"FeatureMask(f0=True, f1=True, f2=True, f3=True, f4=False, f5=False, f6=True, f7=True, f8=False, f9=True, f10=False, f11=True, f12=True)",0.9509211864733172
27.703000000000003,"FeatureMask(f0=True, f1=True, f2=True, f3=True, f4=False, f5=False, f6=True, f7=True, f8=False, f9=True, f10=False, f11=True, f12=True)",0.9509211864733172
27.703000000000003,"FeatureMask(f0=True, f1=True, f2=True, f3=True, f4=False, f5=False, f6=True, f7=True, f8=False, f9=True, f10=False, f11=True, f12=True)",0.9509211864733172
27.703000000000003,"FeatureMask(f0=True, f1=True, f2=True, f3=True, f4=False, f5=False, f6=True, f7=True, f8=False, f9=True, f10=False, f11=True, f12=True)",0.9509211864733172
27.703000000000003,"FeatureMask(f0=True, f1=True, f2=True, f3=True, f4=False, f5=False, f6=True, f7=True, f8=False, f9=True, f10=False, f11=True, f12=True)",0.9509211864733172
27.703000000000003,"FeatureMask(f0=True, f1=True, f2=True, f3=True, f4=False, f5=False, f6=True, f7=True, f8=False, f9=True, f10=False, f11=True, f12=True)",0.9509211864733172
27.797,"FeatureMask(f0=True, f1=True, f2=True, f3=True, f4=False, f5=False, f6=True, f7=True, f8=False, f9=True, f10=False, f11=True, f12=True)",0.9509211864733172
27.907,"FeatureMask(f0=True, f1=True, f2=True, f3=True, f4=False, f5=False, f6=True, f7=True, f8=False, f9=True, f10=False, f11=True, f12=True)",0.9509211864733172
27.907,"FeatureMask(f0=True, f1=True, f2=True, f3=True, f4=False, f5=False, f6=True, f7=True, f8=False, f9=True, f10=False, f11=True, f12=True)",0.9509211864733172
27.907,"FeatureMask(f0=True, f1=True, f2=True, f3=True, f4=False, f5=False, f6=True, f7=True, f8=False, f9=True, f10=False, f11=True, f12=True)",0.9509211864733172
27.907,"FeatureMask(f0=True, f1=True, f2=True, f3=True, f4=False, f5=False, f6=True, f7=True, f8=False, f9=True, f10=False, f11=True, f12=True)",0.9509211864733172
27.907,"FeatureMask(f0=True, f1=True, f2=True, f3=True, f4=False, f5=False, f6=True, f7=True, f8=False, f9=True, f10=False, f11=True, f12=True)",0.9509211864733172
27.907,"FeatureMask(f0=True, f1=True, f2=True, f3=True, f4=False, f5=False, f6=True, f7=True, f8=False, f9=True, f10=False, f11=True, f12=True)",0.9509211864733172
27.907,"FeatureMask(f0=True, f1=True, f2=True, f3=True, f4=False, f5=False, f6=True, f7=True, f8=False, f9=True, f10=False, f11=True, f12=True)",0.9509211864733172
27.907,"FeatureMask(f0=True, f1=True, f2=True, f3=True, f4=False, f5=False, f6=True, f7=True, f8=False, f9=True, f10=False, f11=True, f12=True)",0.9509211864733172
27.907,"FeatureMask(f0=True, f1=True, f2=True, f3=True, f4=False, f5=False, f6=True, f7=True, f8=False, f9=True, f10=False, f11=True, f12=True)",0.9509211864733172
27.907,"FeatureMask(f0=True, f1=True, f2=True, f3=True, f4=False, f5=False, f6=True, f7=True, f8=False, f9=True, f10=False, f11=True, f12=True)",0.9509211864733172
28.0,"FeatureMask(f0=True, f1=True, f2=True, f3=True, f4=False, f5=False, f6=True, f7=True, f8=False, f9=True, f10=False, f11=True, f12=True)",0.9509211864733172
28.157,"FeatureMask(f0=True, f1=True, f2=True, f3=True, f4=False, f5=False, f6=True, f7=True, f8=False, f9=True, f10=False, f11=True, f12=True)",0.9509211864733172
28.157,"FeatureMask(f0=True, f1=True, f2=True, f3=True, f4=False, f5=False, f6=True, f7=True, f8=False, f9=True, f10=False, f11=True, f12=True)",0.9509211864733172
28.157,"FeatureMask(f0=True, f1=True, f2=True, f3=True, f4=False, f5=False, f6=True, f7=True, f8=False, f9=True, f10=False, f11=True, f12=True)",0.9509211864733172
28.157,"FeatureMask(f0=True, f1=True, f2=True, f3=True, f4=False, f5=False, f6=True, f7=True, f8=False, f9=True, f10=False, f11=True, f12=True)",0.9509211864733172
28.157,"FeatureMask(f0=True, f1=True, f2=True, f3=True, f4=False, f5=False, f6=True, f7=True, f8=False, f9=True, f10=False, f11=True, f12=True)",0.9509211864733172
28.157,"FeatureMask(f0=True, f1=True, f2=True, f3=True, f4=False, f5=False, f6=True, f7=True, f8=False, f9=True, f10=False, f11=True, f12=True)",0.9509211864733172
28.157,"FeatureMask(f0=True, f1=True, f2=True, f3=True, f4=False, f5=False, f6=True, f7=True, f8=False, f9=True, f10=False, f11=True, f12=True)",0.9509211864733172
28.157,"FeatureMask(f0=True, f1=True, f2=True, f3=True, f4=False, f5=False, f6=True, f7=True, f8=False, f9=True, f10=False, f11=True, f12=True)",0.9509211864733172
28.157,"FeatureMask(f0=True, f1=True, f2=True, f3=True, f4=False, f5=False, f6=True, f7=True, f8=False, f9=True, f10=False, f11=True, f12=True)",0.9509211864733172
28.157,"FeatureMask(f0=True, f1=True, f2=True, f3=True, f4=False, f5=False, f6=True, f7=True, f8=False, f9=True, f10=False, f11=True, f12=True)",0.9509211864733172
28.25,"FeatureMask(f0=True, f1=True, f2=True, f3=True, f4=False, f5=False, f6=True, f7=True, f8=False, f9=True, f10=False, f11=True, f12=True)",0.9509211864733172
28.375,"FeatureMask(f0=True, f1=True, f2=True, f3=True, f4=False, f5=False, f6=True, f7=True, f8=False, f9=True, f10=False, f11=True, f12=True)",0.9509211864733172
28.375,"FeatureMask(f0=True, f1=True, f2=True, f3=True, f4=False, f5=False, f6=True, f7=True, f8=False, f9=True, f10=False, f11=True, f12=True)",0.9509211864733172
28.375,"FeatureMask(f0=True, f1=True, f2=True, f3=True, f4=False, f5=False, f6=True, f7=True, f8=False, f9=True, f10=False, f11=True, f12=True)",0.9509211864733172
28.375,"FeatureMask(f0=True, f1=True, f2=True, f3=True, f4=False, f5=False, f6=True, f7=True, f8=False, f9=True, f10=False, f11=True, f12=True)",0.9509211864733172
28.375,"FeatureMask(f0=True, f1=True, f2=True, f3=True, f4=False, f5=False, f6=True, f7=True, f8=False, f9=True, f10=False, f11=True, f12=True)",0.9509211864733172
28.375,"FeatureMask(f0=True, f1=True, f2=True, f3=True, f4=False, f5=False, f6=True, f7=True, f8=False, f9=True, f10=False, f11=True, f12=True)",0.9509211864733172
28.375,"FeatureMask(f0=True, f1=True, f2=True, f3=True, f4=False, f5=False, f6=True, f7=True, f8=False, f9=True, f10=False, f11=True, f12=True)",0.9509211864733172
28.375,"FeatureMask(f0=True, f1=True, f2=True, f3=True, f4=False, f5=False, f6=True, f7=True, f8=False, f9=True, f10=False, f11=True, f12=True)",0.9509211864733172
28.375,"FeatureMask(f0=True, f1=True, f2=True, f3=True, f4=False, f5=False, f6=True, f7=True, f8=False, f9=True, f10=False, f11=True, f12=True)",0.9509211864733172
28.375,"FeatureMask(f0=True, f1=True, f2=True, f3=True, f4=False, f5=False, f6=True, f7=True, f8=False, f9=True, f10=False, f11=True, f12=True)",0.9509211864733172
28.469,"FeatureMask(f0=True, f1=True, f2=True, f3=True, f4=False, f5=False, f6=True, f7=True, f8=False, f9=True, f10=False, f11=True, f12=True)",0.9509211864733172
28.469,"FeatureMask(f0=True, f1=True, f2=True, f3=True, f4=False, f5=False, f6=True, f7=True, f8=False, f9=True, f10=False, f11=True, f12=True)",0.9509211864733172
28.594,"FeatureMask(f0=True, f1=True, f2=True, f3=True, f4=False, f5=False, f6=True, f7=True, f8=False, f9=True, f10=False, f11=True, f12=True)",0.9509211864733172
28.594,"FeatureMask(f0=True, f1=True, f2=True, f3=True, f4=False, f5=False, f6=True, f7=True, f8=False, f9=True, f10=False, f11=True, f12=True)",0.9509211864733172
28.594,"FeatureMask(f0=True, f1=True, f2=True, f3=True, f4=False, f5=False, f6=True, f7=True, f8=False, f9=True, f10=False, f11=True, f12=True)",0.9509211864733172
28.594,"FeatureMask(f0=True, f1=True, f2=True, f3=True, f4=False, f5=False, f6=True, f7=True, f8=False, f9=True, f10=False, f11=True, f12=True)",0.9509211864733172
28.594,"FeatureMask(f0=True, f1=True, f2=True, f3=True, f4=False, f5=False, f6=True, f7=True, f8=False, f9=True, f10=False, f11=True, f12=True)",0.9509211864733172
28.594,"FeatureMask(f0=True, f1=True, f2=True, f3=True, f4=False, f5=False, f6=True, f7=True, f8=False, f9=True, f10=False, f11=True, f12=True)",0.9509211864733172
28.594,"FeatureMask(f0=True, f1=True, f2=True, f3=True, f4=False, f5=False, f6=True, f7=True, f8=False, f9=True, f10=False, f11=True, f12=True)",0.9509211864733172
28.594,"FeatureMask(f0=True, f1=True, f2=True, f3=True, f4=False, f5=False, f6=True, f7=True, f8=False, f9=True, f10=False, f11=True, f12=True)",0.9509211864733172
28.594,"FeatureMask(f0=True, f1=True, f2=True, f3=True, f4=False, f5=False, f6=True, f7=True, f8=False, f9=True, f10=False, f11=True, f12=True)",0.9509211864733172
28.594,"FeatureMask(f0=True, f1=True, f2=True, f3=True, f4=False, f5=False, f6=True, f7=True, f8=False, f9=True, f10=False, f11=True, f12=True)",0.9509211864733172
28.672,"FeatureMask(f0=True, f1=True, f2=True, f3=True, f4=False, f5=False, f6=True, f7=True, f8=False, f9=True, f10=False, f11=True, f12=True)",0.9509211864733172
28.797,"FeatureMask(f0=True, f1=True, f2=True, f3=True, f4=False, f5=False, f6=True, f7=True, f8=False, f9=True, f10=False, f11=True, f12=True)",0.9509211864733172
28.797,"FeatureMask(f0=True, f1=True, f2=True, f3=True, f4=False, f5=False, f6=True, f7=True, f8=False, f9=True, f10=False, f11=True, f12=True)",0.9509211864733172
28.797,"FeatureMask(f0=True, f1=True, f2=True, f3=True, f4=False, f5=False, f6=True, f7=True, f8=False, f9=True, f10=False, f11=True, f12=True)",0.9509211864733172
28.797,"FeatureMask(f0=True, f1=True, f2=True, f3=True, f4=False, f5=False, f6=True, f7=True, f8=False, f9=True, f10=False, f11=True, f12=True)",0.9509211864733172
28.797,"FeatureMask(f0=True, f1=True, f2=True, f3=True, f4=False, f5=False, f6=True, f7=True, f8=False, f9=True, f10=False, f11=True, f12=True)",0.9509211864733172
28.797,"FeatureMask(f0=True, f1=True, f2=True, f3=True, f4=False, f5=False, f6=True, f7=True, f8=False, f9=True, f10=False, f11=True, f12=True)",0.9509211864733172
28.797,"FeatureMask(f0=True, f1=True, f2=True, f3=True, f4=False, f5=False, f6=True, f7=True, f8=False, f9=True, f10=False, f11=True, f12=True)",0.9509211864733172
28.797,"FeatureMask(f0=True, f1=True, f2=True, f3=True, f4=False, f5=False, f6=True, f7=True, f8=False, f9=True, f10=False, f11=True, f12=True)",0.9509211864733172
28.797,"FeatureMask(f0=True, f1=True, f2=True, f3=True, f4=False, f5=False, f6=True, f7=True, f8=False, f9=True, f10=False, f11=True, f12=True)",0.9509211864733172
28.797,"FeatureMask(f0=True, f1=True, f2=True, f3=True, f4=False, f5=False, f6=True, f7=True, f8=False, f9=True, f10=False, f11=True, f12=True)",0.9509211864733172
28.875000000000004,"FeatureMask(f0=True, f1=True, f2=True, f3=True, f4=False, f5=False, f6=True, f7=True, f8=False, f9=True, f10=False, f11=True, f12=True)",0.9509211864733172
28.875000000000004,"FeatureMask(f0=True, f1=True, f2=True, f3=True, f4=False, f5=False, f6=True, f7=True, f8=False, f9=True, f10=False, f11=True, f12=True)",0.9509211864733172
28.875000000000004,"FeatureMask(f0=True, f1=True, f2=True, f3=True, f4=False, f5=False, f6=True, f7=True, f8=False, f9=True, f10=False, f11=True, f12=True)",0.9509211864733172
29.000000000000004,"FeatureMask(f0=True, f1=True, f2=True, f3=True, f4=False, f5=False, f6=True, f7=True, f8=False, f9=True, f10=False, f11=True, f12=True)",0.9509211864733172
29.000000000000004,"FeatureMask(f0=True, f1=True, f2=True, f3=True, f4=False, f5=False, f6=True, f7=True, f8=False, f9=True, f10=False, f11=True, f12=True)",0.9509211864733172
29.000000000000004,"FeatureMask(f0=True, f1=True, f2=True, f3=True, f4=False, f5=False, f6=True, f7=True, f8=False, f9=True, f10=False, f11=True, f12=True)",0.9509211864733172
29.000000000000004,"FeatureMask(f0=True, f1=True, f2=True, f3=True, f4=False, f5=False, f6=True, f7=True, f8=False, f9=True, f10=False, f11=True, f12=True)",0.9509211864733172
29.000000000000004,"FeatureMask(f0=True, f1=True, f2=True, f3=True, f4=False, f5=False, f6=True, f7=True, f8=False, f9=True, f10=False, f11=True, f12=True)",0.9509211864733172
29.000000000000004,"FeatureMask(f0=True, f1=True, f2=True, f3=True, f4=False, f5=False, f6=True, f7=True, f8=False, f9=True, f10=False, f11=True, f12=True)",0.9509211864733172
29.000000000000004,"FeatureMask(f0=True, f1=True, f2=True, f3=True, f4=False, f5=False, f6=True, f7=True, f8=False, f9=True, f10=False, f11=True, f12=True)",0.9509211864733172
29.000000000000004,"FeatureMask(f0=True, f1=True, f2=True, f3=True, f4=False, f5=False, f6=True, f7=True, f8=False, f9=True, f10=False, f11=True, f12=True)",0.9509211864733172
29.000000000000004,"FeatureMask(f0=True, f1=True, f2=True, f3=True, f4=False, f5=False, f6=True, f7=True, f8=False, f9=True, f10=False, f11=True, f12=True)",0.9509211864733172
29.000000000000004,"FeatureMask(f0=True, f1=True, f2=True, f3=True, f4=False, f5=False, f6=True, f7=True, f8=False, f9=True, f10=False, f11=True, f12=True)",0.9509211864733172
29.078000000000003,"FeatureMask(f0=True, f1=True, f2=True, f3=True, f4=False, f5=False, f6=True, f7=True, f8=False, f9=True, f10=False, f11=True, f12=True)",0.9509211864733172
29.203000000000003,"FeatureMask(f0=True, f1=True, f2=True, f3=True, f4=False, f5=False, f6=True, f7=True, f8=False, f9=True, f10=False, f11=True, f12=True)",0.9509211864733172
29.203000000000003,"FeatureMask(f0=True, f1=True, f2=True, f3=True, f4=False, f5=False, f6=True, f7=True, f8=False, f9=True, f10=False, f11=True, f12=True)",0.9509211864733172
29.203000000000003,"FeatureMask(f0=True, f1=True, f2=True, f3=True, f4=False, f5=False, f6=True, f7=True, f8=False, f9=True, f10=False, f11=True, f12=True)",0.9509211864733172
29.203000000000003,"FeatureMask(f0=True, f1=True, f2=True, f3=True, f4=False, f5=False, f6=True, f7=True, f8=False, f9=True, f10=False, f11=True, f12=True)",0.9509211864733172
29.203000000000003,"FeatureMask(f0=True, f1=True, f2=True, f3=True, f4=False, f5=False, f6=True, f7=True, f8=False, f9=True, f10=False, f11=True, f12=True)",0.9509211864733172
29.203000000000003,"FeatureMask(f0=True, f1=True, f2=True, f3=True, f4=False, f5=False, f6=True, f7=True, f8=False, f9=True, f10=False, f11=True, f12=True)",0.9509211864733172
29.203000000000003,"FeatureMask(f0=True, f1=True, f2=True, f3=True, f4=False, f5=False, f6=True, f7=True, f8=False, f9=True, f10=False, f11=True, f12=True)",0.9509211864733172
29.203000000000003,"FeatureMask(f0=True, f1=True, f2=True, f3=True, f4=False, f5=False, f6=True, f7=True, f8=False, f9=True, f10=False, f11=True, f12=True)",0.9509211864733172
29.203000000000003,"FeatureMask(f0=True, f1=True, f2=True, f3=True, f4=False, f5=False, f6=True, f7=True, f8=False, f9=True, f10=False, f11=True, f12=True)",0.9509211864733172
29.203000000000003,"FeatureMask(f0=True, f1=True, f2=True, f3=True, f4=False, f5=False, f6=True, f7=True, f8=False, f9=True, f10=False, f11=True, f12=True)",0.9509211864733172
29.375000000000004,"FeatureMask(f0=True, f1=True, f2=True, f3=True, f4=False, f5=False, f6=True, f7=True, f8=False, f9=True, f10=False, f11=True, f12=True)",0.9509211864733172
29.375000000000004,"FeatureMask(f0=True, f1=True, f2=True, f3=True, f4=False, f5=False, f6=True, f7=True, f8=False, f9=True, f10=False, f11=True, f12=True)",0.9509211864733172
29.375000000000004,"FeatureMask(f0=True, f1=True, f2=True, f3=True, f4=False, f5=False, f6=True, f7=True, f8=False, f9=True, f10=False, f11=True, f12=True)",0.9509211864733172
29.375000000000004,"FeatureMask(f0=True, f1=True, f2=True, f3=True, f4=False, f5=False, f6=True, f7=True, f8=False, f9=True, f10=False, f11=True, f12=True)",0.9509211864733172
29.375000000000004,"FeatureMask(f0=True, f1=True, f2=True, f3=True, f4=False, f5=False, f6=True, f7=True, f8=False, f9=True, f10=False, f11=True, f12=True)",0.9509211864733172
29.375000000000004,"FeatureMask(f0=True, f1=True, f2=True, f3=True, f4=False, f5=False, f6=True, f7=True, f8=False, f9=True, f10=False, f11=True, f12=True)",0.9509211864733172
29.375000000000004,"FeatureMask(f0=True, f1=True, f2=True, f3=True, f4=False, f5=False, f6=True, f7=True, f8=False, f9=True, f10=False, f11=True, f12=True)",0.9509211864733172
29.375000000000004,"FeatureMask(f0=True, f1=True, f2=True, f3=True, f4=False, f5=False, f6=True, f7=True, f8=False, f9=True, f10=False, f11=True, f12=True)",0.9509211864733172
29.375000000000004,"FeatureMask(f0=True, f1=True, f2=True, f3=True, f4=False, f5=False, f6=True, f7=True, f8=False, f9=True, f10=False, f11=True, f12=True)",0.9509211864733172
29.375000000000004,"FeatureMask(f0=True, f1=True, f2=True, f3=True, f4=False, f5=False, f6=True, f7=True, f8=False, f9=True, f10=False, f11=True, f12=True)",0.9509211864733172
29.453000000000003,"FeatureMask(f0=True, f1=True, f2=True, f3=True, f4=False, f5=False, f6=True, f7=True, f8=False, f9=True, f10=False, f11=True, f12=True)",0.9509211864733172
29.453000000000003,"FeatureMask(f0=True, f1=True, f2=True, f3=True, f4=False, f5=False, f6=True, f7=True, f8=False, f9=True, f10=False, f11=True, f12=True)",0.9509211864733172
29.453000000000003,"FeatureMask(f0=True, f1=True, f2=True, f3=True, f4=False, f5=False, f6=True, f7=True, f8=False, f9=True, f10=False, f11=True, f12=True)",0.9509211864733172
29.563000000000002,"FeatureMask(f0=True, f1=True, f2=True, f3=True, f4=False, f5=False, f6=True, f7=True, f8=False, f9=True, f10=False, f11=True, f12=True)",0.9509211864733172
29.563000000000002,"FeatureMask(f0=True, f1=True, f2=True, f3=True, f4=False, f5=False, f6=True, f7=True, f8=False, f9=True, f10=False, f11=True, f12=True)",0.9509211864733172
29.563000000000002,"FeatureMask(f0=True, f1=True, f2=True, f3=True, f4=False, f5=False, f6=True, f7=True, f8=False, f9=True, f10=False, f11=True, f12=True)",0.9509211864733172
29.563000000000002,"FeatureMask(f0=True, f1=True, f2=True, f3=True, f4=False, f5=False, f6=True, f7=True, f8=False, f9=True, f10=False, f11=True, f12=True)",0.9509211864733172
29.563000000000002,"FeatureMask(f0=True, f1=True, f2=True, f3=True, f4=False, f5=False, f6=True, f7=True, f8=False, f9=True, f10=False, f11=True, f12=True)",0.9509211864733172
29.563000000000002,"FeatureMask(f0=True, f1=True, f2=True, f3=True, f4=False, f5=False, f6=True, f7=True, f8=False, f9=True, f10=False, f11=True, f12=True)",0.9509211864733172
29.563000000000002,"FeatureMask(f0=True, f1=True, f2=True, f3=True, f4=False, f5=False, f6=True, f7=True, f8=False, f9=True, f10=False, f11=True, f12=True)",0.9509211864733172
29.563000000000002,"FeatureMask(f0=True, f1=True, f2=True, f3=True, f4=False, f5=False, f6=True, f7=True, f8=False, f9=True, f10=False, f11=True, f12=True)",0.9509211864733172
29.563000000000002,"FeatureMask(f0=True, f1=True, f2=True, f3=True, f4=False, f5=False, f6=True, f7=True, f8=False, f9=True, f10=False, f11=True, f12=True)",0.9509211864733172
29.563000000000002,"FeatureMask(f0=True, f1=True, f2=True, f3=True, f4=False, f5=False, f6=True, f7=True, f8=False, f9=True, f10=False, f11=True, f12=True)",0.9509211864733172
29.657000000000004,"FeatureMask(f0=True, f1=True, f2=True, f3=True, f4=False, f5=False, f6=True, f7=True, f8=False, f9=True, f10=False, f11=True, f12=True)",0.9509211864733172
29.750000000000004,"FeatureMask(f0=True, f1=True, f2=True, f3=True, f4=False, f5=False, f6=True, f7=True, f8=False, f9=True, f10=False, f11=True, f12=True)",0.9509211864733172
29.750000000000004,"FeatureMask(f0=True, f1=True, f2=True, f3=True, f4=False, f5=False, f6=True, f7=True, f8=False, f9=True, f10=False, f11=True, f12=True)",0.9509211864733172
29.750000000000004,"FeatureMask(f0=True, f1=True, f2=True, f3=True, f4=False, f5=False, f6=True, f7=True, f8=False, f9=True, f10=False, f11=True, f12=True)",0.9509211864733172
29.750000000000004,"FeatureMask(f0=True, f1=True, f2=True, f3=True, f4=False, f5=False, f6=True, f7=True, f8=False, f9=True, f10=False, f11=True, f12=True)",0.9509211864733172
29.750000000000004,"FeatureMask(f0=True, f1=True, f2=True, f3=True, f4=False, f5=False, f6=True, f7=True, f8=False, f9=True, f10=False, f11=True, f12=True)",0.9509211864733172
29.750000000000004,"FeatureMask(f0=True, f1=True, f2=True, f3=True, f4=False, f5=False, f6=True, f7=True, f8=False, f9=True, f10=False, f11=True, f12=True)",0.9509211864733172
29.750000000000004,"FeatureMask(f0=True, f1=True, f2=True, f3=True, f4=False, f5=False, f6=True, f7=True, f8=False, f9=True, f10=False, f11=True, f12=True)",0.9509211864733172
29.750000000000004,"FeatureMask(f0=True, f1=True, f2=True, f3=True, f4=False, f5=False, f6=True, f7=True, f8=False, f9=True, f10=False, f11=True, f12=True)",0.9509211864733172
29.750000000000004,"FeatureMask(f0=True, f1=True, f2=True, f3=True, f4=False, f5=False, f6=True, f7=True, f8=False, f9=True, f10=False, f11=True, f12=True)",0.9509211864733172
29.750000000000004,"FeatureMask(f0=True, f1=True, f2=True, f3=True, f4=False, f5=False, f6=True, f7=True, f8=False, f9=True, f10=False, f11=True, f12=True)",0.9509211864733172
29.844,"FeatureMask(f0=True, f1=True, f2=True, f3=True, f4=False, f5=False, f6=True, f7=True, f8=False, f9=True, f10=False, f11=True, f12=True)",0.9509211864733172
29.844,"FeatureMask(f0=True, f1=True, f2=True, f3=True, f4=False, f5=False, f6=True, f7=True, f8=False, f9=True, f10=False, f11=True, f12=True)",0.9509211864733172
29.953000000000003,"FeatureMask(f0=True, f1=True, f2=True, f3=True, f4=False, f5=False, f6=True, f7=True, f8=False, f9=True, f10=False, f11=True, f12=True)",0.9509211864733172
29.953000000000003,"FeatureMask(f0=True, f1=True, f2=True, f3=True, f4=False, f5=False, f6=True, f7=True, f8=False, f9=True, f10=False, f11=True, f12=True)",0.9509211864733172
29.953000000000003,"FeatureMask(f0=True, f1=True, f2=True, f3=True, f4=False, f5=False, f6=True, f7=True, f8=False, f9=True, f10=False, f11=True, f12=True)",0.9509211864733172
29.953000000000003,"FeatureMask(f0=True, f1=True, f2=True, f3=True, f4=False, f5=False, f6=True, f7=True, f8=False, f9=True, f10=False, f11=True, f12=True)",0.9509211864733172
29.953000000000003,"FeatureMask(f0=True, f1=True, f2=True, f3=True, f4=False, f5=False, f6=True, f7=True, f8=False, f9=True, f10=False, f11=True, f12=True)",0.9509211864733172
29.953000000000003,"FeatureMask(f0=True, f1=True, f2=True, f3=True, f4=False, f5=False, f6=True, f7=True, f8=False, f9=True, f10=False, f11=True, f12=True)",0.9509211864733172
29.953000000000003,"FeatureMask(f0=True, f1=True, f2=True, f3=True, f4=False, f5=False, f6=True, f7=True, f8=False, f9=True, f10=False, f11=True, f12=True)",0.9509211864733172
29.953000000000003,"FeatureMask(f0=True, f1=True, f2=True, f3=True, f4=False, f5=False, f6=True, f7=True, f8=False, f9=True, f10=False, f11=True, f12=True)",0.9509211864733172
29.953000000000003,"FeatureMask(f0=True, f1=True, f2=True, f3=True, f4=False, f5=False, f6=True, f7=True, f8=False, f9=True, f10=False, f11=True, f12=True)",0.9509211864733172
29.953000000000003,"FeatureMask(f0=True, f1=True, f2=True, f3=True, f4=False, f5=False, f6=True, f7=True, f8=False, f9=True, f10=False, f11=True, f12=True)",0.9509211864733172
30.032000000000004,"FeatureMask(f0=True, f1=True, f2=True, f3=True, f4=False, f5=False, f6=True, f7=True, f8=False, f9=True, f10=False, f11=True, f12=True)",0.9509211864733172
30.032000000000004,"FeatureMask(f0=True, f1=True, f2=True, f3=True, f4=False, f5=False, f6=True, f7=True, f8=False, f9=True, f10=False, f11=True, f12=True)",0.9509211864733172
30.157000000000004,"FeatureMask(f0=True, f1=True, f2=True, f3=True, f4=False, f5=False, f6=True, f7=True, f8=False, f9=True, f10=False, f11=True, f12=True)",0.9509211864733172
30.157000000000004,"FeatureMask(f0=True, f1=True, f2=True, f3=True, f4=False, f5=False, f6=True, f7=True, f8=False, f9=True, f10=False, f11=True, f12=True)",0.9509211864733172
30.157000000000004,"FeatureMask(f0=True, f1=True, f2=True, f3=True, f4=False, f5=False, f6=True, f7=True, f8=False, f9=True, f10=False, f11=True, f12=True)",0.9509211864733172
30.157000000000004,"FeatureMask(f0=True, f1=True, f2=True, f3=True, f4=False, f5=False, f6=True, f7=True, f8=False, f9=True, f10=False, f11=True, f12=True)",0.9509211864733172
30.157000000000004,"FeatureMask(f0=True, f1=True, f2=True, f3=True, f4=False, f5=False, f6=True, f7=True, f8=False, f9=True, f10=False, f11=True, f12=True)",0.9509211864733172
30.157000000000004,"FeatureMask(f0=True, f1=True, f2=True, f3=True, f4=False, f5=False, f6=True, f7=True, f8=False, f9=True, f10=False, f11=True, f12=True)",0.9509211864733172
30.157000000000004,"FeatureMask(f0=True, f1=True, f2=True, f3=True, f4=False, f5=False, f6=True, f7=True, f8=False, f9=True, f10=False, f11=True, f12=True)",0.9509211864733172
30.157000000000004,"FeatureMask(f0=True, f1=True, f2=True, f3=True, f4=False, f5=False, f6=True, f7=True, f8=False, f9=True, f10=False, f11=True, f12=True)",0.9509211864733172
30.157000000000004,"FeatureMask(f0=True, f1=True, f2=True, f3=True, f4=False, f5=False, f6=True, f7=True, f8=False, f9=True, f10=False, f11=True, f12=True)",0.9509211864733172
30.157000000000004,"FeatureMask(f0=True, f1=True, f2=True, f3=True, f4=False, f5=False, f6=True, f7=True, f8=False, f9=True, f10=False, f11=True, f12=True)",0.9509211864733172
30.250000000000004,"FeatureMask(f0=True, f1=True, f2=True, f3=True, f4=False, f5=False, f6=True, f7=True, f8=False, f9=True, f10=False, f11=True, f12=True)",0.9509211864733172
30.250000000000004,"FeatureMask(f0=True, f1=True, f2=True, f3=True, f4=False, f5=False, f6=True, f7=True, f8=False, f9=True, f10=False, f11=True, f12=True)",0.9509211864733172
30.250000000000004,"FeatureMask(f0=True, f1=True, f2=True, f3=True, f4=False, f5=False, f6=True, f7=True, f8=False, f9=True, f10=False, f11=True, f12=True)",0.9509211864733172
30.250000000000004,"FeatureMask(f0=True, f1=True, f2=True, f3=True, f4=False, f5=False, f6=True, f7=True, f8=False, f9=True, f10=False, f11=True, f12=True)",0.9509211864733172
30.360000000000003,"FeatureMask(f0=True, f1=True, f2=True, f3=True, f4=False, f5=False, f6=True, f7=True, f8=False, f9=True, f10=False, f11=True, f12=True)",0.9509211864733172
30.360000000000003,"FeatureMask(f0=True, f1=True, f2=True, f3=True, f4=False, f5=False, f6=True, f7=True, f8=False, f9=True, f10=False, f11=True, f12=True)",0.9509211864733172
30.360000000000003,"FeatureMask(f0=True, f1=True, f2=True, f3=True, f4=False, f5=False, f6=True, f7=True, f8=False, f9=True, f10=False, f11=True, f12=True)",0.9509211864733172
30.360000000000003,"FeatureMask(f0=True, f1=True, f2=True, f3=True, f4=False, f5=False, f6=True, f7=True, f8=False, f9=True, f10=False, f11=True, f12=True)",0.9509211864733172
30.360000000000003,"FeatureMask(f0=True, f1=True, f2=True, f3=True, f4=False, f5=False, f6=True, f7=True, f8=False, f9=True, f10=False, f11=True, f12=True)",0.9509211864733172
30.360000000000003,"FeatureMask(f0=True, f1=True, f2=True, f3=True, f4=False, f5=False, f6=True, f7=True, f8=False, f9=True, f10=False, f11=True, f12=True)",0.9509211864733172
30.360000000000003,"FeatureMask(f0=True, f1=True, f2=True, f3=True, f4=False, f5=False, f6=True, f7=True, f8=False, f9=True, f10=False, f11=True, f12=True)",0.9509211864733172
30.360000000000003,"FeatureMask(f0=True, f1=True, f2=True, f3=True, f4=False, f5=False, f6=True, f7=True, f8=False, f9=True, f10=False, f11=True, f12=True)",0.9509211864733172
30.360000000000003,"FeatureMask(f0=True, f1=True, f2=True, f3=True, f4=False, f5=False, f6=True, f7=True, f8=False, f9=True, f10=False, f11=True, f12=True)",0.9509211864733172
30.360000000000003,"FeatureMask(f0=True, f1=True, f2=True, f3=True, f4=False, f5=False, f6=True, f7=True, f8=False, f9=True, f10=False, f11=True, f12=True)",0.9509211864733172
30.453000000000003,"FeatureMask(f0=True, f1=True, f2=True, f3=True, f4=False, f5=False, f6=True, f7=True, f8=False, f9=True, f10=False, f11=True, f12=True)",0.9509211864733172
30.563000000000002,"FeatureMask(f0=True, f1=True, f2=True, f3=True, f4=False, f5=False, f6=True, f7=True, f8=False, f9=True, f10=False, f11=True, f12=True)",0.9509211864733172
30.563000000000002,"FeatureMask(f0=True, f1=True, f2=True, f3=True, f4=False, f5=False, f6=True, f7=True, f8=False, f9=True, f10=False, f11=True, f12=True)",0.9509211864733172
30.563000000000002,"FeatureMask(f0=True, f1=True, f2=True, f3=True, f4=False, f5=False, f6=True, f7=True, f8=False, f9=True, f10=False, f11=True, f12=True)",0.9509211864733172
30.563000000000002,"FeatureMask(f0=True, f1=True, f2=True, f3=True, f4=False, f5=False, f6=True, f7=True, f8=False, f9=True, f10=False, f11=True, f12=True)",0.9509211864733172
30.563000000000002,"FeatureMask(f0=True, f1=True, f2=True, f3=True, f4=False, f5=False, f6=True, f7=True, f8=False, f9=True, f10=False, f11=True, f12=True)",0.9509211864733172
30.563000000000002,"FeatureMask(f0=True, f1=True, f2=True, f3=True, f4=False, f5=False, f6=True, f7=True, f8=False, f9=True, f10=False, f11=True, f12=True)",0.9509211864733172
30.563000000000002,"FeatureMask(f0=True, f1=True, f2=True, f3=True, f4=False, f5=False, f6=True, f7=True, f8=False, f9=True, f10=False, f11=True, f12=True)",0.9509211864733172
30.563000000000002,"FeatureMask(f0=True, f1=True, f2=True, f3=True, f4=False, f5=False, f6=True, f7=True, f8=False, f9=True, f10=False, f11=True, f12=True)",0.9509211864733172
30.563000000000002,"FeatureMask(f0=True, f1=True, f2=True, f3=True, f4=False, f5=False, f6=True, f7=True, f8=False, f9=True, f10=False, f11=True, f12=True)",0.9509211864733172
30.563000000000002,"FeatureMask(f0=True, f1=True, f2=True, f3=True, f4=False, f5=False, f6=True, f7=True, f8=False, f9=True, f10=False, f11=True, f12=True)",0.9509211864733172
30.657000000000004,"FeatureMask(f0=True, f1=True, f2=True, f3=True, f4=False, f5=False, f6=True, f7=True, f8=False, f9=True, f10=False, f11=True, f12=True)",0.9509211864733172
30.657000000000004,"FeatureMask(f0=True, f1=True, f2=True, f3=True, f4=False, f5=False, f6=True, f7=True, f8=False, f9=True, f10=False, f11=True, f12=True)",0.9509211864733172
30.782000000000004,"FeatureMask(f0=True, f1=True, f2=True, f3=True, f4=False, f5=False, f6=True, f7=True, f8=False, f9=True, f10=False, f11=True, f12=True)",0.9509211864733172
30.782000000000004,"FeatureMask(f0=True, f1=True, f2=True, f3=True, f4=False, f5=False, f6=True, f7=True, f8=False, f9=True, f10=False, f11=True, f12=True)",0.9509211864733172
30.782000000000004,"FeatureMask(f0=True, f1=True, f2=True, f3=True, f4=False, f5=False, f6=True, f7=True, f8=False, f9=True, f10=False, f11=True, f12=True)",0.9509211864733172
30.782000000000004,"FeatureMask(f0=True, f1=True, f2=True, f3=True, f4=False, f5=False, f6=True, f7=True, f8=False, f9=True, f10=False, f11=True, f12=True)",0.9509211864733172
30.782000000000004,"FeatureMask(f0=True, f1=True, f2=True, f3=True, f4=False, f5=False, f6=True, f7=True, f8=False, f9=True, f10=False, f11=True, f12=True)",0.9509211864733172
30.782000000000004,"FeatureMask(f0=True, f1=True, f2=True, f3=True, f4=False, f5=False, f6=True, f7=True, f8=False, f9=True, f10=False, f11=True, f12=True)",0.9509211864733172
30.782000000000004,"FeatureMask(f0=True, f1=True, f2=True, f3=True, f4=False, f5=False, f6=True, f7=True, f8=False, f9=True, f10=False, f11=True, f12=True)",0.9509211864733172
30.782000000000004,"FeatureMask(f0=True, f1=True, f2=True, f3=True, f4=False, f5=False, f6=True, f7=True, f8=False, f9=True, f10=False, f11=True, f12=True)",0.9509211864733172
30.782000000000004,"FeatureMask(f0=True, f1=True, f2=True, f3=True, f4=False, f5=False, f6=True, f7=True, f8=False, f9=True, f10=False, f11=True, f12=True)",0.9509211864733172
30.782000000000004,"FeatureMask(f0=True, f1=True, f2=True, f3=True, f4=False, f5=False, f6=True, f7=True, f8=False, f9=True, f10=False, f11=True, f12=True)",0.9509211864733172
31.016000000000002,"FeatureMask(f0=True, f1=True, f2=True, f3=True, f4=False, f5=False, f6=True, f7=True, f8=False, f9=True, f10=False, f11=True, f12=True)",0.9509211864733172
31.016000000000002,"FeatureMask(f0=True, f1=True, f2=True, f3=True, f4=False, f5=False, f6=True, f7=True, f8=False, f9=True, f10=False, f11=True, f12=True)",0.9509211864733172
31.016000000000002,"FeatureMask(f0=True, f1=True, f2=True, f3=True, f4=False, f5=False, f6=True, f7=True, f8=False, f9=True, f10=False, f11=True, f12=True)",0.9509211864733172
31.016000000000002,"FeatureMask(f0=True, f1=True, f2=True, f3=True, f4=False, f5=False, f6=True, f7=True, f8=False, f9=True, f10=False, f11=True, f12=True)",0.9509211864733172
31.016000000000002,"FeatureMask(f0=True, f1=True, f2=True, f3=True, f4=False, f5=False, f6=True, f7=True, f8=False, f9=True, f10=False, f11=True, f12=True)",0.9509211864733172
31.016000000000002,"FeatureMask(f0=True, f1=True, f2=True, f3=True, f4=False, f5=False, f6=True, f7=True, f8=False, f9=True, f10=False, f11=True, f12=True)",0.9509211864733172
31.016000000000002,"FeatureMask(f0=True, f1=True, f2=True, f3=True, f4=False, f5=False, f6=True, f7=True, f8=False, f9=True, f10=False, f11=True, f12=True)",0.9509211864733172
31.016000000000002,"FeatureMask(f0=True, f1=True, f2=True, f3=True, f4=False, f5=False, f6=True, f7=True, f8=False, f9=True, f10=False, f11=True, f12=True)",0.9509211864733172
31.016000000000002,"FeatureMask(f0=True, f1=True, f2=True, f3=True, f4=False, f5=False, f6=True, f7=True, f8=False, f9=True, f10=False, f11=True, f12=True)",0.9509211864733172
31.016000000000002,"FeatureMask(f0=True, f1=True, f2=True, f3=True, f4=False, f5=False, f6=True, f7=True, f8=False, f9=True, f10=False, f11=True, f12=True)",0.9509211864733172
31.094,"FeatureMask(f0=True, f1=True, f2=True, f3=True, f4=False, f5=False, f6=True, f7=True, f8=False, f9=True, f10=False, f11=True, f12=True)",0.9509211864733172
31.219,"FeatureMask(f0=True, f1=True, f2=True, f3=True, f4=False, f5=False, f6=True, f7=True, f8=False, f9=True, f10=False, f11=True, f12=True)",0.9509211864733172
31.219,"FeatureMask(f0=True, f1=True, f2=True, f3=True, f4=False, f5=False, f6=True, f7=True, f8=False, f9=True, f10=False, f11=True, f12=True)",0.9509211864733172
31.219,"FeatureMask(f0=True, f1=True, f2=True, f3=True, f4=False, f5=False, f6=True, f7=True, f8=False, f9=True, f10=False, f11=True, f12=True)",0.9509211864733172
31.219,"FeatureMask(f0=True, f1=True, f2=True, f3=True, f4=False, f5=False, f6=True, f7=True, f8=False, f9=True, f10=False, f11=True, f12=True)",0.9509211864733172
31.219,"FeatureMask(f0=True, f1=True, f2=True, f3=True, f4=False, f5=False, f6=True, f7=True, f8=False, f9=True, f10=False, f11=True, f12=True)",0.9509211864733172
31.219,"FeatureMask(f0=True, f1=True, f2=True, f3=True, f4=False, f5=False, f6=True, f7=True, f8=False, f9=True, f10=False, f11=True, f12=True)",0.9509211864733172
31.219,"FeatureMask(f0=True, f1=True, f2=True, f3=True, f4=False, f5=False, f6=True, f7=True, f8=False, f9=True, f10=False, f11=True, f12=True)",0.9509211864733172
31.219,"FeatureMask(f0=True, f1=True, f2=True, f3=True, f4=False, f5=False, f6=True, f7=True, f8=False, f9=True, f10=False, f11=True, f12=True)",0.9509211864733172
31.219,"FeatureMask(f0=True, f1=True, f2=True, f3=True, f4=False, f5=False, f6=True, f7=True, f8=False, f9=True, f10=False, f11=True, f12=True)",0.9509211864733172
31.219,"FeatureMask(f0=True, f1=True, f2=True, f3=True, f4=False, f5=False, f6=True, f7=True, f8=False, f9=True, f10=False, f11=True, f12=True)",0.9509211864733172
31.313000000000002,"FeatureMask(f0=True, f1=True, f2=True, f3=True, f4=False, f5=False, f6=True, f7=True, f8=False, f9=True, f10=False, f11=True, f12=True)",0.9509211864733172
31.313000000000002,"FeatureMask(f0=True, f1=True, f2=True, f3=True, f4=False, f5=False, f6=True, f7=True, f8=False, f9=True, f10=False, f11=True, f12=True)",0.9509211864733172
31.313000000000002,"FeatureMask(f0=True, f1=True, f2=True, f3=True, f4=False, f5=False, f6=True, f7=True, f8=False, f9=True, f10=False, f11=True, f12=True)",0.9509211864733172
31.407000000000004,"FeatureMask(f0=True, f1=True, f2=True, f3=True, f4=False, f5=False, f6=True, f7=True, f8=False, f9=True, f10=False, f11=True, f12=True)",0.9509211864733172
31.407000000000004,"FeatureMask(f0=True, f1=True, f2=True, f3=True, f4=False, f5=False, f6=True, f7=True, f8=False, f9=True, f10=False, f11=True, f12=True)",0.9509211864733172
31.407000000000004,"FeatureMask(f0=True, f1=True, f2=True, f3=True, f4=False, f5=False, f6=True, f7=True, f8=False, f9=True, f10=False, f11=True, f12=True)",0.9509211864733172
31.407000000000004,"FeatureMask(f0=True, f1=True, f2=True, f3=True, f4=False, f5=False, f6=True, f7=True, f8=False, f9=True, f10=False, f11=True, f12=True)",0.9509211864733172
31.407000000000004,"FeatureMask(f0=True, f1=True, f2=True, f3=True, f4=False, f5=False, f6=True, f7=True, f8=False, f9=True, f10=False, f11=True, f12=True)",0.9509211864733172
31.407000000000004,"FeatureMask(f0=True, f1=True, f2=True, f3=True, f4=False, f5=False, f6=True, f7=True, f8=False, f9=True, f10=False, f11=True, f12=True)",0.9509211864733172
31.407000000000004,"FeatureMask(f0=True, f1=True, f2=True, f3=True, f4=False, f5=False, f6=True, f7=True, f8=False, f9=True, f10=False, f11=True, f12=True)",0.9509211864733172
31.407000000000004,"FeatureMask(f0=True, f1=True, f2=True, f3=True, f4=False, f5=False, f6=True, f7=True, f8=False, f9=True, f10=False, f11=True, f12=True)",0.9509211864733172
31.407000000000004,"FeatureMask(f0=True, f1=True, f2=True, f3=True, f4=False, f5=False, f6=True, f7=True, f8=False, f9=True, f10=False, f11=True, f12=True)",0.9509211864733172
31.407000000000004,"FeatureMask(f0=True, f1=True, f2=True, f3=True, f4=False, f5=False, f6=True, f7=True, f8=False, f9=True, f10=False, f11=True, f12=True)",0.9509211864733172
31.500000000000004,"FeatureMask(f0=True, f1=True, f2=True, f3=True, f4=False, f5=False, f6=True, f7=True, f8=False, f9=True, f10=False, f11=True, f12=True)",0.9509211864733172
31.625000000000004,"FeatureMask(f0=True, f1=True, f2=True, f3=True, f4=False, f5=False, f6=True, f7=True, f8=False, f9=True, f10=False, f11=True, f12=True)",0.9509211864733172
31.625000000000004,"FeatureMask(f0=True, f1=True, f2=True, f3=True, f4=False, f5=False, f6=True, f7=True, f8=False, f9=True, f10=False, f11=True, f12=True)",0.9509211864733172
31.625000000000004,"FeatureMask(f0=True, f1=True, f2=True, f3=True, f4=False, f5=False, f6=True, f7=True, f8=False, f9=True, f10=False, f11=True, f12=True)",0.9509211864733172
31.625000000000004,"FeatureMask(f0=True, f1=True, f2=True, f3=True, f4=False, f5=False, f6=True, f7=True, f8=False, f9=True, f10=False, f11=True, f12=True)",0.9509211864733172
31.625000000000004,"FeatureMask(f0=True, f1=True, f2=True, f3=True, f4=False, f5=False, f6=True, f7=True, f8=False, f9=True, f10=False, f11=True, f12=True)",0.9509211864733172
31.625000000000004,"FeatureMask(f0=True, f1=True, f2=True, f3=True, f4=False, f5=False, f6=True, f7=True, f8=False, f9=True, f10=False, f11=True, f12=True)",0.9509211864733172
31.625000000000004,"FeatureMask(f0=True, f1=True, f2=True, f3=True, f4=False, f5=False, f6=True, f7=True, f8=False, f9=True, f10=False, f11=True, f12=True)",0.9509211864733172
31.625000000000004,"FeatureMask(f0=True, f1=True, f2=True, f3=True, f4=False, f5=False, f6=True, f7=True, f8=False, f9=True, f10=False, f11=True, f12=True)",0.9509211864733172
31.625000000000004,"FeatureMask(f0=True, f1=True, f2=True, f3=True, f4=False, f5=False, f6=True, f7=True, f8=False, f9=True, f10=False, f11=True, f12=True)",0.9509211864733172
31.625000000000004,"FeatureMask(f0=True, f1=True, f2=True, f3=True, f4=False, f5=False, f6=True, f7=True, f8=False, f9=True, f10=False, f11=True, f12=True)",0.9509211864733172
31.719,"FeatureMask(f0=True, f1=True, f2=True, f3=True, f4=False, f5=False, f6=True, f7=True, f8=False, f9=True, f10=False, f11=True, f12=True)",0.9509211864733172
31.719,"FeatureMask(f0=True, f1=True, f2=True, f3=True, f4=False, f5=False, f6=True, f7=True, f8=False, f9=True, f10=False, f11=True, f12=True)",0.9509211864733172
31.719,"FeatureMask(f0=True, f1=True, f2=True, f3=True, f4=False, f5=False, f6=True, f7=True, f8=False, f9=True, f10=False, f11=True, f12=True)",0.9509211864733172
31.813000000000002,"FeatureMask(f0=True, f1=True, f2=True, f3=True, f4=False, f5=False, f6=True, f7=True, f8=False, f9=True, f10=False, f11=True, f12=True)",0.9509211864733172
31.813000000000002,"FeatureMask(f0=True, f1=True, f2=True, f3=True, f4=False, f5=False, f6=True, f7=True, f8=False, f9=True, f10=False, f11=True, f12=True)",0.9509211864733172
31.813000000000002,"FeatureMask(f0=True, f1=True, f2=True, f3=True, f4=False, f5=False, f6=True, f7=True, f8=False, f9=True, f10=False, f11=True, f12=True)",0.9509211864733172
31.813000000000002,"FeatureMask(f0=True, f1=True, f2=True, f3=True, f4=False, f5=False, f6=True, f7=True, f8=False, f9=True, f10=False, f11=True, f12=True)",0.9509211864733172
31.813000000000002,"FeatureMask(f0=True, f1=True, f2=True, f3=True, f4=False, f5=False, f6=True, f7=True, f8=False, f9=True, f10=False, f11=True, f12=True)",0.9509211864733172
31.813000000000002,"FeatureMask(f0=True, f1=True, f2=True, f3=True, f4=False, f5=False, f6=True, f7=True, f8=False, f9=True, f10=False, f11=True, f12=True)",0.9509211864733172
31.813000000000002,"FeatureMask(f0=True, f1=True, f2=True, f3=True, f4=False, f5=False, f6=True, f7=True, f8=False, f9=True, f10=False, f11=True, f12=True)",0.9509211864733172
31.813000000000002,"FeatureMask(f0=True, f1=True, f2=True, f3=True, f4=False, f5=False, f6=True, f7=True, f8=False, f9=True, f10=False, f11=True, f12=True)",0.9509211864733172
31.813000000000002,"FeatureMask(f0=True, f1=True, f2=True, f3=True, f4=False, f5=False, f6=True, f7=True, f8=False, f9=True, f10=False, f11=True, f12=True)",0.9509211864733172
31.813000000000002,"FeatureMask(f0=True, f1=True, f2=True, f3=True, f4=False, f5=False, f6=True, f7=True, f8=False, f9=True, f10=False, f11=True, f12=True)",0.9509211864733172
31.907000000000004,"FeatureMask(f0=True, f1=True, f2=True, f3=True, f4=False, f5=False, f6=True, f7=True, f8=False, f9=True, f10=False, f11=True, f12=True)",0.9509211864733172
31.907000000000004,"FeatureMask(f0=True, f1=True, f2=True, f3=True, f4=False, f5=False, f6=True, f7=True, f8=False, f9=True, f10=False, f11=True, f12=True)",0.9509211864733172
31.907000000000004,"FeatureMask(f0=True, f1=True, f2=True, f3=True, f4=False, f5=False, f6=True, f7=True, f8=False, f9=True, f10=False, f11=True, f12=True)",0.9509211864733172
31.907000000000004,"FeatureMask(f0=True, f1=True, f2=True, f3=True, f4=False, f5=False, f6=True, f7=True, f8=False, f9=True, f10=False, f11=True, f12=True)",0.9509211864733172
32.032000000000004,"FeatureMask(f0=True, f1=True, f2=True, f3=True, f4=False, f5=False, f6=True, f7=True, f8=False, f9=True, f10=False, f11=True, f12=True)",0.9509211864733172
32.032000000000004,"FeatureMask(f0=True, f1=True, f2=True, f3=True, f4=False, f5=False, f6=True, f7=True, f8=False, f9=True, f10=False, f11=True, f12=True)",0.9509211864733172
32.032000000000004,"FeatureMask(f0=True, f1=True, f2=True, f3=True, f4=False, f5=False, f6=True, f7=True, f8=False, f9=True, f10=False, f11=True, f12=True)",0.9509211864733172
32.032000000000004,"FeatureMask(f0=True, f1=True, f2=True, f3=True, f4=False, f5=False, f6=True, f7=True, f8=False, f9=True, f10=False, f11=True, f12=True)",0.9509211864733172
32.032000000000004,"FeatureMask(f0=True, f1=True, f2=True, f3=True, f4=False, f5=False, f6=True, f7=True, f8=False, f9=True, f10=False, f11=True, f12=True)",0.9509211864733172
32.032000000000004,"FeatureMask(f0=True, f1=True, f2=True, f3=True, f4=False, f5=False, f6=True, f7=True, f8=False, f9=True, f10=False, f11=True, f12=True)",0.9509211864733172
32.032000000000004,"FeatureMask(f0=True, f1=True, f2=True, f3=True, f4=False, f5=False, f6=True, f7=True, f8=False, f9=True, f10=False, f11=True, f12=True)",0.9509211864733172
32.032000000000004,"FeatureMask(f0=True, f1=True, f2=True, f3=True, f4=False, f5=False, f6=True, f7=True, f8=False, f9=True, f10=False, f11=True, f12=True)",0.9509211864733172
32.032000000000004,"FeatureMask(f0=True, f1=True, f2=True, f3=True, f4=False, f5=False, f6=True, f7=True, f8=False, f9=True, f10=False, f11=True, f12=True)",0.9509211864733172
32.032000000000004,"FeatureMask(f0=True, f1=True, f2=True, f3=True, f4=False, f5=False, f6=True, f7=True, f8=False, f9=True, f10=False, f11=True, f12=True)",0.9509211864733172
32.11,"FeatureMask(f0=True, f1=True, f2=True, f3=True, f4=False, f5=False, f6=True, f7=True, f8=False, f9=True, f10=False, f11=True, f12=True)",0.9509211864733172
32.219,"FeatureMask(f0=True, f1=True, f2=True, f3=True, f4=False, f5=False, f6=True, f7=True, f8=False, f9=True, f10=False, f11=True, f12=True)",0.9509211864733172
32.219,"FeatureMask(f0=True, f1=True, f2=True, f3=True, f4=False, f5=False, f6=True, f7=True, f8=False, f9=True, f10=False, f11=True, f12=True)",0.9509211864733172
32.219,"FeatureMask(f0=True, f1=True, f2=True, f3=True, f4=False, f5=False, f6=True, f7=True, f8=False, f9=True, f10=False, f11=True, f12=True)",0.9509211864733172
32.219,"FeatureMask(f0=True, f1=True, f2=True, f3=True, f4=False, f5=False, f6=True, f7=True, f8=False, f9=True, f10=False, f11=True, f12=True)",0.9509211864733172
32.219,"FeatureMask(f0=True, f1=True, f2=True, f3=True, f4=False, f5=False, f6=True, f7=True, f8=False, f9=True, f10=False, f11=True, f12=True)",0.9509211864733172
32.219,"FeatureMask(f0=True, f1=True, f2=True, f3=True, f4=False, f5=False, f6=True, f7=True, f8=False, f9=True, f10=False, f11=True, f12=True)",0.9509211864733172
32.219,"FeatureMask(f0=True, f1=True, f2=True, f3=True, f4=False, f5=False, f6=True, f7=True, f8=False, f9=True, f10=False, f11=True, f12=True)",0.9509211864733172
32.219,"FeatureMask(f0=True, f1=True, f2=True, f3=True, f4=False, f5=False, f6=True, f7=True, f8=False, f9=True, f10=False, f11=True, f12=True)",0.9509211864733172
32.219,"FeatureMask(f0=True, f1=True, f2=True, f3=True, f4=False, f5=False, f6=True, f7=True, f8=False, f9=True, f10=False, f11=True, f12=True)",0.9509211864733172
32.219,"FeatureMask(f0=True, f1=True, f2=True, f3=True, f4=False, f5=False, f6=True, f7=True, f8=False, f9=True, f10=False, f11=True, f12=True)",0.9509211864733172
32.297000000000004,"FeatureMask(f0=True, f1=True, f2=True, f3=True, f4=False, f5=False, f6=True, f7=True, f8=False, f9=True, f10=False, f11=True, f12=True)",0.9509211864733172
32.407000000000004,"FeatureMask(f0=True, f1=True, f2=True, f3=True, f4=False, f5=False, f6=True, f7=True, f8=False, f9=True, f10=False, f11=True, f12=True)",0.9509211864733172
32.407000000000004,"FeatureMask(f0=True, f1=True, f2=True, f3=True, f4=False, f5=False, f6=True, f7=True, f8=False, f9=True, f10=False, f11=True, f12=True)",0.9509211864733172
32.407000000000004,"FeatureMask(f0=True, f1=True, f2=True, f3=True, f4=False, f5=False, f6=True, f7=True, f8=False, f9=True, f10=False, f11=True, f12=True)",0.9509211864733172
32.407000000000004,"FeatureMask(f0=True, f1=True, f2=True, f3=True, f4=False, f5=False, f6=True, f7=True, f8=False, f9=True, f10=False, f11=True, f12=True)",0.9509211864733172
32.407000000000004,"FeatureMask(f0=True, f1=True, f2=True, f3=True, f4=False, f5=False, f6=True, f7=True, f8=False, f9=True, f10=False, f11=True, f12=True)",0.9509211864733172
32.407000000000004,"FeatureMask(f0=True, f1=True, f2=True, f3=True, f4=False, f5=False, f6=True, f7=True, f8=False, f9=True, f10=False, f11=True, f12=True)",0.9509211864733172
32.407000000000004,"FeatureMask(f0=True, f1=True, f2=True, f3=True, f4=False, f5=False, f6=True, f7=True, f8=False, f9=True, f10=False, f11=True, f12=True)",0.9509211864733172
32.407000000000004,"FeatureMask(f0=True, f1=True, f2=True, f3=True, f4=False, f5=False, f6=True, f7=True, f8=False, f9=True, f10=False, f11=True, f12=True)",0.9509211864733172
32.407000000000004,"FeatureMask(f0=True, f1=True, f2=True, f3=True, f4=False, f5=False, f6=True, f7=True, f8=False, f9=True, f10=False, f11=True, f12=True)",0.9509211864733172
32.407000000000004,"FeatureMask(f0=True, f1=True, f2=True, f3=True, f4=False, f5=False, f6=True, f7=True, f8=False, f9=True, f10=False, f11=True, f12=True)",0.9509211864733172
32.5,"FeatureMask(f0=True, f1=True, f2=True, f3=True, f4=False, f5=False, f6=True, f7=True, f8=False, f9=True, f10=False, f11=True, f12=True)",0.9509211864733172
32.5,"FeatureMask(f0=True, f1=True, f2=True, f3=True, f4=False, f5=False, f6=True, f7=True, f8=False, f9=True, f10=False, f11=True, f12=True)",0.9509211864733172
32.5,"FeatureMask(f0=True, f1=True, f2=True, f3=True, f4=False, f5=False, f6=True, f7=True, f8=False, f9=True, f10=False, f11=True, f12=True)",0.9509211864733172
32.5,"FeatureMask(f0=True, f1=True, f2=True, f3=True, f4=False, f5=False, f6=True, f7=True, f8=False, f9=True, f10=False, f11=True, f12=True)",0.9509211864733172
32.578,"FeatureMask(f0=True, f1=True, f2=True, f3=True, f4=False, f5=False, f6=True, f7=True, f8=False, f9=True, f10=False, f11=True, f12=True)",0.9509211864733172
32.578,"FeatureMask(f0=True, f1=True, f2=True, f3=True, f4=False, f5=False, f6=True, f7=True, f8=False, f9=True, f10=False, f11=True, f12=True)",0.9509211864733172
32.578,"FeatureMask(f0=True, f1=True, f2=True, f3=True, f4=False, f5=False, f6=True, f7=True, f8=False, f9=True, f10=False, f11=True, f12=True)",0.9509211864733172
32.578,"FeatureMask(f0=True, f1=True, f2=True, f3=True, f4=False, f5=False, f6=True, f7=True, f8=False, f9=True, f10=False, f11=True, f12=True)",0.9509211864733172
32.578,"FeatureMask(f0=True, f1=True, f2=True, f3=True, f4=False, f5=False, f6=True, f7=True, f8=False, f9=True, f10=False, f11=True, f12=True)",0.9509211864733172
32.578,"FeatureMask(f0=True, f1=True, f2=True, f3=True, f4=False, f5=False, f6=True, f7=True, f8=False, f9=True, f10=False, f11=True, f12=True)",0.9509211864733172
32.578,"FeatureMask(f0=True, f1=True, f2=True, f3=True, f4=False, f5=False, f6=True, f7=True, f8=False, f9=True, f10=False, f11=True, f12=True)",0.9509211864733172
32.578,"FeatureMask(f0=True, f1=True, f2=True, f3=True, f4=False, f5=False, f6=True, f7=True, f8=False, f9=True, f10=False, f11=True, f12=True)",0.9509211864733172
32.578,"FeatureMask(f0=True, f1=True, f2=True, f3=True, f4=False, f5=False, f6=True, f7=True, f8=False, f9=True, f10=False, f11=True, f12=True)",0.9509211864733172
32.578,"FeatureMask(f0=True, f1=True, f2=True, f3=True, f4=False, f5=False, f6=True, f7=True, f8=False, f9=True, f10=False, f11=True, f12=True)",0.9509211864733172
32.672000000000004,"FeatureMask(f0=True, f1=True, f2=True, f3=True, f4=False, f5=False, f6=True, f7=True, f8=False, f9=True, f10=False, f11=True, f12=True)",0.9509211864733172
32.797000000000004,"FeatureMask(f0=True, f1=True, f2=True, f3=True, f4=False, f5=False, f6=True, f7=True, f8=False, f9=True, f10=False, f11=True, f12=True)",0.9509211864733172
32.797000000000004,"FeatureMask(f0=True, f1=True, f2=True, f3=True, f4=False, f5=False, f6=True, f7=True, f8=False, f9=True, f10=False, f11=True, f12=True)",0.9509211864733172
32.797000000000004,"FeatureMask(f0=True, f1=True, f2=True, f3=True, f4=False, f5=False, f6=True, f7=True, f8=False, f9=True, f10=False, f11=True, f12=True)",0.9509211864733172
32.797000000000004,"FeatureMask(f0=True, f1=True, f2=True, f3=True, f4=False, f5=False, f6=True, f7=True, f8=False, f9=True, f10=False, f11=True, f12=True)",0.9509211864733172
32.797000000000004,"FeatureMask(f0=True, f1=True, f2=True, f3=True, f4=False, f5=False, f6=True, f7=True, f8=False, f9=True, f10=False, f11=True, f12=True)",0.9509211864733172
32.797000000000004,"FeatureMask(f0=True, f1=True, f2=True, f3=True, f4=False, f5=False, f6=True, f7=True, f8=False, f9=True, f10=False, f11=True, f12=True)",0.9509211864733172
32.797000000000004,"FeatureMask(f0=True, f1=True, f2=True, f3=True, f4=False, f5=False, f6=True, f7=True, f8=False, f9=True, f10=False, f11=True, f12=True)",0.9509211864733172
32.797000000000004,"FeatureMask(f0=True, f1=True, f2=True, f3=True, f4=False, f5=False, f6=True, f7=True, f8=False, f9=True, f10=False, f11=True, f12=True)",0.9509211864733172
32.797000000000004,"FeatureMask(f0=True, f1=True, f2=True, f3=True, f4=False, f5=False, f6=True, f7=True, f8=False, f9=True, f10=False, f11=True, f12=True)",0.9509211864733172
32.797000000000004,"FeatureMask(f0=True, f1=True, f2=True, f3=True, f4=False, f5=False, f6=True, f7=True, f8=False, f9=True, f10=False, f11=True, f12=True)",0.9509211864733172
32.875,"FeatureMask(f0=True, f1=True, f2=True, f3=True, f4=False, f5=False, f6=True, f7=True, f8=False, f9=True, f10=False, f11=True, f12=True)",0.9509211864733172
32.969,"FeatureMask(f0=True, f1=True, f2=True, f3=True, f4=False, f5=False, f6=True, f7=True, f8=False, f9=True, f10=False, f11=True, f12=True)",0.9509211864733172
32.969,"FeatureMask(f0=True, f1=True, f2=True, f3=True, f4=False, f5=False, f6=True, f7=True, f8=False, f9=True, f10=False, f11=True, f12=True)",0.9509211864733172
32.969,"FeatureMask(f0=True, f1=True, f2=True, f3=True, f4=False, f5=False, f6=True, f7=True, f8=False, f9=True, f10=False, f11=True, f12=True)",0.9509211864733172
32.969,"FeatureMask(f0=True, f1=True, f2=True, f3=True, f4=False, f5=False, f6=True, f7=True, f8=False, f9=True, f10=False, f11=True, f12=True)",0.9509211864733172
32.969,"FeatureMask(f0=True, f1=True, f2=True, f3=True, f4=False, f5=False, f6=True, f7=True, f8=False, f9=True, f10=False, f11=True, f12=True)",0.9509211864733172
32.969,"FeatureMask(f0=True, f1=True, f2=True, f3=True, f4=False, f5=False, f6=True, f7=True, f8=False, f9=True, f10=False, f11=True, f12=True)",0.9509211864733172
32.969,"FeatureMask(f0=True, f1=True, f2=True, f3=True, f4=False, f5=False, f6=True, f7=True, f8=False, f9=True, f10=False, f11=True, f12=True)",0.9509211864733172
32.969,"FeatureMask(f0=True, f1=True, f2=True, f3=True, f4=False, f5=False, f6=True, f7=True, f8=False, f9=True, f10=False, f11=True, f12=True)",0.9509211864733172
32.969,"FeatureMask(f0=True, f1=True, f2=True, f3=True, f4=False, f5=False, f6=True, f7=True, f8=False, f9=True, f10=False, f11=True, f12=True)",0.9509211864733172
32.969,"FeatureMask(f0=True, f1=True, f2=True, f3=True, f4=False, f5=False, f6=True, f7=True, f8=False, f9=True, f10=False, f11=True, f12=True)",0.9509211864733172
33.063,"FeatureMask(f0=True, f1=True, f2=True, f3=True, f4=False, f5=False, f6=True, f7=True, f8=False, f9=True, f10=False, f11=True, f12=True)",0.9509211864733172
33.063,"FeatureMask(f0=True, f1=True, f2=True, f3=True, f4=False, f5=False, f6=True, f7=True, f8=False, f9=True, f10=False, f11=True, f12=True)",0.9509211864733172
33.063,"FeatureMask(f0=True, f1=True, f2=True, f3=True, f4=False, f5=False, f6=True, f7=True, f8=False, f9=True, f10=False, f11=True, f12=True)",0.9509211864733172
33.063,"FeatureMask(f0=True, f1=True, f2=True, f3=True, f4=False, f5=False, f6=True, f7=True, f8=False, f9=True, f10=False, f11=True, f12=True)",0.9509211864733172
33.063,"FeatureMask(f0=True, f1=True, f2=True, f3=True, f4=False, f5=False, f6=True, f7=True, f8=False, f9=True, f10=False, f11=True, f12=True)",0.9509211864733172
33.172000000000004,"FeatureMask(f0=True, f1=True, f2=True, f3=True, f4=False, f5=False, f6=True, f7=True, f8=False, f9=True, f10=False, f11=True, f12=True)",0.9509211864733172
33.172000000000004,"FeatureMask(f0=True, f1=True, f2=True, f3=True, f4=False, f5=False, f6=True, f7=True, f8=False, f9=True, f10=False, f11=True, f12=True)",0.9509211864733172
33.172000000000004,"FeatureMask(f0=True, f1=True, f2=True, f3=True, f4=False, f5=False, f6=True, f7=True, f8=False, f9=True, f10=False, f11=True, f12=True)",0.9509211864733172
33.172000000000004,"FeatureMask(f0=True, f1=True, f2=True, f3=True, f4=False, f5=False, f6=True, f7=True, f8=False, f9=True, f10=False, f11=True, f12=True)",0.9509211864733172
33.172000000000004,"FeatureMask(f0=True, f1=True, f2=True, f3=True, f4=False, f5=False, f6=True, f7=True, f8=False, f9=True, f10=False, f11=True, f12=True)",0.9509211864733172
33.172000000000004,"FeatureMask(f0=True, f1=True, f2=True, f3=True, f4=False, f5=False, f6=True, f7=True, f8=False, f9=True, f10=False, f11=True, f12=True)",0.9509211864733172
33.172000000000004,"FeatureMask(f0=True, f1=True, f2=True, f3=True, f4=False, f5=False, f6=True, f7=True, f8=False, f9=True, f10=False, f11=True, f12=True)",0.9509211864733172
33.172000000000004,"FeatureMask(f0=True, f1=True, f2=True, f3=True, f4=False, f5=False, f6=True, f7=True, f8=False, f9=True, f10=False, f11=True, f12=True)",0.9509211864733172
33.172000000000004,"FeatureMask(f0=True, f1=True, f2=True, f3=True, f4=False, f5=False, f6=True, f7=True, f8=False, f9=True, f10=False, f11=True, f12=True)",0.9509211864733172
33.172000000000004,"FeatureMask(f0=True, f1=True, f2=True, f3=True, f4=False, f5=False, f6=True, f7=True, f8=False, f9=True, f10=False, f11=True, f12=True)",0.9509211864733172
33.25,"FeatureMask(f0=True, f1=True, f2=True, f3=True, f4=False, f5=False, f6=True, f7=True, f8=False, f9=True, f10=False, f11=True, f12=True)",0.9509211864733172
33.25,"FeatureMask(f0=True, f1=True, f2=True, f3=True, f4=False, f5=False, f6=True, f7=True, f8=False, f9=True, f10=False, f11=True, f12=True)",0.9509211864733172
33.25,"FeatureMask(f0=True, f1=True, f2=True, f3=True, f4=False, f5=False, f6=True, f7=True, f8=False, f9=True, f10=False, f11=True, f12=True)",0.9509211864733172
33.375,"FeatureMask(f0=True, f1=True, f2=True, f3=True, f4=False, f5=False, f6=True, f7=True, f8=False, f9=True, f10=False, f11=True, f12=True)",0.9509211864733172
33.375,"FeatureMask(f0=True, f1=True, f2=True, f3=True, f4=False, f5=False, f6=True, f7=True, f8=False, f9=True, f10=False, f11=True, f12=True)",0.9509211864733172
33.375,"FeatureMask(f0=True, f1=True, f2=True, f3=True, f4=False, f5=False, f6=True, f7=True, f8=False, f9=True, f10=False, f11=True, f12=True)",0.9509211864733172
33.375,"FeatureMask(f0=True, f1=True, f2=True, f3=True, f4=False, f5=False, f6=True, f7=True, f8=False, f9=True, f10=False, f11=True, f12=True)",0.9509211864733172
33.375,"FeatureMask(f0=True, f1=True, f2=True, f3=True, f4=False, f5=False, f6=True, f7=True, f8=False, f9=True, f10=False, f11=True, f12=True)",0.9509211864733172
33.375,"FeatureMask(f0=True, f1=True, f2=True, f3=True, f4=False, f5=False, f6=True, f7=True, f8=False, f9=True, f10=False, f11=True, f12=True)",0.9509211864733172
33.375,"FeatureMask(f0=True, f1=True, f2=True, f3=True, f4=False, f5=False, f6=True, f7=True, f8=False, f9=True, f10=False, f11=True, f12=True)",0.9509211864733172
33.375,"FeatureMask(f0=True, f1=True, f2=True, f3=True, f4=False, f5=False, f6=True, f7=True, f8=False, f9=True, f10=False, f11=True, f12=True)",0.9509211864733172
33.375,"FeatureMask(f0=True, f1=True, f2=True, f3=True, f4=False, f5=False, f6=True, f7=True, f8=False, f9=True, f10=False, f11=True, f12=True)",0.9509211864733172
33.375,"FeatureMask(f0=True, f1=True, f2=True, f3=True, f4=False, f5=False, f6=True, f7=True, f8=False, f9=True, f10=False, f11=True, f12=True)",0.9509211864733172
33.547000000000004,"FeatureMask(f0=True, f1=True, f2=True, f3=True, f4=False, f5=False, f6=True, f7=True, f8=False, f9=True, f10=False, f11=True, f12=True)",0.9509211864733172
33.547000000000004,"FeatureMask(f0=True, f1=True, f2=True, f3=True, f4=False, f5=False, f6=True, f7=True, f8=False, f9=True, f10=False, f11=True, f12=True)",0.9509211864733172
33.547000000000004,"FeatureMask(f0=True, f1=True, f2=True, f3=True, f4=False, f5=False, f6=True, f7=True, f8=False, f9=True, f10=False, f11=True, f12=True)",0.9509211864733172
33.547000000000004,"FeatureMask(f0=True, f1=True, f2=True, f3=True, f4=False, f5=False, f6=True, f7=True, f8=False, f9=True, f10=False, f11=True, f12=True)",0.9509211864733172
33.547000000000004,"FeatureMask(f0=True, f1=True, f2=True, f3=True, f4=False, f5=False, f6=True, f7=True, f8=False, f9=True, f10=False, f11=True, f12=True)",0.9509211864733172
33.547000000000004,"FeatureMask(f0=True, f1=True, f2=True, f3=True, f4=False, f5=False, f6=True, f7=True, f8=False, f9=True, f10=False, f11=True, f12=True)",0.9509211864733172
33.547000000000004,"FeatureMask(f0=True, f1=True, f2=True, f3=True, f4=False, f5=False, f6=True, f7=True, f8=False, f9=True, f10=False, f11=True, f12=True)",0.9509211864733172
33.547000000000004,"FeatureMask(f0=True, f1=True, f2=True, f3=True, f4=False, f5=False, f6=True, f7=True, f8=False, f9=True, f10=False, f11=True, f12=True)",0.9509211864733172
33.547000000000004,"FeatureMask(f0=True, f1=True, f2=True, f3=True, f4=False, f5=False, f6=True, f7=True, f8=False, f9=True, f10=False, f11=True, f12=True)",0.9509211864733172
33.547000000000004,"FeatureMask(f0=True, f1=True, f2=True, f3=True, f4=False, f5=False, f6=True, f7=True, f8=False, f9=True, f10=False, f11=True, f12=True)",0.9509211864733172
33.719,"FeatureMask(f0=True, f1=True, f2=True, f3=True, f4=False, f5=False, f6=True, f7=True, f8=False, f9=True, f10=False, f11=True, f12=True)",0.9509211864733172
33.719,"FeatureMask(f0=True, f1=True, f2=True, f3=True, f4=False, f5=False, f6=True, f7=True, f8=False, f9=True, f10=False, f11=True, f12=True)",0.9509211864733172
33.719,"FeatureMask(f0=True, f1=True, f2=True, f3=True, f4=False, f5=False, f6=True, f7=True, f8=False, f9=True, f10=False, f11=True, f12=True)",0.9509211864733172
33.719,"FeatureMask(f0=True, f1=True, f2=True, f3=True, f4=False, f5=False, f6=True, f7=True, f8=False, f9=True, f10=False, f11=True, f12=True)",0.9509211864733172
33.719,"FeatureMask(f0=True, f1=True, f2=True, f3=True, f4=False, f5=False, f6=True, f7=True, f8=False, f9=True, f10=False, f11=True, f12=True)",0.9509211864733172
33.719,"FeatureMask(f0=True, f1=True, f2=True, f3=True, f4=False, f5=False, f6=True, f7=True, f8=False, f9=True, f10=False, f11=True, f12=True)",0.9509211864733172
33.719,"FeatureMask(f0=True, f1=True, f2=True, f3=True, f4=False, f5=False, f6=True, f7=True, f8=False, f9=True, f10=False, f11=True, f12=True)",0.9509211864733172
33.719,"FeatureMask(f0=True, f1=True, f2=True, f3=True, f4=False, f5=False, f6=True, f7=True, f8=False, f9=True, f10=False, f11=True, f12=True)",0.9509211864733172
33.719,"FeatureMask(f0=True, f1=True, f2=True, f3=True, f4=False, f5=False, f6=True, f7=True, f8=False, f9=True, f10=False, f11=True, f12=True)",0.9509211864733172
33.719,"FeatureMask(f0=True, f1=True, f2=True, f3=True, f4=False, f5=False, f6=True, f7=True, f8=False, f9=True, f10=False, f11=True, f12=True)",0.9509211864733172
33.813,"FeatureMask(f0=True, f1=True, f2=True, f3=True, f4=False, f5=False, f6=True, f7=True, f8=False, f9=True, f10=False, f11=True, f12=True)",0.9509211864733172
33.891000000000005,"FeatureMask(f0=True, f1=True, f2=True, f3=True, f4=False, f5=False, f6=True, f7=True, f8=False, f9=True, f10=False, f11=True, f12=True)",0.9509211864733172
33.891000000000005,"FeatureMask(f0=True, f1=True, f2=True, f3=True, f4=False, f5=False, f6=True, f7=True, f8=False, f9=True, f10=False, f11=True, f12=True)",0.9509211864733172
33.891000000000005,"FeatureMask(f0=True, f1=True, f2=True, f3=True, f4=False, f5=False, f6=True, f7=True, f8=False, f9=True, f10=False, f11=True, f12=True)",0.9509211864733172
33.891000000000005,"FeatureMask(f0=True, f1=True, f2=True, f3=True, f4=False, f5=False, f6=True, f7=True, f8=False, f9=True, f10=False, f11=True, f12=True)",0.9509211864733172
33.891000000000005,"FeatureMask(f0=True, f1=True, f2=True, f3=True, f4=False, f5=False, f6=True, f7=True, f8=False, f9=True, f10=False, f11=True, f12=True)",0.9509211864733172
33.891000000000005,"FeatureMask(f0=True, f1=True, f2=True, f3=True, f4=False, f5=False, f6=True, f7=True, f8=False, f9=True, f10=False, f11=True, f12=True)",0.9509211864733172
33.891000000000005,"FeatureMask(f0=True, f1=True, f2=True, f3=True, f4=False, f5=False, f6=True, f7=True, f8=False, f9=True, f10=False, f11=True, f12=True)",0.9509211864733172
33.891000000000005,"FeatureMask(f0=True, f1=True, f2=True, f3=True, f4=False, f5=False, f6=True, f7=True, f8=False, f9=True, f10=False, f11=True, f12=True)",0.9509211864733172
33.891000000000005,"FeatureMask(f0=True, f1=True, f2=True, f3=True, f4=False, f5=False, f6=True, f7=True, f8=False, f9=True, f10=False, f11=True, f12=True)",0.9509211864733172
33.891000000000005,"FeatureMask(f0=True, f1=True, f2=True, f3=True, f4=False, f5=False, f6=True, f7=True, f8=False, f9=True, f10=False, f11=True, f12=True)",0.9509211864733172
33.985,"FeatureMask(f0=True, f1=True, f2=True, f3=True, f4=False, f5=False, f6=True, f7=True, f8=False, f9=True, f10=False, f11=True, f12=True)",0.9509211864733172
33.985,"FeatureMask(f0=True, f1=True, f2=True, f3=True, f4=False, f5=False, f6=True, f7=True, f8=False, f9=True, f10=False, f11=True, f12=True)",0.9509211864733172
34.078,"FeatureMask(f0=True, f1=True, f2=True, f3=True, f4=False, f5=False, f6=True, f7=True, f8=False, f9=True, f10=False, f11=True, f12=True)",0.9509211864733172
34.078,"FeatureMask(f0=True, f1=True, f2=True, f3=True, f4=False, f5=False, f6=True, f7=True, f8=False, f9=True, f10=False, f11=True, f12=True)",0.9509211864733172
34.078,"FeatureMask(f0=True, f1=True, f2=True, f3=True, f4=False, f5=False, f6=True, f7=True, f8=False, f9=True, f10=False, f11=True, f12=True)",0.9509211864733172
34.078,"FeatureMask(f0=True, f1=True, f2=True, f3=True, f4=False, f5=False, f6=True, f7=True, f8=False, f9=True, f10=False, f11=True, f12=True)",0.9509211864733172
34.078,"FeatureMask(f0=True, f1=True, f2=True, f3=True, f4=False, f5=False, f6=True, f7=True, f8=False, f9=True, f10=False, f11=True, f12=True)",0.9509211864733172
34.078,"FeatureMask(f0=True, f1=True, f2=True, f3=True, f4=False, f5=False, f6=True, f7=True, f8=False, f9=True, f10=False, f11=True, f12=True)",0.9509211864733172
34.078,"FeatureMask(f0=True, f1=True, f2=True, f3=True, f4=False, f5=False, f6=True, f7=True, f8=False, f9=True, f10=False, f11=True, f12=True)",0.9509211864733172
34.078,"FeatureMask(f0=True, f1=True, f2=True, f3=True, f4=False, f5=False, f6=True, f7=True, f8=False, f9=True, f10=False, f11=True, f12=True)",0.9509211864733172
34.078,"FeatureMask(f0=True, f1=True, f2=True, f3=True, f4=False, f5=False, f6=True, f7=True, f8=False, f9=True, f10=False, f11=True, f12=True)",0.9509211864733172
34.078,"FeatureMask(f0=True, f1=True, f2=True, f3=True, f4=False, f5=False, f6=True, f7=True, f8=False, f9=True, f10=False, f11=True, f12=True)",0.9509211864733172
34.172000000000004,"FeatureMask(f0=True, f1=True, f2=True, f3=True, f4=False, f5=False, f6=True, f7=True, f8=False, f9=True, f10=False, f11=True, f12=True)",0.9509211864733172
34.266000000000005,"FeatureMask(f0=True, f1=True, f2=True, f3=True, f4=False, f5=False, f6=True, f7=True, f8=False, f9=True, f10=False, f11=True, f12=True)",0.9509211864733172
34.266000000000005,"FeatureMask(f0=True, f1=True, f2=True, f3=True, f4=False, f5=False, f6=True, f7=True, f8=False, f9=True, f10=False, f11=True, f12=True)",0.9509211864733172
34.266000000000005,"FeatureMask(f0=True, f1=True, f2=True, f3=True, f4=False, f5=False, f6=True, f7=True, f8=False, f9=True, f10=False, f11=True, f12=True)",0.9509211864733172
34.266000000000005,"FeatureMask(f0=True, f1=True, f2=True, f3=True, f4=False, f5=False, f6=True, f7=True, f8=False, f9=True, f10=False, f11=True, f12=True)",0.9509211864733172
34.266000000000005,"FeatureMask(f0=True, f1=True, f2=True, f3=True, f4=False, f5=False, f6=True, f7=True, f8=False, f9=True, f10=False, f11=True, f12=True)",0.9509211864733172
34.266000000000005,"FeatureMask(f0=True, f1=True, f2=True, f3=True, f4=False, f5=False, f6=True, f7=True, f8=False, f9=True, f10=False, f11=True, f12=True)",0.9509211864733172
34.266000000000005,"FeatureMask(f0=True, f1=True, f2=True, f3=True, f4=False, f5=False, f6=True, f7=True, f8=False, f9=True, f10=False, f11=True, f12=True)",0.9509211864733172
34.266000000000005,"FeatureMask(f0=True, f1=True, f2=True, f3=True, f4=False, f5=False, f6=True, f7=True, f8=False, f9=True, f10=False, f11=True, f12=True)",0.9509211864733172
34.266000000000005,"FeatureMask(f0=True, f1=True, f2=True, f3=True, f4=False, f5=False, f6=True, f7=True, f8=False, f9=True, f10=False, f11=True, f12=True)",0.9509211864733172
34.266000000000005,"FeatureMask(f0=True, f1=True, f2=True, f3=True, f4=False, f5=False, f6=True, f7=True, f8=False, f9=True, f10=False, f11=True, f12=True)",0.9509211864733172
34.36,"FeatureMask(f0=True, f1=True, f2=True, f3=True, f4=False, f5=False, f6=True, f7=True, f8=False, f9=True, f10=False, f11=True, f12=True)",0.9509211864733172
34.36,"FeatureMask(f0=True, f1=True, f2=True, f3=True, f4=False, f5=False, f6=True, f7=True, f8=False, f9=True, f10=False, f11=True, f12=True)",0.9509211864733172
34.36,"FeatureMask(f0=True, f1=True, f2=True, f3=True, f4=False, f5=False, f6=True, f7=True, f8=False, f9=True, f10=False, f11=True, f12=True)",0.9509211864733172
34.36,"FeatureMask(f0=True, f1=True, f2=True, f3=True, f4=False, f5=False, f6=True, f7=True, f8=False, f9=True, f10=False, f11=True, f12=True)",0.9509211864733172
34.36,"FeatureMask(f0=True, f1=True, f2=True, f3=True, f4=False, f5=False, f6=True, f7=True, f8=False, f9=True, f10=False, f11=True, f12=True)",0.9509211864733172
34.36,"FeatureMask(f0=True, f1=True, f2=True, f3=True, f4=False, f5=False, f6=True, f7=True, f8=False, f9=True, f10=False, f11=True, f12=True)",0.9509211864733172
34.36,"FeatureMask(f0=True, f1=True, f2=True, f3=True, f4=False, f5=False, f6=True, f7=True, f8=False, f9=True, f10=False, f11=True, f12=True)",0.9509211864733172
34.36,"FeatureMask(f0=True, f1=True, f2=True, f3=True, f4=False, f5=False, f6=True, f7=True, f8=False, f9=True, f10=False, f11=True, f12=True)",0.9509211864733172
34.36,"FeatureMask(f0=True, f1=True, f2=True, f3=True, f4=False, f5=False, f6=True, f7=True, f8=False, f9=True, f10=False, f11=True, f12=True)",0.9509211864733172
34.36,"FeatureMask(f0=True, f1=True, f2=True, f3=True, f4=False, f5=False, f6=True, f7=True, f8=False, f9=True, f10=False, f11=True, f12=True)",0.9509211864733172
34.36,"FeatureMask(f0=True, f1=True, f2=True, f3=True, f4=False, f5=False, f6=True, f7=True, f8=False, f9=True, f10=False, f11=True, f12=True)",0.9509211864733172
34.36,"FeatureMask(f0=True, f1=True, f2=True, f3=True, f4=False, f5=False, f6=True, f7=True, f8=False, f9=True, f10=False, f11=True, f12=True)",0.9509211864733172
34.36,"FeatureMask(f0=True, f1=True, f2=True, f3=True, f4=False, f5=False, f6=True, f7=True, f8=False, f9=True, f10=False, f11=True, f12=True)",0.9509211864733172
34.36,"FeatureMask(f0=True, f1=True, f2=True, f3=True, f4=False, f5=False, f6=True, f7=True, f8=False, f9=True, f10=False, f11=True, f12=True)",0.9509211864733172
34.36,"FeatureMask(f0=True, f1=True, f2=True, f3=True, f4=False, f5=False, f6=True, f7=True, f8=False, f9=True, f10=False, f11=True, f12=True)",0.9509211864733172
34.36,"FeatureMask(f0=True, f1=True, f2=True, f3=True, f4=False, f5=False, f6=True, f7=True, f8=False, f9=True, f10=False, f11=True, f12=True)",0.9509211864733172
34.375,"FeatureMask(f0=True, f1=True, f2=True, f3=True, f4=False, f5=False, f6=True, f7=True, f8=False, f9=True, f10=False, f11=True, f12=True)",0.9509211864733172
34.391000000000005,"FeatureMask(f0=True, f1=True, f2=True, f3=True, f4=False, f5=False, f6=True, f7=True, f8=False, f9=True, f10=False, f11=True, f12=True)",0.9509211864733172
34.391000000000005,"FeatureMask(f0=True, f1=True, f2=True, f3=True, f4=False, f5=False, f6=True, f7=True, f8=False, f9=True, f10=False, f11=True, f12=True)",0.9509211864733172
34.407000000000004,"FeatureMask(f0=True, f1=True, f2=True, f3=True, f4=False, f5=False, f6=True, f7=True, f8=False, f9=True, f10=False, f11=True, f12=True)",0.9509211864733172
34.407000000000004,"FeatureMask(f0=True, f1=True, f2=True, f3=True, f4=False, f5=False, f6=True, f7=True, f8=False, f9=True, f10=False, f11=True, f12=True)",0.9509211864733172
34.422000000000004,"FeatureMask(f0=True, f1=True, f2=True, f3=True, f4=False, f5=False, f6=True, f7=True, f8=False, f9=True, f10=False, f11=True, f12=True)",0.9509211864733172
34.422000000000004,"FeatureMask(f0=True, f1=True, f2=True, f3=True, f4=False, f5=False, f6=True, f7=True, f8=False, f9=True, f10=False, f11=True, f12=True)",0.9509211864733172
34.438,"FeatureMask(f0=True, f1=True, f2=True, f3=True, f4=False, f5=False, f6=True, f7=True, f8=False, f9=True, f10=False, f11=True, f12=True)",0.9509211864733172
34.453,"FeatureMask(f0=True, f1=True, f2=True, f3=True, f4=False, f5=False, f6=True, f7=True, f8=False, f9=True, f10=False, f11=True, f12=True)",0.9509211864733172
34.453,"FeatureMask(f0=True, f1=True, f2=True, f3=True, f4=False, f5=False, f6=True, f7=True, f8=False, f9=True, f10=False, f11=True, f12=True)",0.9509211864733172
34.469,"FeatureMask(f0=True, f1=True, f2=True, f3=True, f4=False, f5=False, f6=True, f7=True, f8=False, f9=True, f10=False, f11=True, f12=True)",0.9509211864733172
34.469,"FeatureMask(f0=True, f1=True, f2=True, f3=True, f4=False, f5=False, f6=True, f7=True, f8=False, f9=True, f10=False, f11=True, f12=True)",0.9509211864733172
34.485,"FeatureMask(f0=True, f1=True, f2=True, f3=True, f4=False, f5=False, f6=True, f7=True, f8=False, f9=True, f10=False, f11=True, f12=True)",0.9509211864733172
34.485,"FeatureMask(f0=True, f1=True, f2=True, f3=True, f4=False, f5=False, f6=True, f7=True, f8=False, f9=True, f10=False, f11=True, f12=True)",0.9509211864733172
34.485,"FeatureMask(f0=True, f1=True, f2=True, f3=True, f4=False, f5=False, f6=True, f7=True, f8=False, f9=True, f10=False, f11=True, f12=True)",0.9509211864733172
34.485,"FeatureMask(f0=True, f1=True, f2=True, f3=True, f4=False, f5=False, f6=True, f7=True, f8=False, f9=True, f10=False, f11=True, f12=True)",0.9509211864733172
34.485,"FeatureMask(f0=True, f1=True, f2=True, f3=True, f4=False, f5=False, f6=True, f7=True, f8=False, f9=True, f10=False, f11=True, f12=True)",0.9509211864733172
34.485,"FeatureMask(f0=True, f1=True, f2=True, f3=True, f4=False, f5=False, f6=True, f7=True, f8=False, f9=True, f10=False, f11=True, f12=True)",0.9509211864733172
34.485,"FeatureMask(f0=True, f1=True, f2=True, f3=True, f4=False, f5=False, f6=True, f7=True, f8=False, f9=True, f10=False, f11=True, f12=True)",0.9509211864733172
34.485,"FeatureMask(f0=True, f1=True, f2=True, f3=True, f4=False, f5=False, f6=True, f7=True, f8=False, f9=True, f10=False, f11=True, f12=True)",0.9509211864733172
34.485,"FeatureMask(f0=True, f1=True, f2=True, f3=True, f4=False, f5=False, f6=True, f7=True, f8=False, f9=True, f10=False, f11=True, f12=True)",0.9509211864733172
34.485,"FeatureMask(f0=True, f1=True, f2=True, f3=True, f4=False, f5=False, f6=True, f7=True, f8=False, f9=True, f10=False, f11=True, f12=True)",0.9509211864733172
34.485,"FeatureMask(f0=True, f1=True, f2=True, f3=True, f4=False, f5=False, f6=True, f7=True, f8=False, f9=True, f10=False, f11=True, f12=True)",0.9509211864733172
34.485,"FeatureMask(f0=True, f1=True, f2=True, f3=True, f4=False, f5=False, f6=True, f7=True, f8=False, f9=True, f10=False, f11=True, f12=True)",0.9509211864733172
34.578,"FeatureMask(f0=True, f1=True, f2=True, f3=True, f4=False, f5=False, f6=True, f7=True, f8=False, f9=True, f10=False, f11=True, f12=True)",0.9509211864733172
34.578,"FeatureMask(f0=True, f1=True, f2=True, f3=True, f4=False, f5=False, f6=True, f7=True, f8=False, f9=True, f10=False, f11=True, f12=True)",0.9509211864733172
34.578,"FeatureMask(f0=True, f1=True, f2=True, f3=True, f4=False, f5=False, f6=True, f7=True, f8=False, f9=True, f10=False, f11=True, f12=True)",0.9509211864733172
34.578,"FeatureMask(f0=True, f1=True, f2=True, f3=True, f4=False, f5=False, f6=True, f7=True, f8=False, f9=True, f10=False, f11=True, f12=True)",0.9509211864733172
34.578,"FeatureMask(f0=True, f1=True, f2=True, f3=True, f4=False, f5=False, f6=True, f7=True, f8=False, f9=True, f10=False, f11=True, f12=True)",0.9509211864733172
34.578,"FeatureMask(f0=True, f1=True, f2=True, f3=True, f4=False, f5=False, f6=True, f7=True, f8=False, f9=True, f10=False, f11=True, f12=True)",0.9509211864733172
34.719,"FeatureMask(f0=True, f1=True, f2=True, f3=True, f4=False, f5=False, f6=True, f7=True, f8=False, f9=True, f10=False, f11=True, f12=True)",0.9509211864733172
34.719,"FeatureMask(f0=True, f1=True, f2=True, f3=True, f4=False, f5=False, f6=True, f7=True, f8=False, f9=True, f10=False, f11=True, f12=True)",0.9509211864733172
34.719,"FeatureMask(f0=True, f1=True, f2=True, f3=True, f4=False, f5=False, f6=True, f7=True, f8=False, f9=True, f10=False, f11=True, f12=True)",0.9509211864733172
34.719,"FeatureMask(f0=True, f1=True, f2=True, f3=True, f4=False, f5=False, f6=True, f7=True, f8=False, f9=True, f10=False, f11=True, f12=True)",0.9509211864733172
34.719,"FeatureMask(f0=True, f1=True, f2=True, f3=True, f4=False, f5=False, f6=True, f7=True, f8=False, f9=True, f10=False, f11=True, f12=True)",0.9509211864733172
34.719,"FeatureMask(f0=True, f1=True, f2=True, f3=True, f4=False, f5=False, f6=True, f7=True, f8=False, f9=True, f10=False, f11=True, f12=True)",0.9509211864733172
34.719,"FeatureMask(f0=True, f1=True, f2=True, f3=True, f4=False, f5=False, f6=True, f7=True, f8=False, f9=True, f10=False, f11=True, f12=True)",0.9509211864733172
34.719,"FeatureMask(f0=True, f1=True, f2=True, f3=True, f4=False, f5=False, f6=True, f7=True, f8=False, f9=True, f10=False, f11=True, f12=True)",0.9509211864733172
34.719,"FeatureMask(f0=True, f1=True, f2=True, f3=True, f4=False, f5=False, f6=True, f7=True, f8=False, f9=True, f10=False, f11=True, f12=True)",0.9509211864733172
34.735,"FeatureMask(f0=True, f1=True, f2=True, f3=True, f4=False, f5=False, f6=True, f7=True, f8=False, f9=True, f10=False, f11=True, f12=True)",0.9509211864733172
34.813,"FeatureMask(f0=True, f1=True, f2=True, f3=True, f4=False, f5=False, f6=True, f7=True, f8=False, f9=True, f10=False, f11=True, f12=True)",0.9509211864733172
34.813,"FeatureMask(f0=True, f1=True, f2=True, f3=True, f4=False, f5=False, f6=True, f7=True, f8=False, f9=True, f10=False, f11=True, f12=True)",0.9509211864733172
34.813,"FeatureMask(f0=True, f1=True, f2=True, f3=True, f4=False, f5=False, f6=True, f7=True, f8=False, f9=True, f10=False, f11=True, f12=True)",0.9509211864733172
34.938,"FeatureMask(f0=True, f1=True, f2=True, f3=True, f4=False, f5=False, f6=True, f7=True, f8=False, f9=True, f10=False, f11=True, f12=True)",0.9509211864733172
34.938,"FeatureMask(f0=True, f1=True, f2=True, f3=True, f4=False, f5=False, f6=True, f7=True, f8=False, f9=True, f10=False, f11=True, f12=True)",0.9509211864733172
34.938,"FeatureMask(f0=True, f1=True, f2=True, f3=True, f4=False, f5=False, f6=True, f7=True, f8=False, f9=True, f10=False, f11=True, f12=True)",0.9509211864733172
34.938,"FeatureMask(f0=True, f1=True, f2=True, f3=True, f4=False, f5=False, f6=True, f7=True, f8=False, f9=True, f10=False, f11=True, f12=True)",0.9509211864733172
34.938,"FeatureMask(f0=True, f1=True, f2=True, f3=True, f4=False, f5=False, f6=True, f7=True, f8=False, f9=True, f10=False, f11=True, f12=True)",0.9509211864733172
34.938,"FeatureMask(f0=True, f1=True, f2=True, f3=True, f4=False, f5=False, f6=True, f7=True, f8=False, f9=True, f10=False, f11=True, f12=True)",0.9509211864733172
34.938,"FeatureMask(f0=True, f1=True, f2=True, f3=True, f4=False, f5=False, f6=True, f7=True, f8=False, f9=True, f10=False, f11=True, f12=True)",0.9509211864733172
34.938,"FeatureMask(f0=True, f1=True, f2=True, f3=True, f4=False, f5=False, f6=True, f7=True, f8=False, f9=True, f10=False, f11=True, f12=True)",0.9509211864733172
34.938,"FeatureMask(f0=True, f1=True, f2=True, f3=True, f4=False, f5=False, f6=True, f7=True, f8=False, f9=True, f10=False, f11=True, f12=True)",0.9509211864733172
34.938,"FeatureMask(f0=True, f1=True, f2=True, f3=True, f4=False, f5=False, f6=True, f7=True, f8=False, f9=True, f10=False, f11=True, f12=True)",0.9509211864733172
35.016000000000005,"FeatureMask(f0=True, f1=True, f2=True, f3=True, f4=False, f5=False, f6=True, f7=True, f8=False, f9=True, f10=False, f11=True, f12=True)",0.9509211864733172
35.016000000000005,"FeatureMask(f0=True, f1=True, f2=True, f3=True, f4=False, f5=False, f6=True, f7=True, f8=False, f9=True, f10=False, f11=True, f12=True)",0.9509211864733172
35.125,"FeatureMask(f0=True, f1=True, f2=True, f3=True, f4=False, f5=False, f6=True, f7=True, f8=False, f9=True, f10=False, f11=True, f12=True)",0.9509211864733172
35.125,"FeatureMask(f0=True, f1=True, f2=True, f3=True, f4=False, f5=False, f6=True, f7=True, f8=False, f9=True, f10=False, f11=True, f12=True)",0.9509211864733172
35.125,"FeatureMask(f0=True, f1=True, f2=True, f3=True, f4=False, f5=False, f6=True, f7=True, f8=False, f9=True, f10=False, f11=True, f12=True)",0.9509211864733172
35.125,"FeatureMask(f0=True, f1=True, f2=True, f3=True, f4=False, f5=False, f6=True, f7=True, f8=False, f9=True, f10=False, f11=True, f12=True)",0.9509211864733172
35.125,"FeatureMask(f0=True, f1=True, f2=True, f3=True, f4=False, f5=False, f6=True, f7=True, f8=False, f9=True, f10=False, f11=True, f12=True)",0.9509211864733172
35.125,"FeatureMask(f0=True, f1=True, f2=True, f3=True, f4=False, f5=False, f6=True, f7=True, f8=False, f9=True, f10=False, f11=True, f12=True)",0.9509211864733172
35.125,"FeatureMask(f0=True, f1=True, f2=True, f3=True, f4=False, f5=False, f6=True, f7=True, f8=False, f9=True, f10=False, f11=True, f12=True)",0.9509211864733172
35.125,"FeatureMask(f0=True, f1=True, f2=True, f3=True, f4=False, f5=False, f6=True, f7=True, f8=False, f9=True, f10=False, f11=True, f12=True)",0.9509211864733172
35.125,"FeatureMask(f0=True, f1=True, f2=True, f3=True, f4=False, f5=False, f6=True, f7=True, f8=False, f9=True, f10=False, f11=True, f12=True)",0.9509211864733172
35.125,"FeatureMask(f0=True, f1=True, f2=True, f3=True, f4=False, f5=False, f6=True, f7=True, f8=False, f9=True, f10=False, f11=True, f12=True)",0.9509211864733172
35.219,"FeatureMask(f0=True, f1=True, f2=True, f3=True, f4=False, f5=False, f6=True, f7=True, f8=False, f9=True, f10=False, f11=True, f12=True)",0.9509211864733172
35.344,"FeatureMask(f0=True, f1=True, f2=True, f3=True, f4=False, f5=False, f6=True, f7=True, f8=False, f9=True, f10=False, f11=True, f12=True)",0.9509211864733172
35.344,"FeatureMask(f0=True, f1=True, f2=True, f3=True, f4=False, f5=False, f6=True, f7=True, f8=False, f9=True, f10=False, f11=True, f12=True)",0.9509211864733172
35.344,"FeatureMask(f0=True, f1=True, f2=True, f3=True, f4=False, f5=False, f6=True, f7=True, f8=False, f9=True, f10=False, f11=True, f12=True)",0.9509211864733172
35.344,"FeatureMask(f0=True, f1=True, f2=True, f3=True, f4=False, f5=False, f6=True, f7=True, f8=False, f9=True, f10=False, f11=True, f12=True)",0.9509211864733172
35.344,"FeatureMask(f0=True, f1=True, f2=True, f3=True, f4=False, f5=False, f6=True, f7=True, f8=False, f9=True, f10=False, f11=True, f12=True)",0.9509211864733172
35.344,"FeatureMask(f0=True, f1=True, f2=True, f3=True, f4=False, f5=False, f6=True, f7=True, f8=False, f9=True, f10=False, f11=True, f12=True)",0.9509211864733172
35.344,"FeatureMask(f0=True, f1=True, f2=True, f3=True, f4=False, f5=False, f6=True, f7=True, f8=False, f9=True, f10=False, f11=True, f12=True)",0.9509211864733172
35.344,"FeatureMask(f0=True, f1=True, f2=True, f3=True, f4=False, f5=False, f6=True, f7=True, f8=False, f9=True, f10=False, f11=True, f12=True)",0.9509211864733172
35.344,"FeatureMask(f0=True, f1=True, f2=True, f3=True, f4=False, f5=False, f6=True, f7=True, f8=False, f9=True, f10=False, f11=True, f12=True)",0.9509211864733172
35.344,"FeatureMask(f0=True, f1=True, f2=True, f3=True, f4=False, f5=False, f6=True, f7=True, f8=False, f9=True, f10=False, f11=True, f12=True)",0.9509211864733172
35.532000000000004,"FeatureMask(f0=True, f1=True, f2=True, f3=True, f4=False, f5=False, f6=True, f7=True, f8=False, f9=True, f10=False, f11=True, f12=True)",0.9509211864733172
35.532000000000004,"FeatureMask(f0=True, f1=True, f2=True, f3=True, f4=False, f5=False, f6=True, f7=True, f8=False, f9=True, f10=False, f11=True, f12=True)",0.9509211864733172
35.532000000000004,"FeatureMask(f0=True, f1=True, f2=True, f3=True, f4=False, f5=False, f6=True, f7=True, f8=False, f9=True, f10=False, f11=True, f12=True)",0.9509211864733172
35.532000000000004,"FeatureMask(f0=True, f1=True, f2=True, f3=True, f4=False, f5=False, f6=True, f7=True, f8=False, f9=True, f10=False, f11=True, f12=True)",0.9509211864733172
35.532000000000004,"FeatureMask(f0=True, f1=True, f2=True, f3=True, f4=False, f5=False, f6=True, f7=True, f8=False, f9=True, f10=False, f11=True, f12=True)",0.9509211864733172
35.532000000000004,"FeatureMask(f0=True, f1=True, f2=True, f3=True, f4=False, f5=False, f6=True, f7=True, f8=False, f9=True, f10=False, f11=True, f12=True)",0.9509211864733172
35.532000000000004,"FeatureMask(f0=True, f1=True, f2=True, f3=True, f4=False, f5=False, f6=True, f7=True, f8=False, f9=True, f10=False, f11=True, f12=True)",0.9509211864733172
35.532000000000004,"FeatureMask(f0=True, f1=True, f2=True, f3=True, f4=False, f5=False, f6=True, f7=True, f8=False, f9=True, f10=False, f11=True, f12=True)",0.9509211864733172
35.532000000000004,"FeatureMask(f0=True, f1=True, f2=True, f3=True, f4=False, f5=False, f6=True, f7=True, f8=False, f9=True, f10=False, f11=True, f12=True)",0.9509211864733172
35.532000000000004,"FeatureMask(f0=True, f1=True, f2=True, f3=True, f4=False, f5=False, f6=True, f7=True, f8=False, f9=True, f10=False, f11=True, f12=True)",0.9509211864733172
35.61,"FeatureMask(f0=True, f1=True, f2=True, f3=True, f4=False, f5=False, f6=True, f7=True, f8=False, f9=True, f10=False, f11=True, f12=True)",0.9509211864733172
35.61,"FeatureMask(f0=True, f1=True, f2=True, f3=True, f4=False, f5=False, f6=True, f7=True, f8=False, f9=True, f10=False, f11=True, f12=True)",0.9509211864733172
35.61,"FeatureMask(f0=True, f1=True, f2=True, f3=True, f4=False, f5=False, f6=True, f7=True, f8=False, f9=True, f10=False, f11=True, f12=True)",0.9509211864733172
35.703,"FeatureMask(f0=True, f1=True, f2=True, f3=True, f4=False, f5=False, f6=True, f7=True, f8=False, f9=True, f10=False, f11=True, f12=True)",0.9509211864733172
35.703,"FeatureMask(f0=True, f1=True, f2=True, f3=True, f4=False, f5=False, f6=True, f7=True, f8=False, f9=True, f10=False, f11=True, f12=True)",0.9509211864733172
35.703,"FeatureMask(f0=True, f1=True, f2=True, f3=True, f4=False, f5=False, f6=True, f7=True, f8=False, f9=True, f10=False, f11=True, f12=True)",0.9509211864733172
35.703,"FeatureMask(f0=True, f1=True, f2=True, f3=True, f4=False, f5=False, f6=True, f7=True, f8=False, f9=True, f10=False, f11=True, f12=True)",0.9509211864733172
35.703,"FeatureMask(f0=True, f1=True, f2=True, f3=True, f4=False, f5=False, f6=True, f7=True, f8=False, f9=True, f10=False, f11=True, f12=True)",0.9509211864733172
35.703,"FeatureMask(f0=True, f1=True, f2=True, f3=True, f4=False, f5=False, f6=True, f7=True, f8=False, f9=True, f10=False, f11=True, f12=True)",0.9509211864733172
35.703,"FeatureMask(f0=True, f1=True, f2=True, f3=True, f4=False, f5=False, f6=True, f7=True, f8=False, f9=True, f10=False, f11=True, f12=True)",0.9509211864733172
35.703,"FeatureMask(f0=True, f1=True, f2=True, f3=True, f4=False, f5=False, f6=True, f7=True, f8=False, f9=True, f10=False, f11=True, f12=True)",0.9509211864733172
35.703,"FeatureMask(f0=True, f1=True, f2=True, f3=True, f4=False, f5=False, f6=True, f7=True, f8=False, f9=True, f10=False, f11=True, f12=True)",0.9509211864733172
35.703,"FeatureMask(f0=True, f1=True, f2=True, f3=True, f4=False, f5=False, f6=True, f7=True, f8=False, f9=True, f10=False, f11=True, f12=True)",0.9509211864733172
35.922000000000004,"FeatureMask(f0=True, f1=True, f2=True, f3=True, f4=False, f5=False, f6=True, f7=True, f8=False, f9=True, f10=False, f11=True, f12=True)",0.9509211864733172
35.922000000000004,"FeatureMask(f0=True, f1=True, f2=True, f3=True, f4=False, f5=False, f6=True, f7=True, f8=False, f9=True, f10=False, f11=True, f12=True)",0.9509211864733172
35.922000000000004,"FeatureMask(f0=True, f1=True, f2=True, f3=True, f4=False, f5=False, f6=True, f7=True, f8=False, f9=True, f10=False, f11=True, f12=True)",0.9509211864733172
35.922000000000004,"FeatureMask(f0=True, f1=True, f2=True, f3=True, f4=False, f5=False, f6=True, f7=True, f8=False, f9=True, f10=False, f11=True, f12=True)",0.9509211864733172
35.922000000000004,"FeatureMask(f0=True, f1=True, f2=True, f3=True, f4=False, f5=False, f6=True, f7=True, f8=False, f9=True, f10=False, f11=True, f12=True)",0.9509211864733172
35.922000000000004,"FeatureMask(f0=True, f1=True, f2=True, f3=True, f4=False, f5=False, f6=True, f7=True, f8=False, f9=True, f10=False, f11=True, f12=True)",0.9509211864733172
35.922000000000004,"FeatureMask(f0=True, f1=True, f2=True, f3=True, f4=False, f5=False, f6=True, f7=True, f8=False, f9=True, f10=False, f11=True, f12=True)",0.9509211864733172
35.922000000000004,"FeatureMask(f0=True, f1=True, f2=True, f3=True, f4=False, f5=False, f6=True, f7=True, f8=False, f9=True, f10=False, f11=True, f12=True)",0.9509211864733172
35.922000000000004,"FeatureMask(f0=True, f1=True, f2=True, f3=True, f4=False, f5=False, f6=True, f7=True, f8=False, f9=True, f10=False, f11=True, f12=True)",0.9509211864733172
35.922000000000004,"FeatureMask(f0=True, f1=True, f2=True, f3=True, f4=False, f5=False, f6=True, f7=True, f8=False, f9=True, f10=False, f11=True, f12=True)",0.9509211864733172
36.11,"FeatureMask(f0=True, f1=True, f2=True, f3=True, f4=False, f5=False, f6=True, f7=True, f8=False, f9=True, f10=False, f11=True, f12=True)",0.9509211864733172
36.11,"FeatureMask(f0=True, f1=True, f2=True, f3=True, f4=False, f5=False, f6=True, f7=True, f8=False, f9=True, f10=False, f11=True, f12=True)",0.9509211864733172
36.11,"FeatureMask(f0=True, f1=True, f2=True, f3=True, f4=False, f5=False, f6=True, f7=True, f8=False, f9=True, f10=False, f11=True, f12=True)",0.9509211864733172
36.11,"FeatureMask(f0=True, f1=True, f2=True, f3=True, f4=False, f5=False, f6=True, f7=True, f8=False, f9=True, f10=False, f11=True, f12=True)",0.9509211864733172
36.11,"FeatureMask(f0=True, f1=True, f2=True, f3=True, f4=False, f5=False, f6=True, f7=True, f8=False, f9=True, f10=False, f11=True, f12=True)",0.9509211864733172
36.11,"FeatureMask(f0=True, f1=True, f2=True, f3=True, f4=False, f5=False, f6=True, f7=True, f8=False, f9=True, f10=False, f11=True, f12=True)",0.9509211864733172
36.11,"FeatureMask(f0=True, f1=True, f2=True, f3=True, f4=False, f5=False, f6=True, f7=True, f8=False, f9=True, f10=False, f11=True, f12=True)",0.9509211864733172
36.11,"FeatureMask(f0=True, f1=True, f2=True, f3=True, f4=False, f5=False, f6=True, f7=True, f8=False, f9=True, f10=False, f11=True, f12=True)",0.9509211864733172
36.11,"FeatureMask(f0=True, f1=True, f2=True, f3=True, f4=False, f5=False, f6=True, f7=True, f8=False, f9=True, f10=False, f11=True, f12=True)",0.9509211864733172
36.11,"FeatureMask(f0=True, f1=True, f2=True, f3=True, f4=False, f5=False, f6=True, f7=True, f8=False, f9=True, f10=False, f11=True, f12=True)",0.9509211864733172
36.203,"FeatureMask(f0=True, f1=True, f2=True, f3=True, f4=False, f5=False, f6=True, f7=True, f8=False, f9=True, f10=False, f11=True, f12=True)",0.9509211864733172
36.297000000000004,"FeatureMask(f0=True, f1=True, f2=True, f3=True, f4=False, f5=False, f6=True, f7=True, f8=False, f9=True, f10=False, f11=True, f12=True)",0.9509211864733172
36.297000000000004,"FeatureMask(f0=True, f1=True, f2=True, f3=True, f4=False, f5=False, f6=True, f7=True, f8=False, f9=True, f10=False, f11=True, f12=True)",0.9509211864733172
36.297000000000004,"FeatureMask(f0=True, f1=True, f2=True, f3=True, f4=False, f5=False, f6=True, f7=True, f8=False, f9=True, f10=False, f11=True, f12=True)",0.9509211864733172
36.297000000000004,"FeatureMask(f0=True, f1=True, f2=True, f3=True, f4=False, f5=False, f6=True, f7=True, f8=False, f9=True, f10=False, f11=True, f12=True)",0.9509211864733172
36.297000000000004,"FeatureMask(f0=True, f1=True, f2=True, f3=True, f4=False, f5=False, f6=True, f7=True, f8=False, f9=True, f10=False, f11=True, f12=True)",0.9509211864733172
36.297000000000004,"FeatureMask(f0=True, f1=True, f2=True, f3=True, f4=False, f5=False, f6=True, f7=True, f8=False, f9=True, f10=False, f11=True, f12=True)",0.9509211864733172
36.297000000000004,"FeatureMask(f0=True, f1=True, f2=True, f3=True, f4=False, f5=False, f6=True, f7=True, f8=False, f9=True, f10=False, f11=True, f12=True)",0.9509211864733172
36.297000000000004,"FeatureMask(f0=True, f1=True, f2=True, f3=True, f4=False, f5=False, f6=True, f7=True, f8=False, f9=True, f10=False, f11=True, f12=True)",0.9509211864733172
36.297000000000004,"FeatureMask(f0=True, f1=True, f2=True, f3=True, f4=False, f5=False, f6=True, f7=True, f8=False, f9=True, f10=False, f11=True, f12=True)",0.9509211864733172
36.297000000000004,"FeatureMask(f0=True, f1=True, f2=True, f3=True, f4=False, f5=False, f6=True, f7=True, f8=False, f9=True, f10=False, f11=True, f12=True)",0.9509211864733172
36.391000000000005,"FeatureMask(f0=True, f1=True, f2=True, f3=True, f4=False, f5=False, f6=True, f7=True, f8=False, f9=True, f10=False, f11=True, f12=True)",0.9509211864733172
36.453,"FeatureMask(f0=True, f1=True, f2=True, f3=True, f4=False, f5=False, f6=True, f7=True, f8=False, f9=True, f10=False, f11=True, f12=True)",0.9509211864733172
36.453,"FeatureMask(f0=True, f1=True, f2=True, f3=True, f4=False, f5=False, f6=True, f7=True, f8=False, f9=True, f10=False, f11=True, f12=True)",0.9509211864733172
36.453,"FeatureMask(f0=True, f1=True, f2=True, f3=True, f4=False, f5=False, f6=True, f7=True, f8=False, f9=True, f10=False, f11=True, f12=True)",0.9509211864733172
36.453,"FeatureMask(f0=True, f1=True, f2=True, f3=True, f4=False, f5=False, f6=True, f7=True, f8=False, f9=True, f10=False, f11=True, f12=True)",0.9509211864733172
36.453,"FeatureMask(f0=True, f1=True, f2=True, f3=True, f4=False, f5=False, f6=True, f7=True, f8=False, f9=True, f10=False, f11=True, f12=True)",0.9509211864733172
36.453,"FeatureMask(f0=True, f1=True, f2=True, f3=True, f4=False, f5=False, f6=True, f7=True, f8=False, f9=True, f10=False, f11=True, f12=True)",0.9509211864733172
36.453,"FeatureMask(f0=True, f1=True, f2=True, f3=True, f4=False, f5=False, f6=True, f7=True, f8=False, f9=True, f10=False, f11=True, f12=True)",0.9509211864733172
36.453,"FeatureMask(f0=True, f1=True, f2=True, f3=True, f4=False, f5=False, f6=True, f7=True, f8=False, f9=True, f10=False, f11=True, f12=True)",0.9509211864733172
36.453,"FeatureMask(f0=True, f1=True, f2=True, f3=True, f4=False, f5=False, f6=True, f7=True, f8=False, f9=True, f10=False, f11=True, f12=True)",0.9509211864733172
36.453,"FeatureMask(f0=True, f1=True, f2=True, f3=True, f4=False, f5=False, f6=True, f7=True, f8=False, f9=True, f10=False, f11=True, f12=True)",0.9509211864733172
36.532000000000004,"FeatureMask(f0=True, f1=True, f2=True, f3=True, f4=False, f5=False, f6=True, f7=True, f8=False, f9=True, f10=False, f11=True, f12=True)",0.9509211864733172
36.641000000000005,"FeatureMask(f0=True, f1=True, f2=True, f3=True, f4=False, f5=False, f6=True, f7=True, f8=False, f9=True, f10=False, f11=True, f12=True)",0.9509211864733172
36.641000000000005,"FeatureMask(f0=True, f1=True, f2=True, f3=True, f4=False, f5=False, f6=True, f7=True, f8=False, f9=True, f10=False, f11=True, f12=True)",0.9509211864733172
36.641000000000005,"FeatureMask(f0=True, f1=True, f2=True, f3=True, f4=False, f5=False, f6=True, f7=True, f8=False, f9=True, f10=False, f11=True, f12=True)",0.9509211864733172
36.641000000000005,"FeatureMask(f0=True, f1=True, f2=True, f3=True, f4=False, f5=False, f6=True, f7=True, f8=False, f9=True, f10=False, f11=True, f12=True)",0.9509211864733172
36.641000000000005,"FeatureMask(f0=True, f1=True, f2=True, f3=True, f4=False, f5=False, f6=True, f7=True, f8=False, f9=True, f10=False, f11=True, f12=True)",0.9509211864733172
36.641000000000005,"FeatureMask(f0=True, f1=True, f2=True, f3=True, f4=False, f5=False, f6=True, f7=True, f8=False, f9=True, f10=False, f11=True, f12=True)",0.9509211864733172
36.641000000000005,"FeatureMask(f0=True, f1=True, f2=True, f3=True, f4=False, f5=False, f6=True, f7=True, f8=False, f9=True, f10=False, f11=True, f12=True)",0.9509211864733172
36.641000000000005,"FeatureMask(f0=True, f1=True, f2=True, f3=True, f4=False, f5=False, f6=True, f7=True, f8=False, f9=True, f10=False, f11=True, f12=True)",0.9509211864733172
36.641000000000005,"FeatureMask(f0=True, f1=True, f2=True, f3=True, f4=False, f5=False, f6=True, f7=True, f8=False, f9=True, f10=False, f11=True, f12=True)",0.9509211864733172
36.641000000000005,"FeatureMask(f0=True, f1=True, f2=True, f3=True, f4=False, f5=False, f6=True, f7=True, f8=False, f9=True, f10=False, f11=True, f12=True)",0.9509211864733172
36.735,"FeatureMask(f0=True, f1=True, f2=True, f3=True, f4=False, f5=False, f6=True, f7=True, f8=False, f9=True, f10=False, f11=True, f12=True)",0.9509211864733172
36.735,"FeatureMask(f0=True, f1=True, f2=True, f3=True, f4=False, f5=False, f6=True, f7=True, f8=False, f9=True, f10=False, f11=True, f12=True)",0.9509211864733172
36.86,"FeatureMask(f0=True, f1=True, f2=True, f3=True, f4=False, f5=False, f6=True, f7=True, f8=False, f9=True, f10=False, f11=True, f12=True)",0.9509211864733172
36.86,"FeatureMask(f0=True, f1=True, f2=True, f3=True, f4=False, f5=False, f6=True, f7=True, f8=False, f9=True, f10=False, f11=True, f12=True)",0.9509211864733172
36.86,"FeatureMask(f0=True, f1=True, f2=True, f3=True, f4=False, f5=False, f6=True, f7=True, f8=False, f9=True, f10=False, f11=True, f12=True)",0.9509211864733172
36.86,"FeatureMask(f0=True, f1=True, f2=True, f3=True, f4=False, f5=False, f6=True, f7=True, f8=False, f9=True, f10=False, f11=True, f12=True)",0.9509211864733172
36.86,"FeatureMask(f0=True, f1=True, f2=True, f3=True, f4=False, f5=False, f6=True, f7=True, f8=False, f9=True, f10=False, f11=True, f12=True)",0.9509211864733172
36.86,"FeatureMask(f0=True, f1=True, f2=True, f3=True, f4=False, f5=False, f6=True, f7=True, f8=False, f9=True, f10=False, f11=True, f12=True)",0.9509211864733172
36.86,"FeatureMask(f0=True, f1=True, f2=True, f3=True, f4=False, f5=False, f6=True, f7=True, f8=False, f9=True, f10=False, f11=True, f12=True)",0.9509211864733172
36.86,"FeatureMask(f0=True, f1=True, f2=True, f3=True, f4=False, f5=False, f6=True, f7=True, f8=False, f9=True, f10=False, f11=True, f12=True)",0.9509211864733172
36.86,"FeatureMask(f0=True, f1=True, f2=True, f3=True, f4=False, f5=False, f6=True, f7=True, f8=False, f9=True, f10=False, f11=True, f12=True)",0.9509211864733172
36.86,"FeatureMask(f0=True, f1=True, f2=True, f3=True, f4=False, f5=False, f6=True, f7=True, f8=False, f9=True, f10=False, f11=True, f12=True)",0.9509211864733172
36.953,"FeatureMask(f0=True, f1=True, f2=True, f3=True, f4=False, f5=False, f6=True, f7=True, f8=False, f9=True, f10=False, f11=True, f12=True)",0.9509211864733172
37.063,"FeatureMask(f0=True, f1=True, f2=True, f3=True, f4=False, f5=False, f6=True, f7=True, f8=False, f9=True, f10=False, f11=True, f12=True)",0.9509211864733172
37.063,"FeatureMask(f0=True, f1=True, f2=True, f3=True, f4=False, f5=False, f6=True, f7=True, f8=False, f9=True, f10=False, f11=True, f12=True)",0.9509211864733172
37.063,"FeatureMask(f0=True, f1=True, f2=True, f3=True, f4=False, f5=False, f6=True, f7=True, f8=False, f9=True, f10=False, f11=True, f12=True)",0.9509211864733172
37.063,"FeatureMask(f0=True, f1=True, f2=True, f3=True, f4=False, f5=False, f6=True, f7=True, f8=False, f9=True, f10=False, f11=True, f12=True)",0.9509211864733172
37.063,"FeatureMask(f0=True, f1=True, f2=True, f3=True, f4=False, f5=False, f6=True, f7=True, f8=False, f9=True, f10=False, f11=True, f12=True)",0.9509211864733172
37.063,"FeatureMask(f0=True, f1=True, f2=True, f3=True, f4=False, f5=False, f6=True, f7=True, f8=False, f9=True, f10=False, f11=True, f12=True)",0.9509211864733172
37.063,"FeatureMask(f0=True, f1=True, f2=True, f3=True, f4=False, f5=False, f6=True, f7=True, f8=False, f9=True, f10=False, f11=True, f12=True)",0.9509211864733172
37.063,"FeatureMask(f0=True, f1=True, f2=True, f3=True, f4=False, f5=False, f6=True, f7=True, f8=False, f9=True, f10=False, f11=True, f12=True)",0.9509211864733172
37.063,"FeatureMask(f0=True, f1=True, f2=True, f3=True, f4=False, f5=False, f6=True, f7=True, f8=False, f9=True, f10=False, f11=True, f12=True)",0.9509211864733172
37.063,"FeatureMask(f0=True, f1=True, f2=True, f3=True, f4=False, f5=False, f6=True, f7=True, f8=False, f9=True, f10=False, f11=True, f12=True)",0.9509211864733172
37.157000000000004,"FeatureMask(f0=True, f1=True, f2=True, f3=True, f4=False, f5=False, f6=True, f7=True, f8=False, f9=True, f10=False, f11=True, f12=True)",0.9509211864733172
37.282000000000004,"FeatureMask(f0=True, f1=True, f2=True, f3=True, f4=False, f5=False, f6=True, f7=True, f8=False, f9=True, f10=False, f11=True, f12=True)",0.9509211864733172
37.282000000000004,"FeatureMask(f0=True, f1=True, f2=True, f3=True, f4=False, f5=False, f6=True, f7=True, f8=False, f9=True, f10=False, f11=True, f12=True)",0.9509211864733172
37.282000000000004,"FeatureMask(f0=True, f1=True, f2=True, f3=True, f4=False, f5=False, f6=True, f7=True, f8=False, f9=True, f10=False, f11=True, f12=True)",0.9509211864733172
37.282000000000004,"FeatureMask(f0=True, f1=True, f2=True, f3=True, f4=False, f5=False, f6=True, f7=True, f8=False, f9=True, f10=False, f11=True, f12=True)",0.9509211864733172
37.282000000000004,"FeatureMask(f0=True, f1=True, f2=True, f3=True, f4=False, f5=False, f6=True, f7=True, f8=False, f9=True, f10=False, f11=True, f12=True)",0.9509211864733172
37.282000000000004,"FeatureMask(f0=True, f1=True, f2=True, f3=True, f4=False, f5=False, f6=True, f7=True, f8=False, f9=True, f10=False, f11=True, f12=True)",0.9509211864733172
37.282000000000004,"FeatureMask(f0=True, f1=True, f2=True, f3=True, f4=False, f5=False, f6=True, f7=True, f8=False, f9=True, f10=False, f11=True, f12=True)",0.9509211864733172
37.282000000000004,"FeatureMask(f0=True, f1=True, f2=True, f3=True, f4=False, f5=False, f6=True, f7=True, f8=False, f9=True, f10=False, f11=True, f12=True)",0.9509211864733172
37.282000000000004,"FeatureMask(f0=True, f1=True, f2=True, f3=True, f4=False, f5=False, f6=True, f7=True, f8=False, f9=True, f10=False, f11=True, f12=True)",0.9509211864733172
37.282000000000004,"FeatureMask(f0=True, f1=True, f2=True, f3=True, f4=False, f5=False, f6=True, f7=True, f8=False, f9=True, f10=False, f11=True, f12=True)",0.9509211864733172
37.485,"FeatureMask(f0=True, f1=True, f2=True, f3=True, f4=False, f5=False, f6=True, f7=True, f8=False, f9=True, f10=False, f11=True, f12=True)",0.9509211864733172
37.485,"FeatureMask(f0=True, f1=True, f2=True, f3=True, f4=False, f5=False, f6=True, f7=True, f8=False, f9=True, f10=False, f11=True, f12=True)",0.9509211864733172
37.485,"FeatureMask(f0=True, f1=True, f2=True, f3=True, f4=False, f5=False, f6=True, f7=True, f8=False, f9=True, f10=False, f11=True, f12=True)",0.9509211864733172
37.485,"FeatureMask(f0=True, f1=True, f2=True, f3=True, f4=False, f5=False, f6=True, f7=True, f8=False, f9=True, f10=False, f11=True, f12=True)",0.9509211864733172
37.485,"FeatureMask(f0=True, f1=True, f2=True, f3=True, f4=False, f5=False, f6=True, f7=True, f8=False, f9=True, f10=False, f11=True, f12=True)",0.9509211864733172
37.485,"FeatureMask(f0=True, f1=True, f2=True, f3=True, f4=False, f5=False, f6=True, f7=True, f8=False, f9=True, f10=False, f11=True, f12=True)",0.9509211864733172
37.485,"FeatureMask(f0=True, f1=True, f2=True, f3=True, f4=False, f5=False, f6=True, f7=True, f8=False, f9=True, f10=False, f11=True, f12=True)",0.9509211864733172
37.485,"FeatureMask(f0=True, f1=True, f2=True, f3=True, f4=False, f5=False, f6=True, f7=True, f8=False, f9=True, f10=False, f11=True, f12=True)",0.9509211864733172
37.485,"FeatureMask(f0=True, f1=True, f2=True, f3=True, f4=False, f5=False, f6=True, f7=True, f8=False, f9=True, f10=False, f11=True, f12=True)",0.9509211864733172
37.485,"FeatureMask(f0=True, f1=True, f2=True, f3=True, f4=False, f5=False, f6=True, f7=True, f8=False, f9=True, f10=False, f11=True, f12=True)",0.9509211864733172
37.703,"FeatureMask(f0=True, f1=True, f2=True, f3=True, f4=False, f5=False, f6=True, f7=True, f8=False, f9=True, f10=False, f11=True, f12=True)",0.9509211864733172
37.703,"FeatureMask(f0=True, f1=True, f2=True, f3=True, f4=False, f5=False, f6=True, f7=True, f8=False, f9=True, f10=False, f11=True, f12=True)",0.9509211864733172
37.703,"FeatureMask(f0=True, f1=True, f2=True, f3=True, f4=False, f5=False, f6=True, f7=True, f8=False, f9=True, f10=False, f11=True, f12=True)",0.9509211864733172
37.703,"FeatureMask(f0=True, f1=True, f2=True, f3=True, f4=False, f5=False, f6=True, f7=True, f8=False, f9=True, f10=False, f11=True, f12=True)",0.9509211864733172
37.703,"FeatureMask(f0=True, f1=True, f2=True, f3=True, f4=False, f5=False, f6=True, f7=True, f8=False, f9=True, f10=False, f11=True, f12=True)",0.9509211864733172
37.703,"FeatureMask(f0=True, f1=True, f2=True, f3=True, f4=False, f5=False, f6=True, f7=True, f8=False, f9=True, f10=False, f11=True, f12=True)",0.9509211864733172
37.703,"FeatureMask(f0=True, f1=True, f2=True, f3=True, f4=False, f5=False, f6=True, f7=True, f8=False, f9=True, f10=False, f11=True, f12=True)",0.9509211864733172
37.703,"FeatureMask(f0=True, f1=True, f2=True, f3=True, f4=False, f5=False, f6=True, f7=True, f8=False, f9=True, f10=False, f11=True, f12=True)",0.9509211864733172
37.703,"FeatureMask(f0=True, f1=True, f2=True, f3=True, f4=False, f5=False, f6=True, f7=True, f8=False, f9=True, f10=False, f11=True, f12=True)",0.9509211864733172
37.703,"FeatureMask(f0=True, f1=True, f2=True, f3=True, f4=False, f5=False, f6=True, f7=True, f8=False, f9=True, f10=False, f11=True, f12=True)",0.9509211864733172
37.797000000000004,"FeatureMask(f0=True, f1=True, f2=True, f3=True, f4=False, f5=False, f6=True, f7=True, f8=False, f9=True, f10=False, f11=True, f12=True)",0.9509211864733172
37.922000000000004,"FeatureMask(f0=True, f1=True, f2=True, f3=True, f4=False, f5=False, f6=True, f7=True, f8=False, f9=True, f10=False, f11=True, f12=True)",0.9509211864733172
37.922000000000004,"FeatureMask(f0=True, f1=True, f2=True, f3=True, f4=False, f5=False, f6=True, f7=True, f8=False, f9=True, f10=False, f11=True, f12=True)",0.9509211864733172
37.922000000000004,"FeatureMask(f0=True, f1=True, f2=True, f3=True, f4=False, f5=False, f6=True, f7=True, f8=False, f9=True, f10=False, f11=True, f12=True)",0.9509211864733172
37.922000000000004,"FeatureMask(f0=True, f1=True, f2=True, f3=True, f4=False, f5=False, f6=True, f7=True, f8=False, f9=True, f10=False, f11=True, f12=True)",0.9509211864733172
37.922000000000004,"FeatureMask(f0=True, f1=True, f2=True, f3=True, f4=False, f5=False, f6=True, f7=True, f8=False, f9=True, f10=False, f11=True, f12=True)",0.9509211864733172
37.922000000000004,"FeatureMask(f0=True, f1=True, f2=True, f3=True, f4=False, f5=False, f6=True, f7=True, f8=False, f9=True, f10=False, f11=True, f12=True)",0.9509211864733172
37.922000000000004,"FeatureMask(f0=True, f1=True, f2=True, f3=True, f4=False, f5=False, f6=True, f7=True, f8=False, f9=True, f10=False, f11=True, f12=True)",0.9509211864733172
37.922000000000004,"FeatureMask(f0=True, f1=True, f2=True, f3=True, f4=False, f5=False, f6=True, f7=True, f8=False, f9=True, f10=False, f11=True, f12=True)",0.9509211864733172
37.922000000000004,"FeatureMask(f0=True, f1=True, f2=True, f3=True, f4=False, f5=False, f6=True, f7=True, f8=False, f9=True, f10=False, f11=True, f12=True)",0.9509211864733172
37.922000000000004,"FeatureMask(f0=True, f1=True, f2=True, f3=True, f4=False, f5=False, f6=True, f7=True, f8=False, f9=True, f10=False, f11=True, f12=True)",0.9509211864733172
38.016000000000005,"FeatureMask(f0=True, f1=True, f2=True, f3=True, f4=False, f5=False, f6=True, f7=True, f8=False, f9=True, f10=False, f11=True, f12=True)",0.9509211864733172
38.141000000000005,"FeatureMask(f0=True, f1=True, f2=True, f3=True, f4=False, f5=False, f6=True, f7=True, f8=False, f9=True, f10=False, f11=True, f12=True)",0.9509211864733172
38.141000000000005,"FeatureMask(f0=True, f1=True, f2=True, f3=True, f4=False, f5=False, f6=True, f7=True, f8=False, f9=True, f10=False, f11=True, f12=True)",0.9509211864733172
38.141000000000005,"FeatureMask(f0=True, f1=True, f2=True, f3=True, f4=False, f5=False, f6=True, f7=True, f8=False, f9=True, f10=False, f11=True, f12=True)",0.9509211864733172
38.141000000000005,"FeatureMask(f0=True, f1=True, f2=True, f3=True, f4=False, f5=False, f6=True, f7=True, f8=False, f9=True, f10=False, f11=True, f12=True)",0.9509211864733172
38.141000000000005,"FeatureMask(f0=True, f1=True, f2=True, f3=True, f4=False, f5=False, f6=True, f7=True, f8=False, f9=True, f10=False, f11=True, f12=True)",0.9509211864733172
38.141000000000005,"FeatureMask(f0=True, f1=True, f2=True, f3=True, f4=False, f5=False, f6=True, f7=True, f8=False, f9=True, f10=False, f11=True, f12=True)",0.9509211864733172
38.141000000000005,"FeatureMask(f0=True, f1=True, f2=True, f3=True, f4=False, f5=False, f6=True, f7=True, f8=False, f9=True, f10=False, f11=True, f12=True)",0.9509211864733172
38.141000000000005,"FeatureMask(f0=True, f1=True, f2=True, f3=True, f4=False, f5=False, f6=True, f7=True, f8=False, f9=True, f10=False, f11=True, f12=True)",0.9509211864733172
38.141000000000005,"FeatureMask(f0=True, f1=True, f2=True, f3=True, f4=False, f5=False, f6=True, f7=True, f8=False, f9=True, f10=False, f11=True, f12=True)",0.9509211864733172
38.141000000000005,"FeatureMask(f0=True, f1=True, f2=True, f3=True, f4=False, f5=False, f6=True, f7=True, f8=False, f9=True, f10=False, f11=True, f12=True)",0.9509211864733172
38.235,"FeatureMask(f0=True, f1=True, f2=True, f3=True, f4=False, f5=False, f6=True, f7=True, f8=False, f9=True, f10=False, f11=True, f12=True)",0.9509211864733172
38.36,"FeatureMask(f0=True, f1=True, f2=True, f3=True, f4=False, f5=False, f6=True, f7=True, f8=False, f9=True, f10=False, f11=True, f12=True)",0.9509211864733172
38.36,"FeatureMask(f0=True, f1=True, f2=True, f3=True, f4=False, f5=False, f6=True, f7=True, f8=False, f9=True, f10=False, f11=True, f12=True)",0.9509211864733172
38.36,"FeatureMask(f0=True, f1=True, f2=True, f3=True, f4=False, f5=False, f6=True, f7=True, f8=False, f9=True, f10=False, f11=True, f12=True)",0.9509211864733172
38.36,"FeatureMask(f0=True, f1=True, f2=True, f3=True, f4=False, f5=False, f6=True, f7=True, f8=False, f9=True, f10=False, f11=True, f12=True)",0.9509211864733172
38.36,"FeatureMask(f0=True, f1=True, f2=True, f3=True, f4=False, f5=False, f6=True, f7=True, f8=False, f9=True, f10=False, f11=True, f12=True)",0.9509211864733172
38.36,"FeatureMask(f0=True, f1=True, f2=True, f3=True, f4=False, f5=False, f6=True, f7=True, f8=False, f9=True, f10=False, f11=True, f12=True)",0.9509211864733172
38.36,"FeatureMask(f0=True, f1=True, f2=True, f3=True, f4=False, f5=False, f6=True, f7=True, f8=False, f9=True, f10=False, f11=True, f12=True)",0.9509211864733172
38.36,"FeatureMask(f0=True, f1=True, f2=True, f3=True, f4=False, f5=False, f6=True, f7=True, f8=False, f9=True, f10=False, f11=True, f12=True)",0.9509211864733172
38.36,"FeatureMask(f0=True, f1=True, f2=True, f3=True, f4=False, f5=False, f6=True, f7=True, f8=False, f9=True, f10=False, f11=True, f12=True)",0.9509211864733172
38.36,"FeatureMask(f0=True, f1=True, f2=True, f3=True, f4=False, f5=False, f6=True, f7=True, f8=False, f9=True, f10=False, f11=True, f12=True)",0.9509211864733172
38.453,"FeatureMask(f0=True, f1=True, f2=True, f3=True, f4=False, f5=False, f6=True, f7=True, f8=False, f9=True, f10=False, f11=True, f12=True)",0.9509211864733172
38.578,"FeatureMask(f0=True, f1=True, f2=True, f3=True, f4=False, f5=False, f6=True, f7=True, f8=False, f9=True, f10=False, f11=True, f12=True)",0.9509211864733172
38.578,"FeatureMask(f0=True, f1=True, f2=True, f3=True, f4=False, f5=False, f6=True, f7=True, f8=False, f9=True, f10=False, f11=True, f12=True)",0.9509211864733172
38.578,"FeatureMask(f0=True, f1=True, f2=True, f3=True, f4=False, f5=False, f6=True, f7=True, f8=False, f9=True, f10=False, f11=True, f12=True)",0.9509211864733172
38.578,"FeatureMask(f0=True, f1=True, f2=True, f3=True, f4=False, f5=False, f6=True, f7=True, f8=False, f9=True, f10=False, f11=True, f12=True)",0.9509211864733172
38.578,"FeatureMask(f0=True, f1=True, f2=True, f3=True, f4=False, f5=False, f6=True, f7=True, f8=False, f9=True, f10=False, f11=True, f12=True)",0.9509211864733172
38.578,"FeatureMask(f0=True, f1=True, f2=True, f3=True, f4=False, f5=False, f6=True, f7=True, f8=False, f9=True, f10=False, f11=True, f12=True)",0.9509211864733172
38.578,"FeatureMask(f0=True, f1=True, f2=True, f3=True, f4=False, f5=False, f6=True, f7=True, f8=False, f9=True, f10=False, f11=True, f12=True)",0.9509211864733172
38.578,"FeatureMask(f0=True, f1=True, f2=True, f3=True, f4=False, f5=False, f6=True, f7=True, f8=False, f9=True, f10=False, f11=True, f12=True)",0.9509211864733172
38.578,"FeatureMask(f0=True, f1=True, f2=True, f3=True, f4=False, f5=False, f6=True, f7=True, f8=False, f9=True, f10=False, f11=True, f12=True)",0.9509211864733172
38.578,"FeatureMask(f0=True, f1=True, f2=True, f3=True, f4=False, f5=False, f6=True, f7=True, f8=False, f9=True, f10=False, f11=True, f12=True)",0.9509211864733172
38.657000000000004,"FeatureMask(f0=True, f1=True, f2=True, f3=True, f4=False, f5=False, f6=True, f7=True, f8=False, f9=True, f10=False, f11=True, f12=True)",0.9509211864733172
38.75,"FeatureMask(f0=True, f1=True, f2=True, f3=True, f4=False, f5=False, f6=True, f7=True, f8=False, f9=True, f10=False, f11=True, f12=True)",0.9509211864733172
38.75,"FeatureMask(f0=True, f1=True, f2=True, f3=True, f4=False, f5=False, f6=True, f7=True, f8=False, f9=True, f10=False, f11=True, f12=True)",0.9509211864733172
38.75,"FeatureMask(f0=True, f1=True, f2=True, f3=True, f4=False, f5=False, f6=True, f7=True, f8=False, f9=True, f10=False, f11=True, f12=True)",0.9509211864733172
38.75,"FeatureMask(f0=True, f1=True, f2=True, f3=True, f4=False, f5=False, f6=True, f7=True, f8=False, f9=True, f10=False, f11=True, f12=True)",0.9509211864733172
38.75,"FeatureMask(f0=True, f1=True, f2=True, f3=True, f4=False, f5=False, f6=True, f7=True, f8=False, f9=True, f10=False, f11=True, f12=True)",0.9509211864733172
38.75,"FeatureMask(f0=True, f1=True, f2=True, f3=True, f4=False, f5=False, f6=True, f7=True, f8=False, f9=True, f10=False, f11=True, f12=True)",0.9509211864733172
38.75,"FeatureMask(f0=True, f1=True, f2=True, f3=True, f4=False, f5=False, f6=True, f7=True, f8=False, f9=True, f10=False, f11=True, f12=True)",0.9509211864733172
38.75,"FeatureMask(f0=True, f1=True, f2=True, f3=True, f4=False, f5=False, f6=True, f7=True, f8=False, f9=True, f10=False, f11=True, f12=True)",0.9509211864733172
38.75,"FeatureMask(f0=True, f1=True, f2=True, f3=True, f4=False, f5=False, f6=True, f7=True, f8=False, f9=True, f10=False, f11=True, f12=True)",0.9509211864733172
38.75,"FeatureMask(f0=True, f1=True, f2=True, f3=True, f4=False, f5=False, f6=True, f7=True, f8=False, f9=True, f10=False, f11=True, f12=True)",0.9509211864733172
38.922000000000004,"FeatureMask(f0=True, f1=True, f2=True, f3=True, f4=False, f5=False, f6=True, f7=True, f8=False, f9=True, f10=False, f11=True, f12=True)",0.9509211864733172
38.922000000000004,"FeatureMask(f0=True, f1=True, f2=True, f3=True, f4=False, f5=False, f6=True, f7=True, f8=False, f9=True, f10=False, f11=True, f12=True)",0.9509211864733172
38.922000000000004,"FeatureMask(f0=True, f1=True, f2=True, f3=True, f4=False, f5=False, f6=True, f7=True, f8=False, f9=True, f10=False, f11=True, f12=True)",0.9509211864733172
38.922000000000004,"FeatureMask(f0=True, f1=True, f2=True, f3=True, f4=False, f5=False, f6=True, f7=True, f8=False, f9=True, f10=False, f11=True, f12=True)",0.9509211864733172
38.922000000000004,"FeatureMask(f0=True, f1=True, f2=True, f3=True, f4=False, f5=False, f6=True, f7=True, f8=False, f9=True, f10=False, f11=True, f12=True)",0.9509211864733172
38.922000000000004,"FeatureMask(f0=True, f1=True, f2=True, f3=True, f4=False, f5=False, f6=True, f7=True, f8=False, f9=True, f10=False, f11=True, f12=True)",0.9509211864733172
38.922000000000004,"FeatureMask(f0=True, f1=True, f2=True, f3=True, f4=False, f5=False, f6=True, f7=True, f8=False, f9=True, f10=False, f11=True, f12=True)",0.9509211864733172
38.922000000000004,"FeatureMask(f0=True, f1=True, f2=True, f3=True, f4=False, f5=False, f6=True, f7=True, f8=False, f9=True, f10=False, f11=True, f12=True)",0.9509211864733172
38.922000000000004,"FeatureMask(f0=True, f1=True, f2=True, f3=True, f4=False, f5=False, f6=True, f7=True, f8=False, f9=True, f10=False, f11=True, f12=True)",0.9509211864733172
38.922000000000004,"FeatureMask(f0=True, f1=True, f2=True, f3=True, f4=False, f5=False, f6=True, f7=True, f8=False, f9=True, f10=False, f11=True, f12=True)",0.9509211864733172
39.125,"FeatureMask(f0=True, f1=True, f2=True, f3=True, f4=False, f5=False, f6=True, f7=True, f8=False, f9=True, f10=False, f11=True, f12=True)",0.9509211864733172
39.125,"FeatureMask(f0=True, f1=True, f2=True, f3=True, f4=False, f5=False, f6=True, f7=True, f8=False, f9=True, f10=False, f11=True, f12=True)",0.9509211864733172
39.125,"FeatureMask(f0=True, f1=True, f2=True, f3=True, f4=False, f5=False, f6=True, f7=True, f8=False, f9=True, f10=False, f11=True, f12=True)",0.9509211864733172
39.125,"FeatureMask(f0=True, f1=True, f2=True, f3=True, f4=False, f5=False, f6=True, f7=True, f8=False, f9=True, f10=False, f11=True, f12=True)",0.9509211864733172
39.125,"FeatureMask(f0=True, f1=True, f2=True, f3=True, f4=False, f5=False, f6=True, f7=True, f8=False, f9=True, f10=False, f11=True, f12=True)",0.9509211864733172
39.125,"FeatureMask(f0=True, f1=True, f2=True, f3=True, f4=False, f5=False, f6=True, f7=True, f8=False, f9=True, f10=False, f11=True, f12=True)",0.9509211864733172
39.125,"FeatureMask(f0=True, f1=True, f2=True, f3=True, f4=False, f5=False, f6=True, f7=True, f8=False, f9=True, f10=False, f11=True, f12=True)",0.9509211864733172
39.125,"FeatureMask(f0=True, f1=True, f2=True, f3=True, f4=False, f5=False, f6=True, f7=True, f8=False, f9=True, f10=False, f11=True, f12=True)",0.9509211864733172
39.125,"FeatureMask(f0=True, f1=True, f2=True, f3=True, f4=False, f5=False, f6=True, f7=True, f8=False, f9=True, f10=False, f11=True, f12=True)",0.9509211864733172
39.125,"FeatureMask(f0=True, f1=True, f2=True, f3=True, f4=False, f5=False, f6=True, f7=True, f8=False, f9=True, f10=False, f11=True, f12=True)",0.9509211864733172
39.219,"FeatureMask(f0=True, f1=True, f2=True, f3=True, f4=False, f5=False, f6=True, f7=True, f8=False, f9=True, f10=False, f11=True, f12=True)",0.9509211864733172
39.219,"FeatureMask(f0=True, f1=True, f2=True, f3=True, f4=False, f5=False, f6=True, f7=True, f8=False, f9=True, f10=False, f11=True, f12=True)",0.9509211864733172
39.328,"FeatureMask(f0=True, f1=True, f2=True, f3=True, f4=False, f5=False, f6=True, f7=True, f8=False, f9=True, f10=False, f11=True, f12=True)",0.9509211864733172
39.328,"FeatureMask(f0=True, f1=True, f2=True, f3=True, f4=False, f5=False, f6=True, f7=True, f8=False, f9=True, f10=False, f11=True, f12=True)",0.9509211864733172
39.328,"FeatureMask(f0=True, f1=True, f2=True, f3=True, f4=False, f5=False, f6=True, f7=True, f8=False, f9=True, f10=False, f11=True, f12=True)",0.9509211864733172
39.328,"FeatureMask(f0=True, f1=True, f2=True, f3=True, f4=False, f5=False, f6=True, f7=True, f8=False, f9=True, f10=False, f11=True, f12=True)",0.9509211864733172
39.328,"FeatureMask(f0=True, f1=True, f2=True, f3=True, f4=False, f5=False, f6=True, f7=True, f8=False, f9=True, f10=False, f11=True, f12=True)",0.9509211864733172
39.328,"FeatureMask(f0=True, f1=True, f2=True, f3=True, f4=False, f5=False, f6=True, f7=True, f8=False, f9=True, f10=False, f11=True, f12=True)",0.9509211864733172
39.328,"FeatureMask(f0=True, f1=True, f2=True, f3=True, f4=False, f5=False, f6=True, f7=True, f8=False, f9=True, f10=False, f11=True, f12=True)",0.9509211864733172
39.328,"FeatureMask(f0=True, f1=True, f2=True, f3=True, f4=False, f5=False, f6=True, f7=True, f8=False, f9=True, f10=False, f11=True, f12=True)",0.9509211864733172
39.328,"FeatureMask(f0=True, f1=True, f2=True, f3=True, f4=False, f5=False, f6=True, f7=True, f8=False, f9=True, f10=False, f11=True, f12=True)",0.9509211864733172
39.328,"FeatureMask(f0=True, f1=True, f2=True, f3=True, f4=False, f5=False, f6=True, f7=True, f8=False, f9=True, f10=False, f11=True, f12=True)",0.9509211864733172
39.422000000000004,"FeatureMask(f0=True, f1=True, f2=True, f3=True, f4=False, f5=False, f6=True, f7=True, f8=False, f9=True, f10=False, f11=True, f12=True)",0.9509211864733172
39.516000000000005,"FeatureMask(f0=True, f1=True, f2=True, f3=True, f4=False, f5=False, f6=True, f7=True, f8=False, f9=True, f10=False, f11=True, f12=True)",0.9509211864733172
39.516000000000005,"FeatureMask(f0=True, f1=True, f2=True, f3=True, f4=False, f5=False, f6=True, f7=True, f8=False, f9=True, f10=False, f11=True, f12=True)",0.9509211864733172
39.516000000000005,"FeatureMask(f0=True, f1=True, f2=True, f3=True, f4=False, f5=False, f6=True, f7=True, f8=False, f9=True, f10=False, f11=True, f12=True)",0.9509211864733172
39.516000000000005,"FeatureMask(f0=True, f1=True, f2=True, f3=True, f4=False, f5=False, f6=True, f7=True, f8=False, f9=True, f10=False, f11=True, f12=True)",0.9509211864733172
39.516000000000005,"FeatureMask(f0=True, f1=True, f2=True, f3=True, f4=False, f5=False, f6=True, f7=True, f8=False, f9=True, f10=False, f11=True, f12=True)",0.9509211864733172
39.516000000000005,"FeatureMask(f0=True, f1=True, f2=True, f3=True, f4=False, f5=False, f6=True, f7=True, f8=False, f9=True, f10=False, f11=True, f12=True)",0.9509211864733172
39.516000000000005,"FeatureMask(f0=True, f1=True, f2=True, f3=True, f4=False, f5=False, f6=True, f7=True, f8=False, f9=True, f10=False, f11=True, f12=True)",0.9509211864733172
39.516000000000005,"FeatureMask(f0=True, f1=True, f2=True, f3=True, f4=False, f5=False, f6=True, f7=True, f8=False, f9=True, f10=False, f11=True, f12=True)",0.9509211864733172
39.516000000000005,"FeatureMask(f0=True, f1=True, f2=True, f3=True, f4=False, f5=False, f6=True, f7=True, f8=False, f9=True, f10=False, f11=True, f12=True)",0.9509211864733172
39.516000000000005,"FeatureMask(f0=True, f1=True, f2=True, f3=True, f4=False, f5=False, f6=True, f7=True, f8=False, f9=True, f10=False, f11=True, f12=True)",0.9509211864733172
39.703,"FeatureMask(f0=True, f1=True, f2=True, f3=True, f4=False, f5=False, f6=True, f7=True, f8=False, f9=True, f10=False, f11=True, f12=True)",0.9509211864733172
39.703,"FeatureMask(f0=True, f1=True, f2=True, f3=True, f4=False, f5=False, f6=True, f7=True, f8=False, f9=True, f10=False, f11=True, f12=True)",0.9509211864733172
39.703,"FeatureMask(f0=True, f1=True, f2=True, f3=True, f4=False, f5=False, f6=True, f7=True, f8=False, f9=True, f10=False, f11=True, f12=True)",0.9509211864733172
39.703,"FeatureMask(f0=True, f1=True, f2=True, f3=True, f4=False, f5=False, f6=True, f7=True, f8=False, f9=True, f10=False, f11=True, f12=True)",0.9509211864733172
39.703,"FeatureMask(f0=True, f1=True, f2=True, f3=True, f4=False, f5=False, f6=True, f7=True, f8=False, f9=True, f10=False, f11=True, f12=True)",0.9509211864733172
39.703,"FeatureMask(f0=True, f1=True, f2=True, f3=True, f4=False, f5=False, f6=True, f7=True, f8=False, f9=True, f10=False, f11=True, f12=True)",0.9509211864733172
39.703,"FeatureMask(f0=True, f1=True, f2=True, f3=True, f4=False, f5=False, f6=True, f7=True, f8=False, f9=True, f10=False, f11=True, f12=True)",0.9509211864733172
39.703,"FeatureMask(f0=True, f1=True, f2=True, f3=True, f4=False, f5=False, f6=True, f7=True, f8=False, f9=True, f10=False, f11=True, f12=True)",0.9509211864733172
39.703,"FeatureMask(f0=True, f1=True, f2=True, f3=True, f4=False, f5=False, f6=True, f7=True, f8=False, f9=True, f10=False, f11=True, f12=True)",0.9509211864733172
39.703,"FeatureMask(f0=True, f1=True, f2=True, f3=True, f4=False, f5=False, f6=True, f7=True, f8=False, f9=True, f10=False, f11=True, f12=True)",0.9509211864733172
39.922000000000004,"FeatureMask(f0=True, f1=True, f2=True, f3=True, f4=False, f5=False, f6=True, f7=True, f8=False, f9=True, f10=False, f11=True, f12=True)",0.9509211864733172
39.922000000000004,"FeatureMask(f0=True, f1=True, f2=True, f3=True, f4=False, f5=False, f6=True, f7=True, f8=False, f9=True, f10=False, f11=True, f12=True)",0.9509211864733172
39.922000000000004,"FeatureMask(f0=True, f1=True, f2=True, f3=True, f4=False, f5=False, f6=True, f7=True, f8=False, f9=True, f10=False, f11=True, f12=True)",0.9509211864733172
39.922000000000004,"FeatureMask(f0=True, f1=True, f2=True, f3=True, f4=False, f5=False, f6=True, f7=True, f8=False, f9=True, f10=False, f11=True, f12=True)",0.9509211864733172
39.922000000000004,"FeatureMask(f0=True, f1=True, f2=True, f3=True, f4=False, f5=False, f6=True, f7=True, f8=False, f9=True, f10=False, f11=True, f12=True)",0.9509211864733172
39.922000000000004,"FeatureMask(f0=True, f1=True, f2=True, f3=True, f4=False, f5=False, f6=True, f7=True, f8=False, f9=True, f10=False, f11=True, f12=True)",0.9509211864733172
39.922000000000004,"FeatureMask(f0=True, f1=True, f2=True, f3=True, f4=False, f5=False, f6=True, f7=True, f8=False, f9=True, f10=False, f11=True, f12=True)",0.9509211864733172
39.922000000000004,"FeatureMask(f0=True, f1=True, f2=True, f3=True, f4=False, f5=False, f6=True, f7=True, f8=False, f9=True, f10=False, f11=True, f12=True)",0.9509211864733172
39.922000000000004,"FeatureMask(f0=True, f1=True, f2=True, f3=True, f4=False, f5=False, f6=True, f7=True, f8=False, f9=True, f10=False, f11=True, f12=True)",0.9509211864733172
39.922000000000004,"FeatureMask(f0=True, f1=True, f2=True, f3=True, f4=False, f5=False, f6=True, f7=True, f8=False, f9=True, f10=False, f11=True, f12=True)",0.9509211864733172
40.016000000000005,"FeatureMask(f0=True, f1=True, f2=True, f3=True, f4=False, f5=False, f6=True, f7=True, f8=False, f9=True, f10=False, f11=True, f12=True)",0.9509211864733172
40.141000000000005,"FeatureMask(f0=True, f1=True, f2=True, f3=True, f4=False, f5=False, f6=True, f7=True, f8=False, f9=True, f10=False, f11=True, f12=True)",0.9509211864733172
40.141000000000005,"FeatureMask(f0=True, f1=True, f2=True, f3=True, f4=False, f5=False, f6=True, f7=True, f8=False, f9=True, f10=False, f11=True, f12=True)",0.9509211864733172
40.141000000000005,"FeatureMask(f0=True, f1=True, f2=True, f3=True, f4=False, f5=False, f6=True, f7=True, f8=False, f9=True, f10=False, f11=True, f12=True)",0.9509211864733172
40.141000000000005,"FeatureMask(f0=True, f1=True, f2=True, f3=True, f4=False, f5=False, f6=True, f7=True, f8=False, f9=True, f10=False, f11=True, f12=True)",0.9509211864733172
40.141000000000005,"FeatureMask(f0=True, f1=True, f2=True, f3=True, f4=False, f5=False, f6=True, f7=True, f8=False, f9=True, f10=False, f11=True, f12=True)",0.9509211864733172
40.141000000000005,"FeatureMask(f0=True, f1=True, f2=True, f3=True, f4=False, f5=False, f6=True, f7=True, f8=False, f9=True, f10=False, f11=True, f12=True)",0.9509211864733172
40.141000000000005,"FeatureMask(f0=True, f1=True, f2=True, f3=True, f4=False, f5=False, f6=True, f7=True, f8=False, f9=True, f10=False, f11=True, f12=True)",0.9509211864733172
40.141000000000005,"FeatureMask(f0=True, f1=True, f2=True, f3=True, f4=False, f5=False, f6=True, f7=True, f8=False, f9=True, f10=False, f11=True, f12=True)",0.9509211864733172
40.141000000000005,"FeatureMask(f0=True, f1=True, f2=True, f3=True, f4=False, f5=False, f6=True, f7=True, f8=False, f9=True, f10=False, f11=True, f12=True)",0.9509211864733172
40.141000000000005,"FeatureMask(f0=True, f1=True, f2=True, f3=True, f4=False, f5=False, f6=True, f7=True, f8=False, f9=True, f10=False, f11=True, f12=True)",0.9509211864733172
40.235,"FeatureMask(f0=True, f1=True, f2=True, f3=True, f4=False, f5=False, f6=True, f7=True, f8=False, f9=True, f10=False, f11=True, f12=True)",0.9509211864733172
40.235,"FeatureMask(f0=True, f1=True, f2=True, f3=True, f4=False, f5=False, f6=True, f7=True, f8=False, f9=True, f10=False, f11=True, f12=True)",0.9509211864733172
40.235,"FeatureMask(f0=True, f1=True, f2=True, f3=True, f4=False, f5=False, f6=True, f7=True, f8=False, f9=True, f10=False, f11=True, f12=True)",0.9509211864733172
40.375,"FeatureMask(f0=True, f1=True, f2=True, f3=True, f4=False, f5=False, f6=True, f7=True, f8=False, f9=True, f10=False, f11=True, f12=True)",0.9509211864733172
40.375,"FeatureMask(f0=True, f1=True, f2=True, f3=True, f4=False, f5=False, f6=True, f7=True, f8=False, f9=True, f10=False, f11=True, f12=True)",0.9509211864733172
40.375,"FeatureMask(f0=True, f1=True, f2=True, f3=True, f4=False, f5=False, f6=True, f7=True, f8=False, f9=True, f10=False, f11=True, f12=True)",0.9509211864733172
40.375,"FeatureMask(f0=True, f1=True, f2=True, f3=True, f4=False, f5=False, f6=True, f7=True, f8=False, f9=True, f10=False, f11=True, f12=True)",0.9509211864733172
40.375,"FeatureMask(f0=True, f1=True, f2=True, f3=True, f4=False, f5=False, f6=True, f7=True, f8=False, f9=True, f10=False, f11=True, f12=True)",0.9509211864733172
40.375,"FeatureMask(f0=True, f1=True, f2=True, f3=True, f4=False, f5=False, f6=True, f7=True, f8=False, f9=True, f10=False, f11=True, f12=True)",0.9509211864733172
40.375,"FeatureMask(f0=True, f1=True, f2=True, f3=True, f4=False, f5=False, f6=True, f7=True, f8=False, f9=True, f10=False, f11=True, f12=True)",0.9509211864733172
40.375,"FeatureMask(f0=True, f1=True, f2=True, f3=True, f4=False, f5=False, f6=True, f7=True, f8=False, f9=True, f10=False, f11=True, f12=True)",0.9509211864733172
40.375,"FeatureMask(f0=True, f1=True, f2=True, f3=True, f4=False, f5=False, f6=True, f7=True, f8=False, f9=True, f10=False, f11=True, f12=True)",0.9509211864733172
40.375,"FeatureMask(f0=True, f1=True, f2=True, f3=True, f4=False, f5=False, f6=True, f7=True, f8=False, f9=True, f10=False, f11=True, f12=True)",0.9509211864733172
40.469,"FeatureMask(f0=True, f1=True, f2=True, f3=True, f4=False, f5=False, f6=True, f7=True, f8=False, f9=True, f10=False, f11=True, f12=True)",0.9509211864733172
40.594,"FeatureMask(f0=True, f1=True, f2=True, f3=True, f4=False, f5=False, f6=True, f7=True, f8=False, f9=True, f10=False, f11=True, f12=True)",0.9509211864733172
40.594,"FeatureMask(f0=True, f1=True, f2=True, f3=True, f4=False, f5=False, f6=True, f7=True, f8=False, f9=True, f10=False, f11=True, f12=True)",0.9509211864733172
40.594,"FeatureMask(f0=True, f1=True, f2=True, f3=True, f4=False, f5=False, f6=True, f7=True, f8=False, f9=True, f10=False, f11=True, f12=True)",0.9509211864733172
40.594,"FeatureMask(f0=True, f1=True, f2=True, f3=True, f4=False, f5=False, f6=True, f7=True, f8=False, f9=True, f10=False, f11=True, f12=True)",0.9509211864733172
40.594,"FeatureMask(f0=True, f1=True, f2=True, f3=True, f4=False, f5=False, f6=True, f7=True, f8=False, f9=True, f10=False, f11=True, f12=True)",0.9509211864733172
40.594,"FeatureMask(f0=True, f1=True, f2=True, f3=True, f4=False, f5=False, f6=True, f7=True, f8=False, f9=True, f10=False, f11=True, f12=True)",0.9509211864733172
40.594,"FeatureMask(f0=True, f1=True, f2=True, f3=True, f4=False, f5=False, f6=True, f7=True, f8=False, f9=True, f10=False, f11=True, f12=True)",0.9509211864733172
40.594,"FeatureMask(f0=True, f1=True, f2=True, f3=True, f4=False, f5=False, f6=True, f7=True, f8=False, f9=True, f10=False, f11=True, f12=True)",0.9509211864733172
40.594,"FeatureMask(f0=True, f1=True, f2=True, f3=True, f4=False, f5=False, f6=True, f7=True, f8=False, f9=True, f10=False, f11=True, f12=True)",0.9509211864733172
40.594,"FeatureMask(f0=True, f1=True, f2=True, f3=True, f4=False, f5=False, f6=True, f7=True, f8=False, f9=True, f10=False, f11=True, f12=True)",0.9509211864733172
40.828,"FeatureMask(f0=True, f1=True, f2=True, f3=True, f4=False, f5=False, f6=True, f7=True, f8=False, f9=True, f10=False, f11=True, f12=True)",0.9509211864733172
40.828,"FeatureMask(f0=True, f1=True, f2=True, f3=True, f4=False, f5=False, f6=True, f7=True, f8=False, f9=True, f10=False, f11=True, f12=True)",0.9509211864733172
40.828,"FeatureMask(f0=True, f1=True, f2=True, f3=True, f4=False, f5=False, f6=True, f7=True, f8=False, f9=True, f10=False, f11=True, f12=True)",0.9509211864733172
40.828,"FeatureMask(f0=True, f1=True, f2=True, f3=True, f4=False, f5=False, f6=True, f7=True, f8=False, f9=True, f10=False, f11=True, f12=True)",0.9509211864733172
40.828,"FeatureMask(f0=True, f1=True, f2=True, f3=True, f4=False, f5=False, f6=True, f7=True, f8=False, f9=True, f10=False, f11=True, f12=True)",0.9509211864733172
40.828,"FeatureMask(f0=True, f1=True, f2=True, f3=True, f4=False, f5=False, f6=True, f7=True, f8=False, f9=True, f10=False, f11=True, f12=True)",0.9509211864733172
40.828,"FeatureMask(f0=True, f1=True, f2=True, f3=True, f4=False, f5=False, f6=True, f7=True, f8=False, f9=True, f10=False, f11=True, f12=True)",0.9509211864733172
40.828,"FeatureMask(f0=True, f1=True, f2=True, f3=True, f4=False, f5=False, f6=True, f7=True, f8=False, f9=True, f10=False, f11=True, f12=True)",0.9509211864733172
40.828,"FeatureMask(f0=True, f1=True, f2=True, f3=True, f4=False, f5=False, f6=True, f7=True, f8=False, f9=True, f10=False, f11=True, f12=True)",0.9509211864733172
40.828,"FeatureMask(f0=True, f1=True, f2=True, f3=True, f4=False, f5=False, f6=True, f7=True, f8=False, f9=True, f10=False, f11=True, f12=True)",0.9509211864733172
40.922000000000004,"FeatureMask(f0=True, f1=True, f2=True, f3=True, f4=False, f5=False, f6=True, f7=True, f8=False, f9=True, f10=False, f11=True, f12=True)",0.9509211864733172
41.047000000000004,"FeatureMask(f0=True, f1=True, f2=True, f3=True, f4=False, f5=False, f6=True, f7=True, f8=False, f9=True, f10=False, f11=True, f12=True)",0.9509211864733172
41.047000000000004,"FeatureMask(f0=True, f1=True, f2=True, f3=True, f4=False, f5=False, f6=True, f7=True, f8=False, f9=True, f10=False, f11=True, f12=True)",0.9509211864733172
41.047000000000004,"FeatureMask(f0=True, f1=True, f2=True, f3=True, f4=False, f5=False, f6=True, f7=True, f8=False, f9=True, f10=False, f11=True, f12=True)",0.9509211864733172
41.047000000000004,"FeatureMask(f0=True, f1=True, f2=True, f3=True, f4=False, f5=False, f6=True, f7=True, f8=False, f9=True, f10=False, f11=True, f12=True)",0.9509211864733172
41.047000000000004,"FeatureMask(f0=True, f1=True, f2=True, f3=True, f4=False, f5=False, f6=True, f7=True, f8=False, f9=True, f10=False, f11=True, f12=True)",0.9509211864733172
41.047000000000004,"FeatureMask(f0=True, f1=True, f2=True, f3=True, f4=False, f5=False, f6=True, f7=True, f8=False, f9=True, f10=False, f11=True, f12=True)",0.9509211864733172
41.047000000000004,"FeatureMask(f0=True, f1=True, f2=True, f3=True, f4=False, f5=False, f6=True, f7=True, f8=False, f9=True, f10=False, f11=True, f12=True)",0.9509211864733172
41.047000000000004,"FeatureMask(f0=True, f1=True, f2=True, f3=True, f4=False, f5=False, f6=True, f7=True, f8=False, f9=True, f10=False, f11=True, f12=True)",0.9509211864733172
41.047000000000004,"FeatureMask(f0=True, f1=True, f2=True, f3=True, f4=False, f5=False, f6=True, f7=True, f8=False, f9=True, f10=False, f11=True, f12=True)",0.9509211864733172
41.047000000000004,"FeatureMask(f0=True, f1=True, f2=True, f3=True, f4=False, f5=False, f6=True, f7=True, f8=False, f9=True, f10=False, f11=True, f12=True)",0.9509211864733172
41.125,"FeatureMask(f0=True, f1=True, f2=True, f3=True, f4=False, f5=False, f6=True, f7=True, f8=False, f9=True, f10=False, f11=True, f12=True)",0.9509211864733172
41.125,"FeatureMask(f0=True, f1=True, f2=True, f3=True, f4=False, f5=False, f6=True, f7=True, f8=False, f9=True, f10=False, f11=True, f12=True)",0.9509211864733172
41.25,"FeatureMask(f0=True, f1=True, f2=True, f3=True, f4=False, f5=False, f6=True, f7=True, f8=False, f9=True, f10=False, f11=True, f12=True)",0.9509211864733172
41.25,"FeatureMask(f0=True, f1=True, f2=True, f3=True, f4=False, f5=False, f6=True, f7=True, f8=False, f9=True, f10=False, f11=True, f12=True)",0.9509211864733172
41.25,"FeatureMask(f0=True, f1=True, f2=True, f3=True, f4=False, f5=False, f6=True, f7=True, f8=False, f9=True, f10=False, f11=True, f12=True)",0.9509211864733172
41.25,"FeatureMask(f0=True, f1=True, f2=True, f3=True, f4=False, f5=False, f6=True, f7=True, f8=False, f9=True, f10=False, f11=True, f12=True)",0.9509211864733172
41.25,"FeatureMask(f0=True, f1=True, f2=True, f3=True, f4=False, f5=False, f6=True, f7=True, f8=False, f9=True, f10=False, f11=True, f12=True)",0.9509211864733172
41.25,"FeatureMask(f0=True, f1=True, f2=True, f3=True, f4=False, f5=False, f6=True, f7=True, f8=False, f9=True, f10=False, f11=True, f12=True)",0.9509211864733172
41.25,"FeatureMask(f0=True, f1=True, f2=True, f3=True, f4=False, f5=False, f6=True, f7=True, f8=False, f9=True, f10=False, f11=True, f12=True)",0.9509211864733172
41.25,"FeatureMask(f0=True, f1=True, f2=True, f3=True, f4=False, f5=False, f6=True, f7=True, f8=False, f9=True, f10=False, f11=True, f12=True)",0.9509211864733172
41.25,"FeatureMask(f0=True, f1=True, f2=True, f3=True, f4=False, f5=False, f6=True, f7=True, f8=False, f9=True, f10=False, f11=True, f12=True)",0.9509211864733172
41.25,"FeatureMask(f0=True, f1=True, f2=True, f3=True, f4=False, f5=False, f6=True, f7=True, f8=False, f9=True, f10=False, f11=True, f12=True)",0.9509211864733172
41.36,"FeatureMask(f0=True, f1=True, f2=True, f3=True, f4=False, f5=False, f6=True, f7=True, f8=False, f9=True, f10=False, f11=True, f12=True)",0.9509211864733172
41.36,"FeatureMask(f0=True, f1=True, f2=True, f3=True, f4=False, f5=False, f6=True, f7=True, f8=False, f9=True, f10=False, f11=True, f12=True)",0.9509211864733172
41.36,"FeatureMask(f0=True, f1=True, f2=True, f3=True, f4=False, f5=False, f6=True, f7=True, f8=False, f9=True, f10=False, f11=True, f12=True)",0.9509211864733172
41.36,"FeatureMask(f0=True, f1=True, f2=True, f3=True, f4=False, f5=False, f6=True, f7=True, f8=False, f9=True, f10=False, f11=True, f12=True)",0.9509211864733172
41.36,"FeatureMask(f0=True, f1=True, f2=True, f3=True, f4=False, f5=False, f6=True, f7=True, f8=False, f9=True, f10=False, f11=True, f12=True)",0.9509211864733172
41.36,"FeatureMask(f0=True, f1=True, f2=True, f3=True, f4=False, f5=False, f6=True, f7=True, f8=False, f9=True, f10=False, f11=True, f12=True)",0.9509211864733172
41.469,"FeatureMask(f0=True, f1=True, f2=True, f3=True, f4=False, f5=False, f6=True, f7=True, f8=False, f9=True, f10=False, f11=True, f12=True)",0.9509211864733172
41.469,"FeatureMask(f0=True, f1=True, f2=True, f3=True, f4=False, f5=False, f6=True, f7=True, f8=False, f9=True, f10=False, f11=True, f12=True)",0.9509211864733172
41.469,"FeatureMask(f0=True, f1=True, f2=True, f3=True, f4=False, f5=False, f6=True, f7=True, f8=False, f9=True, f10=False, f11=True, f12=True)",0.9509211864733172
41.469,"FeatureMask(f0=True, f1=True, f2=True, f3=True, f4=False, f5=False, f6=True, f7=True, f8=False, f9=True, f10=False, f11=True, f12=True)",0.9509211864733172
41.469,"FeatureMask(f0=True, f1=True, f2=True, f3=True, f4=False, f5=False, f6=True, f7=True, f8=False, f9=True, f10=False, f11=True, f12=True)",0.9509211864733172
41.469,"FeatureMask(f0=True, f1=True, f2=True, f3=True, f4=False, f5=False, f6=True, f7=True, f8=False, f9=True, f10=False, f11=True, f12=True)",0.9509211864733172
41.469,"FeatureMask(f0=True, f1=True, f2=True, f3=True, f4=False, f5=False, f6=True, f7=True, f8=False, f9=True, f10=False, f11=True, f12=True)",0.9509211864733172
41.469,"FeatureMask(f0=True, f1=True, f2=True, f3=True, f4=False, f5=False, f6=True, f7=True, f8=False, f9=True, f10=False, f11=True, f12=True)",0.9509211864733172
41.469,"FeatureMask(f0=True, f1=True, f2=True, f3=True, f4=False, f5=False, f6=True, f7=True, f8=False, f9=True, f10=False, f11=True, f12=True)",0.9509211864733172
41.469,"FeatureMask(f0=True, f1=True, f2=True, f3=True, f4=False, f5=False, f6=True, f7=True, f8=False, f9=True, f10=False, f11=True, f12=True)",0.9509211864733172
41.563,"FeatureMask(f0=True, f1=True, f2=True, f3=True, f4=False, f5=False, f6=True, f7=True, f8=False, f9=True, f10=False, f11=True, f12=True)",0.9509211864733172
41.703,"FeatureMask(f0=True, f1=True, f2=True, f3=True, f4=False, f5=False, f6=True, f7=True, f8=False, f9=True, f10=False, f11=True, f12=True)",0.9509211864733172
41.703,"FeatureMask(f0=True, f1=True, f2=True, f3=True, f4=False, f5=False, f6=True, f7=True, f8=False, f9=True, f10=False, f11=True, f12=True)",0.9509211864733172
41.703,"FeatureMask(f0=True, f1=True, f2=True, f3=True, f4=False, f5=False, f6=True, f7=True, f8=False, f9=True, f10=False, f11=True, f12=True)",0.9509211864733172
41.703,"FeatureMask(f0=True, f1=True, f2=True, f3=True, f4=False, f5=False, f6=True, f7=True, f8=False, f9=True, f10=False, f11=True, f12=True)",0.9509211864733172
41.703,"FeatureMask(f0=True, f1=True, f2=True, f3=True, f4=False, f5=False, f6=True, f7=True, f8=False, f9=True, f10=False, f11=True, f12=True)",0.9509211864733172
41.703,"FeatureMask(f0=True, f1=True, f2=True, f3=True, f4=False, f5=False, f6=True, f7=True, f8=False, f9=True, f10=False, f11=True, f12=True)",0.9509211864733172
41.703,"FeatureMask(f0=True, f1=True, f2=True, f3=True, f4=False, f5=False, f6=True, f7=True, f8=False, f9=True, f10=False, f11=True, f12=True)",0.9509211864733172
41.703,"FeatureMask(f0=True, f1=True, f2=True, f3=True, f4=False, f5=False, f6=True, f7=True, f8=False, f9=True, f10=False, f11=True, f12=True)",0.9509211864733172
41.703,"FeatureMask(f0=True, f1=True, f2=True, f3=True, f4=False, f5=False, f6=True, f7=True, f8=False, f9=True, f10=False, f11=True, f12=True)",0.9509211864733172
41.703,"FeatureMask(f0=True, f1=True, f2=True, f3=True, f4=False, f5=False, f6=True, f7=True, f8=False, f9=True, f10=False, f11=True, f12=True)",0.9509211864733172
41.813,"FeatureMask(f0=True, f1=True, f2=True, f3=True, f4=False, f5=False, f6=True, f7=True, f8=False, f9=True, f10=False, f11=True, f12=True)",0.9509211864733172
41.907000000000004,"FeatureMask(f0=True, f1=True, f2=True, f3=True, f4=False, f5=False, f6=True, f7=True, f8=False, f9=True, f10=False, f11=True, f12=True)",0.9509211864733172
41.907000000000004,"FeatureMask(f0=True, f1=True, f2=True, f3=True, f4=False, f5=False, f6=True, f7=True, f8=False, f9=True, f10=False, f11=True, f12=True)",0.9509211864733172
41.907000000000004,"FeatureMask(f0=True, f1=True, f2=True, f3=True, f4=False, f5=False, f6=True, f7=True, f8=False, f9=True, f10=False, f11=True, f12=True)",0.9509211864733172
41.907000000000004,"FeatureMask(f0=True, f1=True, f2=True, f3=True, f4=False, f5=False, f6=True, f7=True, f8=False, f9=True, f10=False, f11=True, f12=True)",0.9509211864733172
41.907000000000004,"FeatureMask(f0=True, f1=True, f2=True, f3=True, f4=False, f5=False, f6=True, f7=True, f8=False, f9=True, f10=False, f11=True, f12=True)",0.9509211864733172
41.907000000000004,"FeatureMask(f0=True, f1=True, f2=True, f3=True, f4=False, f5=False, f6=True, f7=True, f8=False, f9=True, f10=False, f11=True, f12=True)",0.9509211864733172
41.907000000000004,"FeatureMask(f0=True, f1=True, f2=True, f3=True, f4=False, f5=False, f6=True, f7=True, f8=False, f9=True, f10=False, f11=True, f12=True)",0.9509211864733172
41.907000000000004,"FeatureMask(f0=True, f1=True, f2=True, f3=True, f4=False, f5=False, f6=True, f7=True, f8=False, f9=True, f10=False, f11=True, f12=True)",0.9509211864733172
41.907000000000004,"FeatureMask(f0=True, f1=True, f2=True, f3=True, f4=False, f5=False, f6=True, f7=True, f8=False, f9=True, f10=False, f11=True, f12=True)",0.9509211864733172
41.907000000000004,"FeatureMask(f0=True, f1=True, f2=True, f3=True, f4=False, f5=False, f6=True, f7=True, f8=False, f9=True, f10=False, f11=True, f12=True)",0.9509211864733172
42.016000000000005,"FeatureMask(f0=True, f1=True, f2=True, f3=True, f4=False, f5=False, f6=True, f7=True, f8=False, f9=True, f10=False, f11=True, f12=True)",0.9509211864733172
42.141000000000005,"FeatureMask(f0=True, f1=True, f2=True, f3=True, f4=False, f5=False, f6=True, f7=True, f8=False, f9=True, f10=False, f11=True, f12=True)",0.9509211864733172
42.141000000000005,"FeatureMask(f0=True, f1=True, f2=True, f3=True, f4=False, f5=False, f6=True, f7=True, f8=False, f9=True, f10=False, f11=True, f12=True)",0.9509211864733172
42.141000000000005,"FeatureMask(f0=True, f1=True, f2=True, f3=True, f4=False, f5=False, f6=True, f7=True, f8=False, f9=True, f10=False, f11=True, f12=True)",0.9509211864733172
42.141000000000005,"FeatureMask(f0=True, f1=True, f2=True, f3=True, f4=False, f5=False, f6=True, f7=True, f8=False, f9=True, f10=False, f11=True, f12=True)",0.9509211864733172
42.141000000000005,"FeatureMask(f0=True, f1=True, f2=True, f3=True, f4=False, f5=False, f6=True, f7=True, f8=False, f9=True, f10=False, f11=True, f12=True)",0.9509211864733172
42.141000000000005,"FeatureMask(f0=True, f1=True, f2=True, f3=True, f4=False, f5=False, f6=True, f7=True, f8=False, f9=True, f10=False, f11=True, f12=True)",0.9509211864733172
42.141000000000005,"FeatureMask(f0=True, f1=True, f2=True, f3=True, f4=False, f5=False, f6=True, f7=True, f8=False, f9=True, f10=False, f11=True, f12=True)",0.9509211864733172
42.141000000000005,"FeatureMask(f0=True, f1=True, f2=True, f3=True, f4=False, f5=False, f6=True, f7=True, f8=False, f9=True, f10=False, f11=True, f12=True)",0.9509211864733172
42.141000000000005,"FeatureMask(f0=True, f1=True, f2=True, f3=True, f4=False, f5=False, f6=True, f7=True, f8=False, f9=True, f10=False, f11=True, f12=True)",0.9509211864733172
42.141000000000005,"FeatureMask(f0=True, f1=True, f2=True, f3=True, f4=False, f5=False, f6=True, f7=True, f8=False, f9=True, f10=False, f11=True, f12=True)",0.9509211864733172
42.235,"FeatureMask(f0=True, f1=True, f2=True, f3=True, f4=False, f5=False, f6=True, f7=True, f8=False, f9=True, f10=False, f11=True, f12=True)",0.9509211864733172
42.375,"FeatureMask(f0=True, f1=True, f2=True, f3=True, f4=False, f5=False, f6=True, f7=True, f8=False, f9=True, f10=False, f11=True, f12=True)",0.9509211864733172
42.375,"FeatureMask(f0=True, f1=True, f2=True, f3=True, f4=False, f5=False, f6=True, f7=True, f8=False, f9=True, f10=False, f11=True, f12=True)",0.9509211864733172
42.375,"FeatureMask(f0=True, f1=True, f2=True, f3=True, f4=False, f5=False, f6=True, f7=True, f8=False, f9=True, f10=False, f11=True, f12=True)",0.9509211864733172
42.375,"FeatureMask(f0=True, f1=True, f2=True, f3=True, f4=False, f5=False, f6=True, f7=True, f8=False, f9=True, f10=False, f11=True, f12=True)",0.9509211864733172
42.375,"FeatureMask(f0=True, f1=True, f2=True, f3=True, f4=False, f5=False, f6=True, f7=True, f8=False, f9=True, f10=False, f11=True, f12=True)",0.9509211864733172
42.375,"FeatureMask(f0=True, f1=True, f2=True, f3=True, f4=False, f5=False, f6=True, f7=True, f8=False, f9=True, f10=False, f11=True, f12=True)",0.9509211864733172
42.375,"FeatureMask(f0=True, f1=True, f2=True, f3=True, f4=False, f5=False, f6=True, f7=True, f8=False, f9=True, f10=False, f11=True, f12=True)",0.9509211864733172
42.375,"FeatureMask(f0=True, f1=True, f2=True, f3=True, f4=False, f5=False, f6=True, f7=True, f8=False, f9=True, f10=False, f11=True, f12=True)",0.9509211864733172
42.375,"FeatureMask(f0=True, f1=True, f2=True, f3=True, f4=False, f5=False, f6=True, f7=True, f8=False, f9=True, f10=False, f11=True, f12=True)",0.9509211864733172
42.375,"FeatureMask(f0=True, f1=True, f2=True, f3=True, f4=False, f5=False, f6=True, f7=True, f8=False, f9=True, f10=False, f11=True, f12=True)",0.9509211864733172
42.422000000000004,"FeatureMask(f0=True, f1=True, f2=False, f3=True, f4=False, f5=False, f6=True, f7=True, f8=False, f9=True, f10=True, f11=True, f12=True)",0.9509211864733172
42.594,"FeatureMask(f0=True, f1=True, f2=True, f3=True, f4=False, f5=False, f6=True, f7=True, f8=False, f9=True, f10=False, f11=True, f12=True)",0.9509211864733172
42.594,"FeatureMask(f0=True, f1=True, f2=True, f3=True, f4=False, f5=False, f6=True, f7=True, f8=False, f9=True, f10=False, f11=True, f12=True)",0.9509211864733172
42.594,"FeatureMask(f0=True, f1=True, f2=True, f3=True, f4=False, f5=False, f6=True, f7=True, f8=False, f9=True, f10=False, f11=True, f12=True)",0.9509211864733172
42.594,"FeatureMask(f0=True, f1=True, f2=True, f3=True, f4=False, f5=False, f6=True, f7=True, f8=False, f9=True, f10=False, f11=True, f12=True)",0.9509211864733172
42.594,"FeatureMask(f0=True, f1=True, f2=True, f3=True, f4=False, f5=False, f6=True, f7=True, f8=False, f9=True, f10=False, f11=True, f12=True)",0.9509211864733172
42.594,"FeatureMask(f0=True, f1=True, f2=True, f3=True, f4=False, f5=False, f6=True, f7=True, f8=False, f9=True, f10=False, f11=True, f12=True)",0.9509211864733172
42.594,"FeatureMask(f0=True, f1=True, f2=True, f3=True, f4=False, f5=False, f6=True, f7=True, f8=False, f9=True, f10=False, f11=True, f12=True)",0.9509211864733172
42.594,"FeatureMask(f0=True, f1=True, f2=True, f3=True, f4=False, f5=False, f6=True, f7=True, f8=False, f9=True, f10=False, f11=True, f12=True)",0.9509211864733172
42.594,"FeatureMask(f0=True, f1=True, f2=True, f3=True, f4=False, f5=False, f6=True, f7=True, f8=False, f9=True, f10=False, f11=True, f12=True)",0.9509211864733172
42.594,"FeatureMask(f0=True, f1=True, f2=True, f3=True, f4=False, f5=False, f6=True, f7=True, f8=False, f9=True, f10=False, f11=True, f12=True)",0.9509211864733172
42.703,"FeatureMask(f0=True, f1=True, f2=True, f3=True, f4=False, f5=False, f6=True, f7=True, f8=False, f9=True, f10=False, f11=True, f12=True)",0.9509211864733172
42.703,"FeatureMask(f0=True, f1=True, f2=True, f3=True, f4=False, f5=False, f6=True, f7=True, f8=False, f9=True, f10=False, f11=True, f12=True)",0.9509211864733172
42.703,"FeatureMask(f0=True, f1=True, f2=True, f3=True, f4=False, f5=False, f6=True, f7=True, f8=False, f9=True, f10=False, f11=True, f12=True)",0.9509211864733172
42.703,"FeatureMask(f0=True, f1=True, f2=True, f3=True, f4=False, f5=False, f6=True, f7=True, f8=False, f9=True, f10=False, f11=True, f12=True)",0.9509211864733172
42.703,"FeatureMask(f0=True, f1=True, f2=True, f3=True, f4=False, f5=False, f6=True, f7=True, f8=False, f9=True, f10=False, f11=True, f12=True)",0.9509211864733172
42.703,"FeatureMask(f0=True, f1=True, f2=True, f3=True, f4=False, f5=False, f6=True, f7=True, f8=False, f9=True, f10=False, f11=True, f12=True)",0.9509211864733172
42.828,"FeatureMask(f0=True, f1=True, f2=True, f3=True, f4=False, f5=False, f6=True, f7=True, f8=False, f9=True, f10=False, f11=True, f12=True)",0.9509211864733172
42.828,"FeatureMask(f0=True, f1=True, f2=True, f3=True, f4=False, f5=False, f6=True, f7=True, f8=False, f9=True, f10=False, f11=True, f12=True)",0.9509211864733172
42.828,"FeatureMask(f0=True, f1=True, f2=True, f3=True, f4=False, f5=False, f6=True, f7=True, f8=False, f9=True, f10=False, f11=True, f12=True)",0.9509211864733172
42.828,"FeatureMask(f0=True, f1=True, f2=True, f3=True, f4=False, f5=False, f6=True, f7=True, f8=False, f9=True, f10=False, f11=True, f12=True)",0.9509211864733172
42.828,"FeatureMask(f0=True, f1=True, f2=True, f3=True, f4=False, f5=False, f6=True, f7=True, f8=False, f9=True, f10=False, f11=True, f12=True)",0.9509211864733172
42.828,"FeatureMask(f0=True, f1=True, f2=True, f3=True, f4=False, f5=False, f6=True, f7=True, f8=False, f9=True, f10=False, f11=True, f12=True)",0.9509211864733172
42.828,"FeatureMask(f0=True, f1=True, f2=True, f3=True, f4=False, f5=False, f6=True, f7=True, f8=False, f9=True, f10=False, f11=True, f12=True)",0.9509211864733172
42.828,"FeatureMask(f0=True, f1=True, f2=True, f3=True, f4=False, f5=False, f6=True, f7=True, f8=False, f9=True, f10=False, f11=True, f12=True)",0.9509211864733172
42.828,"FeatureMask(f0=True, f1=True, f2=True, f3=True, f4=False, f5=False, f6=True, f7=True, f8=False, f9=True, f10=False, f11=True, f12=True)",0.9509211864733172
42.828,"FeatureMask(f0=True, f1=True, f2=True, f3=True, f4=False, f5=False, f6=True, f7=True, f8=False, f9=True, f10=False, f11=True, f12=True)",0.9509211864733172
42.953,"FeatureMask(f0=True, f1=True, f2=True, f3=True, f4=False, f5=False, f6=True, f7=True, f8=False, f9=True, f10=False, f11=True, f12=True)",0.9509211864733172
43.11,"FeatureMask(f0=True, f1=True, f2=True, f3=True, f4=False, f5=False, f6=True, f7=True, f8=False, f9=True, f10=False, f11=True, f12=True)",0.9509211864733172
43.11,"FeatureMask(f0=True, f1=True, f2=True, f3=True, f4=False, f5=False, f6=True, f7=True, f8=False, f9=True, f10=False, f11=True, f12=True)",0.9509211864733172
43.11,"FeatureMask(f0=True, f1=True, f2=True, f3=True, f4=False, f5=False, f6=True, f7=True, f8=False, f9=True, f10=False, f11=True, f12=True)",0.9509211864733172
43.11,"FeatureMask(f0=True, f1=True, f2=True, f3=True, f4=False, f5=False, f6=True, f7=True, f8=False, f9=True, f10=False, f11=True, f12=True)",0.9509211864733172
43.11,"FeatureMask(f0=True, f1=True, f2=True, f3=True, f4=False, f5=False, f6=True, f7=True, f8=False, f9=True, f10=False, f11=True, f12=True)",0.9509211864733172
43.11,"FeatureMask(f0=True, f1=True, f2=True, f3=True, f4=False, f5=False, f6=True, f7=True, f8=False, f9=True, f10=False, f11=True, f12=True)",0.9509211864733172
43.11,"FeatureMask(f0=True, f1=True, f2=True, f3=True, f4=False, f5=False, f6=True, f7=True, f8=False, f9=True, f10=False, f11=True, f12=True)",0.9509211864733172
43.11,"FeatureMask(f0=True, f1=True, f2=True, f3=True, f4=False, f5=False, f6=True, f7=True, f8=False, f9=True, f10=False, f11=True, f12=True)",0.9509211864733172
43.11,"FeatureMask(f0=True, f1=True, f2=True, f3=True, f4=False, f5=False, f6=True, f7=True, f8=False, f9=True, f10=False, f11=True, f12=True)",0.9509211864733172
43.11,"FeatureMask(f0=True, f1=True, f2=True, f3=True, f4=False, f5=False, f6=True, f7=True, f8=False, f9=True, f10=False, f11=True, f12=True)",0.9509211864733172
43.328,"FeatureMask(f0=True, f1=True, f2=True, f3=True, f4=False, f5=False, f6=True, f7=True, f8=False, f9=True, f10=False, f11=True, f12=True)",0.9509211864733172
43.328,"FeatureMask(f0=True, f1=True, f2=True, f3=True, f4=False, f5=False, f6=True, f7=True, f8=False, f9=True, f10=False, f11=True, f12=True)",0.9509211864733172
43.328,"FeatureMask(f0=True, f1=True, f2=True, f3=True, f4=False, f5=False, f6=True, f7=True, f8=False, f9=True, f10=False, f11=True, f12=True)",0.9509211864733172
43.328,"FeatureMask(f0=True, f1=True, f2=True, f3=True, f4=False, f5=False, f6=True, f7=True, f8=False, f9=True, f10=False, f11=True, f12=True)",0.9509211864733172
43.328,"FeatureMask(f0=True, f1=True, f2=True, f3=True, f4=False, f5=False, f6=True, f7=True, f8=False, f9=True, f10=False, f11=True, f12=True)",0.9509211864733172
43.328,"FeatureMask(f0=True, f1=True, f2=True, f3=True, f4=False, f5=False, f6=True, f7=True, f8=False, f9=True, f10=False, f11=True, f12=True)",0.9509211864733172
43.328,"FeatureMask(f0=True, f1=True, f2=True, f3=True, f4=False, f5=False, f6=True, f7=True, f8=False, f9=True, f10=False, f11=True, f12=True)",0.9509211864733172
43.328,"FeatureMask(f0=True, f1=True, f2=True, f3=True, f4=False, f5=False, f6=True, f7=True, f8=False, f9=True, f10=False, f11=True, f12=True)",0.9509211864733172
43.328,"FeatureMask(f0=True, f1=True, f2=True, f3=True, f4=False, f5=False, f6=True, f7=True, f8=False, f9=True, f10=False, f11=True, f12=True)",0.9509211864733172
43.328,"FeatureMask(f0=True, f1=True, f2=True, f3=True, f4=False, f5=False, f6=True, f7=True, f8=False, f9=True, f10=False, f11=True, f12=True)",0.9509211864733172
43.453,"FeatureMask(f0=True, f1=True, f2=True, f3=True, f4=False, f5=False, f6=True, f7=True, f8=False, f9=True, f10=False, f11=True, f12=True)",0.9509211864733172
43.453,"FeatureMask(f0=True, f1=True, f2=True, f3=True, f4=False, f5=False, f6=True, f7=True, f8=False, f9=True, f10=False, f11=True, f12=True)",0.9509211864733172
43.594,"FeatureMask(f0=True, f1=True, f2=True, f3=True, f4=False, f5=False, f6=True, f7=True, f8=False, f9=True, f10=False, f11=True, f12=True)",0.9509211864733172
43.594,"FeatureMask(f0=True, f1=True, f2=True, f3=True, f4=False, f5=False, f6=True, f7=True, f8=False, f9=True, f10=False, f11=True, f12=True)",0.9509211864733172
43.594,"FeatureMask(f0=True, f1=True, f2=True, f3=True, f4=False, f5=False, f6=True, f7=True, f8=False, f9=True, f10=False, f11=True, f12=True)",0.9509211864733172
43.594,"FeatureMask(f0=True, f1=True, f2=True, f3=True, f4=False, f5=False, f6=True, f7=True, f8=False, f9=True, f10=False, f11=True, f12=True)",0.9509211864733172
43.594,"FeatureMask(f0=True, f1=True, f2=True, f3=True, f4=False, f5=False, f6=True, f7=True, f8=False, f9=True, f10=False, f11=True, f12=True)",0.9509211864733172
43.594,"FeatureMask(f0=True, f1=True, f2=True, f3=True, f4=False, f5=False, f6=True, f7=True, f8=False, f9=True, f10=False, f11=True, f12=True)",0.9509211864733172
43.594,"FeatureMask(f0=True, f1=True, f2=True, f3=True, f4=False, f5=False, f6=True, f7=True, f8=False, f9=True, f10=False, f11=True, f12=True)",0.9509211864733172
43.594,"FeatureMask(f0=True, f1=True, f2=True, f3=True, f4=False, f5=False, f6=True, f7=True, f8=False, f9=True, f10=False, f11=True, f12=True)",0.9509211864733172
43.594,"FeatureMask(f0=True, f1=True, f2=True, f3=True, f4=False, f5=False, f6=True, f7=True, f8=False, f9=True, f10=False, f11=True, f12=True)",0.9509211864733172
43.594,"FeatureMask(f0=True, f1=True, f2=True, f3=True, f4=False, f5=False, f6=True, f7=True, f8=False, f9=True, f10=False, f11=True, f12=True)",0.9509211864733172
43.86,"FeatureMask(f0=True, f1=True, f2=True, f3=True, f4=False, f5=False, f6=True, f7=True, f8=False, f9=True, f10=False, f11=True, f12=True)",0.9509211864733172
43.86,"FeatureMask(f0=True, f1=True, f2=True, f3=True, f4=False, f5=False, f6=True, f7=True, f8=False, f9=True, f10=False, f11=True, f12=True)",0.9509211864733172
43.86,"FeatureMask(f0=True, f1=True, f2=True, f3=True, f4=False, f5=False, f6=True, f7=True, f8=False, f9=True, f10=False, f11=True, f12=True)",0.9509211864733172
43.86,"FeatureMask(f0=True, f1=True, f2=True, f3=True, f4=False, f5=False, f6=True, f7=True, f8=False, f9=True, f10=False, f11=True, f12=True)",0.9509211864733172
43.86,"FeatureMask(f0=True, f1=True, f2=True, f3=True, f4=False, f5=False, f6=True, f7=True, f8=False, f9=True, f10=False, f11=True, f12=True)",0.9509211864733172
43.86,"FeatureMask(f0=True, f1=True, f2=True, f3=True, f4=False, f5=False, f6=True, f7=True, f8=False, f9=True, f10=False, f11=True, f12=True)",0.9509211864733172
43.86,"FeatureMask(f0=True, f1=True, f2=True, f3=True, f4=False, f5=False, f6=True, f7=True, f8=False, f9=True, f10=False, f11=True, f12=True)",0.9509211864733172
43.86,"FeatureMask(f0=True, f1=True, f2=True, f3=True, f4=False, f5=False, f6=True, f7=True, f8=False, f9=True, f10=False, f11=True, f12=True)",0.9509211864733172
43.86,"FeatureMask(f0=True, f1=True, f2=True, f3=True, f4=False, f5=False, f6=True, f7=True, f8=False, f9=True, f10=False, f11=True, f12=True)",0.9509211864733172
43.86,"FeatureMask(f0=True, f1=True, f2=True, f3=True, f4=False, f5=False, f6=True, f7=True, f8=False, f9=True, f10=False, f11=True, f12=True)",0.9509211864733172
43.969,"FeatureMask(f0=True, f1=True, f2=True, f3=True, f4=False, f5=False, f6=True, f7=True, f8=False, f9=True, f10=False, f11=True, f12=True)",0.9509211864733172
44.094,"FeatureMask(f0=True, f1=True, f2=True, f3=True, f4=False, f5=False, f6=True, f7=True, f8=False, f9=True, f10=False, f11=True, f12=True)",0.9509211864733172
44.094,"FeatureMask(f0=True, f1=True, f2=True, f3=True, f4=False, f5=False, f6=True, f7=True, f8=False, f9=True, f10=False, f11=True, f12=True)",0.9509211864733172
44.094,"FeatureMask(f0=True, f1=True, f2=True, f3=True, f4=False, f5=False, f6=True, f7=True, f8=False, f9=True, f10=False, f11=True, f12=True)",0.9509211864733172
44.094,"FeatureMask(f0=True, f1=True, f2=True, f3=True, f4=False, f5=False, f6=True, f7=True, f8=False, f9=True, f10=False, f11=True, f12=True)",0.9509211864733172
44.094,"FeatureMask(f0=True, f1=True, f2=True, f3=True, f4=False, f5=False, f6=True, f7=True, f8=False, f9=True, f10=False, f11=True, f12=True)",0.9509211864733172
44.094,"FeatureMask(f0=True, f1=True, f2=True, f3=True, f4=False, f5=False, f6=True, f7=True, f8=False, f9=True, f10=False, f11=True, f12=True)",0.9509211864733172
44.094,"FeatureMask(f0=True, f1=True, f2=True, f3=True, f4=False, f5=False, f6=True, f7=True, f8=False, f9=True, f10=False, f11=True, f12=True)",0.9509211864733172
44.094,"FeatureMask(f0=True, f1=True, f2=True, f3=True, f4=False, f5=False, f6=True, f7=True, f8=False, f9=True, f10=False, f11=True, f12=True)",0.9509211864733172
44.094,"FeatureMask(f0=True, f1=True, f2=True, f3=True, f4=False, f5=False, f6=True, f7=True, f8=False, f9=True, f10=False, f11=True, f12=True)",0.9509211864733172
44.094,"FeatureMask(f0=True, f1=True, f2=True, f3=True, f4=False, f5=False, f6=True, f7=True, f8=False, f9=True, f10=False, f11=True, f12=True)",0.9509211864733172
44.203,"FeatureMask(f0=True, f1=True, f2=True, f3=True, f4=False, f5=False, f6=True, f7=True, f8=False, f9=True, f10=False, f11=True, f12=True)",0.9509211864733172
44.36,"FeatureMask(f0=True, f1=True, f2=True, f3=True, f4=False, f5=False, f6=True, f7=True, f8=False, f9=True, f10=False, f11=True, f12=True)",0.9509211864733172
44.36,"FeatureMask(f0=True, f1=True, f2=True, f3=True, f4=False, f5=False, f6=True, f7=True, f8=False, f9=True, f10=False, f11=True, f12=True)",0.9509211864733172
44.36,"FeatureMask(f0=True, f1=True, f2=True, f3=True, f4=False, f5=False, f6=True, f7=True, f8=False, f9=True, f10=False, f11=True, f12=True)",0.9509211864733172
44.36,"FeatureMask(f0=True, f1=True, f2=True, f3=True, f4=False, f5=False, f6=True, f7=True, f8=False, f9=True, f10=False, f11=True, f12=True)",0.9509211864733172
44.36,"FeatureMask(f0=True, f1=True, f2=True, f3=True, f4=False, f5=False, f6=True, f7=True, f8=False, f9=True, f10=False, f11=True, f12=True)",0.9509211864733172
44.36,"FeatureMask(f0=True, f1=True, f2=True, f3=True, f4=False, f5=False, f6=True, f7=True, f8=False, f9=True, f10=False, f11=True, f12=True)",0.9509211864733172
44.36,"FeatureMask(f0=True, f1=True, f2=True, f3=True, f4=False, f5=False, f6=True, f7=True, f8=False, f9=True, f10=False, f11=True, f12=True)",0.9509211864733172
44.36,"FeatureMask(f0=True, f1=True, f2=True, f3=True, f4=False, f5=False, f6=True, f7=True, f8=False, f9=True, f10=False, f11=True, f12=True)",0.9509211864733172
44.36,"FeatureMask(f0=True, f1=True, f2=True, f3=True, f4=False, f5=False, f6=True, f7=True, f8=False, f9=True, f10=False, f11=True, f12=True)",0.9509211864733172
44.36,"FeatureMask(f0=True, f1=True, f2=True, f3=True, f4=False, f5=False, f6=True, f7=True, f8=False, f9=True, f10=False, f11=True, f12=True)",0.9509211864733172
44.469,"FeatureMask(f0=True, f1=True, f2=True, f3=True, f4=False, f5=False, f6=True, f7=True, f8=False, f9=True, f10=False, f11=True, f12=True)",0.9509211864733172
44.61,"FeatureMask(f0=True, f1=True, f2=True, f3=True, f4=False, f5=False, f6=True, f7=True, f8=False, f9=True, f10=False, f11=True, f12=True)",0.9509211864733172
44.61,"FeatureMask(f0=True, f1=True, f2=True, f3=True, f4=False, f5=False, f6=True, f7=True, f8=False, f9=True, f10=False, f11=True, f12=True)",0.9509211864733172
44.61,"FeatureMask(f0=True, f1=True, f2=True, f3=True, f4=False, f5=False, f6=True, f7=True, f8=False, f9=True, f10=False, f11=True, f12=True)",0.9509211864733172
44.61,"FeatureMask(f0=True, f1=True, f2=True, f3=True, f4=False, f5=False, f6=True, f7=True, f8=False, f9=True, f10=False, f11=True, f12=True)",0.9509211864733172
44.61,"FeatureMask(f0=True, f1=True, f2=True, f3=True, f4=False, f5=False, f6=True, f7=True, f8=False, f9=True, f10=False, f11=True, f12=True)",0.9509211864733172
44.61,"FeatureMask(f0=True, f1=True, f2=True, f3=True, f4=False, f5=False, f6=True, f7=True, f8=False, f9=True, f10=False, f11=True, f12=True)",0.9509211864733172
44.61,"FeatureMask(f0=True, f1=True, f2=True, f3=True, f4=False, f5=False, f6=True, f7=True, f8=False, f9=True, f10=False, f11=True, f12=True)",0.9509211864733172
44.61,"FeatureMask(f0=True, f1=True, f2=True, f3=True, f4=False, f5=False, f6=True, f7=True, f8=False, f9=True, f10=False, f11=True, f12=True)",0.9509211864733172
44.61,"FeatureMask(f0=True, f1=True, f2=True, f3=True, f4=False, f5=False, f6=True, f7=True, f8=False, f9=True, f10=False, f11=True, f12=True)",0.9509211864733172
44.61,"FeatureMask(f0=True, f1=True, f2=True, f3=True, f4=False, f5=False, f6=True, f7=True, f8=False, f9=True, f10=False, f11=True, f12=True)",0.9509211864733172
44.703,"FeatureMask(f0=True, f1=True, f2=True, f3=True, f4=False, f5=False, f6=True, f7=True, f8=False, f9=True, f10=False, f11=True, f12=True)",0.9509211864733172
44.797000000000004,"FeatureMask(f0=True, f1=True, f2=True, f3=True, f4=False, f5=False, f6=True, f7=True, f8=False, f9=True, f10=False, f11=True, f12=True)",0.9509211864733172
44.797000000000004,"FeatureMask(f0=True, f1=True, f2=True, f3=True, f4=False, f5=False, f6=True, f7=True, f8=False, f9=True, f10=False, f11=True, f12=True)",0.9509211864733172
44.797000000000004,"FeatureMask(f0=True, f1=True, f2=True, f3=True, f4=False, f5=False, f6=True, f7=True, f8=False, f9=True, f10=False, f11=True, f12=True)",0.9509211864733172
44.797000000000004,"FeatureMask(f0=True, f1=True, f2=True, f3=True, f4=False, f5=False, f6=True, f7=True, f8=False, f9=True, f10=False, f11=True, f12=True)",0.9509211864733172
44.797000000000004,"FeatureMask(f0=True, f1=True, f2=True, f3=True, f4=False, f5=False, f6=True, f7=True, f8=False, f9=True, f10=False, f11=True, f12=True)",0.9509211864733172
44.797000000000004,"FeatureMask(f0=True, f1=True, f2=True, f3=True, f4=False, f5=False, f6=True, f7=True, f8=False, f9=True, f10=False, f11=True, f12=True)",0.9509211864733172
44.797000000000004,"FeatureMask(f0=True, f1=True, f2=True, f3=True, f4=False, f5=False, f6=True, f7=True, f8=False, f9=True, f10=False, f11=True, f12=True)",0.9509211864733172
44.797000000000004,"FeatureMask(f0=True, f1=True, f2=True, f3=True, f4=False, f5=False, f6=True, f7=True, f8=False, f9=True, f10=False, f11=True, f12=True)",0.9509211864733172
44.797000000000004,"FeatureMask(f0=True, f1=True, f2=True, f3=True, f4=False, f5=False, f6=True, f7=True, f8=False, f9=True, f10=False, f11=True, f12=True)",0.9509211864733172
44.797000000000004,"FeatureMask(f0=True, f1=True, f2=True, f3=True, f4=False, f5=False, f6=True, f7=True, f8=False, f9=True, f10=False, f11=True, f12=True)",0.9509211864733172
44.891000000000005,"FeatureMask(f0=True, f1=True, f2=True, f3=True, f4=False, f5=False, f6=True, f7=True, f8=False, f9=True, f10=False, f11=True, f12=True)",0.9509211864733172
45.016000000000005,"FeatureMask(f0=True, f1=True, f2=True, f3=True, f4=False, f5=False, f6=True, f7=True, f8=False, f9=True, f10=False, f11=True, f12=True)",0.9509211864733172
45.016000000000005,"FeatureMask(f0=True, f1=True, f2=True, f3=True, f4=False, f5=False, f6=True, f7=True, f8=False, f9=True, f10=False, f11=True, f12=True)",0.9509211864733172
45.016000000000005,"FeatureMask(f0=True, f1=True, f2=True, f3=True, f4=False, f5=False, f6=True, f7=True, f8=False, f9=True, f10=False, f11=True, f12=True)",0.9509211864733172
45.016000000000005,"FeatureMask(f0=True, f1=True, f2=True, f3=True, f4=False, f5=False, f6=True, f7=True, f8=False, f9=True, f10=False, f11=True, f12=True)",0.9509211864733172
45.016000000000005,"FeatureMask(f0=True, f1=True, f2=True, f3=True, f4=False, f5=False, f6=True, f7=True, f8=False, f9=True, f10=False, f11=True, f12=True)",0.9509211864733172
45.016000000000005,"FeatureMask(f0=True, f1=True, f2=True, f3=True, f4=False, f5=False, f6=True, f7=True, f8=False, f9=True, f10=False, f11=True, f12=True)",0.9509211864733172
45.016000000000005,"FeatureMask(f0=True, f1=True, f2=True, f3=True, f4=False, f5=False, f6=True, f7=True, f8=False, f9=True, f10=False, f11=True, f12=True)",0.9509211864733172
45.016000000000005,"FeatureMask(f0=True, f1=True, f2=True, f3=True, f4=False, f5=False, f6=True, f7=True, f8=False, f9=True, f10=False, f11=True, f12=True)",0.9509211864733172
45.016000000000005,"FeatureMask(f0=True, f1=True, f2=True, f3=True, f4=False, f5=False, f6=True, f7=True, f8=False, f9=True, f10=False, f11=True, f12=True)",0.9509211864733172
45.016000000000005,"FeatureMask(f0=True, f1=True, f2=True, f3=True, f4=False, f5=False, f6=True, f7=True, f8=False, f9=True, f10=False, f11=True, f12=True)",0.9509211864733172
45.141000000000005,"FeatureMask(f0=True, f1=True, f2=True, f3=True, f4=False, f5=False, f6=True, f7=True, f8=False, f9=True, f10=False, f11=True, f12=True)",0.9509211864733172
45.141000000000005,"FeatureMask(f0=True, f1=True, f2=True, f3=True, f4=False, f5=False, f6=True, f7=True, f8=False, f9=True, f10=False, f11=True, f12=True)",0.9509211864733172
45.141000000000005,"FeatureMask(f0=True, f1=True, f2=True, f3=True, f4=False, f5=False, f6=True, f7=True, f8=False, f9=True, f10=False, f11=True, f12=True)",0.9509211864733172
45.141000000000005,"FeatureMask(f0=True, f1=True, f2=True, f3=True, f4=False, f5=False, f6=True, f7=True, f8=False, f9=True, f10=False, f11=True, f12=True)",0.9509211864733172
45.282000000000004,"FeatureMask(f0=True, f1=True, f2=True, f3=True, f4=False, f5=False, f6=True, f7=True, f8=False, f9=True, f10=False, f11=True, f12=True)",0.9509211864733172
45.282000000000004,"FeatureMask(f0=True, f1=True, f2=True, f3=True, f4=False, f5=False, f6=True, f7=True, f8=False, f9=True, f10=False, f11=True, f12=True)",0.9509211864733172
45.282000000000004,"FeatureMask(f0=True, f1=True, f2=True, f3=True, f4=False, f5=False, f6=True, f7=True, f8=False, f9=True, f10=False, f11=True, f12=True)",0.9509211864733172
45.282000000000004,"FeatureMask(f0=True, f1=True, f2=True, f3=True, f4=False, f5=False, f6=True, f7=True, f8=False, f9=True, f10=False, f11=True, f12=True)",0.9509211864733172
45.282000000000004,"FeatureMask(f0=True, f1=True, f2=True, f3=True, f4=False, f5=False, f6=True, f7=True, f8=False, f9=True, f10=False, f11=True, f12=True)",0.9509211864733172
45.282000000000004,"FeatureMask(f0=True, f1=True, f2=True, f3=True, f4=False, f5=False, f6=True, f7=True, f8=False, f9=True, f10=False, f11=True, f12=True)",0.9509211864733172
45.282000000000004,"FeatureMask(f0=True, f1=True, f2=True, f3=True, f4=False, f5=False, f6=True, f7=True, f8=False, f9=True, f10=False, f11=True, f12=True)",0.9509211864733172
45.282000000000004,"FeatureMask(f0=True, f1=True, f2=True, f3=True, f4=False, f5=False, f6=True, f7=True, f8=False, f9=True, f10=False, f11=True, f12=True)",0.9509211864733172
45.282000000000004,"FeatureMask(f0=True, f1=True, f2=True, f3=True, f4=False, f5=False, f6=True, f7=True, f8=False, f9=True, f10=False, f11=True, f12=True)",0.9509211864733172
45.282000000000004,"FeatureMask(f0=True, f1=True, f2=True, f3=True, f4=False, f5=False, f6=True, f7=True, f8=False, f9=True, f10=False, f11=True, f12=True)",0.9509211864733172
45.391000000000005,"FeatureMask(f0=True, f1=True, f2=True, f3=True, f4=False, f5=False, f6=True, f7=True, f8=False, f9=True, f10=False, f11=True, f12=True)",0.9509211864733172
45.532000000000004,"FeatureMask(f0=True, f1=True, f2=True, f3=True, f4=False, f5=False, f6=True, f7=True, f8=False, f9=True, f10=False, f11=True, f12=True)",0.9509211864733172
45.532000000000004,"FeatureMask(f0=True, f1=True, f2=True, f3=True, f4=False, f5=False, f6=True, f7=True, f8=False, f9=True, f10=False, f11=True, f12=True)",0.9509211864733172
45.532000000000004,"FeatureMask(f0=True, f1=True, f2=True, f3=True, f4=False, f5=False, f6=True, f7=True, f8=False, f9=True, f10=False, f11=True, f12=True)",0.9509211864733172
45.532000000000004,"FeatureMask(f0=True, f1=True, f2=True, f3=True, f4=False, f5=False, f6=True, f7=True, f8=False, f9=True, f10=False, f11=True, f12=True)",0.9509211864733172
45.532000000000004,"FeatureMask(f0=True, f1=True, f2=True, f3=True, f4=False, f5=False, f6=True, f7=True, f8=False, f9=True, f10=False, f11=True, f12=True)",0.9509211864733172
45.532000000000004,"FeatureMask(f0=True, f1=True, f2=True, f3=True, f4=False, f5=False, f6=True, f7=True, f8=False, f9=True, f10=False, f11=True, f12=True)",0.9509211864733172
45.532000000000004,"FeatureMask(f0=True, f1=True, f2=True, f3=True, f4=False, f5=False, f6=True, f7=True, f8=False, f9=True, f10=False, f11=True, f12=True)",0.9509211864733172
45.532000000000004,"FeatureMask(f0=True, f1=True, f2=True, f3=True, f4=False, f5=False, f6=True, f7=True, f8=False, f9=True, f10=False, f11=True, f12=True)",0.9509211864733172
45.532000000000004,"FeatureMask(f0=True, f1=True, f2=True, f3=True, f4=False, f5=False, f6=True, f7=True, f8=False, f9=True, f10=False, f11=True, f12=True)",0.9509211864733172
45.532000000000004,"FeatureMask(f0=True, f1=True, f2=True, f3=True, f4=False, f5=False, f6=True, f7=True, f8=False, f9=True, f10=False, f11=True, f12=True)",0.9509211864733172
45.657000000000004,"FeatureMask(f0=True, f1=True, f2=True, f3=True, f4=False, f5=False, f6=True, f7=True, f8=False, f9=True, f10=False, f11=True, f12=True)",0.9509211864733172
45.766000000000005,"FeatureMask(f0=True, f1=True, f2=True, f3=True, f4=False, f5=False, f6=True, f7=True, f8=False, f9=True, f10=False, f11=True, f12=True)",0.9509211864733172
45.766000000000005,"FeatureMask(f0=True, f1=True, f2=True, f3=True, f4=False, f5=False, f6=True, f7=True, f8=False, f9=True, f10=False, f11=True, f12=True)",0.9509211864733172
45.766000000000005,"FeatureMask(f0=True, f1=True, f2=True, f3=True, f4=False, f5=False, f6=True, f7=True, f8=False, f9=True, f10=False, f11=True, f12=True)",0.9509211864733172
45.766000000000005,"FeatureMask(f0=True, f1=True, f2=True, f3=True, f4=False, f5=False, f6=True, f7=True, f8=False, f9=True, f10=False, f11=True, f12=True)",0.9509211864733172
45.766000000000005,"FeatureMask(f0=True, f1=True, f2=True, f3=True, f4=False, f5=False, f6=True, f7=True, f8=False, f9=True, f10=False, f11=True, f12=True)",0.9509211864733172
45.766000000000005,"FeatureMask(f0=True, f1=True, f2=True, f3=True, f4=False, f5=False, f6=True, f7=True, f8=False, f9=True, f10=False, f11=True, f12=True)",0.9509211864733172
45.766000000000005,"FeatureMask(f0=True, f1=True, f2=True, f3=True, f4=False, f5=False, f6=True, f7=True, f8=False, f9=True, f10=False, f11=True, f12=True)",0.9509211864733172
45.766000000000005,"FeatureMask(f0=True, f1=True, f2=True, f3=True, f4=False, f5=False, f6=True, f7=True, f8=False, f9=True, f10=False, f11=True, f12=True)",0.9509211864733172
45.766000000000005,"FeatureMask(f0=True, f1=True, f2=True, f3=True, f4=False, f5=False, f6=True, f7=True, f8=False, f9=True, f10=False, f11=True, f12=True)",0.9509211864733172
45.766000000000005,"FeatureMask(f0=True, f1=True, f2=True, f3=True, f4=False, f5=False, f6=True, f7=True, f8=False, f9=True, f10=False, f11=True, f12=True)",0.9509211864733172
45.875,"FeatureMask(f0=True, f1=True, f2=True, f3=True, f4=False, f5=False, f6=True, f7=True, f8=False, f9=True, f10=False, f11=True, f12=True)",0.9509211864733172
45.875,"FeatureMask(f0=True, f1=True, f2=True, f3=True, f4=False, f5=False, f6=True, f7=True, f8=False, f9=True, f10=False, f11=True, f12=True)",0.9509211864733172
45.875,"FeatureMask(f0=True, f1=True, f2=True, f3=True, f4=False, f5=False, f6=True, f7=True, f8=False, f9=True, f10=False, f11=True, f12=True)",0.9509211864733172
45.875,"FeatureMask(f0=True, f1=True, f2=True, f3=True, f4=False, f5=False, f6=True, f7=True, f8=False, f9=True, f10=False, f11=True, f12=True)",0.9509211864733172
45.875,"FeatureMask(f0=True, f1=True, f2=True, f3=True, f4=False, f5=False, f6=True, f7=True, f8=False, f9=True, f10=False, f11=True, f12=True)",0.9509211864733172
45.969,"FeatureMask(f0=True, f1=True, f2=True, f3=True, f4=False, f5=False, f6=True, f7=True, f8=False, f9=True, f10=False, f11=True, f12=True)",0.9509211864733172
45.969,"FeatureMask(f0=True, f1=True, f2=True, f3=True, f4=False, f5=False, f6=True, f7=True, f8=False, f9=True, f10=False, f11=True, f12=True)",0.9509211864733172
45.969,"FeatureMask(f0=True, f1=True, f2=True, f3=True, f4=False, f5=False, f6=True, f7=True, f8=False, f9=True, f10=False, f11=True, f12=True)",0.9509211864733172
45.969,"FeatureMask(f0=True, f1=True, f2=True, f3=True, f4=False, f5=False, f6=True, f7=True, f8=False, f9=True, f10=False, f11=True, f12=True)",0.9509211864733172
45.969,"FeatureMask(f0=True, f1=True, f2=True, f3=True, f4=False, f5=False, f6=True, f7=True, f8=False, f9=True, f10=False, f11=True, f12=True)",0.9509211864733172
45.969,"FeatureMask(f0=True, f1=True, f2=True, f3=True, f4=False, f5=False, f6=True, f7=True, f8=False, f9=True, f10=False, f11=True, f12=True)",0.9509211864733172
45.969,"FeatureMask(f0=True, f1=True, f2=True, f3=True, f4=False, f5=False, f6=True, f7=True, f8=False, f9=True, f10=False, f11=True, f12=True)",0.9509211864733172
45.969,"FeatureMask(f0=True, f1=True, f2=True, f3=True, f4=False, f5=False, f6=True, f7=True, f8=False, f9=True, f10=False, f11=True, f12=True)",0.9509211864733172
45.969,"FeatureMask(f0=True, f1=True, f2=True, f3=True, f4=False, f5=False, f6=True, f7=True, f8=False, f9=True, f10=False, f11=True, f12=True)",0.9509211864733172
45.969,"FeatureMask(f0=True, f1=True, f2=True, f3=True, f4=False, f5=False, f6=True, f7=True, f8=False, f9=True, f10=False, f11=True, f12=True)",0.9509211864733172
46.078,"FeatureMask(f0=True, f1=True, f2=True, f3=True, f4=False, f5=False, f6=True, f7=True, f8=False, f9=True, f10=False, f11=True, f12=True)",0.9509211864733172
46.078,"FeatureMask(f0=True, f1=True, f2=True, f3=True, f4=False, f5=False, f6=True, f7=True, f8=False, f9=True, f10=False, f11=True, f12=True)",0.9509211864733172
46.078,"FeatureMask(f0=True, f1=True, f2=True, f3=True, f4=False, f5=False, f6=True, f7=True, f8=False, f9=True, f10=False, f11=True, f12=True)",0.9509211864733172
46.203,"FeatureMask(f0=True, f1=True, f2=True, f3=True, f4=False, f5=False, f6=True, f7=True, f8=False, f9=True, f10=False, f11=True, f12=True)",0.9509211864733172
46.203,"FeatureMask(f0=True, f1=True, f2=True, f3=True, f4=False, f5=False, f6=True, f7=True, f8=False, f9=True, f10=False, f11=True, f12=True)",0.9509211864733172
46.203,"FeatureMask(f0=True, f1=True, f2=True, f3=True, f4=False, f5=False, f6=True, f7=True, f8=False, f9=True, f10=False, f11=True, f12=True)",0.9509211864733172
46.203,"FeatureMask(f0=True, f1=True, f2=True, f3=True, f4=False, f5=False, f6=True, f7=True, f8=False, f9=True, f10=False, f11=True, f12=True)",0.9509211864733172
46.203,"FeatureMask(f0=True, f1=True, f2=True, f3=True, f4=False, f5=False, f6=True, f7=True, f8=False, f9=True, f10=False, f11=True, f12=True)",0.9509211864733172
46.203,"FeatureMask(f0=True, f1=True, f2=True, f3=True, f4=False, f5=False, f6=True, f7=True, f8=False, f9=True, f10=False, f11=True, f12=True)",0.9509211864733172
46.203,"FeatureMask(f0=True, f1=True, f2=True, f3=True, f4=False, f5=False, f6=True, f7=True, f8=False, f9=True, f10=False, f11=True, f12=True)",0.9509211864733172
46.203,"FeatureMask(f0=True, f1=True, f2=True, f3=True, f4=False, f5=False, f6=True, f7=True, f8=False, f9=True, f10=False, f11=True, f12=True)",0.9509211864733172
46.203,"FeatureMask(f0=True, f1=True, f2=True, f3=True, f4=False, f5=False, f6=True, f7=True, f8=False, f9=True, f10=False, f11=True, f12=True)",0.9509211864733172
46.203,"FeatureMask(f0=True, f1=True, f2=True, f3=True, f4=False, f5=False, f6=True, f7=True, f8=False, f9=True, f10=False, f11=True, f12=True)",0.9509211864733172
46.438,"FeatureMask(f0=True, f1=True, f2=True, f3=True, f4=False, f5=False, f6=True, f7=True, f8=False, f9=True, f10=False, f11=True, f12=True)",0.9509211864733172
46.438,"FeatureMask(f0=True, f1=True, f2=True, f3=True, f4=False, f5=False, f6=True, f7=True, f8=False, f9=True, f10=False, f11=True, f12=True)",0.9509211864733172
46.438,"FeatureMask(f0=True, f1=True, f2=True, f3=True, f4=False, f5=False, f6=True, f7=True, f8=False, f9=True, f10=False, f11=True, f12=True)",0.9509211864733172
46.438,"FeatureMask(f0=True, f1=True, f2=True, f3=True, f4=False, f5=False, f6=True, f7=True, f8=False, f9=True, f10=False, f11=True, f12=True)",0.9509211864733172
46.438,"FeatureMask(f0=True, f1=True, f2=True, f3=True, f4=False, f5=False, f6=True, f7=True, f8=False, f9=True, f10=False, f11=True, f12=True)",0.9509211864733172
46.438,"FeatureMask(f0=True, f1=True, f2=True, f3=True, f4=False, f5=False, f6=True, f7=True, f8=False, f9=True, f10=False, f11=True, f12=True)",0.9509211864733172
46.438,"FeatureMask(f0=True, f1=True, f2=True, f3=True, f4=False, f5=False, f6=True, f7=True, f8=False, f9=True, f10=False, f11=True, f12=True)",0.9509211864733172
46.438,"FeatureMask(f0=True, f1=True, f2=True, f3=True, f4=False, f5=False, f6=True, f7=True, f8=False, f9=True, f10=False, f11=True, f12=True)",0.9509211864733172
46.438,"FeatureMask(f0=True, f1=True, f2=True, f3=True, f4=False, f5=False, f6=True, f7=True, f8=False, f9=True, f10=False, f11=True, f12=True)",0.9509211864733172
46.438,"FeatureMask(f0=True, f1=True, f2=True, f3=True, f4=False, f5=False, f6=True, f7=True, f8=False, f9=True, f10=False, f11=True, f12=True)",0.9509211864733172
46.672000000000004,"FeatureMask(f0=True, f1=True, f2=True, f3=True, f4=False, f5=False, f6=True, f7=True, f8=False, f9=True, f10=False, f11=True, f12=True)",0.9509211864733172
46.672000000000004,"FeatureMask(f0=True, f1=True, f2=True, f3=True, f4=False, f5=False, f6=True, f7=True, f8=False, f9=True, f10=False, f11=True, f12=True)",0.9509211864733172
46.672000000000004,"FeatureMask(f0=True, f1=True, f2=True, f3=True, f4=False, f5=False, f6=True, f7=True, f8=False, f9=True, f10=False, f11=True, f12=True)",0.9509211864733172
46.672000000000004,"FeatureMask(f0=True, f1=True, f2=True, f3=True, f4=False, f5=False, f6=True, f7=True, f8=False, f9=True, f10=False, f11=True, f12=True)",0.9509211864733172
46.672000000000004,"FeatureMask(f0=True, f1=True, f2=True, f3=True, f4=False, f5=False, f6=True, f7=True, f8=False, f9=True, f10=False, f11=True, f12=True)",0.9509211864733172
46.672000000000004,"FeatureMask(f0=True, f1=True, f2=True, f3=True, f4=False, f5=False, f6=True, f7=True, f8=False, f9=True, f10=False, f11=True, f12=True)",0.9509211864733172
46.672000000000004,"FeatureMask(f0=True, f1=True, f2=True, f3=True, f4=False, f5=False, f6=True, f7=True, f8=False, f9=True, f10=False, f11=True, f12=True)",0.9509211864733172
46.672000000000004,"FeatureMask(f0=True, f1=True, f2=True, f3=True, f4=False, f5=False, f6=True, f7=True, f8=False, f9=True, f10=False, f11=True, f12=True)",0.9509211864733172
46.672000000000004,"FeatureMask(f0=True, f1=True, f2=True, f3=True, f4=False, f5=False, f6=True, f7=True, f8=False, f9=True, f10=False, f11=True, f12=True)",0.9509211864733172
46.672000000000004,"FeatureMask(f0=True, f1=True, f2=True, f3=True, f4=False, f5=False, f6=True, f7=True, f8=False, f9=True, f10=False, f11=True, f12=True)",0.9509211864733172
46.782000000000004,"FeatureMask(f0=True, f1=True, f2=True, f3=True, f4=False, f5=False, f6=True, f7=True, f8=False, f9=True, f10=False, f11=True, f12=True)",0.9509211864733172
46.907000000000004,"FeatureMask(f0=True, f1=True, f2=True, f3=True, f4=False, f5=False, f6=True, f7=True, f8=False, f9=True, f10=False, f11=True, f12=True)",0.9509211864733172
46.907000000000004,"FeatureMask(f0=True, f1=True, f2=True, f3=True, f4=False, f5=False, f6=True, f7=True, f8=False, f9=True, f10=False, f11=True, f12=True)",0.9509211864733172
46.907000000000004,"FeatureMask(f0=True, f1=True, f2=True, f3=True, f4=False, f5=False, f6=True, f7=True, f8=False, f9=True, f10=False, f11=True, f12=True)",0.9509211864733172
46.907000000000004,"FeatureMask(f0=True, f1=True, f2=True, f3=True, f4=False, f5=False, f6=True, f7=True, f8=False, f9=True, f10=False, f11=True, f12=True)",0.9509211864733172
46.907000000000004,"FeatureMask(f0=True, f1=True, f2=True, f3=True, f4=False, f5=False, f6=True, f7=True, f8=False, f9=True, f10=False, f11=True, f12=True)",0.9509211864733172
46.907000000000004,"FeatureMask(f0=True, f1=True, f2=True, f3=True, f4=False, f5=False, f6=True, f7=True, f8=False, f9=True, f10=False, f11=True, f12=True)",0.9509211864733172
46.907000000000004,"FeatureMask(f0=True, f1=True, f2=True, f3=True, f4=False, f5=False, f6=True, f7=True, f8=False, f9=True, f10=False, f11=True, f12=True)",0.9509211864733172
46.907000000000004,"FeatureMask(f0=True, f1=True, f2=True, f3=True, f4=False, f5=False, f6=True, f7=True, f8=False, f9=True, f10=False, f11=True, f12=True)",0.9509211864733172
46.907000000000004,"FeatureMask(f0=True, f1=True, f2=True, f3=True, f4=False, f5=False, f6=True, f7=True, f8=False, f9=True, f10=False, f11=True, f12=True)",0.9509211864733172
46.907000000000004,"FeatureMask(f0=True, f1=True, f2=True, f3=True, f4=False, f5=False, f6=True, f7=True, f8=False, f9=True, f10=False, f11=True, f12=True)",0.9509211864733172
47.0,"FeatureMask(f0=True, f1=True, f2=True, f3=True, f4=False, f5=False, f6=True, f7=True, f8=False, f9=True, f10=False, f11=True, f12=True)",0.9509211864733172
47.0,"FeatureMask(f0=True, f1=True, f2=True, f3=True, f4=False, f5=False, f6=True, f7=True, f8=False, f9=True, f10=False, f11=True, f12=True)",0.9509211864733172
47.125,"FeatureMask(f0=True, f1=True, f2=True, f3=True, f4=False, f5=False, f6=True, f7=True, f8=False, f9=True, f10=False, f11=True, f12=True)",0.9509211864733172
47.125,"FeatureMask(f0=True, f1=True, f2=True, f3=True, f4=False, f5=False, f6=True, f7=True, f8=False, f9=True, f10=False, f11=True, f12=True)",0.9509211864733172
47.125,"FeatureMask(f0=True, f1=True, f2=True, f3=True, f4=False, f5=False, f6=True, f7=True, f8=False, f9=True, f10=False, f11=True, f12=True)",0.9509211864733172
47.125,"FeatureMask(f0=True, f1=True, f2=True, f3=True, f4=False, f5=False, f6=True, f7=True, f8=False, f9=True, f10=False, f11=True, f12=True)",0.9509211864733172
47.125,"FeatureMask(f0=True, f1=True, f2=True, f3=True, f4=False, f5=False, f6=True, f7=True, f8=False, f9=True, f10=False, f11=True, f12=True)",0.9509211864733172
47.125,"FeatureMask(f0=True, f1=True, f2=True, f3=True, f4=False, f5=False, f6=True, f7=True, f8=False, f9=True, f10=False, f11=True, f12=True)",0.9509211864733172
47.125,"FeatureMask(f0=True, f1=True, f2=True, f3=True, f4=False, f5=False, f6=True, f7=True, f8=False, f9=True, f10=False, f11=True, f12=True)",0.9509211864733172
47.125,"FeatureMask(f0=True, f1=True, f2=True, f3=True, f4=False, f5=False, f6=True, f7=True, f8=False, f9=True, f10=False, f11=True, f12=True)",0.9509211864733172
47.125,"FeatureMask(f0=True, f1=True, f2=True, f3=True, f4=False, f5=False, f6=True, f7=True, f8=False, f9=True, f10=False, f11=True, f12=True)",0.9509211864733172
47.125,"FeatureMask(f0=True, f1=True, f2=True, f3=True, f4=False, f5=False, f6=True, f7=True, f8=False, f9=True, f10=False, f11=True, f12=True)",0.9509211864733172
47.36,"FeatureMask(f0=True, f1=True, f2=True, f3=True, f4=False, f5=False, f6=True, f7=True, f8=False, f9=True, f10=False, f11=True, f12=True)",0.9509211864733172
47.36,"FeatureMask(f0=True, f1=True, f2=True, f3=True, f4=False, f5=False, f6=True, f7=True, f8=False, f9=True, f10=False, f11=True, f12=True)",0.9509211864733172
47.36,"FeatureMask(f0=True, f1=True, f2=True, f3=True, f4=False, f5=False, f6=True, f7=True, f8=False, f9=True, f10=False, f11=True, f12=True)",0.9509211864733172
47.36,"FeatureMask(f0=True, f1=True, f2=True, f3=True, f4=False, f5=False, f6=True, f7=True, f8=False, f9=True, f10=False, f11=True, f12=True)",0.9509211864733172
47.36,"FeatureMask(f0=True, f1=True, f2=True, f3=True, f4=False, f5=False, f6=True, f7=True, f8=False, f9=True, f10=False, f11=True, f12=True)",0.9509211864733172
47.36,"FeatureMask(f0=True, f1=True, f2=True, f3=True, f4=False, f5=False, f6=True, f7=True, f8=False, f9=True, f10=False, f11=True, f12=True)",0.9509211864733172
47.36,"FeatureMask(f0=True, f1=True, f2=True, f3=True, f4=False, f5=False, f6=True, f7=True, f8=False, f9=True, f10=False, f11=True, f12=True)",0.9509211864733172
47.36,"FeatureMask(f0=True, f1=True, f2=True, f3=True, f4=False, f5=False, f6=True, f7=True, f8=False, f9=True, f10=False, f11=True, f12=True)",0.9509211864733172
47.36,"FeatureMask(f0=True, f1=True, f2=True, f3=True, f4=False, f5=False, f6=True, f7=True, f8=False, f9=True, f10=False, f11=True, f12=True)",0.9509211864733172
47.36,"FeatureMask(f0=True, f1=True, f2=True, f3=True, f4=False, f5=False, f6=True, f7=True, f8=False, f9=True, f10=False, f11=True, f12=True)",0.9509211864733172
47.578,"FeatureMask(f0=True, f1=True, f2=True, f3=True, f4=False, f5=False, f6=True, f7=True, f8=False, f9=True, f10=False, f11=True, f12=True)",0.9509211864733172
47.578,"FeatureMask(f0=True, f1=True, f2=True, f3=True, f4=False, f5=False, f6=True, f7=True, f8=False, f9=True, f10=False, f11=True, f12=True)",0.9509211864733172
47.578,"FeatureMask(f0=True, f1=True, f2=True, f3=True, f4=False, f5=False, f6=True, f7=True, f8=False, f9=True, f10=False, f11=True, f12=True)",0.9509211864733172
47.578,"FeatureMask(f0=True, f1=True, f2=True, f3=True, f4=False, f5=False, f6=True, f7=True, f8=False, f9=True, f10=False, f11=True, f12=True)",0.9509211864733172
47.578,"FeatureMask(f0=True, f1=True, f2=True, f3=True, f4=False, f5=False, f6=True, f7=True, f8=False, f9=True, f10=False, f11=True, f12=True)",0.9509211864733172
47.578,"FeatureMask(f0=True, f1=True, f2=True, f3=True, f4=False, f5=False, f6=True, f7=True, f8=False, f9=True, f10=False, f11=True, f12=True)",0.9509211864733172
47.578,"FeatureMask(f0=True, f1=True, f2=True, f3=True, f4=False, f5=False, f6=True, f7=True, f8=False, f9=True, f10=False, f11=True, f12=True)",0.9509211864733172
47.578,"FeatureMask(f0=True, f1=True, f2=True, f3=True, f4=False, f5=False, f6=True, f7=True, f8=False, f9=True, f10=False, f11=True, f12=True)",0.9509211864733172
47.578,"FeatureMask(f0=True, f1=True, f2=True, f3=True, f4=False, f5=False, f6=True, f7=True, f8=False, f9=True, f10=False, f11=True, f12=True)",0.9509211864733172
47.578,"FeatureMask(f0=True, f1=True, f2=True, f3=True, f4=False, f5=False, f6=True, f7=True, f8=False, f9=True, f10=False, f11=True, f12=True)",0.9509211864733172
47.657000000000004,"FeatureMask(f0=True, f1=True, f2=True, f3=True, f4=False, f5=False, f6=True, f7=True, f8=False, f9=True, f10=False, f11=True, f12=True)",0.9509211864733172
47.657000000000004,"FeatureMask(f0=True, f1=True, f2=True, f3=True, f4=False, f5=False, f6=True, f7=True, f8=False, f9=True, f10=False, f11=True, f12=True)",0.9509211864733172
47.657000000000004,"FeatureMask(f0=True, f1=True, f2=True, f3=True, f4=False, f5=False, f6=True, f7=True, f8=False, f9=True, f10=False, f11=True, f12=True)",0.9509211864733172
47.782000000000004,"FeatureMask(f0=True, f1=True, f2=True, f3=True, f4=False, f5=False, f6=True, f7=True, f8=False, f9=True, f10=False, f11=True, f12=True)",0.9509211864733172
47.782000000000004,"FeatureMask(f0=True, f1=True, f2=True, f3=True, f4=False, f5=False, f6=True, f7=True, f8=False, f9=True, f10=False, f11=True, f12=True)",0.9509211864733172
47.782000000000004,"FeatureMask(f0=True, f1=True, f2=True, f3=True, f4=False, f5=False, f6=True, f7=True, f8=False, f9=True, f10=False, f11=True, f12=True)",0.9509211864733172
47.782000000000004,"FeatureMask(f0=True, f1=True, f2=True, f3=True, f4=False, f5=False, f6=True, f7=True, f8=False, f9=True, f10=False, f11=True, f12=True)",0.9509211864733172
47.782000000000004,"FeatureMask(f0=True, f1=True, f2=True, f3=True, f4=False, f5=False, f6=True, f7=True, f8=False, f9=True, f10=False, f11=True, f12=True)",0.9509211864733172
47.782000000000004,"FeatureMask(f0=True, f1=True, f2=True, f3=True, f4=False, f5=False, f6=True, f7=True, f8=False, f9=True, f10=False, f11=True, f12=True)",0.9509211864733172
47.782000000000004,"FeatureMask(f0=True, f1=True, f2=True, f3=True, f4=False, f5=False, f6=True, f7=True, f8=False, f9=True, f10=False, f11=True, f12=True)",0.9509211864733172
47.782000000000004,"FeatureMask(f0=True, f1=True, f2=True, f3=True, f4=False, f5=False, f6=True, f7=True, f8=False, f9=True, f10=False, f11=True, f12=True)",0.9509211864733172
47.782000000000004,"FeatureMask(f0=True, f1=True, f2=True, f3=True, f4=False, f5=False, f6=True, f7=True, f8=False, f9=True, f10=False, f11=True, f12=True)",0.9509211864733172
47.782000000000004,"FeatureMask(f0=True, f1=True, f2=True, f3=True, f4=False, f5=False, f6=True, f7=True, f8=False, f9=True, f10=False, f11=True, f12=True)",0.9509211864733172
47.875,"FeatureMask(f0=True, f1=True, f2=True, f3=True, f4=False, f5=False, f6=True, f7=True, f8=False, f9=True, f10=False, f11=True, f12=True)",0.9509211864733172
47.875,"FeatureMask(f0=True, f1=True, f2=True, f3=True, f4=False, f5=False, f6=True, f7=True, f8=False, f9=True, f10=False, f11=True, f12=True)",0.9509211864733172
47.875,"FeatureMask(f0=True, f1=True, f2=True, f3=True, f4=False, f5=False, f6=True, f7=True, f8=False, f9=True, f10=False, f11=True, f12=True)",0.9509211864733172
47.875,"FeatureMask(f0=True, f1=True, f2=True, f3=True, f4=False, f5=False, f6=True, f7=True, f8=False, f9=True, f10=False, f11=True, f12=True)",0.9509211864733172
48.0,"FeatureMask(f0=True, f1=True, f2=True, f3=True, f4=False, f5=False, f6=True, f7=True, f8=False, f9=True, f10=False, f11=True, f12=True)",0.9509211864733172
48.0,"FeatureMask(f0=True, f1=True, f2=True, f3=True, f4=False, f5=False, f6=True, f7=True, f8=False, f9=True, f10=False, f11=True, f12=True)",0.9509211864733172
48.0,"FeatureMask(f0=True, f1=True, f2=True, f3=True, f4=False, f5=False, f6=True, f7=True, f8=False, f9=True, f10=False, f11=True, f12=True)",0.9509211864733172
48.0,"FeatureMask(f0=True, f1=True, f2=True, f3=True, f4=False, f5=False, f6=True, f7=True, f8=False, f9=True, f10=False, f11=True, f12=True)",0.9509211864733172
48.0,"FeatureMask(f0=True, f1=True, f2=True, f3=True, f4=False, f5=False, f6=True, f7=True, f8=False, f9=True, f10=False, f11=True, f12=True)",0.9509211864733172
48.0,"FeatureMask(f0=True, f1=True, f2=True, f3=True, f4=False, f5=False, f6=True, f7=True, f8=False, f9=True, f10=False, f11=True, f12=True)",0.9509211864733172
48.0,"FeatureMask(f0=True, f1=True, f2=True, f3=True, f4=False, f5=False, f6=True, f7=True, f8=False, f9=True, f10=False, f11=True, f12=True)",0.9509211864733172
48.0,"FeatureMask(f0=True, f1=True, f2=True, f3=True, f4=False, f5=False, f6=True, f7=True, f8=False, f9=True, f10=False, f11=True, f12=True)",0.9509211864733172
48.0,"FeatureMask(f0=True, f1=True, f2=True, f3=True, f4=False, f5=False, f6=True, f7=True, f8=False, f9=True, f10=False, f11=True, f12=True)",0.9509211864733172
48.0,"FeatureMask(f0=True, f1=True, f2=True, f3=True, f4=False, f5=False, f6=True, f7=True, f8=False, f9=True, f10=False, f11=True, f12=True)",0.9509211864733172
48.094,"FeatureMask(f0=True, f1=True, f2=True, f3=True, f4=False, f5=False, f6=True, f7=True, f8=False, f9=True, f10=False, f11=True, f12=True)",0.9509211864733172
48.188,"FeatureMask(f0=True, f1=True, f2=True, f3=True, f4=False, f5=False, f6=True, f7=True, f8=False, f9=True, f10=False, f11=True, f12=True)",0.9509211864733172
48.188,"FeatureMask(f0=True, f1=True, f2=True, f3=True, f4=False, f5=False, f6=True, f7=True, f8=False, f9=True, f10=False, f11=True, f12=True)",0.9509211864733172
48.188,"FeatureMask(f0=True, f1=True, f2=True, f3=True, f4=False, f5=False, f6=True, f7=True, f8=False, f9=True, f10=False, f11=True, f12=True)",0.9509211864733172
48.188,"FeatureMask(f0=True, f1=True, f2=True, f3=True, f4=False, f5=False, f6=True, f7=True, f8=False, f9=True, f10=False, f11=True, f12=True)",0.9509211864733172
48.188,"FeatureMask(f0=True, f1=True, f2=True, f3=True, f4=False, f5=False, f6=True, f7=True, f8=False, f9=True, f10=False, f11=True, f12=True)",0.9509211864733172
48.188,"FeatureMask(f0=True, f1=True, f2=True, f3=True, f4=False, f5=False, f6=True, f7=True, f8=False, f9=True, f10=False, f11=True, f12=True)",0.9509211864733172
48.188,"FeatureMask(f0=True, f1=True, f2=True, f3=True, f4=False, f5=False, f6=True, f7=True, f8=False, f9=True, f10=False, f11=True, f12=True)",0.9509211864733172
48.188,"FeatureMask(f0=True, f1=True, f2=True, f3=True, f4=False, f5=False, f6=True, f7=True, f8=False, f9=True, f10=False, f11=True, f12=True)",0.9509211864733172
48.188,"FeatureMask(f0=True, f1=True, f2=True, f3=True, f4=False, f5=False, f6=True, f7=True, f8=False, f9=True, f10=False, f11=True, f12=True)",0.9509211864733172
48.188,"FeatureMask(f0=True, f1=True, f2=True, f3=True, f4=False, f5=False, f6=True, f7=True, f8=False, f9=True, f10=False, f11=True, f12=True)",0.9509211864733172
48.297000000000004,"FeatureMask(f0=True, f1=True, f2=True, f3=True, f4=False, f5=False, f6=True, f7=True, f8=False, f9=True, f10=False, f11=True, f12=True)",0.9509211864733172
48.407000000000004,"FeatureMask(f0=True, f1=True, f2=True, f3=True, f4=False, f5=False, f6=True, f7=True, f8=False, f9=True, f10=False, f11=True, f12=True)",0.9509211864733172
48.407000000000004,"FeatureMask(f0=True, f1=True, f2=True, f3=True, f4=False, f5=False, f6=True, f7=True, f8=False, f9=True, f10=False, f11=True, f12=True)",0.9509211864733172
48.407000000000004,"FeatureMask(f0=True, f1=True, f2=True, f3=True, f4=False, f5=False, f6=True, f7=True, f8=False, f9=True, f10=False, f11=True, f12=True)",0.9509211864733172
48.407000000000004,"FeatureMask(f0=True, f1=True, f2=True, f3=True, f4=False, f5=False, f6=True, f7=True, f8=False, f9=True, f10=False, f11=True, f12=True)",0.9509211864733172
48.407000000000004,"FeatureMask(f0=True, f1=True, f2=True, f3=True, f4=False, f5=False, f6=True, f7=True, f8=False, f9=True, f10=False, f11=True, f12=True)",0.9509211864733172
48.407000000000004,"FeatureMask(f0=True, f1=True, f2=True, f3=True, f4=False, f5=False, f6=True, f7=True, f8=False, f9=True, f10=False, f11=True, f12=True)",0.9509211864733172
48.407000000000004,"FeatureMask(f0=True, f1=True, f2=True, f3=True, f4=False, f5=False, f6=True, f7=True, f8=False, f9=True, f10=False, f11=True, f12=True)",0.9509211864733172
48.407000000000004,"FeatureMask(f0=True, f1=True, f2=True, f3=True, f4=False, f5=False, f6=True, f7=True, f8=False, f9=True, f10=False, f11=True, f12=True)",0.9509211864733172
48.407000000000004,"FeatureMask(f0=True, f1=True, f2=True, f3=True, f4=False, f5=False, f6=True, f7=True, f8=False, f9=True, f10=False, f11=True, f12=True)",0.9509211864733172
48.407000000000004,"FeatureMask(f0=True, f1=True, f2=True, f3=True, f4=False, f5=False, f6=True, f7=True, f8=False, f9=True, f10=False, f11=True, f12=True)",0.9509211864733172
48.5,"FeatureMask(f0=True, f1=True, f2=True, f3=True, f4=False, f5=False, f6=True, f7=True, f8=False, f9=True, f10=False, f11=True, f12=True)",0.9509211864733172
48.578,"FeatureMask(f0=True, f1=True, f2=True, f3=True, f4=False, f5=False, f6=True, f7=True, f8=False, f9=True, f10=False, f11=True, f12=True)",0.9509211864733172
48.578,"FeatureMask(f0=True, f1=True, f2=True, f3=True, f4=False, f5=False, f6=True, f7=True, f8=False, f9=True, f10=False, f11=True, f12=True)",0.9509211864733172
48.578,"FeatureMask(f0=True, f1=True, f2=True, f3=True, f4=False, f5=False, f6=True, f7=True, f8=False, f9=True, f10=False, f11=True, f12=True)",0.9509211864733172
48.578,"FeatureMask(f0=True, f1=True, f2=True, f3=True, f4=False, f5=False, f6=True, f7=True, f8=False, f9=True, f10=False, f11=True, f12=True)",0.9509211864733172
48.578,"FeatureMask(f0=True, f1=True, f2=True, f3=True, f4=False, f5=False, f6=True, f7=True, f8=False, f9=True, f10=False, f11=True, f12=True)",0.9509211864733172
48.578,"FeatureMask(f0=True, f1=True, f2=True, f3=True, f4=False, f5=False, f6=True, f7=True, f8=False, f9=True, f10=False, f11=True, f12=True)",0.9509211864733172
48.578,"FeatureMask(f0=True, f1=True, f2=True, f3=True, f4=False, f5=False, f6=True, f7=True, f8=False, f9=True, f10=False, f11=True, f12=True)",0.9509211864733172
48.578,"FeatureMask(f0=True, f1=True, f2=True, f3=True, f4=False, f5=False, f6=True, f7=True, f8=False, f9=True, f10=False, f11=True, f12=True)",0.9509211864733172
48.578,"FeatureMask(f0=True, f1=True, f2=True, f3=True, f4=False, f5=False, f6=True, f7=True, f8=False, f9=True, f10=False, f11=True, f12=True)",0.9509211864733172
48.578,"FeatureMask(f0=True, f1=True, f2=True, f3=True, f4=False, f5=False, f6=True, f7=True, f8=False, f9=True, f10=False, f11=True, f12=True)",0.9509211864733172
48.782000000000004,"FeatureMask(f0=True, f1=True, f2=True, f3=True, f4=False, f5=False, f6=True, f7=True, f8=False, f9=True, f10=False, f11=True, f12=True)",0.9509211864733172
48.782000000000004,"FeatureMask(f0=True, f1=True, f2=True, f3=True, f4=False, f5=False, f6=True, f7=True, f8=False, f9=True, f10=False, f11=True, f12=True)",0.9509211864733172
48.782000000000004,"FeatureMask(f0=True, f1=True, f2=True, f3=True, f4=False, f5=False, f6=True, f7=True, f8=False, f9=True, f10=False, f11=True, f12=True)",0.9509211864733172
48.782000000000004,"FeatureMask(f0=True, f1=True, f2=True, f3=True, f4=False, f5=False, f6=True, f7=True, f8=False, f9=True, f10=False, f11=True, f12=True)",0.9509211864733172
48.782000000000004,"FeatureMask(f0=True, f1=True, f2=True, f3=True, f4=False, f5=False, f6=True, f7=True, f8=False, f9=True, f10=False, f11=True, f12=True)",0.9509211864733172
48.782000000000004,"FeatureMask(f0=True, f1=True, f2=True, f3=True, f4=False, f5=False, f6=True, f7=True, f8=False, f9=True, f10=False, f11=True, f12=True)",0.9509211864733172
48.782000000000004,"FeatureMask(f0=True, f1=True, f2=True, f3=True, f4=False, f5=False, f6=True, f7=True, f8=False, f9=True, f10=False, f11=True, f12=True)",0.9509211864733172
48.782000000000004,"FeatureMask(f0=True, f1=True, f2=True, f3=True, f4=False, f5=False, f6=True, f7=True, f8=False, f9=True, f10=False, f11=True, f12=True)",0.9509211864733172
48.782000000000004,"FeatureMask(f0=True, f1=True, f2=True, f3=True, f4=False, f5=False, f6=True, f7=True, f8=False, f9=True, f10=False, f11=True, f12=True)",0.9509211864733172
48.782000000000004,"FeatureMask(f0=True, f1=True, f2=True, f3=True, f4=False, f5=False, f6=True, f7=True, f8=False, f9=True, f10=False, f11=True, f12=True)",0.9509211864733172
48.875,"FeatureMask(f0=True, f1=True, f2=True, f3=True, f4=False, f5=False, f6=True, f7=True, f8=False, f9=True, f10=False, f11=True, f12=True)",0.9509211864733172
48.98500000000001,"FeatureMask(f0=True, f1=True, f2=True, f3=True, f4=False, f5=False, f6=True, f7=True, f8=False, f9=True, f10=False, f11=True, f12=True)",0.9509211864733172
48.98500000000001,"FeatureMask(f0=True, f1=True, f2=True, f3=True, f4=False, f5=False, f6=True, f7=True, f8=False, f9=True, f10=False, f11=True, f12=True)",0.9509211864733172
48.98500000000001,"FeatureMask(f0=True, f1=True, f2=True, f3=True, f4=False, f5=False, f6=True, f7=True, f8=False, f9=True, f10=False, f11=True, f12=True)",0.9509211864733172
48.98500000000001,"FeatureMask(f0=True, f1=True, f2=True, f3=True, f4=False, f5=False, f6=True, f7=True, f8=False, f9=True, f10=False, f11=True, f12=True)",0.9509211864733172
48.98500000000001,"FeatureMask(f0=True, f1=True, f2=True, f3=True, f4=False, f5=False, f6=True, f7=True, f8=False, f9=True, f10=False, f11=True, f12=True)",0.9509211864733172
48.98500000000001,"FeatureMask(f0=True, f1=True, f2=True, f3=True, f4=False, f5=False, f6=True, f7=True, f8=False, f9=True, f10=False, f11=True, f12=True)",0.9509211864733172
48.98500000000001,"FeatureMask(f0=True, f1=True, f2=True, f3=True, f4=False, f5=False, f6=True, f7=True, f8=False, f9=True, f10=False, f11=True, f12=True)",0.9509211864733172
48.98500000000001,"FeatureMask(f0=True, f1=True, f2=True, f3=True, f4=False, f5=False, f6=True, f7=True, f8=False, f9=True, f10=False, f11=True, f12=True)",0.9509211864733172
48.98500000000001,"FeatureMask(f0=True, f1=True, f2=True, f3=True, f4=False, f5=False, f6=True, f7=True, f8=False, f9=True, f10=False, f11=True, f12=True)",0.9509211864733172
48.98500000000001,"FeatureMask(f0=True, f1=True, f2=True, f3=True, f4=False, f5=False, f6=True, f7=True, f8=False, f9=True, f10=False, f11=True, f12=True)",0.9509211864733172
49.157000000000004,"FeatureMask(f0=True, f1=True, f2=True, f3=True, f4=False, f5=False, f6=True, f7=True, f8=False, f9=True, f10=False, f11=True, f12=True)",0.9509211864733172
49.172000000000004,"FeatureMask(f0=True, f1=True, f2=True, f3=True, f4=False, f5=False, f6=True, f7=True, f8=False, f9=True, f10=False, f11=True, f12=True)",0.9509211864733172
49.172000000000004,"FeatureMask(f0=True, f1=True, f2=True, f3=True, f4=False, f5=False, f6=True, f7=True, f8=False, f9=True, f10=False, f11=True, f12=True)",0.9509211864733172
49.172000000000004,"FeatureMask(f0=True, f1=True, f2=True, f3=True, f4=False, f5=False, f6=True, f7=True, f8=False, f9=True, f10=False, f11=True, f12=True)",0.9509211864733172
49.172000000000004,"FeatureMask(f0=True, f1=True, f2=True, f3=True, f4=False, f5=False, f6=True, f7=True, f8=False, f9=True, f10=False, f11=True, f12=True)",0.9509211864733172
49.172000000000004,"FeatureMask(f0=True, f1=True, f2=True, f3=True, f4=False, f5=False, f6=True, f7=True, f8=False, f9=True, f10=False, f11=True, f12=True)",0.9509211864733172
49.172000000000004,"FeatureMask(f0=True, f1=True, f2=True, f3=True, f4=False, f5=False, f6=True, f7=True, f8=False, f9=True, f10=False, f11=True, f12=True)",0.9509211864733172
49.172000000000004,"FeatureMask(f0=True, f1=True, f2=True, f3=True, f4=False, f5=False, f6=True, f7=True, f8=False, f9=True, f10=False, f11=True, f12=True)",0.9509211864733172
49.172000000000004,"FeatureMask(f0=True, f1=True, f2=True, f3=True, f4=False, f5=False, f6=True, f7=True, f8=False, f9=True, f10=False, f11=True, f12=True)",0.9509211864733172
49.172000000000004,"FeatureMask(f0=True, f1=True, f2=True, f3=True, f4=False, f5=False, f6=True, f7=True, f8=False, f9=True, f10=False, f11=True, f12=True)",0.9509211864733172
49.25,"FeatureMask(f0=True, f1=True, f2=True, f3=True, f4=False, f5=False, f6=True, f7=True, f8=False, f9=True, f10=False, f11=True, f12=True)",0.9509211864733172
49.25,"FeatureMask(f0=True, f1=True, f2=True, f3=True, f4=False, f5=False, f6=True, f7=True, f8=False, f9=True, f10=False, f11=True, f12=True)",0.9509211864733172
49.328,"FeatureMask(f0=True, f1=True, f2=True, f3=True, f4=False, f5=False, f6=True, f7=True, f8=False, f9=True, f10=False, f11=True, f12=True)",0.9509211864733172
49.328,"FeatureMask(f0=True, f1=True, f2=True, f3=True, f4=False, f5=False, f6=True, f7=True, f8=False, f9=True, f10=False, f11=True, f12=True)",0.9509211864733172
49.328,"FeatureMask(f0=True, f1=True, f2=True, f3=True, f4=False, f5=False, f6=True, f7=True, f8=False, f9=True, f10=False, f11=True, f12=True)",0.9509211864733172
49.328,"FeatureMask(f0=True, f1=True, f2=True, f3=True, f4=False, f5=False, f6=True, f7=True, f8=False, f9=True, f10=False, f11=True, f12=True)",0.9509211864733172
49.328,"FeatureMask(f0=True, f1=True, f2=True, f3=True, f4=False, f5=False, f6=True, f7=True, f8=False, f9=True, f10=False, f11=True, f12=True)",0.9509211864733172
49.328,"FeatureMask(f0=True, f1=True, f2=True, f3=True, f4=False, f5=False, f6=True, f7=True, f8=False, f9=True, f10=False, f11=True, f12=True)",0.9509211864733172
49.328,"FeatureMask(f0=True, f1=True, f2=True, f3=True, f4=False, f5=False, f6=True, f7=True, f8=False, f9=True, f10=False, f11=True, f12=True)",0.9509211864733172
49.328,"FeatureMask(f0=True, f1=True, f2=True, f3=True, f4=False, f5=False, f6=True, f7=True, f8=False, f9=True, f10=False, f11=True, f12=True)",0.9509211864733172
49.328,"FeatureMask(f0=True, f1=True, f2=True, f3=True, f4=False, f5=False, f6=True, f7=True, f8=False, f9=True, f10=False, f11=True, f12=True)",0.9509211864733172
49.328,"FeatureMask(f0=True, f1=True, f2=True, f3=True, f4=False, f5=False, f6=True, f7=True, f8=False, f9=True, f10=False, f11=True, f12=True)",0.9509211864733172
49.516000000000005,"FeatureMask(f0=True, f1=True, f2=True, f3=True, f4=False, f5=False, f6=True, f7=True, f8=False, f9=True, f10=False, f11=True, f12=True)",0.9509211864733172
49.516000000000005,"FeatureMask(f0=True, f1=True, f2=True, f3=True, f4=False, f5=False, f6=True, f7=True, f8=False, f9=True, f10=False, f11=True, f12=True)",0.9509211864733172
49.516000000000005,"FeatureMask(f0=True, f1=True, f2=True, f3=True, f4=False, f5=False, f6=True, f7=True, f8=False, f9=True, f10=False, f11=True, f12=True)",0.9509211864733172
49.516000000000005,"FeatureMask(f0=True, f1=True, f2=True, f3=True, f4=False, f5=False, f6=True, f7=True, f8=False, f9=True, f10=False, f11=True, f12=True)",0.9509211864733172
49.516000000000005,"FeatureMask(f0=True, f1=True, f2=True, f3=True, f4=False, f5=False, f6=True, f7=True, f8=False, f9=True, f10=False, f11=True, f12=True)",0.9509211864733172
49.516000000000005,"FeatureMask(f0=True, f1=True, f2=True, f3=True, f4=False, f5=False, f6=True, f7=True, f8=False, f9=True, f10=False, f11=True, f12=True)",0.9509211864733172
49.516000000000005,"FeatureMask(f0=True, f1=True, f2=True, f3=True, f4=False, f5=False, f6=True, f7=True, f8=False, f9=True, f10=False, f11=True, f12=True)",0.9509211864733172
49.516000000000005,"FeatureMask(f0=True, f1=True, f2=True, f3=True, f4=False, f5=False, f6=True, f7=True, f8=False, f9=True, f10=False, f11=True, f12=True)",0.9509211864733172
49.516000000000005,"FeatureMask(f0=True, f1=True, f2=True, f3=True, f4=False, f5=False, f6=True, f7=True, f8=False, f9=True, f10=False, f11=True, f12=True)",0.9509211864733172
49.516000000000005,"FeatureMask(f0=True, f1=True, f2=True, f3=True, f4=False, f5=False, f6=True, f7=True, f8=False, f9=True, f10=False, f11=True, f12=True)",0.9509211864733172
49.61000000000001,"FeatureMask(f0=True, f1=True, f2=True, f3=True, f4=False, f5=False, f6=True, f7=True, f8=False, f9=True, f10=False, f11=True, f12=True)",0.9509211864733172
49.61000000000001,"FeatureMask(f0=True, f1=True, f2=True, f3=True, f4=False, f5=False, f6=True, f7=True, f8=False, f9=True, f10=False, f11=True, f12=True)",0.9509211864733172
49.61000000000001,"FeatureMask(f0=True, f1=True, f2=True, f3=True, f4=False, f5=False, f6=True, f7=True, f8=False, f9=True, f10=False, f11=True, f12=True)",0.9509211864733172
49.719,"FeatureMask(f0=True, f1=True, f2=True, f3=True, f4=False, f5=False, f6=True, f7=True, f8=False, f9=True, f10=False, f11=True, f12=True)",0.9509211864733172
49.719,"FeatureMask(f0=True, f1=True, f2=True, f3=True, f4=False, f5=False, f6=True, f7=True, f8=False, f9=True, f10=False, f11=True, f12=True)",0.9509211864733172
49.719,"FeatureMask(f0=True, f1=True, f2=True, f3=True, f4=False, f5=False, f6=True, f7=True, f8=False, f9=True, f10=False, f11=True, f12=True)",0.9509211864733172
49.719,"FeatureMask(f0=True, f1=True, f2=True, f3=True, f4=False, f5=False, f6=True, f7=True, f8=False, f9=True, f10=False, f11=True, f12=True)",0.9509211864733172
49.719,"FeatureMask(f0=True, f1=True, f2=True, f3=True, f4=False, f5=False, f6=True, f7=True, f8=False, f9=True, f10=False, f11=True, f12=True)",0.9509211864733172
49.719,"FeatureMask(f0=True, f1=True, f2=True, f3=True, f4=False, f5=False, f6=True, f7=True, f8=False, f9=True, f10=False, f11=True, f12=True)",0.9509211864733172
49.719,"FeatureMask(f0=True, f1=True, f2=True, f3=True, f4=False, f5=False, f6=True, f7=True, f8=False, f9=True, f10=False, f11=True, f12=True)",0.9509211864733172
49.719,"FeatureMask(f0=True, f1=True, f2=True, f3=True, f4=False, f5=False, f6=True, f7=True, f8=False, f9=True, f10=False, f11=True, f12=True)",0.9509211864733172
49.719,"FeatureMask(f0=True, f1=True, f2=True, f3=True, f4=False, f5=False, f6=True, f7=True, f8=False, f9=True, f10=False, f11=True, f12=True)",0.9509211864733172
49.719,"FeatureMask(f0=True, f1=True, f2=True, f3=True, f4=False, f5=False, f6=True, f7=True, f8=False, f9=True, f10=False, f11=True, f12=True)",0.9509211864733172
49.797000000000004,"FeatureMask(f0=True, f1=True, f2=True, f3=True, f4=False, f5=False, f6=True, f7=True, f8=False, f9=True, f10=False, f11=True, f12=True)",0.9509211864733172
49.797000000000004,"FeatureMask(f0=True, f1=True, f2=True, f3=True, f4=False, f5=False, f6=True, f7=True, f8=False, f9=True, f10=False, f11=True, f12=True)",0.9509211864733172
49.907000000000004,"FeatureMask(f0=True, f1=True, f2=True, f3=True, f4=False, f5=False, f6=True, f7=True, f8=False, f9=True, f10=False, f11=True, f12=True)",0.9509211864733172
49.907000000000004,"FeatureMask(f0=True, f1=True, f2=True, f3=True, f4=False, f5=False, f6=True, f7=True, f8=False, f9=True, f10=False, f11=True, f12=True)",0.9509211864733172
49.907000000000004,"FeatureMask(f0=True, f1=True, f2=True, f3=True, f4=False, f5=False, f6=True, f7=True, f8=False, f9=True, f10=False, f11=True, f12=True)",0.9509211864733172
49.907000000000004,"FeatureMask(f0=True, f1=True, f2=True, f3=True, f4=False, f5=False, f6=True, f7=True, f8=False, f9=True, f10=False, f11=True, f12=True)",0.9509211864733172
49.907000000000004,"FeatureMask(f0=True, f1=True, f2=True, f3=True, f4=False, f5=False, f6=True, f7=True, f8=False, f9=True, f10=False, f11=True, f12=True)",0.9509211864733172
49.907000000000004,"FeatureMask(f0=True, f1=True, f2=True, f3=True, f4=False, f5=False, f6=True, f7=True, f8=False, f9=True, f10=False, f11=True, f12=True)",0.9509211864733172
49.907000000000004,"FeatureMask(f0=True, f1=True, f2=True, f3=True, f4=False, f5=False, f6=True, f7=True, f8=False, f9=True, f10=False, f11=True, f12=True)",0.9509211864733172
49.907000000000004,"FeatureMask(f0=True, f1=True, f2=True, f3=True, f4=False, f5=False, f6=True, f7=True, f8=False, f9=True, f10=False, f11=True, f12=True)",0.9509211864733172
49.907000000000004,"FeatureMask(f0=True, f1=True, f2=True, f3=True, f4=False, f5=False, f6=True, f7=True, f8=False, f9=True, f10=False, f11=True, f12=True)",0.9509211864733172
49.907000000000004,"FeatureMask(f0=True, f1=True, f2=True, f3=True, f4=False, f5=False, f6=True, f7=True, f8=False, f9=True, f10=False, f11=True, f12=True)",0.9509211864733172
49.98500000000001,"FeatureMask(f0=True, f1=True, f2=True, f3=True, f4=False, f5=False, f6=True, f7=True, f8=False, f9=True, f10=False, f11=True, f12=True)",0.9509211864733172
50.078,"FeatureMask(f0=True, f1=True, f2=True, f3=True, f4=False, f5=False, f6=True, f7=True, f8=False, f9=True, f10=False, f11=True, f12=True)",0.9509211864733172
50.078,"FeatureMask(f0=True, f1=True, f2=True, f3=True, f4=False, f5=False, f6=True, f7=True, f8=False, f9=True, f10=False, f11=True, f12=True)",0.9509211864733172
50.078,"FeatureMask(f0=True, f1=True, f2=True, f3=True, f4=False, f5=False, f6=True, f7=True, f8=False, f9=True, f10=False, f11=True, f12=True)",0.9509211864733172
50.078,"FeatureMask(f0=True, f1=True, f2=True, f3=True, f4=False, f5=False, f6=True, f7=True, f8=False, f9=True, f10=False, f11=True, f12=True)",0.9509211864733172
50.078,"FeatureMask(f0=True, f1=True, f2=True, f3=True, f4=False, f5=False, f6=True, f7=True, f8=False, f9=True, f10=False, f11=True, f12=True)",0.9509211864733172
50.078,"FeatureMask(f0=True, f1=True, f2=True, f3=True, f4=False, f5=False, f6=True, f7=True, f8=False, f9=True, f10=False, f11=True, f12=True)",0.9509211864733172
50.078,"FeatureMask(f0=True, f1=True, f2=True, f3=True, f4=False, f5=False, f6=True, f7=True, f8=False, f9=True, f10=False, f11=True, f12=True)",0.9509211864733172
50.078,"FeatureMask(f0=True, f1=True, f2=True, f3=True, f4=False, f5=False, f6=True, f7=True, f8=False, f9=True, f10=False, f11=True, f12=True)",0.9509211864733172
50.078,"FeatureMask(f0=True, f1=True, f2=True, f3=True, f4=False, f5=False, f6=True, f7=True, f8=False, f9=True, f10=False, f11=True, f12=True)",0.9509211864733172
50.078,"FeatureMask(f0=True, f1=True, f2=True, f3=True, f4=False, f5=False, f6=True, f7=True, f8=False, f9=True, f10=False, f11=True, f12=True)",0.9509211864733172
50.297000000000004,"FeatureMask(f0=True, f1=True, f2=True, f3=True, f4=False, f5=False, f6=True, f7=True, f8=False, f9=True, f10=False, f11=True, f12=True)",0.9509211864733172
50.297000000000004,"FeatureMask(f0=True, f1=True, f2=True, f3=True, f4=False, f5=False, f6=True, f7=True, f8=False, f9=True, f10=False, f11=True, f12=True)",0.9509211864733172
50.297000000000004,"FeatureMask(f0=True, f1=True, f2=True, f3=True, f4=False, f5=False, f6=True, f7=True, f8=False, f9=True, f10=False, f11=True, f12=True)",0.9509211864733172
50.297000000000004,"FeatureMask(f0=True, f1=True, f2=True, f3=True, f4=False, f5=False, f6=True, f7=True, f8=False, f9=True, f10=False, f11=True, f12=True)",0.9509211864733172
50.297000000000004,"FeatureMask(f0=True, f1=True, f2=True, f3=True, f4=False, f5=False, f6=True, f7=True, f8=False, f9=True, f10=False, f11=True, f12=True)",0.9509211864733172
50.297000000000004,"FeatureMask(f0=True, f1=True, f2=True, f3=True, f4=False, f5=False, f6=True, f7=True, f8=False, f9=True, f10=False, f11=True, f12=True)",0.9509211864733172
50.297000000000004,"FeatureMask(f0=True, f1=True, f2=True, f3=True, f4=False, f5=False, f6=True, f7=True, f8=False, f9=True, f10=False, f11=True, f12=True)",0.9509211864733172
50.297000000000004,"FeatureMask(f0=True, f1=True, f2=True, f3=True, f4=False, f5=False, f6=True, f7=True, f8=False, f9=True, f10=False, f11=True, f12=True)",0.9509211864733172
50.297000000000004,"FeatureMask(f0=True, f1=True, f2=True, f3=True, f4=False, f5=False, f6=True, f7=True, f8=False, f9=True, f10=False, f11=True, f12=True)",0.9509211864733172
50.297000000000004,"FeatureMask(f0=True, f1=True, f2=True, f3=True, f4=False, f5=False, f6=True, f7=True, f8=False, f9=True, f10=False, f11=True, f12=True)",0.9509211864733172
50.375,"FeatureMask(f0=True, f1=True, f2=True, f3=True, f4=False, f5=False, f6=True, f7=True, f8=False, f9=True, f10=False, f11=True, f12=True)",0.9509211864733172
50.5,"FeatureMask(f0=True, f1=True, f2=True, f3=True, f4=False, f5=False, f6=True, f7=True, f8=False, f9=True, f10=False, f11=True, f12=True)",0.9509211864733172
50.5,"FeatureMask(f0=True, f1=True, f2=True, f3=True, f4=False, f5=False, f6=True, f7=True, f8=False, f9=True, f10=False, f11=True, f12=True)",0.9509211864733172
50.5,"FeatureMask(f0=True, f1=True, f2=True, f3=True, f4=False, f5=False, f6=True, f7=True, f8=False, f9=True, f10=False, f11=True, f12=True)",0.9509211864733172
50.5,"FeatureMask(f0=True, f1=True, f2=True, f3=True, f4=False, f5=False, f6=True, f7=True, f8=False, f9=True, f10=False, f11=True, f12=True)",0.9509211864733172
50.5,"FeatureMask(f0=True, f1=True, f2=True, f3=True, f4=False, f5=False, f6=True, f7=True, f8=False, f9=True, f10=False, f11=True, f12=True)",0.9509211864733172
50.5,"FeatureMask(f0=True, f1=True, f2=True, f3=True, f4=False, f5=False, f6=True, f7=True, f8=False, f9=True, f10=False, f11=True, f12=True)",0.9509211864733172
50.5,"FeatureMask(f0=True, f1=True, f2=True, f3=True, f4=False, f5=False, f6=True, f7=True, f8=False, f9=True, f10=False, f11=True, f12=True)",0.9509211864733172
50.5,"FeatureMask(f0=True, f1=True, f2=True, f3=True, f4=False, f5=False, f6=True, f7=True, f8=False, f9=True, f10=False, f11=True, f12=True)",0.9509211864733172
50.5,"FeatureMask(f0=True, f1=True, f2=True, f3=True, f4=False, f5=False, f6=True, f7=True, f8=False, f9=True, f10=False, f11=True, f12=True)",0.9509211864733172
50.5,"FeatureMask(f0=True, f1=True, f2=True, f3=True, f4=False, f5=False, f6=True, f7=True, f8=False, f9=True, f10=False, f11=True, f12=True)",0.9509211864733172
50.688,"FeatureMask(f0=True, f1=True, f2=True, f3=True, f4=False, f5=False, f6=True, f7=True, f8=False, f9=True, f10=False, f11=True, f12=True)",0.9509211864733172
50.688,"FeatureMask(f0=True, f1=True, f2=True, f3=True, f4=False, f5=False, f6=True, f7=True, f8=False, f9=True, f10=False, f11=True, f12=True)",0.9509211864733172
50.688,"FeatureMask(f0=True, f1=True, f2=True, f3=True, f4=False, f5=False, f6=True, f7=True, f8=False, f9=True, f10=False, f11=True, f12=True)",0.9509211864733172
50.688,"FeatureMask(f0=True, f1=True, f2=True, f3=True, f4=False, f5=False, f6=True, f7=True, f8=False, f9=True, f10=False, f11=True, f12=True)",0.9509211864733172
50.688,"FeatureMask(f0=True, f1=True, f2=True, f3=True, f4=False, f5=False, f6=True, f7=True, f8=False, f9=True, f10=False, f11=True, f12=True)",0.9509211864733172
50.688,"FeatureMask(f0=True, f1=True, f2=True, f3=True, f4=False, f5=False, f6=True, f7=True, f8=False, f9=True, f10=False, f11=True, f12=True)",0.9509211864733172
50.688,"FeatureMask(f0=True, f1=True, f2=True, f3=True, f4=False, f5=False, f6=True, f7=True, f8=False, f9=True, f10=False, f11=True, f12=True)",0.9509211864733172
50.688,"FeatureMask(f0=True, f1=True, f2=True, f3=True, f4=False, f5=False, f6=True, f7=True, f8=False, f9=True, f10=False, f11=True, f12=True)",0.9509211864733172
50.688,"FeatureMask(f0=True, f1=True, f2=True, f3=True, f4=False, f5=False, f6=True, f7=True, f8=False, f9=True, f10=False, f11=True, f12=True)",0.9509211864733172
50.688,"FeatureMask(f0=True, f1=True, f2=True, f3=True, f4=False, f5=False, f6=True, f7=True, f8=False, f9=True, f10=False, f11=True, f12=True)",0.9509211864733172
50.782000000000004,"FeatureMask(f0=True, f1=True, f2=True, f3=True, f4=False, f5=False, f6=True, f7=True, f8=False, f9=True, f10=False, f11=True, f12=True)",0.9509211864733172
50.782000000000004,"FeatureMask(f0=True, f1=True, f2=True, f3=True, f4=False, f5=False, f6=True, f7=True, f8=False, f9=True, f10=False, f11=True, f12=True)",0.9509211864733172
50.875,"FeatureMask(f0=True, f1=True, f2=True, f3=True, f4=False, f5=False, f6=True, f7=True, f8=False, f9=True, f10=False, f11=True, f12=True)",0.9509211864733172
50.875,"FeatureMask(f0=True, f1=True, f2=True, f3=True, f4=False, f5=False, f6=True, f7=True, f8=False, f9=True, f10=False, f11=True, f12=True)",0.9509211864733172
50.875,"FeatureMask(f0=True, f1=True, f2=True, f3=True, f4=False, f5=False, f6=True, f7=True, f8=False, f9=True, f10=False, f11=True, f12=True)",0.9509211864733172
50.875,"FeatureMask(f0=True, f1=True, f2=True, f3=True, f4=False, f5=False, f6=True, f7=True, f8=False, f9=True, f10=False, f11=True, f12=True)",0.9509211864733172
50.875,"FeatureMask(f0=True, f1=True, f2=True, f3=True, f4=False, f5=False, f6=True, f7=True, f8=False, f9=True, f10=False, f11=True, f12=True)",0.9509211864733172
50.875,"FeatureMask(f0=True, f1=True, f2=True, f3=True, f4=False, f5=False, f6=True, f7=True, f8=False, f9=True, f10=False, f11=True, f12=True)",0.9509211864733172
50.875,"FeatureMask(f0=True, f1=True, f2=True, f3=True, f4=False, f5=False, f6=True, f7=True, f8=False, f9=True, f10=False, f11=True, f12=True)",0.9509211864733172
50.875,"FeatureMask(f0=True, f1=True, f2=True, f3=True, f4=False, f5=False, f6=True, f7=True, f8=False, f9=True, f10=False, f11=True, f12=True)",0.9509211864733172
50.875,"FeatureMask(f0=True, f1=True, f2=True, f3=True, f4=False, f5=False, f6=True, f7=True, f8=False, f9=True, f10=False, f11=True, f12=True)",0.9509211864733172
50.875,"FeatureMask(f0=True, f1=True, f2=True, f3=True, f4=False, f5=False, f6=True, f7=True, f8=False, f9=True, f10=False, f11=True, f12=True)",0.9509211864733172
50.969,"FeatureMask(f0=True, f1=True, f2=True, f3=True, f4=False, f5=False, f6=True, f7=True, f8=False, f9=True, f10=False, f11=True, f12=True)",0.9509211864733172
51.094,"FeatureMask(f0=True, f1=True, f2=True, f3=True, f4=False, f5=False, f6=True, f7=True, f8=False, f9=True, f10=False, f11=True, f12=True)",0.9509211864733172
51.094,"FeatureMask(f0=True, f1=True, f2=True, f3=True, f4=False, f5=False, f6=True, f7=True, f8=False, f9=True, f10=False, f11=True, f12=True)",0.9509211864733172
51.094,"FeatureMask(f0=True, f1=True, f2=True, f3=True, f4=False, f5=False, f6=True, f7=True, f8=False, f9=True, f10=False, f11=True, f12=True)",0.9509211864733172
51.094,"FeatureMask(f0=True, f1=True, f2=True, f3=True, f4=False, f5=False, f6=True, f7=True, f8=False, f9=True, f10=False, f11=True, f12=True)",0.9509211864733172
51.094,"FeatureMask(f0=True, f1=True, f2=True, f3=True, f4=False, f5=False, f6=True, f7=True, f8=False, f9=True, f10=False, f11=True, f12=True)",0.9509211864733172
51.094,"FeatureMask(f0=True, f1=True, f2=True, f3=True, f4=False, f5=False, f6=True, f7=True, f8=False, f9=True, f10=False, f11=True, f12=True)",0.9509211864733172
51.094,"FeatureMask(f0=True, f1=True, f2=True, f3=True, f4=False, f5=False, f6=True, f7=True, f8=False, f9=True, f10=False, f11=True, f12=True)",0.9509211864733172
51.094,"FeatureMask(f0=True, f1=True, f2=True, f3=True, f4=False, f5=False, f6=True, f7=True, f8=False, f9=True, f10=False, f11=True, f12=True)",0.9509211864733172
51.094,"FeatureMask(f0=True, f1=True, f2=True, f3=True, f4=False, f5=False, f6=True, f7=True, f8=False, f9=True, f10=False, f11=True, f12=True)",0.9509211864733172
51.094,"FeatureMask(f0=True, f1=True, f2=True, f3=True, f4=False, f5=False, f6=True, f7=True, f8=False, f9=True, f10=False, f11=True, f12=True)",0.9509211864733172
51.203,"FeatureMask(f0=True, f1=True, f2=True, f3=True, f4=False, f5=False, f6=True, f7=True, f8=False, f9=True, f10=False, f11=True, f12=True)",0.9509211864733172
51.438,"FeatureMask(f0=True, f1=True, f2=True, f3=True, f4=False, f5=False, f6=True, f7=True, f8=False, f9=True, f10=False, f11=True, f12=True)",0.9509211864733172
51.438,"FeatureMask(f0=True, f1=True, f2=True, f3=True, f4=False, f5=False, f6=True, f7=True, f8=False, f9=True, f10=False, f11=True, f12=True)",0.9509211864733172
51.438,"FeatureMask(f0=True, f1=True, f2=True, f3=True, f4=False, f5=False, f6=True, f7=True, f8=False, f9=True, f10=False, f11=True, f12=True)",0.9509211864733172
51.438,"FeatureMask(f0=True, f1=True, f2=True, f3=True, f4=False, f5=False, f6=True, f7=True, f8=False, f9=True, f10=False, f11=True, f12=True)",0.9509211864733172
51.438,"FeatureMask(f0=True, f1=True, f2=True, f3=True, f4=False, f5=False, f6=True, f7=True, f8=False, f9=True, f10=False, f11=True, f12=True)",0.9509211864733172
51.438,"FeatureMask(f0=True, f1=True, f2=True, f3=True, f4=False, f5=False, f6=True, f7=True, f8=False, f9=True, f10=False, f11=True, f12=True)",0.9509211864733172
51.438,"FeatureMask(f0=True, f1=True, f2=True, f3=True, f4=False, f5=False, f6=True, f7=True, f8=False, f9=True, f10=False, f11=True, f12=True)",0.9509211864733172
51.438,"FeatureMask(f0=True, f1=True, f2=True, f3=True, f4=False, f5=False, f6=True, f7=True, f8=False, f9=True, f10=False, f11=True, f12=True)",0.9509211864733172
51.438,"FeatureMask(f0=True, f1=True, f2=True, f3=True, f4=False, f5=False, f6=True, f7=True, f8=False, f9=True, f10=False, f11=True, f12=True)",0.9509211864733172
51.438,"FeatureMask(f0=True, f1=True, f2=True, f3=True, f4=False, f5=False, f6=True, f7=True, f8=False, f9=True, f10=False, f11=True, f12=True)",0.9509211864733172
51.516000000000005,"FeatureMask(f0=True, f1=True, f2=True, f3=True, f4=False, f5=True, f6=True, f7=False, f8=False, f9=True, f10=False, f11=True, f12=True)",0.9560467326267378
51.672000000000004,"FeatureMask(f0=True, f1=True, f2=True, f3=True, f4=False, f5=True, f6=True, f7=False, f8=False, f9=True, f10=False, f11=True, f12=True)",0.9560467326267378
51.672000000000004,"FeatureMask(f0=True, f1=True, f2=True, f3=True, f4=False, f5=True, f6=True, f7=False, f8=False, f9=True, f10=False, f11=True, f12=True)",0.9560467326267378
51.672000000000004,"FeatureMask(f0=True, f1=True, f2=True, f3=True, f4=False, f5=True, f6=True, f7=False, f8=False, f9=True, f10=False, f11=True, f12=True)",0.9560467326267378
51.672000000000004,"FeatureMask(f0=True, f1=True, f2=True, f3=True, f4=False, f5=True, f6=True, f7=False, f8=False, f9=True, f10=False, f11=True, f12=True)",0.9560467326267378
51.672000000000004,"FeatureMask(f0=True, f1=True, f2=True, f3=True, f4=False, f5=True, f6=True, f7=False, f8=False, f9=True, f10=False, f11=True, f12=True)",0.9560467326267378
51.672000000000004,"FeatureMask(f0=True, f1=True, f2=True, f3=True, f4=False, f5=True, f6=True, f7=False, f8=False, f9=True, f10=False, f11=True, f12=True)",0.9560467326267378
51.672000000000004,"FeatureMask(f0=True, f1=True, f2=True, f3=True, f4=False, f5=True, f6=True, f7=False, f8=False, f9=True, f10=False, f11=True, f12=True)",0.9560467326267378
51.672000000000004,"FeatureMask(f0=True, f1=True, f2=True, f3=True, f4=False, f5=True, f6=True, f7=False, f8=False, f9=True, f10=False, f11=True, f12=True)",0.9560467326267378
51.672000000000004,"FeatureMask(f0=True, f1=True, f2=True, f3=True, f4=False, f5=True, f6=True, f7=False, f8=False, f9=True, f10=False, f11=True, f12=True)",0.9560467326267378
51.672000000000004,"FeatureMask(f0=True, f1=True, f2=True, f3=True, f4=False, f5=True, f6=True, f7=False, f8=False, f9=True, f10=False, f11=True, f12=True)",0.9560467326267378
51.86000000000001,"FeatureMask(f0=True, f1=True, f2=True, f3=True, f4=False, f5=True, f6=True, f7=False, f8=False, f9=True, f10=False, f11=True, f12=True)",0.9560467326267378
51.86000000000001,"FeatureMask(f0=True, f1=True, f2=True, f3=True, f4=False, f5=True, f6=True, f7=False, f8=False, f9=True, f10=False, f11=True, f12=True)",0.9560467326267378
51.86000000000001,"FeatureMask(f0=True, f1=True, f2=True, f3=True, f4=False, f5=True, f6=True, f7=False, f8=False, f9=True, f10=False, f11=True, f12=True)",0.9560467326267378
51.86000000000001,"FeatureMask(f0=True, f1=True, f2=True, f3=True, f4=False, f5=True, f6=True, f7=False, f8=False, f9=True, f10=False, f11=True, f12=True)",0.9560467326267378
51.86000000000001,"FeatureMask(f0=True, f1=True, f2=True, f3=True, f4=False, f5=True, f6=True, f7=False, f8=False, f9=True, f10=False, f11=True, f12=True)",0.9560467326267378
51.86000000000001,"FeatureMask(f0=True, f1=True, f2=True, f3=True, f4=False, f5=True, f6=True, f7=False, f8=False, f9=True, f10=False, f11=True, f12=True)",0.9560467326267378
51.86000000000001,"FeatureMask(f0=True, f1=True, f2=True, f3=True, f4=False, f5=True, f6=True, f7=False, f8=False, f9=True, f10=False, f11=True, f12=True)",0.9560467326267378
51.86000000000001,"FeatureMask(f0=True, f1=True, f2=True, f3=True, f4=False, f5=True, f6=True, f7=False, f8=False, f9=True, f10=False, f11=True, f12=True)",0.9560467326267378
51.86000000000001,"FeatureMask(f0=True, f1=True, f2=True, f3=True, f4=False, f5=True, f6=True, f7=False, f8=False, f9=True, f10=False, f11=True, f12=True)",0.9560467326267378
51.86000000000001,"FeatureMask(f0=True, f1=True, f2=True, f3=True, f4=False, f5=True, f6=True, f7=False, f8=False, f9=True, f10=False, f11=True, f12=True)",0.9560467326267378
52.078,"FeatureMask(f0=True, f1=True, f2=True, f3=True, f4=False, f5=True, f6=True, f7=False, f8=False, f9=True, f10=False, f11=True, f12=True)",0.9560467326267378
52.078,"FeatureMask(f0=True, f1=True, f2=True, f3=True, f4=False, f5=True, f6=True, f7=False, f8=False, f9=True, f10=False, f11=True, f12=True)",0.9560467326267378
52.078,"FeatureMask(f0=True, f1=True, f2=True, f3=True, f4=False, f5=True, f6=True, f7=False, f8=False, f9=True, f10=False, f11=True, f12=True)",0.9560467326267378
52.078,"FeatureMask(f0=True, f1=True, f2=True, f3=True, f4=False, f5=True, f6=True, f7=False, f8=False, f9=True, f10=False, f11=True, f12=True)",0.9560467326267378
52.078,"FeatureMask(f0=True, f1=True, f2=True, f3=True, f4=False, f5=True, f6=True, f7=False, f8=False, f9=True, f10=False, f11=True, f12=True)",0.9560467326267378
52.078,"FeatureMask(f0=True, f1=True, f2=True, f3=True, f4=False, f5=True, f6=True, f7=False, f8=False, f9=True, f10=False, f11=True, f12=True)",0.9560467326267378
52.078,"FeatureMask(f0=True, f1=True, f2=True, f3=True, f4=False, f5=True, f6=True, f7=False, f8=False, f9=True, f10=False, f11=True, f12=True)",0.9560467326267378
52.078,"FeatureMask(f0=True, f1=True, f2=True, f3=True, f4=False, f5=True, f6=True, f7=False, f8=False, f9=True, f10=False, f11=True, f12=True)",0.9560467326267378
52.078,"FeatureMask(f0=True, f1=True, f2=True, f3=True, f4=False, f5=True, f6=True, f7=False, f8=False, f9=True, f10=False, f11=True, f12=True)",0.9560467326267378
52.078,"FeatureMask(f0=True, f1=True, f2=True, f3=True, f4=False, f5=True, f6=True, f7=False, f8=False, f9=True, f10=False, f11=True, f12=True)",0.9560467326267378
52.266000000000005,"FeatureMask(f0=True, f1=True, f2=True, f3=True, f4=False, f5=True, f6=True, f7=False, f8=False, f9=True, f10=False, f11=True, f12=True)",0.9560467326267378
52.266000000000005,"FeatureMask(f0=True, f1=True, f2=True, f3=True, f4=False, f5=True, f6=True, f7=False, f8=False, f9=True, f10=False, f11=True, f12=True)",0.9560467326267378
52.266000000000005,"FeatureMask(f0=True, f1=True, f2=True, f3=True, f4=False, f5=True, f6=True, f7=False, f8=False, f9=True, f10=False, f11=True, f12=True)",0.9560467326267378
52.266000000000005,"FeatureMask(f0=True, f1=True, f2=True, f3=True, f4=False, f5=True, f6=True, f7=False, f8=False, f9=True, f10=False, f11=True, f12=True)",0.9560467326267378
52.266000000000005,"FeatureMask(f0=True, f1=True, f2=True, f3=True, f4=False, f5=True, f6=True, f7=False, f8=False, f9=True, f10=False, f11=True, f12=True)",0.9560467326267378
52.266000000000005,"FeatureMask(f0=True, f1=True, f2=True, f3=True, f4=False, f5=True, f6=True, f7=False, f8=False, f9=True, f10=False, f11=True, f12=True)",0.9560467326267378
52.266000000000005,"FeatureMask(f0=True, f1=True, f2=True, f3=True, f4=False, f5=True, f6=True, f7=False, f8=False, f9=True, f10=False, f11=True, f12=True)",0.9560467326267378
52.266000000000005,"FeatureMask(f0=True, f1=True, f2=True, f3=True, f4=False, f5=True, f6=True, f7=False, f8=False, f9=True, f10=False, f11=True, f12=True)",0.9560467326267378
52.266000000000005,"FeatureMask(f0=True, f1=True, f2=True, f3=True, f4=False, f5=True, f6=True, f7=False, f8=False, f9=True, f10=False, f11=True, f12=True)",0.9560467326267378
52.266000000000005,"FeatureMask(f0=True, f1=True, f2=True, f3=True, f4=False, f5=True, f6=True, f7=False, f8=False, f9=True, f10=False, f11=True, f12=True)",0.9560467326267378
52.422000000000004,"FeatureMask(f0=True, f1=True, f2=True, f3=True, f4=False, f5=True, f6=True, f7=False, f8=False, f9=True, f10=False, f11=True, f12=True)",0.9560467326267378
52.422000000000004,"FeatureMask(f0=True, f1=True, f2=True, f3=True, f4=False, f5=True, f6=True, f7=False, f8=False, f9=True, f10=False, f11=True, f12=True)",0.9560467326267378
52.422000000000004,"FeatureMask(f0=True, f1=True, f2=True, f3=True, f4=False, f5=True, f6=True, f7=False, f8=False, f9=True, f10=False, f11=True, f12=True)",0.9560467326267378
52.422000000000004,"FeatureMask(f0=True, f1=True, f2=True, f3=True, f4=False, f5=True, f6=True, f7=False, f8=False, f9=True, f10=False, f11=True, f12=True)",0.9560467326267378
52.422000000000004,"FeatureMask(f0=True, f1=True, f2=True, f3=True, f4=False, f5=True, f6=True, f7=False, f8=False, f9=True, f10=False, f11=True, f12=True)",0.9560467326267378
52.422000000000004,"FeatureMask(f0=True, f1=True, f2=True, f3=True, f4=False, f5=True, f6=True, f7=False, f8=False, f9=True, f10=False, f11=True, f12=True)",0.9560467326267378
52.422000000000004,"FeatureMask(f0=True, f1=True, f2=True, f3=True, f4=False, f5=True, f6=True, f7=False, f8=False, f9=True, f10=False, f11=True, f12=True)",0.9560467326267378
52.422000000000004,"FeatureMask(f0=True, f1=True, f2=True, f3=True, f4=False, f5=True, f6=True, f7=False, f8=False, f9=True, f10=False, f11=True, f12=True)",0.9560467326267378
52.422000000000004,"FeatureMask(f0=True, f1=True, f2=True, f3=True, f4=False, f5=True, f6=True, f7=False, f8=False, f9=True, f10=False, f11=True, f12=True)",0.9560467326267378
52.422000000000004,"FeatureMask(f0=True, f1=True, f2=True, f3=True, f4=False, f5=True, f6=True, f7=False, f8=False, f9=True, f10=False, f11=True, f12=True)",0.9560467326267378
52.641000000000005,"FeatureMask(f0=True, f1=True, f2=True, f3=True, f4=False, f5=True, f6=True, f7=False, f8=False, f9=True, f10=False, f11=True, f12=True)",0.9560467326267378
52.641000000000005,"FeatureMask(f0=True, f1=True, f2=True, f3=True, f4=False, f5=True, f6=True, f7=False, f8=False, f9=True, f10=False, f11=True, f12=True)",0.9560467326267378
52.641000000000005,"FeatureMask(f0=True, f1=True, f2=True, f3=True, f4=False, f5=True, f6=True, f7=False, f8=False, f9=True, f10=False, f11=True, f12=True)",0.9560467326267378
52.641000000000005,"FeatureMask(f0=True, f1=True, f2=True, f3=True, f4=False, f5=True, f6=True, f7=False, f8=False, f9=True, f10=False, f11=True, f12=True)",0.9560467326267378
52.641000000000005,"FeatureMask(f0=True, f1=True, f2=True, f3=True, f4=False, f5=True, f6=True, f7=False, f8=False, f9=True, f10=False, f11=True, f12=True)",0.9560467326267378
52.641000000000005,"FeatureMask(f0=True, f1=True, f2=True, f3=True, f4=False, f5=True, f6=True, f7=False, f8=False, f9=True, f10=False, f11=True, f12=True)",0.9560467326267378
52.641000000000005,"FeatureMask(f0=True, f1=True, f2=True, f3=True, f4=False, f5=True, f6=True, f7=False, f8=False, f9=True, f10=False, f11=True, f12=True)",0.9560467326267378
52.641000000000005,"FeatureMask(f0=True, f1=True, f2=True, f3=True, f4=False, f5=True, f6=True, f7=False, f8=False, f9=True, f10=False, f11=True, f12=True)",0.9560467326267378
52.641000000000005,"FeatureMask(f0=True, f1=True, f2=True, f3=True, f4=False, f5=True, f6=True, f7=False, f8=False, f9=True, f10=False, f11=True, f12=True)",0.9560467326267378
52.641000000000005,"FeatureMask(f0=True, f1=True, f2=True, f3=True, f4=False, f5=True, f6=True, f7=False, f8=False, f9=True, f10=False, f11=True, f12=True)",0.9560467326267378
52.828,"FeatureMask(f0=True, f1=True, f2=True, f3=True, f4=False, f5=True, f6=True, f7=False, f8=False, f9=True, f10=False, f11=True, f12=True)",0.9560467326267378
52.828,"FeatureMask(f0=True, f1=True, f2=True, f3=True, f4=False, f5=True, f6=True, f7=False, f8=False, f9=True, f10=False, f11=True, f12=True)",0.9560467326267378
52.828,"FeatureMask(f0=True, f1=True, f2=True, f3=True, f4=False, f5=True, f6=True, f7=False, f8=False, f9=True, f10=False, f11=True, f12=True)",0.9560467326267378
52.828,"FeatureMask(f0=True, f1=True, f2=True, f3=True, f4=False, f5=True, f6=True, f7=False, f8=False, f9=True, f10=False, f11=True, f12=True)",0.9560467326267378
52.828,"FeatureMask(f0=True, f1=True, f2=True, f3=True, f4=False, f5=True, f6=True, f7=False, f8=False, f9=True, f10=False, f11=True, f12=True)",0.9560467326267378
52.828,"FeatureMask(f0=True, f1=True, f2=True, f3=True, f4=False, f5=True, f6=True, f7=False, f8=False, f9=True, f10=False, f11=True, f12=True)",0.9560467326267378
52.828,"FeatureMask(f0=True, f1=True, f2=True, f3=True, f4=False, f5=True, f6=True, f7=False, f8=False, f9=True, f10=False, f11=True, f12=True)",0.9560467326267378
52.828,"FeatureMask(f0=True, f1=True, f2=True, f3=True, f4=False, f5=True, f6=True, f7=False, f8=False, f9=True, f10=False, f11=True, f12=True)",0.9560467326267378
52.828,"FeatureMask(f0=True, f1=True, f2=True, f3=True, f4=False, f5=True, f6=True, f7=False, f8=False, f9=True, f10=False, f11=True, f12=True)",0.9560467326267378
52.828,"FeatureMask(f0=True, f1=True, f2=True, f3=True, f4=False, f5=True, f6=True, f7=False, f8=False, f9=True, f10=False, f11=True, f12=True)",0.9560467326267378
52.907000000000004,"FeatureMask(f0=True, f1=True, f2=True, f3=True, f4=False, f5=True, f6=True, f7=False, f8=False, f9=True, f10=False, f11=True, f12=True)",0.9560467326267378
52.907000000000004,"FeatureMask(f0=True, f1=True, f2=True, f3=True, f4=False, f5=True, f6=True, f7=False, f8=False, f9=True, f10=False, f11=True, f12=True)",0.9560467326267378
53.032000000000004,"FeatureMask(f0=True, f1=True, f2=True, f3=True, f4=False, f5=True, f6=True, f7=False, f8=False, f9=True, f10=False, f11=True, f12=True)",0.9560467326267378
53.032000000000004,"FeatureMask(f0=True, f1=True, f2=True, f3=True, f4=False, f5=True, f6=True, f7=False, f8=False, f9=True, f10=False, f11=True, f12=True)",0.9560467326267378
53.032000000000004,"FeatureMask(f0=True, f1=True, f2=True, f3=True, f4=False, f5=True, f6=True, f7=False, f8=False, f9=True, f10=False, f11=True, f12=True)",0.9560467326267378
53.032000000000004,"FeatureMask(f0=True, f1=True, f2=True, f3=True, f4=False, f5=True, f6=True, f7=False, f8=False, f9=True, f10=False, f11=True, f12=True)",0.9560467326267378
53.032000000000004,"FeatureMask(f0=True, f1=True, f2=True, f3=True, f4=False, f5=True, f6=True, f7=False, f8=False, f9=True, f10=False, f11=True, f12=True)",0.9560467326267378
53.032000000000004,"FeatureMask(f0=True, f1=True, f2=True, f3=True, f4=False, f5=True, f6=True, f7=False, f8=False, f9=True, f10=False, f11=True, f12=True)",0.9560467326267378
53.032000000000004,"FeatureMask(f0=True, f1=True, f2=True, f3=True, f4=False, f5=True, f6=True, f7=False, f8=False, f9=True, f10=False, f11=True, f12=True)",0.9560467326267378
53.032000000000004,"FeatureMask(f0=True, f1=True, f2=True, f3=True, f4=False, f5=True, f6=True, f7=False, f8=False, f9=True, f10=False, f11=True, f12=True)",0.9560467326267378
53.032000000000004,"FeatureMask(f0=True, f1=True, f2=True, f3=True, f4=False, f5=True, f6=True, f7=False, f8=False, f9=True, f10=False, f11=True, f12=True)",0.9560467326267378
53.032000000000004,"FeatureMask(f0=True, f1=True, f2=True, f3=True, f4=False, f5=True, f6=True, f7=False, f8=False, f9=True, f10=False, f11=True, f12=True)",0.9560467326267378
53.11000000000001,"FeatureMask(f0=True, f1=True, f2=True, f3=True, f4=False, f5=True, f6=True, f7=False, f8=False, f9=True, f10=False, f11=True, f12=True)",0.9560467326267378
53.23500000000001,"FeatureMask(f0=True, f1=True, f2=True, f3=True, f4=False, f5=True, f6=True, f7=False, f8=False, f9=True, f10=False, f11=True, f12=True)",0.9560467326267378
53.23500000000001,"FeatureMask(f0=True, f1=True, f2=True, f3=True, f4=False, f5=True, f6=True, f7=False, f8=False, f9=True, f10=False, f11=True, f12=True)",0.9560467326267378
53.23500000000001,"FeatureMask(f0=True, f1=True, f2=True, f3=True, f4=False, f5=True, f6=True, f7=False, f8=False, f9=True, f10=False, f11=True, f12=True)",0.9560467326267378
53.23500000000001,"FeatureMask(f0=True, f1=True, f2=True, f3=True, f4=False, f5=True, f6=True, f7=False, f8=False, f9=True, f10=False, f11=True, f12=True)",0.9560467326267378
53.23500000000001,"FeatureMask(f0=True, f1=True, f2=True, f3=True, f4=False, f5=True, f6=True, f7=False, f8=False, f9=True, f10=False, f11=True, f12=True)",0.9560467326267378
53.23500000000001,"FeatureMask(f0=True, f1=True, f2=True, f3=True, f4=False, f5=True, f6=True, f7=False, f8=False, f9=True, f10=False, f11=True, f12=True)",0.9560467326267378
53.23500000000001,"FeatureMask(f0=True, f1=True, f2=True, f3=True, f4=False, f5=True, f6=True, f7=False, f8=False, f9=True, f10=False, f11=True, f12=True)",0.9560467326267378
53.23500000000001,"FeatureMask(f0=True, f1=True, f2=True, f3=True, f4=False, f5=True, f6=True, f7=False, f8=False, f9=True, f10=False, f11=True, f12=True)",0.9560467326267378
53.23500000000001,"FeatureMask(f0=True, f1=True, f2=True, f3=True, f4=False, f5=True, f6=True, f7=False, f8=False, f9=True, f10=False, f11=True, f12=True)",0.9560467326267378
53.23500000000001,"FeatureMask(f0=True, f1=True, f2=True, f3=True, f4=False, f5=True, f6=True, f7=False, f8=False, f9=True, f10=False, f11=True, f12=True)",0.9560467326267378
53.438,"FeatureMask(f0=True, f1=True, f2=True, f3=True, f4=False, f5=True, f6=True, f7=False, f8=False, f9=True, f10=False, f11=True, f12=True)",0.9560467326267378
53.438,"FeatureMask(f0=True, f1=True, f2=True, f3=True, f4=False, f5=True, f6=True, f7=False, f8=False, f9=True, f10=False, f11=True, f12=True)",0.9560467326267378
53.438,"FeatureMask(f0=True, f1=True, f2=True, f3=True, f4=False, f5=True, f6=True, f7=False, f8=False, f9=True, f10=False, f11=True, f12=True)",0.9560467326267378
53.438,"FeatureMask(f0=True, f1=True, f2=True, f3=True, f4=False, f5=True, f6=True, f7=False, f8=False, f9=True, f10=False, f11=True, f12=True)",0.9560467326267378
53.438,"FeatureMask(f0=True, f1=True, f2=True, f3=True, f4=False, f5=True, f6=True, f7=False, f8=False, f9=True, f10=False, f11=True, f12=True)",0.9560467326267378
53.438,"FeatureMask(f0=True, f1=True, f2=True, f3=True, f4=False, f5=True, f6=True, f7=False, f8=False, f9=True, f10=False, f11=True, f12=True)",0.9560467326267378
53.438,"FeatureMask(f0=True, f1=True, f2=True, f3=True, f4=False, f5=True, f6=True, f7=False, f8=False, f9=True, f10=False, f11=True, f12=True)",0.9560467326267378
53.438,"FeatureMask(f0=True, f1=True, f2=True, f3=True, f4=False, f5=True, f6=True, f7=False, f8=False, f9=True, f10=False, f11=True, f12=True)",0.9560467326267378
53.438,"FeatureMask(f0=True, f1=True, f2=True, f3=True, f4=False, f5=True, f6=True, f7=False, f8=False, f9=True, f10=False, f11=True, f12=True)",0.9560467326267378
53.438,"FeatureMask(f0=True, f1=True, f2=True, f3=True, f4=False, f5=True, f6=True, f7=False, f8=False, f9=True, f10=False, f11=True, f12=True)",0.9560467326267378
53.532000000000004,"FeatureMask(f0=True, f1=True, f2=True, f3=True, f4=False, f5=True, f6=True, f7=False, f8=False, f9=True, f10=False, f11=True, f12=True)",0.9560467326267378
53.641000000000005,"FeatureMask(f0=True, f1=True, f2=True, f3=True, f4=False, f5=True, f6=True, f7=False, f8=False, f9=True, f10=False, f11=True, f12=True)",0.9560467326267378
53.641000000000005,"FeatureMask(f0=True, f1=True, f2=True, f3=True, f4=False, f5=True, f6=True, f7=False, f8=False, f9=True, f10=False, f11=True, f12=True)",0.9560467326267378
53.641000000000005,"FeatureMask(f0=True, f1=True, f2=True, f3=True, f4=False, f5=True, f6=True, f7=False, f8=False, f9=True, f10=False, f11=True, f12=True)",0.9560467326267378
53.641000000000005,"FeatureMask(f0=True, f1=True, f2=True, f3=True, f4=False, f5=True, f6=True, f7=False, f8=False, f9=True, f10=False, f11=True, f12=True)",0.9560467326267378
53.641000000000005,"FeatureMask(f0=True, f1=True, f2=True, f3=True, f4=False, f5=True, f6=True, f7=False, f8=False, f9=True, f10=False, f11=True, f12=True)",0.9560467326267378
53.641000000000005,"FeatureMask(f0=True, f1=True, f2=True, f3=True, f4=False, f5=True, f6=True, f7=False, f8=False, f9=True, f10=False, f11=True, f12=True)",0.9560467326267378
53.641000000000005,"FeatureMask(f0=True, f1=True, f2=True, f3=True, f4=False, f5=True, f6=True, f7=False, f8=False, f9=True, f10=False, f11=True, f12=True)",0.9560467326267378
53.641000000000005,"FeatureMask(f0=True, f1=True, f2=True, f3=True, f4=False, f5=True, f6=True, f7=False, f8=False, f9=True, f10=False, f11=True, f12=True)",0.9560467326267378
53.641000000000005,"FeatureMask(f0=True, f1=True, f2=True, f3=True, f4=False, f5=True, f6=True, f7=False, f8=False, f9=True, f10=False, f11=True, f12=True)",0.9560467326267378
53.641000000000005,"FeatureMask(f0=True, f1=True, f2=True, f3=True, f4=False, f5=True, f6=True, f7=False, f8=False, f9=True, f10=False, f11=True, f12=True)",0.9560467326267378
53.73500000000001,"FeatureMask(f0=True, f1=True, f2=True, f3=True, f4=False, f5=True, f6=True, f7=False, f8=False, f9=True, f10=False, f11=True, f12=True)",0.9560467326267378
53.86000000000001,"FeatureMask(f0=True, f1=True, f2=True, f3=True, f4=False, f5=True, f6=True, f7=False, f8=False, f9=True, f10=False, f11=True, f12=True)",0.9560467326267378
53.86000000000001,"FeatureMask(f0=True, f1=True, f2=True, f3=True, f4=False, f5=True, f6=True, f7=False, f8=False, f9=True, f10=False, f11=True, f12=True)",0.9560467326267378
53.86000000000001,"FeatureMask(f0=True, f1=True, f2=True, f3=True, f4=False, f5=True, f6=True, f7=False, f8=False, f9=True, f10=False, f11=True, f12=True)",0.9560467326267378
53.86000000000001,"FeatureMask(f0=True, f1=True, f2=True, f3=True, f4=False, f5=True, f6=True, f7=False, f8=False, f9=True, f10=False, f11=True, f12=True)",0.9560467326267378
53.86000000000001,"FeatureMask(f0=True, f1=True, f2=True, f3=True, f4=False, f5=True, f6=True, f7=False, f8=False, f9=True, f10=False, f11=True, f12=True)",0.9560467326267378
53.86000000000001,"FeatureMask(f0=True, f1=True, f2=True, f3=True, f4=False, f5=True, f6=True, f7=False, f8=False, f9=True, f10=False, f11=True, f12=True)",0.9560467326267378
53.86000000000001,"FeatureMask(f0=True, f1=True, f2=True, f3=True, f4=False, f5=True, f6=True, f7=False, f8=False, f9=True, f10=False, f11=True, f12=True)",0.9560467326267378
53.86000000000001,"FeatureMask(f0=True, f1=True, f2=True, f3=True, f4=False, f5=True, f6=True, f7=False, f8=False, f9=True, f10=False, f11=True, f12=True)",0.9560467326267378
53.86000000000001,"FeatureMask(f0=True, f1=True, f2=True, f3=True, f4=False, f5=True, f6=True, f7=False, f8=False, f9=True, f10=False, f11=True, f12=True)",0.9560467326267378
53.86000000000001,"FeatureMask(f0=True, f1=True, f2=True, f3=True, f4=False, f5=True, f6=True, f7=False, f8=False, f9=True, f10=False, f11=True, f12=True)",0.9560467326267378
53.938,"FeatureMask(f0=True, f1=True, f2=True, f3=True, f4=False, f5=True, f6=True, f7=False, f8=False, f9=True, f10=False, f11=True, f12=True)",0.9560467326267378
54.047000000000004,"FeatureMask(f0=True, f1=True, f2=True, f3=True, f4=False, f5=True, f6=True, f7=False, f8=False, f9=True, f10=False, f11=True, f12=True)",0.9560467326267378
54.047000000000004,"FeatureMask(f0=True, f1=True, f2=True, f3=True, f4=False, f5=True, f6=True, f7=False, f8=False, f9=True, f10=False, f11=True, f12=True)",0.9560467326267378
54.047000000000004,"FeatureMask(f0=True, f1=True, f2=True, f3=True, f4=False, f5=True, f6=True, f7=False, f8=False, f9=True, f10=False, f11=True, f12=True)",0.9560467326267378
54.047000000000004,"FeatureMask(f0=True, f1=True, f2=True, f3=True, f4=False, f5=True, f6=True, f7=False, f8=False, f9=True, f10=False, f11=True, f12=True)",0.9560467326267378
54.047000000000004,"FeatureMask(f0=True, f1=True, f2=True, f3=True, f4=False, f5=True, f6=True, f7=False, f8=False, f9=True, f10=False, f11=True, f12=True)",0.9560467326267378
54.047000000000004,"FeatureMask(f0=True, f1=True, f2=True, f3=True, f4=False, f5=True, f6=True, f7=False, f8=False, f9=True, f10=False, f11=True, f12=True)",0.9560467326267378
54.047000000000004,"FeatureMask(f0=True, f1=True, f2=True, f3=True, f4=False, f5=True, f6=True, f7=False, f8=False, f9=True, f10=False, f11=True, f12=True)",0.9560467326267378
54.047000000000004,"FeatureMask(f0=True, f1=True, f2=True, f3=True, f4=False, f5=True, f6=True, f7=False, f8=False, f9=True, f10=False, f11=True, f12=True)",0.9560467326267378
54.047000000000004,"FeatureMask(f0=True, f1=True, f2=True, f3=True, f4=False, f5=True, f6=True, f7=False, f8=False, f9=True, f10=False, f11=True, f12=True)",0.9560467326267378
54.047000000000004,"FeatureMask(f0=True, f1=True, f2=True, f3=True, f4=False, f5=True, f6=True, f7=False, f8=False, f9=True, f10=False, f11=True, f12=True)",0.9560467326267378
54.157000000000004,"FeatureMask(f0=True, f1=True, f2=True, f3=True, f4=False, f5=True, f6=True, f7=False, f8=False, f9=True, f10=False, f11=True, f12=True)",0.9560467326267378
54.282000000000004,"FeatureMask(f0=True, f1=True, f2=True, f3=True, f4=False, f5=True, f6=True, f7=False, f8=False, f9=True, f10=False, f11=True, f12=True)",0.9560467326267378
54.282000000000004,"FeatureMask(f0=True, f1=True, f2=True, f3=True, f4=False, f5=True, f6=True, f7=False, f8=False, f9=True, f10=False, f11=True, f12=True)",0.9560467326267378
54.282000000000004,"FeatureMask(f0=True, f1=True, f2=True, f3=True, f4=False, f5=True, f6=True, f7=False, f8=False, f9=True, f10=False, f11=True, f12=True)",0.9560467326267378
54.282000000000004,"FeatureMask(f0=True, f1=True, f2=True, f3=True, f4=False, f5=True, f6=True, f7=False, f8=False, f9=True, f10=False, f11=True, f12=True)",0.9560467326267378
54.282000000000004,"FeatureMask(f0=True, f1=True, f2=True, f3=True, f4=False, f5=True, f6=True, f7=False, f8=False, f9=True, f10=False, f11=True, f12=True)",0.9560467326267378
54.282000000000004,"FeatureMask(f0=True, f1=True, f2=True, f3=True, f4=False, f5=True, f6=True, f7=False, f8=False, f9=True, f10=False, f11=True, f12=True)",0.9560467326267378
54.282000000000004,"FeatureMask(f0=True, f1=True, f2=True, f3=True, f4=False, f5=True, f6=True, f7=False, f8=False, f9=True, f10=False, f11=True, f12=True)",0.9560467326267378
54.282000000000004,"FeatureMask(f0=True, f1=True, f2=True, f3=True, f4=False, f5=True, f6=True, f7=False, f8=False, f9=True, f10=False, f11=True, f12=True)",0.9560467326267378
54.282000000000004,"FeatureMask(f0=True, f1=True, f2=True, f3=True, f4=False, f5=True, f6=True, f7=False, f8=False, f9=True, f10=False, f11=True, f12=True)",0.9560467326267378
54.282000000000004,"FeatureMask(f0=True, f1=True, f2=True, f3=True, f4=False, f5=True, f6=True, f7=False, f8=False, f9=True, f10=False, f11=True, f12=True)",0.9560467326267378
54.36000000000001,"FeatureMask(f0=True, f1=True, f2=True, f3=True, f4=False, f5=True, f6=True, f7=False, f8=False, f9=True, f10=False, f11=True, f12=True)",0.9560467326267378
54.48500000000001,"FeatureMask(f0=True, f1=True, f2=True, f3=True, f4=False, f5=True, f6=True, f7=False, f8=False, f9=True, f10=False, f11=True, f12=True)",0.9560467326267378
54.48500000000001,"FeatureMask(f0=True, f1=True, f2=True, f3=True, f4=False, f5=True, f6=True, f7=False, f8=False, f9=True, f10=False, f11=True, f12=True)",0.9560467326267378
54.48500000000001,"FeatureMask(f0=True, f1=True, f2=True, f3=True, f4=False, f5=True, f6=True, f7=False, f8=False, f9=True, f10=False, f11=True, f12=True)",0.9560467326267378
54.48500000000001,"FeatureMask(f0=True, f1=True, f2=True, f3=True, f4=False, f5=True, f6=True, f7=False, f8=False, f9=True, f10=False, f11=True, f12=True)",0.9560467326267378
54.48500000000001,"FeatureMask(f0=True, f1=True, f2=True, f3=True, f4=False, f5=True, f6=True, f7=False, f8=False, f9=True, f10=False, f11=True, f12=True)",0.9560467326267378
54.48500000000001,"FeatureMask(f0=True, f1=True, f2=True, f3=True, f4=False, f5=True, f6=True, f7=False, f8=False, f9=True, f10=False, f11=True, f12=True)",0.9560467326267378
54.48500000000001,"FeatureMask(f0=True, f1=True, f2=True, f3=True, f4=False, f5=True, f6=True, f7=False, f8=False, f9=True, f10=False, f11=True, f12=True)",0.9560467326267378
54.48500000000001,"FeatureMask(f0=True, f1=True, f2=True, f3=True, f4=False, f5=True, f6=True, f7=False, f8=False, f9=True, f10=False, f11=True, f12=True)",0.9560467326267378
54.48500000000001,"FeatureMask(f0=True, f1=True, f2=True, f3=True, f4=False, f5=True, f6=True, f7=False, f8=False, f9=True, f10=False, f11=True, f12=True)",0.9560467326267378
54.48500000000001,"FeatureMask(f0=True, f1=True, f2=True, f3=True, f4=False, f5=True, f6=True, f7=False, f8=False, f9=True, f10=False, f11=True, f12=True)",0.9560467326267378
54.657000000000004,"FeatureMask(f0=True, f1=True, f2=True, f3=True, f4=False, f5=True, f6=True, f7=False, f8=False, f9=True, f10=False, f11=True, f12=True)",0.9560467326267378
54.657000000000004,"FeatureMask(f0=True, f1=True, f2=True, f3=True, f4=False, f5=True, f6=True, f7=False, f8=False, f9=True, f10=False, f11=True, f12=True)",0.9560467326267378
54.657000000000004,"FeatureMask(f0=True, f1=True, f2=True, f3=True, f4=False, f5=True, f6=True, f7=False, f8=False, f9=True, f10=False, f11=True, f12=True)",0.9560467326267378
54.657000000000004,"FeatureMask(f0=True, f1=True, f2=True, f3=True, f4=False, f5=True, f6=True, f7=False, f8=False, f9=True, f10=False, f11=True, f12=True)",0.9560467326267378
54.657000000000004,"FeatureMask(f0=True, f1=True, f2=True, f3=True, f4=False, f5=True, f6=True, f7=False, f8=False, f9=True, f10=False, f11=True, f12=True)",0.9560467326267378
54.657000000000004,"FeatureMask(f0=True, f1=True, f2=True, f3=True, f4=False, f5=True, f6=True, f7=False, f8=False, f9=True, f10=False, f11=True, f12=True)",0.9560467326267378
54.657000000000004,"FeatureMask(f0=True, f1=True, f2=True, f3=True, f4=False, f5=True, f6=True, f7=False, f8=False, f9=True, f10=False, f11=True, f12=True)",0.9560467326267378
54.657000000000004,"FeatureMask(f0=True, f1=True, f2=True, f3=True, f4=False, f5=True, f6=True, f7=False, f8=False, f9=True, f10=False, f11=True, f12=True)",0.9560467326267378
54.657000000000004,"FeatureMask(f0=True, f1=True, f2=True, f3=True, f4=False, f5=True, f6=True, f7=False, f8=False, f9=True, f10=False, f11=True, f12=True)",0.9560467326267378
54.657000000000004,"FeatureMask(f0=True, f1=True, f2=True, f3=True, f4=False, f5=True, f6=True, f7=False, f8=False, f9=True, f10=False, f11=True, f12=True)",0.9560467326267378
54.75,"FeatureMask(f0=True, f1=True, f2=True, f3=True, f4=False, f5=True, f6=True, f7=False, f8=False, f9=True, f10=False, f11=True, f12=True)",0.9560467326267378
54.86000000000001,"FeatureMask(f0=True, f1=True, f2=True, f3=True, f4=False, f5=True, f6=True, f7=False, f8=False, f9=True, f10=False, f11=True, f12=True)",0.9560467326267378
54.86000000000001,"FeatureMask(f0=True, f1=True, f2=True, f3=True, f4=False, f5=True, f6=True, f7=False, f8=False, f9=True, f10=False, f11=True, f12=True)",0.9560467326267378
54.86000000000001,"FeatureMask(f0=True, f1=True, f2=True, f3=True, f4=False, f5=True, f6=True, f7=False, f8=False, f9=True, f10=False, f11=True, f12=True)",0.9560467326267378
54.86000000000001,"FeatureMask(f0=True, f1=True, f2=True, f3=True, f4=False, f5=True, f6=True, f7=False, f8=False, f9=True, f10=False, f11=True, f12=True)",0.9560467326267378
54.86000000000001,"FeatureMask(f0=True, f1=True, f2=True, f3=True, f4=False, f5=True, f6=True, f7=False, f8=False, f9=True, f10=False, f11=True, f12=True)",0.9560467326267378
54.86000000000001,"FeatureMask(f0=True, f1=True, f2=True, f3=True, f4=False, f5=True, f6=True, f7=False, f8=False, f9=True, f10=False, f11=True, f12=True)",0.9560467326267378
54.86000000000001,"FeatureMask(f0=True, f1=True, f2=True, f3=True, f4=False, f5=True, f6=True, f7=False, f8=False, f9=True, f10=False, f11=True, f12=True)",0.9560467326267378
54.86000000000001,"FeatureMask(f0=True, f1=True, f2=True, f3=True, f4=False, f5=True, f6=True, f7=False, f8=False, f9=True, f10=False, f11=True, f12=True)",0.9560467326267378
54.86000000000001,"FeatureMask(f0=True, f1=True, f2=True, f3=True, f4=False, f5=True, f6=True, f7=False, f8=False, f9=True, f10=False, f11=True, f12=True)",0.9560467326267378
54.86000000000001,"FeatureMask(f0=True, f1=True, f2=True, f3=True, f4=False, f5=True, f6=True, f7=False, f8=False, f9=True, f10=False, f11=True, f12=True)",0.9560467326267378
54.953,"FeatureMask(f0=True, f1=True, f2=True, f3=True, f4=False, f5=True, f6=True, f7=False, f8=False, f9=True, f10=False, f11=True, f12=True)",0.9560467326267378
55.047000000000004,"FeatureMask(f0=True, f1=True, f2=True, f3=True, f4=False, f5=True, f6=True, f7=False, f8=False, f9=True, f10=False, f11=True, f12=True)",0.9560467326267378
55.047000000000004,"FeatureMask(f0=True, f1=True, f2=True, f3=True, f4=False, f5=True, f6=True, f7=False, f8=False, f9=True, f10=False, f11=True, f12=True)",0.9560467326267378
55.047000000000004,"FeatureMask(f0=True, f1=True, f2=True, f3=True, f4=False, f5=True, f6=True, f7=False, f8=False, f9=True, f10=False, f11=True, f12=True)",0.9560467326267378
55.047000000000004,"FeatureMask(f0=True, f1=True, f2=True, f3=True, f4=False, f5=True, f6=True, f7=False, f8=False, f9=True, f10=False, f11=True, f12=True)",0.9560467326267378
55.047000000000004,"FeatureMask(f0=True, f1=True, f2=True, f3=True, f4=False, f5=True, f6=True, f7=False, f8=False, f9=True, f10=False, f11=True, f12=True)",0.9560467326267378
55.047000000000004,"FeatureMask(f0=True, f1=True, f2=True, f3=True, f4=False, f5=True, f6=True, f7=False, f8=False, f9=True, f10=False, f11=True, f12=True)",0.9560467326267378
55.047000000000004,"FeatureMask(f0=True, f1=True, f2=True, f3=True, f4=False, f5=True, f6=True, f7=False, f8=False, f9=True, f10=False, f11=True, f12=True)",0.9560467326267378
55.047000000000004,"FeatureMask(f0=True, f1=True, f2=True, f3=True, f4=False, f5=True, f6=True, f7=False, f8=False, f9=True, f10=False, f11=True, f12=True)",0.9560467326267378
55.047000000000004,"FeatureMask(f0=True, f1=True, f2=True, f3=True, f4=False, f5=True, f6=True, f7=False, f8=False, f9=True, f10=False, f11=True, f12=True)",0.9560467326267378
55.047000000000004,"FeatureMask(f0=True, f1=True, f2=True, f3=True, f4=False, f5=True, f6=True, f7=False, f8=False, f9=True, f10=False, f11=True, f12=True)",0.9560467326267378
55.219,"FeatureMask(f0=True, f1=True, f2=True, f3=True, f4=False, f5=True, f6=True, f7=False, f8=False, f9=True, f10=False, f11=True, f12=True)",0.9560467326267378
55.219,"FeatureMask(f0=True, f1=True, f2=True, f3=True, f4=False, f5=True, f6=True, f7=False, f8=False, f9=True, f10=False, f11=True, f12=True)",0.9560467326267378
55.219,"FeatureMask(f0=True, f1=True, f2=True, f3=True, f4=False, f5=True, f6=True, f7=False, f8=False, f9=True, f10=False, f11=True, f12=True)",0.9560467326267378
55.219,"FeatureMask(f0=True, f1=True, f2=True, f3=True, f4=False, f5=True, f6=True, f7=False, f8=False, f9=True, f10=False, f11=True, f12=True)",0.9560467326267378
55.219,"FeatureMask(f0=True, f1=True, f2=True, f3=True, f4=False, f5=True, f6=True, f7=False, f8=False, f9=True, f10=False, f11=True, f12=True)",0.9560467326267378
55.219,"FeatureMask(f0=True, f1=True, f2=True, f3=True, f4=False, f5=True, f6=True, f7=False, f8=False, f9=True, f10=False, f11=True, f12=True)",0.9560467326267378
55.219,"FeatureMask(f0=True, f1=True, f2=True, f3=True, f4=False, f5=True, f6=True, f7=False, f8=False, f9=True, f10=False, f11=True, f12=True)",0.9560467326267378
55.219,"FeatureMask(f0=True, f1=True, f2=True, f3=True, f4=False, f5=True, f6=True, f7=False, f8=False, f9=True, f10=False, f11=True, f12=True)",0.9560467326267378
55.219,"FeatureMask(f0=True, f1=True, f2=True, f3=True, f4=False, f5=True, f6=True, f7=False, f8=False, f9=True, f10=False, f11=True, f12=True)",0.9560467326267378
55.219,"FeatureMask(f0=True, f1=True, f2=True, f3=True, f4=False, f5=True, f6=True, f7=False, f8=False, f9=True, f10=False, f11=True, f12=True)",0.9560467326267378
55.297000000000004,"FeatureMask(f0=True, f1=True, f2=True, f3=True, f4=False, f5=True, f6=True, f7=False, f8=False, f9=True, f10=False, f11=True, f12=True)",0.9560467326267378
55.422000000000004,"FeatureMask(f0=True, f1=True, f2=True, f3=True, f4=False, f5=True, f6=True, f7=False, f8=False, f9=True, f10=False, f11=True, f12=True)",0.9560467326267378
55.422000000000004,"FeatureMask(f0=True, f1=True, f2=True, f3=True, f4=False, f5=True, f6=True, f7=False, f8=False, f9=True, f10=False, f11=True, f12=True)",0.9560467326267378
55.422000000000004,"FeatureMask(f0=True, f1=True, f2=True, f3=True, f4=False, f5=True, f6=True, f7=False, f8=False, f9=True, f10=False, f11=True, f12=True)",0.9560467326267378
55.422000000000004,"FeatureMask(f0=True, f1=True, f2=True, f3=True, f4=False, f5=True, f6=True, f7=False, f8=False, f9=True, f10=False, f11=True, f12=True)",0.9560467326267378
55.422000000000004,"FeatureMask(f0=True, f1=True, f2=True, f3=True, f4=False, f5=True, f6=True, f7=False, f8=False, f9=True, f10=False, f11=True, f12=True)",0.9560467326267378
55.422000000000004,"FeatureMask(f0=True, f1=True, f2=True, f3=True, f4=False, f5=True, f6=True, f7=False, f8=False, f9=True, f10=False, f11=True, f12=True)",0.9560467326267378
55.422000000000004,"FeatureMask(f0=True, f1=True, f2=True, f3=True, f4=False, f5=True, f6=True, f7=False, f8=False, f9=True, f10=False, f11=True, f12=True)",0.9560467326267378
55.422000000000004,"FeatureMask(f0=True, f1=True, f2=True, f3=True, f4=False, f5=True, f6=True, f7=False, f8=False, f9=True, f10=False, f11=True, f12=True)",0.9560467326267378
55.422000000000004,"FeatureMask(f0=True, f1=True, f2=True, f3=True, f4=False, f5=True, f6=True, f7=False, f8=False, f9=True, f10=False, f11=True, f12=True)",0.9560467326267378
55.422000000000004,"FeatureMask(f0=True, f1=True, f2=True, f3=True, f4=False, f5=True, f6=True, f7=False, f8=False, f9=True, f10=False, f11=True, f12=True)",0.9560467326267378
55.625,"FeatureMask(f0=True, f1=True, f2=True, f3=True, f4=False, f5=True, f6=True, f7=False, f8=False, f9=True, f10=False, f11=True, f12=True)",0.9560467326267378
55.625,"FeatureMask(f0=True, f1=True, f2=True, f3=True, f4=False, f5=True, f6=True, f7=False, f8=False, f9=True, f10=False, f11=True, f12=True)",0.9560467326267378
55.625,"FeatureMask(f0=True, f1=True, f2=True, f3=True, f4=False, f5=True, f6=True, f7=False, f8=False, f9=True, f10=False, f11=True, f12=True)",0.9560467326267378
55.625,"FeatureMask(f0=True, f1=True, f2=True, f3=True, f4=False, f5=True, f6=True, f7=False, f8=False, f9=True, f10=False, f11=True, f12=True)",0.9560467326267378
55.625,"FeatureMask(f0=True, f1=True, f2=True, f3=True, f4=False, f5=True, f6=True, f7=False, f8=False, f9=True, f10=False, f11=True, f12=True)",0.9560467326267378
55.625,"FeatureMask(f0=True, f1=True, f2=True, f3=True, f4=False, f5=True, f6=True, f7=False, f8=False, f9=True, f10=False, f11=True, f12=True)",0.9560467326267378
55.625,"FeatureMask(f0=True, f1=True, f2=True, f3=True, f4=False, f5=True, f6=True, f7=False, f8=False, f9=True, f10=False, f11=True, f12=True)",0.9560467326267378
55.625,"FeatureMask(f0=True, f1=True, f2=True, f3=True, f4=False, f5=True, f6=True, f7=False, f8=False, f9=True, f10=False, f11=True, f12=True)",0.9560467326267378
55.625,"FeatureMask(f0=True, f1=True, f2=True, f3=True, f4=False, f5=True, f6=True, f7=False, f8=False, f9=True, f10=False, f11=True, f12=True)",0.9560467326267378
55.625,"FeatureMask(f0=True, f1=True, f2=True, f3=True, f4=False, f5=True, f6=True, f7=False, f8=False, f9=True, f10=False, f11=True, f12=True)",0.9560467326267378
55.703,"FeatureMask(f0=True, f1=True, f2=True, f3=True, f4=False, f5=True, f6=True, f7=False, f8=False, f9=True, f10=False, f11=True, f12=True)",0.9560467326267378
55.703,"FeatureMask(f0=True, f1=True, f2=True, f3=True, f4=False, f5=True, f6=True, f7=False, f8=False, f9=True, f10=False, f11=True, f12=True)",0.9560467326267378
55.813,"FeatureMask(f0=True, f1=True, f2=True, f3=True, f4=False, f5=True, f6=True, f7=False, f8=False, f9=True, f10=False, f11=True, f12=True)",0.9560467326267378
55.828,"FeatureMask(f0=True, f1=True, f2=True, f3=True, f4=False, f5=True, f6=True, f7=False, f8=False, f9=True, f10=False, f11=True, f12=True)",0.9560467326267378
55.828,"FeatureMask(f0=True, f1=True, f2=True, f3=True, f4=False, f5=True, f6=True, f7=False, f8=False, f9=True, f10=False, f11=True, f12=True)",0.9560467326267378
55.828,"FeatureMask(f0=True, f1=True, f2=True, f3=True, f4=False, f5=True, f6=True, f7=False, f8=False, f9=True, f10=False, f11=True, f12=True)",0.9560467326267378
55.828,"FeatureMask(f0=True, f1=True, f2=True, f3=True, f4=False, f5=True, f6=True, f7=False, f8=False, f9=True, f10=False, f11=True, f12=True)",0.9560467326267378
55.828,"FeatureMask(f0=True, f1=True, f2=True, f3=True, f4=False, f5=True, f6=True, f7=False, f8=False, f9=True, f10=False, f11=True, f12=True)",0.9560467326267378
55.828,"FeatureMask(f0=True, f1=True, f2=True, f3=True, f4=False, f5=True, f6=True, f7=False, f8=False, f9=True, f10=False, f11=True, f12=True)",0.9560467326267378
55.828,"FeatureMask(f0=True, f1=True, f2=True, f3=True, f4=False, f5=True, f6=True, f7=False, f8=False, f9=True, f10=False, f11=True, f12=True)",0.9560467326267378
55.828,"FeatureMask(f0=True, f1=True, f2=True, f3=True, f4=False, f5=True, f6=True, f7=False, f8=False, f9=True, f10=False, f11=True, f12=True)",0.9560467326267378
55.828,"FeatureMask(f0=True, f1=True, f2=True, f3=True, f4=False, f5=True, f6=True, f7=False, f8=False, f9=True, f10=False, f11=True, f12=True)",0.9560467326267378
55.938,"FeatureMask(f0=True, f1=True, f2=True, f3=True, f4=False, f5=True, f6=True, f7=False, f8=False, f9=True, f10=False, f11=True, f12=True)",0.9560467326267378
55.938,"FeatureMask(f0=True, f1=True, f2=True, f3=True, f4=False, f5=True, f6=True, f7=False, f8=False, f9=True, f10=False, f11=True, f12=True)",0.9560467326267378
56.063,"FeatureMask(f0=True, f1=True, f2=True, f3=True, f4=False, f5=True, f6=True, f7=False, f8=False, f9=True, f10=False, f11=True, f12=True)",0.9560467326267378
56.063,"FeatureMask(f0=True, f1=True, f2=True, f3=True, f4=False, f5=True, f6=True, f7=False, f8=False, f9=True, f10=False, f11=True, f12=True)",0.9560467326267378
56.063,"FeatureMask(f0=True, f1=True, f2=True, f3=True, f4=False, f5=True, f6=True, f7=False, f8=False, f9=True, f10=False, f11=True, f12=True)",0.9560467326267378
56.063,"FeatureMask(f0=True, f1=True, f2=True, f3=True, f4=False, f5=True, f6=True, f7=False, f8=False, f9=True, f10=False, f11=True, f12=True)",0.9560467326267378
56.063,"FeatureMask(f0=True, f1=True, f2=True, f3=True, f4=False, f5=True, f6=True, f7=False, f8=False, f9=True, f10=False, f11=True, f12=True)",0.9560467326267378
56.063,"FeatureMask(f0=True, f1=True, f2=True, f3=True, f4=False, f5=True, f6=True, f7=False, f8=False, f9=True, f10=False, f11=True, f12=True)",0.9560467326267378
56.063,"FeatureMask(f0=True, f1=True, f2=True, f3=True, f4=False, f5=True, f6=True, f7=False, f8=False, f9=True, f10=False, f11=True, f12=True)",0.9560467326267378
56.063,"FeatureMask(f0=True, f1=True, f2=True, f3=True, f4=False, f5=True, f6=True, f7=False, f8=False, f9=True, f10=False, f11=True, f12=True)",0.9560467326267378
56.063,"FeatureMask(f0=True, f1=True, f2=True, f3=True, f4=False, f5=True, f6=True, f7=False, f8=False, f9=True, f10=False, f11=True, f12=True)",0.9560467326267378
56.063,"FeatureMask(f0=True, f1=True, f2=True, f3=True, f4=False, f5=True, f6=True, f7=False, f8=False, f9=True, f10=False, f11=True, f12=True)",0.9560467326267378
56.266000000000005,"FeatureMask(f0=True, f1=True, f2=True, f3=True, f4=False, f5=True, f6=True, f7=False, f8=False, f9=True, f10=False, f11=True, f12=True)",0.9560467326267378
56.266000000000005,"FeatureMask(f0=True, f1=True, f2=True, f3=True, f4=False, f5=True, f6=True, f7=False, f8=False, f9=True, f10=False, f11=True, f12=True)",0.9560467326267378
56.266000000000005,"FeatureMask(f0=True, f1=True, f2=True, f3=True, f4=False, f5=True, f6=True, f7=False, f8=False, f9=True, f10=False, f11=True, f12=True)",0.9560467326267378
56.266000000000005,"FeatureMask(f0=True, f1=True, f2=True, f3=True, f4=False, f5=True, f6=True, f7=False, f8=False, f9=True, f10=False, f11=True, f12=True)",0.9560467326267378
56.266000000000005,"FeatureMask(f0=True, f1=True, f2=True, f3=True, f4=False, f5=True, f6=True, f7=False, f8=False, f9=True, f10=False, f11=True, f12=True)",0.9560467326267378
56.266000000000005,"FeatureMask(f0=True, f1=True, f2=True, f3=True, f4=False, f5=True, f6=True, f7=False, f8=False, f9=True, f10=False, f11=True, f12=True)",0.9560467326267378
56.266000000000005,"FeatureMask(f0=True, f1=True, f2=True, f3=True, f4=False, f5=True, f6=True, f7=False, f8=False, f9=True, f10=False, f11=True, f12=True)",0.9560467326267378
56.266000000000005,"FeatureMask(f0=True, f1=True, f2=True, f3=True, f4=False, f5=True, f6=True, f7=False, f8=False, f9=True, f10=False, f11=True, f12=True)",0.9560467326267378
56.266000000000005,"FeatureMask(f0=True, f1=True, f2=True, f3=True, f4=False, f5=True, f6=True, f7=False, f8=False, f9=True, f10=False, f11=True, f12=True)",0.9560467326267378
56.266000000000005,"FeatureMask(f0=True, f1=True, f2=True, f3=True, f4=False, f5=True, f6=True, f7=False, f8=False, f9=True, f10=False, f11=True, f12=True)",0.9560467326267378
56.36000000000001,"FeatureMask(f0=True, f1=True, f2=True, f3=True, f4=False, f5=True, f6=True, f7=False, f8=False, f9=True, f10=False, f11=True, f12=True)",0.9560467326267378
56.36000000000001,"FeatureMask(f0=True, f1=True, f2=True, f3=True, f4=False, f5=True, f6=True, f7=False, f8=False, f9=True, f10=False, f11=True, f12=True)",0.9560467326267378
56.36000000000001,"FeatureMask(f0=True, f1=True, f2=True, f3=True, f4=False, f5=True, f6=True, f7=False, f8=False, f9=True, f10=False, f11=True, f12=True)",0.9560467326267378
56.36000000000001,"FeatureMask(f0=True, f1=True, f2=True, f3=True, f4=False, f5=True, f6=True, f7=False, f8=False, f9=True, f10=False, f11=True, f12=True)",0.9560467326267378
56.36000000000001,"FeatureMask(f0=True, f1=True, f2=True, f3=True, f4=False, f5=True, f6=True, f7=False, f8=False, f9=True, f10=False, f11=True, f12=True)",0.9560467326267378
56.453,"FeatureMask(f0=True, f1=True, f2=True, f3=True, f4=False, f5=True, f6=True, f7=False, f8=False, f9=True, f10=False, f11=True, f12=True)",0.9560467326267378
56.453,"FeatureMask(f0=True, f1=True, f2=True, f3=True, f4=False, f5=True, f6=True, f7=False, f8=False, f9=True, f10=False, f11=True, f12=True)",0.9560467326267378
56.453,"FeatureMask(f0=True, f1=True, f2=True, f3=True, f4=False, f5=True, f6=True, f7=False, f8=False, f9=True, f10=False, f11=True, f12=True)",0.9560467326267378
56.453,"FeatureMask(f0=True, f1=True, f2=True, f3=True, f4=False, f5=True, f6=True, f7=False, f8=False, f9=True, f10=False, f11=True, f12=True)",0.9560467326267378
56.453,"FeatureMask(f0=True, f1=True, f2=True, f3=True, f4=False, f5=True, f6=True, f7=False, f8=False, f9=True, f10=False, f11=True, f12=True)",0.9560467326267378
56.453,"FeatureMask(f0=True, f1=True, f2=True, f3=True, f4=False, f5=True, f6=True, f7=False, f8=False, f9=True, f10=False, f11=True, f12=True)",0.9560467326267378
56.453,"FeatureMask(f0=True, f1=True, f2=True, f3=True, f4=False, f5=True, f6=True, f7=False, f8=False, f9=True, f10=False, f11=True, f12=True)",0.9560467326267378
56.453,"FeatureMask(f0=True, f1=True, f2=True, f3=True, f4=False, f5=True, f6=True, f7=False, f8=False, f9=True, f10=False, f11=True, f12=True)",0.9560467326267378
56.453,"FeatureMask(f0=True, f1=True, f2=True, f3=True, f4=False, f5=True, f6=True, f7=False, f8=False, f9=True, f10=False, f11=True, f12=True)",0.9560467326267378
56.453,"FeatureMask(f0=True, f1=True, f2=True, f3=True, f4=False, f5=True, f6=True, f7=False, f8=False, f9=True, f10=False, f11=True, f12=True)",0.9560467326267378
56.547000000000004,"FeatureMask(f0=True, f1=True, f2=True, f3=True, f4=False, f5=True, f6=True, f7=False, f8=False, f9=True, f10=False, f11=True, f12=True)",0.9560467326267378
56.672000000000004,"FeatureMask(f0=True, f1=True, f2=True, f3=True, f4=False, f5=True, f6=True, f7=False, f8=False, f9=True, f10=False, f11=True, f12=True)",0.9560467326267378
56.672000000000004,"FeatureMask(f0=True, f1=True, f2=True, f3=True, f4=False, f5=True, f6=True, f7=False, f8=False, f9=True, f10=False, f11=True, f12=True)",0.9560467326267378
56.672000000000004,"FeatureMask(f0=True, f1=True, f2=True, f3=True, f4=False, f5=True, f6=True, f7=False, f8=False, f9=True, f10=False, f11=True, f12=True)",0.9560467326267378
56.672000000000004,"FeatureMask(f0=True, f1=True, f2=True, f3=True, f4=False, f5=True, f6=True, f7=False, f8=False, f9=True, f10=False, f11=True, f12=True)",0.9560467326267378
56.672000000000004,"FeatureMask(f0=True, f1=True, f2=True, f3=True, f4=False, f5=True, f6=True, f7=False, f8=False, f9=True, f10=False, f11=True, f12=True)",0.9560467326267378
56.672000000000004,"FeatureMask(f0=True, f1=True, f2=True, f3=True, f4=False, f5=True, f6=True, f7=False, f8=False, f9=True, f10=False, f11=True, f12=True)",0.9560467326267378
56.672000000000004,"FeatureMask(f0=True, f1=True, f2=True, f3=True, f4=False, f5=True, f6=True, f7=False, f8=False, f9=True, f10=False, f11=True, f12=True)",0.9560467326267378
56.672000000000004,"FeatureMask(f0=True, f1=True, f2=True, f3=True, f4=False, f5=True, f6=True, f7=False, f8=False, f9=True, f10=False, f11=True, f12=True)",0.9560467326267378
56.672000000000004,"FeatureMask(f0=True, f1=True, f2=True, f3=True, f4=False, f5=True, f6=True, f7=False, f8=False, f9=True, f10=False, f11=True, f12=True)",0.9560467326267378
56.672000000000004,"FeatureMask(f0=True, f1=True, f2=True, f3=True, f4=False, f5=True, f6=True, f7=False, f8=False, f9=True, f10=False, f11=True, f12=True)",0.9560467326267378
56.75,"FeatureMask(f0=True, f1=True, f2=True, f3=True, f4=False, f5=True, f6=True, f7=False, f8=False, f9=True, f10=False, f11=True, f12=True)",0.9560467326267378
56.875,"FeatureMask(f0=True, f1=True, f2=True, f3=True, f4=False, f5=True, f6=True, f7=False, f8=False, f9=True, f10=False, f11=True, f12=True)",0.9560467326267378
56.875,"FeatureMask(f0=True, f1=True, f2=True, f3=True, f4=False, f5=True, f6=True, f7=False, f8=False, f9=True, f10=False, f11=True, f12=True)",0.9560467326267378
56.875,"FeatureMask(f0=True, f1=True, f2=True, f3=True, f4=False, f5=True, f6=True, f7=False, f8=False, f9=True, f10=False, f11=True, f12=True)",0.9560467326267378
56.875,"FeatureMask(f0=True, f1=True, f2=True, f3=True, f4=False, f5=True, f6=True, f7=False, f8=False, f9=True, f10=False, f11=True, f12=True)",0.9560467326267378
56.875,"FeatureMask(f0=True, f1=True, f2=True, f3=True, f4=False, f5=True, f6=True, f7=False, f8=False, f9=True, f10=False, f11=True, f12=True)",0.9560467326267378
56.875,"FeatureMask(f0=True, f1=True, f2=True, f3=True, f4=False, f5=True, f6=True, f7=False, f8=False, f9=True, f10=False, f11=True, f12=True)",0.9560467326267378
56.875,"FeatureMask(f0=True, f1=True, f2=True, f3=True, f4=False, f5=True, f6=True, f7=False, f8=False, f9=True, f10=False, f11=True, f12=True)",0.9560467326267378
56.875,"FeatureMask(f0=True, f1=True, f2=True, f3=True, f4=False, f5=True, f6=True, f7=False, f8=False, f9=True, f10=False, f11=True, f12=True)",0.9560467326267378
56.875,"FeatureMask(f0=True, f1=True, f2=True, f3=True, f4=False, f5=True, f6=True, f7=False, f8=False, f9=True, f10=False, f11=True, f12=True)",0.9560467326267378
56.875,"FeatureMask(f0=True, f1=True, f2=True, f3=True, f4=False, f5=True, f6=True, f7=False, f8=False, f9=True, f10=False, f11=True, f12=True)",0.9560467326267378
57.094,"FeatureMask(f0=True, f1=True, f2=True, f3=True, f4=False, f5=True, f6=True, f7=False, f8=False, f9=True, f10=False, f11=True, f12=True)",0.9560467326267378
57.094,"FeatureMask(f0=True, f1=True, f2=True, f3=True, f4=False, f5=True, f6=True, f7=False, f8=False, f9=True, f10=False, f11=True, f12=True)",0.9560467326267378
57.094,"FeatureMask(f0=True, f1=True, f2=True, f3=True, f4=False, f5=True, f6=True, f7=False, f8=False, f9=True, f10=False, f11=True, f12=True)",0.9560467326267378
57.094,"FeatureMask(f0=True, f1=True, f2=True, f3=True, f4=False, f5=True, f6=True, f7=False, f8=False, f9=True, f10=False, f11=True, f12=True)",0.9560467326267378
57.094,"FeatureMask(f0=True, f1=True, f2=True, f3=True, f4=False, f5=True, f6=True, f7=False, f8=False, f9=True, f10=False, f11=True, f12=True)",0.9560467326267378
57.094,"FeatureMask(f0=True, f1=True, f2=True, f3=True, f4=False, f5=True, f6=True, f7=False, f8=False, f9=True, f10=False, f11=True, f12=True)",0.9560467326267378
57.094,"FeatureMask(f0=True, f1=True, f2=True, f3=True, f4=False, f5=True, f6=True, f7=False, f8=False, f9=True, f10=False, f11=True, f12=True)",0.9560467326267378
57.094,"FeatureMask(f0=True, f1=True, f2=True, f3=True, f4=False, f5=True, f6=True, f7=False, f8=False, f9=True, f10=False, f11=True, f12=True)",0.9560467326267378
57.094,"FeatureMask(f0=True, f1=True, f2=True, f3=True, f4=False, f5=True, f6=True, f7=False, f8=False, f9=True, f10=False, f11=True, f12=True)",0.9560467326267378
57.094,"FeatureMask(f0=True, f1=True, f2=True, f3=True, f4=False, f5=True, f6=True, f7=False, f8=False, f9=True, f10=False, f11=True, f12=True)",0.9560467326267378
57.172000000000004,"FeatureMask(f0=True, f1=True, f2=True, f3=True, f4=False, f5=True, f6=True, f7=False, f8=False, f9=True, f10=False, f11=True, f12=True)",0.9560467326267378
57.297000000000004,"FeatureMask(f0=True, f1=True, f2=True, f3=True, f4=False, f5=True, f6=True, f7=False, f8=False, f9=True, f10=False, f11=True, f12=True)",0.9560467326267378
57.297000000000004,"FeatureMask(f0=True, f1=True, f2=True, f3=True, f4=False, f5=True, f6=True, f7=False, f8=False, f9=True, f10=False, f11=True, f12=True)",0.9560467326267378
57.297000000000004,"FeatureMask(f0=True, f1=True, f2=True, f3=True, f4=False, f5=True, f6=True, f7=False, f8=False, f9=True, f10=False, f11=True, f12=True)",0.9560467326267378
57.297000000000004,"FeatureMask(f0=True, f1=True, f2=True, f3=True, f4=False, f5=True, f6=True, f7=False, f8=False, f9=True, f10=False, f11=True, f12=True)",0.9560467326267378
57.297000000000004,"FeatureMask(f0=True, f1=True, f2=True, f3=True, f4=False, f5=True, f6=True, f7=False, f8=False, f9=True, f10=False, f11=True, f12=True)",0.9560467326267378
57.297000000000004,"FeatureMask(f0=True, f1=True, f2=True, f3=True, f4=False, f5=True, f6=True, f7=False, f8=False, f9=True, f10=False, f11=True, f12=True)",0.9560467326267378
57.297000000000004,"FeatureMask(f0=True, f1=True, f2=True, f3=True, f4=False, f5=True, f6=True, f7=False, f8=False, f9=True, f10=False, f11=True, f12=True)",0.9560467326267378
57.297000000000004,"FeatureMask(f0=True, f1=True, f2=True, f3=True, f4=False, f5=True, f6=True, f7=False, f8=False, f9=True, f10=False, f11=True, f12=True)",0.9560467326267378
57.297000000000004,"FeatureMask(f0=True, f1=True, f2=True, f3=True, f4=False, f5=True, f6=True, f7=False, f8=False, f9=True, f10=False, f11=True, f12=True)",0.9560467326267378
57.297000000000004,"FeatureMask(f0=True, f1=True, f2=True, f3=True, f4=False, f5=True, f6=True, f7=False, f8=False, f9=True, f10=False, f11=True, f12=True)",0.9560467326267378
57.48500000000001,"FeatureMask(f0=True, f1=True, f2=True, f3=True, f4=False, f5=True, f6=True, f7=False, f8=False, f9=True, f10=False, f11=True, f12=True)",0.9560467326267378
57.48500000000001,"FeatureMask(f0=True, f1=True, f2=True, f3=True, f4=False, f5=True, f6=True, f7=False, f8=False, f9=True, f10=False, f11=True, f12=True)",0.9560467326267378
57.48500000000001,"FeatureMask(f0=True, f1=True, f2=True, f3=True, f4=False, f5=True, f6=True, f7=False, f8=False, f9=True, f10=False, f11=True, f12=True)",0.9560467326267378
57.50000000000001,"FeatureMask(f0=True, f1=True, f2=True, f3=True, f4=False, f5=True, f6=True, f7=False, f8=False, f9=True, f10=False, f11=True, f12=True)",0.9560467326267378
57.50000000000001,"FeatureMask(f0=True, f1=True, f2=True, f3=True, f4=False, f5=True, f6=True, f7=False, f8=False, f9=True, f10=False, f11=True, f12=True)",0.9560467326267378
57.50000000000001,"FeatureMask(f0=True, f1=True, f2=True, f3=True, f4=False, f5=True, f6=True, f7=False, f8=False, f9=True, f10=False, f11=True, f12=True)",0.9560467326267378
57.50000000000001,"FeatureMask(f0=True, f1=True, f2=True, f3=True, f4=False, f5=True, f6=True, f7=False, f8=False, f9=True, f10=False, f11=True, f12=True)",0.9560467326267378
57.50000000000001,"FeatureMask(f0=True, f1=True, f2=True, f3=True, f4=False, f5=True, f6=True, f7=False, f8=False, f9=True, f10=False, f11=True, f12=True)",0.9560467326267378
57.50000000000001,"FeatureMask(f0=True, f1=True, f2=True, f3=True, f4=False, f5=True, f6=True, f7=False, f8=False, f9=True, f10=False, f11=True, f12=True)",0.9560467326267378
57.50000000000001,"FeatureMask(f0=True, f1=True, f2=True, f3=True, f4=False, f5=True, f6=True, f7=False, f8=False, f9=True, f10=False, f11=True, f12=True)",0.9560467326267378
57.703,"FeatureMask(f0=True, f1=True, f2=True, f3=True, f4=False, f5=True, f6=True, f7=False, f8=False, f9=True, f10=False, f11=True, f12=True)",0.9560467326267378
57.703,"FeatureMask(f0=True, f1=True, f2=True, f3=True, f4=False, f5=True, f6=True, f7=False, f8=False, f9=True, f10=False, f11=True, f12=True)",0.9560467326267378
57.703,"FeatureMask(f0=True, f1=True, f2=True, f3=True, f4=False, f5=True, f6=True, f7=False, f8=False, f9=True, f10=False, f11=True, f12=True)",0.9560467326267378
57.703,"FeatureMask(f0=True, f1=True, f2=True, f3=True, f4=False, f5=True, f6=True, f7=False, f8=False, f9=True, f10=False, f11=True, f12=True)",0.9560467326267378
57.703,"FeatureMask(f0=True, f1=True, f2=True, f3=True, f4=False, f5=True, f6=True, f7=False, f8=False, f9=True, f10=False, f11=True, f12=True)",0.9560467326267378
57.703,"FeatureMask(f0=True, f1=True, f2=True, f3=True, f4=False, f5=True, f6=True, f7=False, f8=False, f9=True, f10=False, f11=True, f12=True)",0.9560467326267378
57.703,"FeatureMask(f0=True, f1=True, f2=True, f3=True, f4=False, f5=True, f6=True, f7=False, f8=False, f9=True, f10=False, f11=True, f12=True)",0.9560467326267378
57.703,"FeatureMask(f0=True, f1=True, f2=True, f3=True, f4=False, f5=True, f6=True, f7=False, f8=False, f9=True, f10=False, f11=True, f12=True)",0.9560467326267378
57.703,"FeatureMask(f0=True, f1=True, f2=True, f3=True, f4=False, f5=True, f6=True, f7=False, f8=False, f9=True, f10=False, f11=True, f12=True)",0.9560467326267378
57.703,"FeatureMask(f0=True, f1=True, f2=True, f3=True, f4=False, f5=True, f6=True, f7=False, f8=False, f9=True, f10=False, f11=True, f12=True)",0.9560467326267378
57.922000000000004,"FeatureMask(f0=True, f1=True, f2=True, f3=True, f4=False, f5=True, f6=True, f7=False, f8=False, f9=True, f10=False, f11=True, f12=True)",0.9560467326267378
57.922000000000004,"FeatureMask(f0=True, f1=True, f2=True, f3=True, f4=False, f5=True, f6=True, f7=False, f8=False, f9=True, f10=False, f11=True, f12=True)",0.9560467326267378
57.922000000000004,"FeatureMask(f0=True, f1=True, f2=True, f3=True, f4=False, f5=True, f6=True, f7=False, f8=False, f9=True, f10=False, f11=True, f12=True)",0.9560467326267378
57.922000000000004,"FeatureMask(f0=True, f1=True, f2=True, f3=True, f4=False, f5=True, f6=True, f7=False, f8=False, f9=True, f10=False, f11=True, f12=True)",0.9560467326267378
57.922000000000004,"FeatureMask(f0=True, f1=True, f2=True, f3=True, f4=False, f5=True, f6=True, f7=False, f8=False, f9=True, f10=False, f11=True, f12=True)",0.9560467326267378
57.922000000000004,"FeatureMask(f0=True, f1=True, f2=True, f3=True, f4=False, f5=True, f6=True, f7=False, f8=False, f9=True, f10=False, f11=True, f12=True)",0.9560467326267378
57.922000000000004,"FeatureMask(f0=True, f1=True, f2=True, f3=True, f4=False, f5=True, f6=True, f7=False, f8=False, f9=True, f10=False, f11=True, f12=True)",0.9560467326267378
57.922000000000004,"FeatureMask(f0=True, f1=True, f2=True, f3=True, f4=False, f5=True, f6=True, f7=False, f8=False, f9=True, f10=False, f11=True, f12=True)",0.9560467326267378
57.922000000000004,"FeatureMask(f0=True, f1=True, f2=True, f3=True, f4=False, f5=True, f6=True, f7=False, f8=False, f9=True, f10=False, f11=True, f12=True)",0.9560467326267378
57.922000000000004,"FeatureMask(f0=True, f1=True, f2=True, f3=True, f4=False, f5=True, f6=True, f7=False, f8=False, f9=True, f10=False, f11=True, f12=True)",0.9560467326267378
58.11000000000001,"FeatureMask(f0=True, f1=True, f2=True, f3=True, f4=False, f5=True, f6=True, f7=False, f8=False, f9=True, f10=False, f11=True, f12=True)",0.9560467326267378
58.11000000000001,"FeatureMask(f0=True, f1=True, f2=True, f3=True, f4=False, f5=True, f6=True, f7=False, f8=False, f9=True, f10=False, f11=True, f12=True)",0.9560467326267378
58.11000000000001,"FeatureMask(f0=True, f1=True, f2=True, f3=True, f4=False, f5=True, f6=True, f7=False, f8=False, f9=True, f10=False, f11=True, f12=True)",0.9560467326267378
58.11000000000001,"FeatureMask(f0=True, f1=True, f2=True, f3=True, f4=False, f5=True, f6=True, f7=False, f8=False, f9=True, f10=False, f11=True, f12=True)",0.9560467326267378
58.11000000000001,"FeatureMask(f0=True, f1=True, f2=True, f3=True, f4=False, f5=True, f6=True, f7=False, f8=False, f9=True, f10=False, f11=True, f12=True)",0.9560467326267378
58.11000000000001,"FeatureMask(f0=True, f1=True, f2=True, f3=True, f4=False, f5=True, f6=True, f7=False, f8=False, f9=True, f10=False, f11=True, f12=True)",0.9560467326267378
58.11000000000001,"FeatureMask(f0=True, f1=True, f2=True, f3=True, f4=False, f5=True, f6=True, f7=False, f8=False, f9=True, f10=False, f11=True, f12=True)",0.9560467326267378
58.11000000000001,"FeatureMask(f0=True, f1=True, f2=True, f3=True, f4=False, f5=True, f6=True, f7=False, f8=False, f9=True, f10=False, f11=True, f12=True)",0.9560467326267378
58.11000000000001,"FeatureMask(f0=True, f1=True, f2=True, f3=True, f4=False, f5=True, f6=True, f7=False, f8=False, f9=True, f10=False, f11=True, f12=True)",0.9560467326267378
58.11000000000001,"FeatureMask(f0=True, f1=True, f2=True, f3=True, f4=False, f5=True, f6=True, f7=False, f8=False, f9=True, f10=False, f11=True, f12=True)",0.9560467326267378
58.203,"FeatureMask(f0=True, f1=True, f2=True, f3=True, f4=False, f5=True, f6=True, f7=False, f8=False, f9=True, f10=False, f11=True, f12=True)",0.9560467326267378
58.313,"FeatureMask(f0=True, f1=True, f2=True, f3=True, f4=False, f5=True, f6=True, f7=False, f8=False, f9=True, f10=False, f11=True, f12=True)",0.9560467326267378
58.313,"FeatureMask(f0=True, f1=True, f2=True, f3=True, f4=False, f5=True, f6=True, f7=False, f8=False, f9=True, f10=False, f11=True, f12=True)",0.9560467326267378
58.313,"FeatureMask(f0=True, f1=True, f2=True, f3=True, f4=False, f5=True, f6=True, f7=False, f8=False, f9=True, f10=False, f11=True, f12=True)",0.9560467326267378
58.313,"FeatureMask(f0=True, f1=True, f2=True, f3=True, f4=False, f5=True, f6=True, f7=False, f8=False, f9=True, f10=False, f11=True, f12=True)",0.9560467326267378
58.313,"FeatureMask(f0=True, f1=True, f2=True, f3=True, f4=False, f5=True, f6=True, f7=False, f8=False, f9=True, f10=False, f11=True, f12=True)",0.9560467326267378
58.313,"FeatureMask(f0=True, f1=True, f2=True, f3=True, f4=False, f5=True, f6=True, f7=False, f8=False, f9=True, f10=False, f11=True, f12=True)",0.9560467326267378
58.313,"FeatureMask(f0=True, f1=True, f2=True, f3=True, f4=False, f5=True, f6=True, f7=False, f8=False, f9=True, f10=False, f11=True, f12=True)",0.9560467326267378
58.313,"FeatureMask(f0=True, f1=True, f2=True, f3=True, f4=False, f5=True, f6=True, f7=False, f8=False, f9=True, f10=False, f11=True, f12=True)",0.9560467326267378
58.313,"FeatureMask(f0=True, f1=True, f2=True, f3=True, f4=False, f5=True, f6=True, f7=False, f8=False, f9=True, f10=False, f11=True, f12=True)",0.9560467326267378
58.313,"FeatureMask(f0=True, f1=True, f2=True, f3=True, f4=False, f5=True, f6=True, f7=False, f8=False, f9=True, f10=False, f11=True, f12=True)",0.9560467326267378
58.532000000000004,"FeatureMask(f0=True, f1=True, f2=True, f3=True, f4=False, f5=True, f6=True, f7=False, f8=False, f9=True, f10=False, f11=True, f12=True)",0.9560467326267378
58.532000000000004,"FeatureMask(f0=True, f1=True, f2=True, f3=True, f4=False, f5=True, f6=True, f7=False, f8=False, f9=True, f10=False, f11=True, f12=True)",0.9560467326267378
58.532000000000004,"FeatureMask(f0=True, f1=True, f2=True, f3=True, f4=False, f5=True, f6=True, f7=False, f8=False, f9=True, f10=False, f11=True, f12=True)",0.9560467326267378
58.532000000000004,"FeatureMask(f0=True, f1=True, f2=True, f3=True, f4=False, f5=True, f6=True, f7=False, f8=False, f9=True, f10=False, f11=True, f12=True)",0.9560467326267378
58.532000000000004,"FeatureMask(f0=True, f1=True, f2=True, f3=True, f4=False, f5=True, f6=True, f7=False, f8=False, f9=True, f10=False, f11=True, f12=True)",0.9560467326267378
58.532000000000004,"FeatureMask(f0=True, f1=True, f2=True, f3=True, f4=False, f5=True, f6=True, f7=False, f8=False, f9=True, f10=False, f11=True, f12=True)",0.9560467326267378
58.532000000000004,"FeatureMask(f0=True, f1=True, f2=True, f3=True, f4=False, f5=True, f6=True, f7=False, f8=False, f9=True, f10=False, f11=True, f12=True)",0.9560467326267378
58.532000000000004,"FeatureMask(f0=True, f1=True, f2=True, f3=True, f4=False, f5=True, f6=True, f7=False, f8=False, f9=True, f10=False, f11=True, f12=True)",0.9560467326267378
58.532000000000004,"FeatureMask(f0=True, f1=True, f2=True, f3=True, f4=False, f5=True, f6=True, f7=False, f8=False, f9=True, f10=False, f11=True, f12=True)",0.9560467326267378
58.532000000000004,"FeatureMask(f0=True, f1=True, f2=True, f3=True, f4=False, f5=True, f6=True, f7=False, f8=False, f9=True, f10=False, f11=True, f12=True)",0.9560467326267378
58.61000000000001,"FeatureMask(f0=True, f1=True, f2=True, f3=True, f4=False, f5=True, f6=True, f7=False, f8=False, f9=True, f10=False, f11=True, f12=True)",0.9560467326267378
58.73500000000001,"FeatureMask(f0=True, f1=True, f2=True, f3=True, f4=False, f5=True, f6=True, f7=False, f8=False, f9=True, f10=False, f11=True, f12=True)",0.9560467326267378
58.73500000000001,"FeatureMask(f0=True, f1=True, f2=True, f3=True, f4=False, f5=True, f6=True, f7=False, f8=False, f9=True, f10=False, f11=True, f12=True)",0.9560467326267378
58.73500000000001,"FeatureMask(f0=True, f1=True, f2=True, f3=True, f4=False, f5=True, f6=True, f7=False, f8=False, f9=True, f10=False, f11=True, f12=True)",0.9560467326267378
58.73500000000001,"FeatureMask(f0=True, f1=True, f2=True, f3=True, f4=False, f5=True, f6=True, f7=False, f8=False, f9=True, f10=False, f11=True, f12=True)",0.9560467326267378
58.73500000000001,"FeatureMask(f0=True, f1=True, f2=True, f3=True, f4=False, f5=True, f6=True, f7=False, f8=False, f9=True, f10=False, f11=True, f12=True)",0.9560467326267378
58.73500000000001,"FeatureMask(f0=True, f1=True, f2=True, f3=True, f4=False, f5=True, f6=True, f7=False, f8=False, f9=True, f10=False, f11=True, f12=True)",0.9560467326267378
58.73500000000001,"FeatureMask(f0=True, f1=True, f2=True, f3=True, f4=False, f5=True, f6=True, f7=False, f8=False, f9=True, f10=False, f11=True, f12=True)",0.9560467326267378
58.73500000000001,"FeatureMask(f0=True, f1=True, f2=True, f3=True, f4=False, f5=True, f6=True, f7=False, f8=False, f9=True, f10=False, f11=True, f12=True)",0.9560467326267378
58.73500000000001,"FeatureMask(f0=True, f1=True, f2=True, f3=True, f4=False, f5=True, f6=True, f7=False, f8=False, f9=True, f10=False, f11=True, f12=True)",0.9560467326267378
58.73500000000001,"FeatureMask(f0=True, f1=True, f2=True, f3=True, f4=False, f5=True, f6=True, f7=False, f8=False, f9=True, f10=False, f11=True, f12=True)",0.9560467326267378
58.907000000000004,"FeatureMask(f0=True, f1=True, f2=True, f3=True, f4=False, f5=True, f6=True, f7=False, f8=False, f9=True, f10=False, f11=True, f12=True)",0.9560467326267378
58.907000000000004,"FeatureMask(f0=True, f1=True, f2=True, f3=True, f4=False, f5=True, f6=True, f7=False, f8=False, f9=True, f10=False, f11=True, f12=True)",0.9560467326267378
58.907000000000004,"FeatureMask(f0=True, f1=True, f2=True, f3=True, f4=False, f5=True, f6=True, f7=False, f8=False, f9=True, f10=False, f11=True, f12=True)",0.9560467326267378
58.907000000000004,"FeatureMask(f0=True, f1=True, f2=True, f3=True, f4=False, f5=True, f6=True, f7=False, f8=False, f9=True, f10=False, f11=True, f12=True)",0.9560467326267378
58.907000000000004,"FeatureMask(f0=True, f1=True, f2=True, f3=True, f4=False, f5=True, f6=True, f7=False, f8=False, f9=True, f10=False, f11=True, f12=True)",0.9560467326267378
58.907000000000004,"FeatureMask(f0=True, f1=True, f2=True, f3=True, f4=False, f5=True, f6=True, f7=False, f8=False, f9=True, f10=False, f11=True, f12=True)",0.9560467326267378
58.907000000000004,"FeatureMask(f0=True, f1=True, f2=True, f3=True, f4=False, f5=True, f6=True, f7=False, f8=False, f9=True, f10=False, f11=True, f12=True)",0.9560467326267378
58.907000000000004,"FeatureMask(f0=True, f1=True, f2=True, f3=True, f4=False, f5=True, f6=True, f7=False, f8=False, f9=True, f10=False, f11=True, f12=True)",0.9560467326267378
58.907000000000004,"FeatureMask(f0=True, f1=True, f2=True, f3=True, f4=False, f5=True, f6=True, f7=False, f8=False, f9=True, f10=False, f11=True, f12=True)",0.9560467326267378
58.907000000000004,"FeatureMask(f0=True, f1=True, f2=True, f3=True, f4=False, f5=True, f6=True, f7=False, f8=False, f9=True, f10=False, f11=True, f12=True)",0.9560467326267378
59.11000000000001,"FeatureMask(f0=True, f1=True, f2=True, f3=True, f4=False, f5=True, f6=True, f7=False, f8=False, f9=True, f10=False, f11=True, f12=True)",0.9560467326267378
59.11000000000001,"FeatureMask(f0=True, f1=True, f2=True, f3=True, f4=False, f5=True, f6=True, f7=False, f8=False, f9=True, f10=False, f11=True, f12=True)",0.9560467326267378
59.11000000000001,"FeatureMask(f0=True, f1=True, f2=True, f3=True, f4=False, f5=True, f6=True, f7=False, f8=False, f9=True, f10=False, f11=True, f12=True)",0.9560467326267378
59.11000000000001,"FeatureMask(f0=True, f1=True, f2=True, f3=True, f4=False, f5=True, f6=True, f7=False, f8=False, f9=True, f10=False, f11=True, f12=True)",0.9560467326267378
59.11000000000001,"FeatureMask(f0=True, f1=True, f2=True, f3=True, f4=False, f5=True, f6=True, f7=False, f8=False, f9=True, f10=False, f11=True, f12=True)",0.9560467326267378
59.11000000000001,"FeatureMask(f0=True, f1=True, f2=True, f3=True, f4=False, f5=True, f6=True, f7=False, f8=False, f9=True, f10=False, f11=True, f12=True)",0.9560467326267378
59.11000000000001,"FeatureMask(f0=True, f1=True, f2=True, f3=True, f4=False, f5=True, f6=True, f7=False, f8=False, f9=True, f10=False, f11=True, f12=True)",0.9560467326267378
59.11000000000001,"FeatureMask(f0=True, f1=True, f2=True, f3=True, f4=False, f5=True, f6=True, f7=False, f8=False, f9=True, f10=False, f11=True, f12=True)",0.9560467326267378
59.11000000000001,"FeatureMask(f0=True, f1=True, f2=True, f3=True, f4=False, f5=True, f6=True, f7=False, f8=False, f9=True, f10=False, f11=True, f12=True)",0.9560467326267378
59.11000000000001,"FeatureMask(f0=True, f1=True, f2=True, f3=True, f4=False, f5=True, f6=True, f7=False, f8=False, f9=True, f10=False, f11=True, f12=True)",0.9560467326267378
59.188,"FeatureMask(f0=True, f1=True, f2=True, f3=True, f4=False, f5=True, f6=True, f7=False, f8=False, f9=True, f10=False, f11=True, f12=True)",0.9560467326267378
59.297000000000004,"FeatureMask(f0=True, f1=True, f2=True, f3=True, f4=False, f5=True, f6=True, f7=False, f8=False, f9=True, f10=False, f11=True, f12=True)",0.9560467326267378
59.297000000000004,"FeatureMask(f0=True, f1=True, f2=True, f3=True, f4=False, f5=True, f6=True, f7=False, f8=False, f9=True, f10=False, f11=True, f12=True)",0.9560467326267378
59.297000000000004,"FeatureMask(f0=True, f1=True, f2=True, f3=True, f4=False, f5=True, f6=True, f7=False, f8=False, f9=True, f10=False, f11=True, f12=True)",0.9560467326267378
59.297000000000004,"FeatureMask(f0=True, f1=True, f2=True, f3=True, f4=False, f5=True, f6=True, f7=False, f8=False, f9=True, f10=False, f11=True, f12=True)",0.9560467326267378
59.297000000000004,"FeatureMask(f0=True, f1=True, f2=True, f3=True, f4=False, f5=True, f6=True, f7=False, f8=False, f9=True, f10=False, f11=True, f12=True)",0.9560467326267378
59.297000000000004,"FeatureMask(f0=True, f1=True, f2=True, f3=True, f4=False, f5=True, f6=True, f7=False, f8=False, f9=True, f10=False, f11=True, f12=True)",0.9560467326267378
59.297000000000004,"FeatureMask(f0=True, f1=True, f2=True, f3=True, f4=False, f5=True, f6=True, f7=False, f8=False, f9=True, f10=False, f11=True, f12=True)",0.9560467326267378
59.297000000000004,"FeatureMask(f0=True, f1=True, f2=True, f3=True, f4=False, f5=True, f6=True, f7=False, f8=False, f9=True, f10=False, f11=True, f12=True)",0.9560467326267378
59.297000000000004,"FeatureMask(f0=True, f1=True, f2=True, f3=True, f4=False, f5=True, f6=True, f7=False, f8=False, f9=True, f10=False, f11=True, f12=True)",0.9560467326267378
59.297000000000004,"FeatureMask(f0=True, f1=True, f2=True, f3=True, f4=False, f5=True, f6=True, f7=False, f8=False, f9=True, f10=False, f11=True, f12=True)",0.9560467326267378
59.391000000000005,"FeatureMask(f0=True, f1=True, f2=True, f3=True, f4=False, f5=True, f6=True, f7=False, f8=False, f9=True, f10=False, f11=True, f12=True)",0.9560467326267378
59.391000000000005,"FeatureMask(f0=True, f1=True, f2=True, f3=True, f4=False, f5=True, f6=True, f7=False, f8=False, f9=True, f10=False, f11=True, f12=True)",0.9560467326267378
59.50000000000001,"FeatureMask(f0=True, f1=True, f2=True, f3=True, f4=False, f5=True, f6=True, f7=False, f8=False, f9=True, f10=False, f11=True, f12=True)",0.9560467326267378
59.50000000000001,"FeatureMask(f0=True, f1=True, f2=True, f3=True, f4=False, f5=True, f6=True, f7=False, f8=False, f9=True, f10=False, f11=True, f12=True)",0.9560467326267378
59.50000000000001,"FeatureMask(f0=True, f1=True, f2=True, f3=True, f4=False, f5=True, f6=True, f7=False, f8=False, f9=True, f10=False, f11=True, f12=True)",0.9560467326267378
59.50000000000001,"FeatureMask(f0=True, f1=True, f2=True, f3=True, f4=False, f5=True, f6=True, f7=False, f8=False, f9=True, f10=False, f11=True, f12=True)",0.9560467326267378
59.50000000000001,"FeatureMask(f0=True, f1=True, f2=True, f3=True, f4=False, f5=True, f6=True, f7=False, f8=False, f9=True, f10=False, f11=True, f12=True)",0.9560467326267378
59.50000000000001,"FeatureMask(f0=True, f1=True, f2=True, f3=True, f4=False, f5=True, f6=True, f7=False, f8=False, f9=True, f10=False, f11=True, f12=True)",0.9560467326267378
59.50000000000001,"FeatureMask(f0=True, f1=True, f2=True, f3=True, f4=False, f5=True, f6=True, f7=False, f8=False, f9=True, f10=False, f11=True, f12=True)",0.9560467326267378
59.50000000000001,"FeatureMask(f0=True, f1=True, f2=True, f3=True, f4=False, f5=True, f6=True, f7=False, f8=False, f9=True, f10=False, f11=True, f12=True)",0.9560467326267378
59.50000000000001,"FeatureMask(f0=True, f1=True, f2=True, f3=True, f4=False, f5=True, f6=True, f7=False, f8=False, f9=True, f10=False, f11=True, f12=True)",0.9560467326267378
59.50000000000001,"FeatureMask(f0=True, f1=True, f2=True, f3=True, f4=False, f5=True, f6=True, f7=False, f8=False, f9=True, f10=False, f11=True, f12=True)",0.9560467326267378
59.594,"FeatureMask(f0=True, f1=True, f2=True, f3=True, f4=False, f5=True, f6=True, f7=False, f8=False, f9=True, f10=False, f11=True, f12=True)",0.9560467326267378
59.688,"FeatureMask(f0=True, f1=True, f2=True, f3=True, f4=False, f5=True, f6=True, f7=False, f8=False, f9=True, f10=False, f11=True, f12=True)",0.9560467326267378
59.688,"FeatureMask(f0=True, f1=True, f2=True, f3=True, f4=False, f5=True, f6=True, f7=False, f8=False, f9=True, f10=False, f11=True, f12=True)",0.9560467326267378
59.688,"FeatureMask(f0=True, f1=True, f2=True, f3=True, f4=False, f5=True, f6=True, f7=False, f8=False, f9=True, f10=False, f11=True, f12=True)",0.9560467326267378
59.688,"FeatureMask(f0=True, f1=True, f2=True, f3=True, f4=False, f5=True, f6=True, f7=False, f8=False, f9=True, f10=False, f11=True, f12=True)",0.9560467326267378
59.688,"FeatureMask(f0=True, f1=True, f2=True, f3=True, f4=False, f5=True, f6=True, f7=False, f8=False, f9=True, f10=False, f11=True, f12=True)",0.9560467326267378
59.688,"FeatureMask(f0=True, f1=True, f2=True, f3=True, f4=False, f5=True, f6=True, f7=False, f8=False, f9=True, f10=False, f11=True, f12=True)",0.9560467326267378
59.688,"FeatureMask(f0=True, f1=True, f2=True, f3=True, f4=False, f5=True, f6=True, f7=False, f8=False, f9=True, f10=False, f11=True, f12=True)",0.9560467326267378
59.688,"FeatureMask(f0=True, f1=True, f2=True, f3=True, f4=False, f5=True, f6=True, f7=False, f8=False, f9=True, f10=False, f11=True, f12=True)",0.9560467326267378
59.688,"FeatureMask(f0=True, f1=True, f2=True, f3=True, f4=False, f5=True, f6=True, f7=False, f8=False, f9=True, f10=False, f11=True, f12=True)",0.9560467326267378
59.688,"FeatureMask(f0=True, f1=True, f2=True, f3=True, f4=False, f5=True, f6=True, f7=False, f8=False, f9=True, f10=False, f11=True, f12=True)",0.9560467326267378
59.766000000000005,"FeatureMask(f0=True, f1=True, f2=True, f3=True, f4=False, f5=True, f6=True, f7=False, f8=False, f9=True, f10=False, f11=True, f12=True)",0.9560467326267378
59.87500000000001,"FeatureMask(f0=True, f1=True, f2=True, f3=True, f4=False, f5=True, f6=True, f7=False, f8=False, f9=True, f10=False, f11=True, f12=True)",0.9560467326267378
59.87500000000001,"FeatureMask(f0=True, f1=True, f2=True, f3=True, f4=False, f5=True, f6=True, f7=False, f8=False, f9=True, f10=False, f11=True, f12=True)",0.9560467326267378
59.87500000000001,"FeatureMask(f0=True, f1=True, f2=True, f3=True, f4=False, f5=True, f6=True, f7=False, f8=False, f9=True, f10=False, f11=True, f12=True)",0.9560467326267378
59.87500000000001,"FeatureMask(f0=True, f1=True, f2=True, f3=True, f4=False, f5=True, f6=True, f7=False, f8=False, f9=True, f10=False, f11=True, f12=True)",0.9560467326267378
59.87500000000001,"FeatureMask(f0=True, f1=True, f2=True, f3=True, f4=False, f5=True, f6=True, f7=False, f8=False, f9=True, f10=False, f11=True, f12=True)",0.9560467326267378
59.87500000000001,"FeatureMask(f0=True, f1=True, f2=True, f3=True, f4=False, f5=True, f6=True, f7=False, f8=False, f9=True, f10=False, f11=True, f12=True)",0.9560467326267378
59.87500000000001,"FeatureMask(f0=True, f1=True, f2=True, f3=True, f4=False, f5=True, f6=True, f7=False, f8=False, f9=True, f10=False, f11=True, f12=True)",0.9560467326267378
59.87500000000001,"FeatureMask(f0=True, f1=True, f2=True, f3=True, f4=False, f5=True, f6=True, f7=False, f8=False, f9=True, f10=False, f11=True, f12=True)",0.9560467326267378
59.87500000000001,"FeatureMask(f0=True, f1=True, f2=True, f3=True, f4=False, f5=True, f6=True, f7=False, f8=False, f9=True, f10=False, f11=True, f12=True)",0.9560467326267378
59.87500000000001,"FeatureMask(f0=True, f1=True, f2=True, f3=True, f4=False, f5=True, f6=True, f7=False, f8=False, f9=True, f10=False, f11=True, f12=True)",0.9560467326267378
60.063,"FeatureMask(f0=True, f1=True, f2=True, f3=True, f4=False, f5=True, f6=True, f7=False, f8=False, f9=True, f10=False, f11=True, f12=True)",0.9560467326267378
60.063,"FeatureMask(f0=True, f1=True, f2=True, f3=True, f4=False, f5=True, f6=True, f7=False, f8=False, f9=True, f10=False, f11=True, f12=True)",0.9560467326267378
60.063,"FeatureMask(f0=True, f1=True, f2=True, f3=True, f4=False, f5=True, f6=True, f7=False, f8=False, f9=True, f10=False, f11=True, f12=True)",0.9560467326267378
60.063,"FeatureMask(f0=True, f1=True, f2=True, f3=True, f4=False, f5=True, f6=True, f7=False, f8=False, f9=True, f10=False, f11=True, f12=True)",0.9560467326267378
60.063,"FeatureMask(f0=True, f1=True, f2=True, f3=True, f4=False, f5=True, f6=True, f7=False, f8=False, f9=True, f10=False, f11=True, f12=True)",0.9560467326267378
60.063,"FeatureMask(f0=True, f1=True, f2=True, f3=True, f4=False, f5=True, f6=True, f7=False, f8=False, f9=True, f10=False, f11=True, f12=True)",0.9560467326267378
60.063,"FeatureMask(f0=True, f1=True, f2=True, f3=True, f4=False, f5=True, f6=True, f7=False, f8=False, f9=True, f10=False, f11=True, f12=True)",0.9560467326267378
60.063,"FeatureMask(f0=True, f1=True, f2=True, f3=True, f4=False, f5=True, f6=True, f7=False, f8=False, f9=True, f10=False, f11=True, f12=True)",0.9560467326267378
60.063,"FeatureMask(f0=True, f1=True, f2=True, f3=True, f4=False, f5=True, f6=True, f7=False, f8=False, f9=True, f10=False, f11=True, f12=True)",0.9560467326267378
60.063,"FeatureMask(f0=True, f1=True, f2=True, f3=True, f4=False, f5=True, f6=True, f7=False, f8=False, f9=True, f10=False, f11=True, f12=True)",0.9560467326267378
60.266000000000005,"FeatureMask(f0=True, f1=True, f2=True, f3=True, f4=False, f5=True, f6=True, f7=False, f8=False, f9=True, f10=False, f11=True, f12=True)",0.9560467326267378
60.266000000000005,"FeatureMask(f0=True, f1=True, f2=True, f3=True, f4=False, f5=True, f6=True, f7=False, f8=False, f9=True, f10=False, f11=True, f12=True)",0.9560467326267378
60.266000000000005,"FeatureMask(f0=True, f1=True, f2=True, f3=True, f4=False, f5=True, f6=True, f7=False, f8=False, f9=True, f10=False, f11=True, f12=True)",0.9560467326267378
60.266000000000005,"FeatureMask(f0=True, f1=True, f2=True, f3=True, f4=False, f5=True, f6=True, f7=False, f8=False, f9=True, f10=False, f11=True, f12=True)",0.9560467326267378
60.266000000000005,"FeatureMask(f0=True, f1=True, f2=True, f3=True, f4=False, f5=True, f6=True, f7=False, f8=False, f9=True, f10=False, f11=True, f12=True)",0.9560467326267378
60.266000000000005,"FeatureMask(f0=True, f1=True, f2=True, f3=True, f4=False, f5=True, f6=True, f7=False, f8=False, f9=True, f10=False, f11=True, f12=True)",0.9560467326267378
60.266000000000005,"FeatureMask(f0=True, f1=True, f2=True, f3=True, f4=False, f5=True, f6=True, f7=False, f8=False, f9=True, f10=False, f11=True, f12=True)",0.9560467326267378
60.266000000000005,"FeatureMask(f0=True, f1=True, f2=True, f3=True, f4=False, f5=True, f6=True, f7=False, f8=False, f9=True, f10=False, f11=True, f12=True)",0.9560467326267378
60.266000000000005,"FeatureMask(f0=True, f1=True, f2=True, f3=True, f4=False, f5=True, f6=True, f7=False, f8=False, f9=True, f10=False, f11=True, f12=True)",0.9560467326267378
60.266000000000005,"FeatureMask(f0=True, f1=True, f2=True, f3=True, f4=False, f5=True, f6=True, f7=False, f8=False, f9=True, f10=False, f11=True, f12=True)",0.9560467326267378
60.453,"FeatureMask(f0=True, f1=True, f2=True, f3=True, f4=False, f5=True, f6=True, f7=False, f8=False, f9=True, f10=False, f11=True, f12=True)",0.9560467326267378
60.453,"FeatureMask(f0=True, f1=True, f2=True, f3=True, f4=False, f5=True, f6=True, f7=False, f8=False, f9=True, f10=False, f11=True, f12=True)",0.9560467326267378
60.453,"FeatureMask(f0=True, f1=True, f2=True, f3=True, f4=False, f5=True, f6=True, f7=False, f8=False, f9=True, f10=False, f11=True, f12=True)",0.9560467326267378
60.453,"FeatureMask(f0=True, f1=True, f2=True, f3=True, f4=False, f5=True, f6=True, f7=False, f8=False, f9=True, f10=False, f11=True, f12=True)",0.9560467326267378
60.453,"FeatureMask(f0=True, f1=True, f2=True, f3=True, f4=False, f5=True, f6=True, f7=False, f8=False, f9=True, f10=False, f11=True, f12=True)",0.9560467326267378
60.453,"FeatureMask(f0=True, f1=True, f2=True, f3=True, f4=False, f5=True, f6=True, f7=False, f8=False, f9=True, f10=False, f11=True, f12=True)",0.9560467326267378
60.453,"FeatureMask(f0=True, f1=True, f2=True, f3=True, f4=False, f5=True, f6=True, f7=False, f8=False, f9=True, f10=False, f11=True, f12=True)",0.9560467326267378
60.453,"FeatureMask(f0=True, f1=True, f2=True, f3=True, f4=False, f5=True, f6=True, f7=False, f8=False, f9=True, f10=False, f11=True, f12=True)",0.9560467326267378
60.453,"FeatureMask(f0=True, f1=True, f2=True, f3=True, f4=False, f5=True, f6=True, f7=False, f8=False, f9=True, f10=False, f11=True, f12=True)",0.9560467326267378
60.453,"FeatureMask(f0=True, f1=True, f2=True, f3=True, f4=False, f5=True, f6=True, f7=False, f8=False, f9=True, f10=False, f11=True, f12=True)",0.9560467326267378
60.547000000000004,"FeatureMask(f0=True, f1=True, f2=True, f3=True, f4=False, f5=True, f6=True, f7=False, f8=False, f9=True, f10=False, f11=True, f12=True)",0.9560467326267378
60.641000000000005,"FeatureMask(f0=True, f1=True, f2=True, f3=True, f4=False, f5=True, f6=True, f7=False, f8=False, f9=True, f10=False, f11=True, f12=True)",0.9560467326267378
60.641000000000005,"FeatureMask(f0=True, f1=True, f2=True, f3=True, f4=False, f5=True, f6=True, f7=False, f8=False, f9=True, f10=False, f11=True, f12=True)",0.9560467326267378
60.641000000000005,"FeatureMask(f0=True, f1=True, f2=True, f3=True, f4=False, f5=True, f6=True, f7=False, f8=False, f9=True, f10=False, f11=True, f12=True)",0.9560467326267378
60.641000000000005,"FeatureMask(f0=True, f1=True, f2=True, f3=True, f4=False, f5=True, f6=True, f7=False, f8=False, f9=True, f10=False, f11=True, f12=True)",0.9560467326267378
60.641000000000005,"FeatureMask(f0=True, f1=True, f2=True, f3=True, f4=False, f5=True, f6=True, f7=False, f8=False, f9=True, f10=False, f11=True, f12=True)",0.9560467326267378
60.641000000000005,"FeatureMask(f0=True, f1=True, f2=True, f3=True, f4=False, f5=True, f6=True, f7=False, f8=False, f9=True, f10=False, f11=True, f12=True)",0.9560467326267378
60.641000000000005,"FeatureMask(f0=True, f1=True, f2=True, f3=True, f4=False, f5=True, f6=True, f7=False, f8=False, f9=True, f10=False, f11=True, f12=True)",0.9560467326267378
60.641000000000005,"FeatureMask(f0=True, f1=True, f2=True, f3=True, f4=False, f5=True, f6=True, f7=False, f8=False, f9=True, f10=False, f11=True, f12=True)",0.9560467326267378
60.641000000000005,"FeatureMask(f0=True, f1=True, f2=True, f3=True, f4=False, f5=True, f6=True, f7=False, f8=False, f9=True, f10=False, f11=True, f12=True)",0.9560467326267378
60.641000000000005,"FeatureMask(f0=True, f1=True, f2=True, f3=True, f4=False, f5=True, f6=True, f7=False, f8=False, f9=True, f10=False, f11=True, f12=True)",0.9560467326267378
60.73500000000001,"FeatureMask(f0=True, f1=True, f2=True, f3=True, f4=False, f5=True, f6=True, f7=False, f8=False, f9=True, f10=False, f11=True, f12=True)",0.9560467326267378
60.828,"FeatureMask(f0=True, f1=True, f2=True, f3=True, f4=False, f5=True, f6=True, f7=False, f8=False, f9=True, f10=False, f11=True, f12=True)",0.9560467326267378
60.828,"FeatureMask(f0=True, f1=True, f2=True, f3=True, f4=False, f5=True, f6=True, f7=False, f8=False, f9=True, f10=False, f11=True, f12=True)",0.9560467326267378
60.828,"FeatureMask(f0=True, f1=True, f2=True, f3=True, f4=False, f5=True, f6=True, f7=False, f8=False, f9=True, f10=False, f11=True, f12=True)",0.9560467326267378
60.828,"FeatureMask(f0=True, f1=True, f2=True, f3=True, f4=False, f5=True, f6=True, f7=False, f8=False, f9=True, f10=False, f11=True, f12=True)",0.9560467326267378
60.828,"FeatureMask(f0=True, f1=True, f2=True, f3=True, f4=False, f5=True, f6=True, f7=False, f8=False, f9=True, f10=False, f11=True, f12=True)",0.9560467326267378
60.828,"FeatureMask(f0=True, f1=True, f2=True, f3=True, f4=False, f5=True, f6=True, f7=False, f8=False, f9=True, f10=False, f11=True, f12=True)",0.9560467326267378
60.828,"FeatureMask(f0=True, f1=True, f2=True, f3=True, f4=False, f5=True, f6=True, f7=False, f8=False, f9=True, f10=False, f11=True, f12=True)",0.9560467326267378
60.828,"FeatureMask(f0=True, f1=True, f2=True, f3=True, f4=False, f5=True, f6=True, f7=False, f8=False, f9=True, f10=False, f11=True, f12=True)",0.9560467326267378
60.828,"FeatureMask(f0=True, f1=True, f2=True, f3=True, f4=False, f5=True, f6=True, f7=False, f8=False, f9=True, f10=False, f11=True, f12=True)",0.9560467326267378
60.828,"FeatureMask(f0=True, f1=True, f2=True, f3=True, f4=False, f5=True, f6=True, f7=False, f8=False, f9=True, f10=False, f11=True, f12=True)",0.9560467326267378
60.907000000000004,"FeatureMask(f0=True, f1=True, f2=True, f3=True, f4=False, f5=True, f6=True, f7=False, f8=False, f9=True, f10=False, f11=True, f12=True)",0.9560467326267378
60.98500000000001,"FeatureMask(f0=True, f1=True, f2=True, f3=True, f4=False, f5=True, f6=True, f7=False, f8=False, f9=True, f10=False, f11=True, f12=True)",0.9560467326267378
60.98500000000001,"FeatureMask(f0=True, f1=True, f2=True, f3=True, f4=False, f5=True, f6=True, f7=False, f8=False, f9=True, f10=False, f11=True, f12=True)",0.9560467326267378
60.98500000000001,"FeatureMask(f0=True, f1=True, f2=True, f3=True, f4=False, f5=True, f6=True, f7=False, f8=False, f9=True, f10=False, f11=True, f12=True)",0.9560467326267378
60.98500000000001,"FeatureMask(f0=True, f1=True, f2=True, f3=True, f4=False, f5=True, f6=True, f7=False, f8=False, f9=True, f10=False, f11=True, f12=True)",0.9560467326267378
60.98500000000001,"FeatureMask(f0=True, f1=True, f2=True, f3=True, f4=False, f5=True, f6=True, f7=False, f8=False, f9=True, f10=False, f11=True, f12=True)",0.9560467326267378
60.98500000000001,"FeatureMask(f0=True, f1=True, f2=True, f3=True, f4=False, f5=True, f6=True, f7=False, f8=False, f9=True, f10=False, f11=True, f12=True)",0.9560467326267378
60.98500000000001,"FeatureMask(f0=True, f1=True, f2=True, f3=True, f4=False, f5=True, f6=True, f7=False, f8=False, f9=True, f10=False, f11=True, f12=True)",0.9560467326267378
60.98500000000001,"FeatureMask(f0=True, f1=True, f2=True, f3=True, f4=False, f5=True, f6=True, f7=False, f8=False, f9=True, f10=False, f11=True, f12=True)",0.9560467326267378
60.98500000000001,"FeatureMask(f0=True, f1=True, f2=True, f3=True, f4=False, f5=True, f6=True, f7=False, f8=False, f9=True, f10=False, f11=True, f12=True)",0.9560467326267378
60.98500000000001,"FeatureMask(f0=True, f1=True, f2=True, f3=True, f4=False, f5=True, f6=True, f7=False, f8=False, f9=True, f10=False, f11=True, f12=True)",0.9560467326267378
61.078,"FeatureMask(f0=True, f1=True, f2=True, f3=True, f4=False, f5=True, f6=True, f7=False, f8=False, f9=True, f10=False, f11=True, f12=True)",0.9560467326267378
61.078,"FeatureMask(f0=True, f1=True, f2=True, f3=True, f4=False, f5=True, f6=True, f7=False, f8=False, f9=True, f10=False, f11=True, f12=True)",0.9560467326267378
61.188,"FeatureMask(f0=True, f1=True, f2=True, f3=True, f4=False, f5=True, f6=True, f7=False, f8=False, f9=True, f10=False, f11=True, f12=True)",0.9560467326267378
61.188,"FeatureMask(f0=True, f1=True, f2=True, f3=True, f4=False, f5=True, f6=True, f7=False, f8=False, f9=True, f10=False, f11=True, f12=True)",0.9560467326267378
61.188,"FeatureMask(f0=True, f1=True, f2=True, f3=True, f4=False, f5=True, f6=True, f7=False, f8=False, f9=True, f10=False, f11=True, f12=True)",0.9560467326267378
61.188,"FeatureMask(f0=True, f1=True, f2=True, f3=True, f4=False, f5=True, f6=True, f7=False, f8=False, f9=True, f10=False, f11=True, f12=True)",0.9560467326267378
61.188,"FeatureMask(f0=True, f1=True, f2=True, f3=True, f4=False, f5=True, f6=True, f7=False, f8=False, f9=True, f10=False, f11=True, f12=True)",0.9560467326267378
61.188,"FeatureMask(f0=True, f1=True, f2=True, f3=True, f4=False, f5=True, f6=True, f7=False, f8=False, f9=True, f10=False, f11=True, f12=True)",0.9560467326267378
61.188,"FeatureMask(f0=True, f1=True, f2=True, f3=True, f4=False, f5=True, f6=True, f7=False, f8=False, f9=True, f10=False, f11=True, f12=True)",0.9560467326267378
61.188,"FeatureMask(f0=True, f1=True, f2=True, f3=True, f4=False, f5=True, f6=True, f7=False, f8=False, f9=True, f10=False, f11=True, f12=True)",0.9560467326267378
61.188,"FeatureMask(f0=True, f1=True, f2=True, f3=True, f4=False, f5=True, f6=True, f7=False, f8=False, f9=True, f10=False, f11=True, f12=True)",0.9560467326267378
61.188,"FeatureMask(f0=True, f1=True, f2=True, f3=True, f4=False, f5=True, f6=True, f7=False, f8=False, f9=True, f10=False, f11=True, f12=True)",0.9560467326267378
61.266000000000005,"FeatureMask(f0=True, f1=True, f2=True, f3=True, f4=False, f5=True, f6=True, f7=False, f8=False, f9=True, f10=False, f11=True, f12=True)",0.9560467326267378
61.36000000000001,"FeatureMask(f0=True, f1=True, f2=True, f3=True, f4=False, f5=True, f6=True, f7=False, f8=False, f9=True, f10=False, f11=True, f12=True)",0.9560467326267378
61.36000000000001,"FeatureMask(f0=True, f1=True, f2=True, f3=True, f4=False, f5=True, f6=True, f7=False, f8=False, f9=True, f10=False, f11=True, f12=True)",0.9560467326267378
61.36000000000001,"FeatureMask(f0=True, f1=True, f2=True, f3=True, f4=False, f5=True, f6=True, f7=False, f8=False, f9=True, f10=False, f11=True, f12=True)",0.9560467326267378
61.36000000000001,"FeatureMask(f0=True, f1=True, f2=True, f3=True, f4=False, f5=True, f6=True, f7=False, f8=False, f9=True, f10=False, f11=True, f12=True)",0.9560467326267378
61.36000000000001,"FeatureMask(f0=True, f1=True, f2=True, f3=True, f4=False, f5=True, f6=True, f7=False, f8=False, f9=True, f10=False, f11=True, f12=True)",0.9560467326267378
61.36000000000001,"FeatureMask(f0=True, f1=True, f2=True, f3=True, f4=False, f5=True, f6=True, f7=False, f8=False, f9=True, f10=False, f11=True, f12=True)",0.9560467326267378
61.36000000000001,"FeatureMask(f0=True, f1=True, f2=True, f3=True, f4=False, f5=True, f6=True, f7=False, f8=False, f9=True, f10=False, f11=True, f12=True)",0.9560467326267378
61.36000000000001,"FeatureMask(f0=True, f1=True, f2=True, f3=True, f4=False, f5=True, f6=True, f7=False, f8=False, f9=True, f10=False, f11=True, f12=True)",0.9560467326267378
61.36000000000001,"FeatureMask(f0=True, f1=True, f2=True, f3=True, f4=False, f5=True, f6=True, f7=False, f8=False, f9=True, f10=False, f11=True, f12=True)",0.9560467326267378
61.36000000000001,"FeatureMask(f0=True, f1=True, f2=True, f3=True, f4=False, f5=True, f6=True, f7=False, f8=False, f9=True, f10=False, f11=True, f12=True)",0.9560467326267378
61.453,"FeatureMask(f0=True, f1=True, f2=True, f3=True, f4=False, f5=True, f6=True, f7=False, f8=False, f9=True, f10=False, f11=True, f12=True)",0.9560467326267378
61.453,"FeatureMask(f0=True, f1=True, f2=True, f3=True, f4=False, f5=True, f6=True, f7=False, f8=False, f9=True, f10=False, f11=True, f12=True)",0.9560467326267378
61.453,"FeatureMask(f0=True, f1=True, f2=True, f3=True, f4=False, f5=True, f6=True, f7=False, f8=False, f9=True, f10=False, f11=True, f12=True)",0.9560467326267378
61.547000000000004,"FeatureMask(f0=True, f1=True, f2=True, f3=True, f4=False, f5=True, f6=True, f7=False, f8=False, f9=True, f10=False, f11=True, f12=True)",0.9560467326267378
61.547000000000004,"FeatureMask(f0=True, f1=True, f2=True, f3=True, f4=False, f5=True, f6=True, f7=False, f8=False, f9=True, f10=False, f11=True, f12=True)",0.9560467326267378
61.547000000000004,"FeatureMask(f0=True, f1=True, f2=True, f3=True, f4=False, f5=True, f6=True, f7=False, f8=False, f9=True, f10=False, f11=True, f12=True)",0.9560467326267378
61.547000000000004,"FeatureMask(f0=True, f1=True, f2=True, f3=True, f4=False, f5=True, f6=True, f7=False, f8=False, f9=True, f10=False, f11=True, f12=True)",0.9560467326267378
61.547000000000004,"FeatureMask(f0=True, f1=True, f2=True, f3=True, f4=False, f5=True, f6=True, f7=False, f8=False, f9=True, f10=False, f11=True, f12=True)",0.9560467326267378
61.547000000000004,"FeatureMask(f0=True, f1=True, f2=True, f3=True, f4=False, f5=True, f6=True, f7=False, f8=False, f9=True, f10=False, f11=True, f12=True)",0.9560467326267378
61.547000000000004,"FeatureMask(f0=True, f1=True, f2=True, f3=True, f4=False, f5=True, f6=True, f7=False, f8=False, f9=True, f10=False, f11=True, f12=True)",0.9560467326267378
61.547000000000004,"FeatureMask(f0=True, f1=True, f2=True, f3=True, f4=False, f5=True, f6=True, f7=False, f8=False, f9=True, f10=False, f11=True, f12=True)",0.9560467326267378
61.547000000000004,"FeatureMask(f0=True, f1=True, f2=True, f3=True, f4=False, f5=True, f6=True, f7=False, f8=False, f9=True, f10=False, f11=True, f12=True)",0.9560467326267378
61.547000000000004,"FeatureMask(f0=True, f1=True, f2=True, f3=True, f4=False, f5=True, f6=True, f7=False, f8=False, f9=True, f10=False, f11=True, f12=True)",0.9560467326267378
61.641000000000005,"FeatureMask(f0=True, f1=True, f2=True, f3=True, f4=False, f5=True, f6=True, f7=False, f8=False, f9=True, f10=False, f11=True, f12=True)",0.9560467326267378
61.75000000000001,"FeatureMask(f0=True, f1=True, f2=True, f3=True, f4=False, f5=True, f6=True, f7=False, f8=False, f9=True, f10=False, f11=True, f12=True)",0.9560467326267378
61.75000000000001,"FeatureMask(f0=True, f1=True, f2=True, f3=True, f4=False, f5=True, f6=True, f7=False, f8=False, f9=True, f10=False, f11=True, f12=True)",0.9560467326267378
61.75000000000001,"FeatureMask(f0=True, f1=True, f2=True, f3=True, f4=False, f5=True, f6=True, f7=False, f8=False, f9=True, f10=False, f11=True, f12=True)",0.9560467326267378
61.75000000000001,"FeatureMask(f0=True, f1=True, f2=True, f3=True, f4=False, f5=True, f6=True, f7=False, f8=False, f9=True, f10=False, f11=True, f12=True)",0.9560467326267378
61.75000000000001,"FeatureMask(f0=True, f1=True, f2=True, f3=True, f4=False, f5=True, f6=True, f7=False, f8=False, f9=True, f10=False, f11=True, f12=True)",0.9560467326267378
61.75000000000001,"FeatureMask(f0=True, f1=True, f2=True, f3=True, f4=False, f5=True, f6=True, f7=False, f8=False, f9=True, f10=False, f11=True, f12=True)",0.9560467326267378
61.75000000000001,"FeatureMask(f0=True, f1=True, f2=True, f3=True, f4=False, f5=True, f6=True, f7=False, f8=False, f9=True, f10=False, f11=True, f12=True)",0.9560467326267378
61.75000000000001,"FeatureMask(f0=True, f1=True, f2=True, f3=True, f4=False, f5=True, f6=True, f7=False, f8=False, f9=True, f10=False, f11=True, f12=True)",0.9560467326267378
61.75000000000001,"FeatureMask(f0=True, f1=True, f2=True, f3=True, f4=False, f5=True, f6=True, f7=False, f8=False, f9=True, f10=False, f11=True, f12=True)",0.9560467326267378
61.75000000000001,"FeatureMask(f0=True, f1=True, f2=True, f3=True, f4=False, f5=True, f6=True, f7=False, f8=False, f9=True, f10=False, f11=True, f12=True)",0.9560467326267378
61.922000000000004,"FeatureMask(f0=True, f1=True, f2=True, f3=True, f4=False, f5=True, f6=True, f7=False, f8=False, f9=True, f10=False, f11=True, f12=True)",0.9560467326267378
61.922000000000004,"FeatureMask(f0=True, f1=True, f2=True, f3=True, f4=False, f5=True, f6=True, f7=False, f8=False, f9=True, f10=False, f11=True, f12=True)",0.9560467326267378
61.922000000000004,"FeatureMask(f0=True, f1=True, f2=True, f3=True, f4=False, f5=True, f6=True, f7=False, f8=False, f9=True, f10=False, f11=True, f12=True)",0.9560467326267378
61.922000000000004,"FeatureMask(f0=True, f1=True, f2=True, f3=True, f4=False, f5=True, f6=True, f7=False, f8=False, f9=True, f10=False, f11=True, f12=True)",0.9560467326267378
61.922000000000004,"FeatureMask(f0=True, f1=True, f2=True, f3=True, f4=False, f5=True, f6=True, f7=False, f8=False, f9=True, f10=False, f11=True, f12=True)",0.9560467326267378
61.922000000000004,"FeatureMask(f0=True, f1=True, f2=True, f3=True, f4=False, f5=True, f6=True, f7=False, f8=False, f9=True, f10=False, f11=True, f12=True)",0.9560467326267378
61.922000000000004,"FeatureMask(f0=True, f1=True, f2=True, f3=True, f4=False, f5=True, f6=True, f7=False, f8=False, f9=True, f10=False, f11=True, f12=True)",0.9560467326267378
61.922000000000004,"FeatureMask(f0=True, f1=True, f2=True, f3=True, f4=False, f5=True, f6=True, f7=False, f8=False, f9=True, f10=False, f11=True, f12=True)",0.9560467326267378
61.922000000000004,"FeatureMask(f0=True, f1=True, f2=True, f3=True, f4=False, f5=True, f6=True, f7=False, f8=False, f9=True, f10=False, f11=True, f12=True)",0.9560467326267378
61.922000000000004,"FeatureMask(f0=True, f1=True, f2=True, f3=True, f4=False, f5=True, f6=True, f7=False, f8=False, f9=True, f10=False, f11=True, f12=True)",0.9560467326267378
62.016000000000005,"FeatureMask(f0=True, f1=True, f2=True, f3=True, f4=False, f5=True, f6=True, f7=False, f8=False, f9=True, f10=False, f11=True, f12=True)",0.9560467326267378
62.016000000000005,"FeatureMask(f0=True, f1=True, f2=True, f3=True, f4=False, f5=True, f6=True, f7=False, f8=False, f9=True, f10=False, f11=True, f12=True)",0.9560467326267378
62.11000000000001,"FeatureMask(f0=True, f1=True, f2=True, f3=True, f4=False, f5=True, f6=True, f7=False, f8=False, f9=True, f10=False, f11=True, f12=True)",0.9560467326267378
62.11000000000001,"FeatureMask(f0=True, f1=True, f2=True, f3=True, f4=False, f5=True, f6=True, f7=False, f8=False, f9=True, f10=False, f11=True, f12=True)",0.9560467326267378
62.11000000000001,"FeatureMask(f0=True, f1=True, f2=True, f3=True, f4=False, f5=True, f6=True, f7=False, f8=False, f9=True, f10=False, f11=True, f12=True)",0.9560467326267378
62.11000000000001,"FeatureMask(f0=True, f1=True, f2=True, f3=True, f4=False, f5=True, f6=True, f7=False, f8=False, f9=True, f10=False, f11=True, f12=True)",0.9560467326267378
62.11000000000001,"FeatureMask(f0=True, f1=True, f2=True, f3=True, f4=False, f5=True, f6=True, f7=False, f8=False, f9=True, f10=False, f11=True, f12=True)",0.9560467326267378
62.11000000000001,"FeatureMask(f0=True, f1=True, f2=True, f3=True, f4=False, f5=True, f6=True, f7=False, f8=False, f9=True, f10=False, f11=True, f12=True)",0.9560467326267378
62.11000000000001,"FeatureMask(f0=True, f1=True, f2=True, f3=True, f4=False, f5=True, f6=True, f7=False, f8=False, f9=True, f10=False, f11=True, f12=True)",0.9560467326267378
62.11000000000001,"FeatureMask(f0=True, f1=True, f2=True, f3=True, f4=False, f5=True, f6=True, f7=False, f8=False, f9=True, f10=False, f11=True, f12=True)",0.9560467326267378
62.11000000000001,"FeatureMask(f0=True, f1=True, f2=True, f3=True, f4=False, f5=True, f6=True, f7=False, f8=False, f9=True, f10=False, f11=True, f12=True)",0.9560467326267378
62.11000000000001,"FeatureMask(f0=True, f1=True, f2=True, f3=True, f4=False, f5=True, f6=True, f7=False, f8=False, f9=True, f10=False, f11=True, f12=True)",0.9560467326267378
62.203,"FeatureMask(f0=True, f1=True, f2=True, f3=True, f4=False, f5=True, f6=True, f7=False, f8=False, f9=True, f10=False, f11=True, f12=True)",0.9560467326267378
62.313,"FeatureMask(f0=True, f1=True, f2=True, f3=True, f4=False, f5=True, f6=True, f7=False, f8=False, f9=True, f10=False, f11=True, f12=True)",0.9560467326267378
62.313,"FeatureMask(f0=True, f1=True, f2=True, f3=True, f4=False, f5=True, f6=True, f7=False, f8=False, f9=True, f10=False, f11=True, f12=True)",0.9560467326267378
62.313,"FeatureMask(f0=True, f1=True, f2=True, f3=True, f4=False, f5=True, f6=True, f7=False, f8=False, f9=True, f10=False, f11=True, f12=True)",0.9560467326267378
62.313,"FeatureMask(f0=True, f1=True, f2=True, f3=True, f4=False, f5=True, f6=True, f7=False, f8=False, f9=True, f10=False, f11=True, f12=True)",0.9560467326267378
62.313,"FeatureMask(f0=True, f1=True, f2=True, f3=True, f4=False, f5=True, f6=True, f7=False, f8=False, f9=True, f10=False, f11=True, f12=True)",0.9560467326267378
62.313,"FeatureMask(f0=True, f1=True, f2=True, f3=True, f4=False, f5=True, f6=True, f7=False, f8=False, f9=True, f10=False, f11=True, f12=True)",0.9560467326267378
62.313,"FeatureMask(f0=True, f1=True, f2=True, f3=True, f4=False, f5=True, f6=True, f7=False, f8=False, f9=True, f10=False, f11=True, f12=True)",0.9560467326267378
62.313,"FeatureMask(f0=True, f1=True, f2=True, f3=True, f4=False, f5=True, f6=True, f7=False, f8=False, f9=True, f10=False, f11=True, f12=True)",0.9560467326267378
62.313,"FeatureMask(f0=True, f1=True, f2=True, f3=True, f4=False, f5=True, f6=True, f7=False, f8=False, f9=True, f10=False, f11=True, f12=True)",0.9560467326267378
62.313,"FeatureMask(f0=True, f1=True, f2=True, f3=True, f4=False, f5=True, f6=True, f7=False, f8=False, f9=True, f10=False, f11=True, f12=True)",0.9560467326267378
62.407000000000004,"FeatureMask(f0=True, f1=True, f2=True, f3=True, f4=False, f5=True, f6=True, f7=False, f8=False, f9=True, f10=False, f11=True, f12=True)",0.9560467326267378
62.407000000000004,"FeatureMask(f0=True, f1=True, f2=True, f3=True, f4=False, f5=True, f6=True, f7=False, f8=False, f9=True, f10=False, f11=True, f12=True)",0.9560467326267378
62.532000000000004,"FeatureMask(f0=True, f1=True, f2=True, f3=True, f4=False, f5=True, f6=True, f7=False, f8=False, f9=True, f10=False, f11=True, f12=True)",0.9560467326267378
62.532000000000004,"FeatureMask(f0=True, f1=True, f2=True, f3=True, f4=False, f5=True, f6=True, f7=False, f8=False, f9=True, f10=False, f11=True, f12=True)",0.9560467326267378
62.532000000000004,"FeatureMask(f0=True, f1=True, f2=True, f3=True, f4=False, f5=True, f6=True, f7=False, f8=False, f9=True, f10=False, f11=True, f12=True)",0.9560467326267378
62.532000000000004,"FeatureMask(f0=True, f1=True, f2=True, f3=True, f4=False, f5=True, f6=True, f7=False, f8=False, f9=True, f10=False, f11=True, f12=True)",0.9560467326267378
62.532000000000004,"FeatureMask(f0=True, f1=True, f2=True, f3=True, f4=False, f5=True, f6=True, f7=False, f8=False, f9=True, f10=False, f11=True, f12=True)",0.9560467326267378
62.532000000000004,"FeatureMask(f0=True, f1=True, f2=True, f3=True, f4=False, f5=True, f6=True, f7=False, f8=False, f9=True, f10=False, f11=True, f12=True)",0.9560467326267378
62.532000000000004,"FeatureMask(f0=True, f1=True, f2=True, f3=True, f4=False, f5=True, f6=True, f7=False, f8=False, f9=True, f10=False, f11=True, f12=True)",0.9560467326267378
62.532000000000004,"FeatureMask(f0=True, f1=True, f2=True, f3=True, f4=False, f5=True, f6=True, f7=False, f8=False, f9=True, f10=False, f11=True, f12=True)",0.9560467326267378
62.532000000000004,"FeatureMask(f0=True, f1=True, f2=True, f3=True, f4=False, f5=True, f6=True, f7=False, f8=False, f9=True, f10=False, f11=True, f12=True)",0.9560467326267378
62.532000000000004,"FeatureMask(f0=True, f1=True, f2=True, f3=True, f4=False, f5=True, f6=True, f7=False, f8=False, f9=True, f10=False, f11=True, f12=True)",0.9560467326267378
62.61000000000001,"FeatureMask(f0=True, f1=True, f2=True, f3=True, f4=False, f5=True, f6=True, f7=False, f8=False, f9=True, f10=False, f11=True, f12=True)",0.9560467326267378
62.61000000000001,"FeatureMask(f0=True, f1=True, f2=True, f3=True, f4=False, f5=True, f6=True, f7=False, f8=False, f9=True, f10=False, f11=True, f12=True)",0.9560467326267378
62.61000000000001,"FeatureMask(f0=True, f1=True, f2=True, f3=True, f4=False, f5=True, f6=True, f7=False, f8=False, f9=True, f10=False, f11=True, f12=True)",0.9560467326267378
62.61000000000001,"FeatureMask(f0=True, f1=True, f2=True, f3=True, f4=False, f5=True, f6=True, f7=False, f8=False, f9=True, f10=False, f11=True, f12=True)",0.9560467326267378
62.61000000000001,"FeatureMask(f0=True, f1=True, f2=True, f3=True, f4=False, f5=True, f6=True, f7=False, f8=False, f9=True, f10=False, f11=True, f12=True)",0.9560467326267378
62.61000000000001,"FeatureMask(f0=True, f1=True, f2=True, f3=True, f4=False, f5=True, f6=True, f7=False, f8=False, f9=True, f10=False, f11=True, f12=True)",0.9560467326267378
62.73500000000001,"FeatureMask(f0=True, f1=True, f2=True, f3=True, f4=False, f5=True, f6=True, f7=False, f8=False, f9=True, f10=False, f11=True, f12=True)",0.9560467326267378
62.73500000000001,"FeatureMask(f0=True, f1=True, f2=True, f3=True, f4=False, f5=True, f6=True, f7=False, f8=False, f9=True, f10=False, f11=True, f12=True)",0.9560467326267378
62.73500000000001,"FeatureMask(f0=True, f1=True, f2=True, f3=True, f4=False, f5=True, f6=True, f7=False, f8=False, f9=True, f10=False, f11=True, f12=True)",0.9560467326267378
62.73500000000001,"FeatureMask(f0=True, f1=True, f2=True, f3=True, f4=False, f5=True, f6=True, f7=False, f8=False, f9=True, f10=False, f11=True, f12=True)",0.9560467326267378
62.73500000000001,"FeatureMask(f0=True, f1=True, f2=True, f3=True, f4=False, f5=True, f6=True, f7=False, f8=False, f9=True, f10=False, f11=True, f12=True)",0.9560467326267378
62.73500000000001,"FeatureMask(f0=True, f1=True, f2=True, f3=True, f4=False, f5=True, f6=True, f7=False, f8=False, f9=True, f10=False, f11=True, f12=True)",0.9560467326267378
62.73500000000001,"FeatureMask(f0=True, f1=True, f2=True, f3=True, f4=False, f5=True, f6=True, f7=False, f8=False, f9=True, f10=False, f11=True, f12=True)",0.9560467326267378
62.73500000000001,"FeatureMask(f0=True, f1=True, f2=True, f3=True, f4=False, f5=True, f6=True, f7=False, f8=False, f9=True, f10=False, f11=True, f12=True)",0.9560467326267378
62.73500000000001,"FeatureMask(f0=True, f1=True, f2=True, f3=True, f4=False, f5=True, f6=True, f7=False, f8=False, f9=True, f10=False, f11=True, f12=True)",0.9560467326267378
62.73500000000001,"FeatureMask(f0=True, f1=True, f2=True, f3=True, f4=False, f5=True, f6=True, f7=False, f8=False, f9=True, f10=False, f11=True, f12=True)",0.9560467326267378
62.828,"FeatureMask(f0=True, f1=True, f2=True, f3=True, f4=False, f5=True, f6=True, f7=False, f8=False, f9=True, f10=False, f11=True, f12=True)",0.9560467326267378
62.953,"FeatureMask(f0=True, f1=True, f2=True, f3=True, f4=False, f5=True, f6=True, f7=False, f8=False, f9=True, f10=False, f11=True, f12=True)",0.9560467326267378
62.953,"FeatureMask(f0=True, f1=True, f2=True, f3=True, f4=False, f5=True, f6=True, f7=False, f8=False, f9=True, f10=False, f11=True, f12=True)",0.9560467326267378
62.953,"FeatureMask(f0=True, f1=True, f2=True, f3=True, f4=False, f5=True, f6=True, f7=False, f8=False, f9=True, f10=False, f11=True, f12=True)",0.9560467326267378
62.953,"FeatureMask(f0=True, f1=True, f2=True, f3=True, f4=False, f5=True, f6=True, f7=False, f8=False, f9=True, f10=False, f11=True, f12=True)",0.9560467326267378
62.953,"FeatureMask(f0=True, f1=True, f2=True, f3=True, f4=False, f5=True, f6=True, f7=False, f8=False, f9=True, f10=False, f11=True, f12=True)",0.9560467326267378
62.953,"FeatureMask(f0=True, f1=True, f2=True, f3=True, f4=False, f5=True, f6=True, f7=False, f8=False, f9=True, f10=False, f11=True, f12=True)",0.9560467326267378
62.953,"FeatureMask(f0=True, f1=True, f2=True, f3=True, f4=False, f5=True, f6=True, f7=False, f8=False, f9=True, f10=False, f11=True, f12=True)",0.9560467326267378
62.953,"FeatureMask(f0=True, f1=True, f2=True, f3=True, f4=False, f5=True, f6=True, f7=False, f8=False, f9=True, f10=False, f11=True, f12=True)",0.9560467326267378
62.953,"FeatureMask(f0=True, f1=True, f2=True, f3=True, f4=False, f5=True, f6=True, f7=False, f8=False, f9=True, f10=False, f11=True, f12=True)",0.9560467326267378
62.953,"FeatureMask(f0=True, f1=True, f2=True, f3=True, f4=False, f5=True, f6=True, f7=False, f8=False, f9=True, f10=False, f11=True, f12=True)",0.9560467326267378
63.032000000000004,"FeatureMask(f0=True, f1=True, f2=True, f3=True, f4=False, f5=True, f6=True, f7=False, f8=False, f9=True, f10=False, f11=True, f12=True)",0.9560467326267378
63.12500000000001,"FeatureMask(f0=True, f1=True, f2=True, f3=True, f4=False, f5=True, f6=True, f7=False, f8=False, f9=True, f10=False, f11=True, f12=True)",0.9560467326267378
63.12500000000001,"FeatureMask(f0=True, f1=True, f2=True, f3=True, f4=False, f5=True, f6=True, f7=False, f8=False, f9=True, f10=False, f11=True, f12=True)",0.9560467326267378
63.12500000000001,"FeatureMask(f0=True, f1=True, f2=True, f3=True, f4=False, f5=True, f6=True, f7=False, f8=False, f9=True, f10=False, f11=True, f12=True)",0.9560467326267378
63.12500000000001,"FeatureMask(f0=True, f1=True, f2=True, f3=True, f4=False, f5=True, f6=True, f7=False, f8=False, f9=True, f10=False, f11=True, f12=True)",0.9560467326267378
63.12500000000001,"FeatureMask(f0=True, f1=True, f2=True, f3=True, f4=False, f5=True, f6=True, f7=False, f8=False, f9=True, f10=False, f11=True, f12=True)",0.9560467326267378
63.12500000000001,"FeatureMask(f0=True, f1=True, f2=True, f3=True, f4=False, f5=True, f6=True, f7=False, f8=False, f9=True, f10=False, f11=True, f12=True)",0.9560467326267378
63.12500000000001,"FeatureMask(f0=True, f1=True, f2=True, f3=True, f4=False, f5=True, f6=True, f7=False, f8=False, f9=True, f10=False, f11=True, f12=True)",0.9560467326267378
63.12500000000001,"FeatureMask(f0=True, f1=True, f2=True, f3=True, f4=False, f5=True, f6=True, f7=False, f8=False, f9=True, f10=False, f11=True, f12=True)",0.9560467326267378
63.12500000000001,"FeatureMask(f0=True, f1=True, f2=True, f3=True, f4=False, f5=True, f6=True, f7=False, f8=False, f9=True, f10=False, f11=True, f12=True)",0.9560467326267378
63.12500000000001,"FeatureMask(f0=True, f1=True, f2=True, f3=True, f4=False, f5=True, f6=True, f7=False, f8=False, f9=True, f10=False, f11=True, f12=True)",0.9560467326267378
63.219,"FeatureMask(f0=True, f1=True, f2=True, f3=True, f4=False, f5=True, f6=True, f7=False, f8=False, f9=True, f10=False, f11=True, f12=True)",0.9560467326267378
63.219,"FeatureMask(f0=True, f1=True, f2=True, f3=True, f4=False, f5=True, f6=True, f7=False, f8=False, f9=True, f10=False, f11=True, f12=True)",0.9560467326267378
63.328,"FeatureMask(f0=True, f1=True, f2=True, f3=True, f4=False, f5=True, f6=True, f7=False, f8=False, f9=True, f10=False, f11=True, f12=True)",0.9560467326267378
63.328,"FeatureMask(f0=True, f1=True, f2=True, f3=True, f4=False, f5=True, f6=True, f7=False, f8=False, f9=True, f10=False, f11=True, f12=True)",0.9560467326267378
63.328,"FeatureMask(f0=True, f1=True, f2=True, f3=True, f4=False, f5=True, f6=True, f7=False, f8=False, f9=True, f10=False, f11=True, f12=True)",0.9560467326267378
63.328,"FeatureMask(f0=True, f1=True, f2=True, f3=True, f4=False, f5=True, f6=True, f7=False, f8=False, f9=True, f10=False, f11=True, f12=True)",0.9560467326267378
63.328,"FeatureMask(f0=True, f1=True, f2=True, f3=True, f4=False, f5=True, f6=True, f7=False, f8=False, f9=True, f10=False, f11=True, f12=True)",0.9560467326267378
63.328,"FeatureMask(f0=True, f1=True, f2=True, f3=True, f4=False, f5=True, f6=True, f7=False, f8=False, f9=True, f10=False, f11=True, f12=True)",0.9560467326267378
63.328,"FeatureMask(f0=True, f1=True, f2=True, f3=True, f4=False, f5=True, f6=True, f7=False, f8=False, f9=True, f10=False, f11=True, f12=True)",0.9560467326267378
63.328,"FeatureMask(f0=True, f1=True, f2=True, f3=True, f4=False, f5=True, f6=True, f7=False, f8=False, f9=True, f10=False, f11=True, f12=True)",0.9560467326267378
63.328,"FeatureMask(f0=True, f1=True, f2=True, f3=True, f4=False, f5=True, f6=True, f7=False, f8=False, f9=True, f10=False, f11=True, f12=True)",0.9560467326267378
63.328,"FeatureMask(f0=True, f1=True, f2=True, f3=True, f4=False, f5=True, f6=True, f7=False, f8=False, f9=True, f10=False, f11=True, f12=True)",0.9560467326267378
63.532000000000004,"FeatureMask(f0=True, f1=True, f2=True, f3=True, f4=False, f5=True, f6=True, f7=False, f8=False, f9=True, f10=False, f11=True, f12=True)",0.9560467326267378
63.532000000000004,"FeatureMask(f0=True, f1=True, f2=True, f3=True, f4=False, f5=True, f6=True, f7=False, f8=False, f9=True, f10=False, f11=True, f12=True)",0.9560467326267378
63.532000000000004,"FeatureMask(f0=True, f1=True, f2=True, f3=True, f4=False, f5=True, f6=True, f7=False, f8=False, f9=True, f10=False, f11=True, f12=True)",0.9560467326267378
63.532000000000004,"FeatureMask(f0=True, f1=True, f2=True, f3=True, f4=False, f5=True, f6=True, f7=False, f8=False, f9=True, f10=False, f11=True, f12=True)",0.9560467326267378
63.532000000000004,"FeatureMask(f0=True, f1=True, f2=True, f3=True, f4=False, f5=True, f6=True, f7=False, f8=False, f9=True, f10=False, f11=True, f12=True)",0.9560467326267378
63.532000000000004,"FeatureMask(f0=True, f1=True, f2=True, f3=True, f4=False, f5=True, f6=True, f7=False, f8=False, f9=True, f10=False, f11=True, f12=True)",0.9560467326267378
63.532000000000004,"FeatureMask(f0=True, f1=True, f2=True, f3=True, f4=False, f5=True, f6=True, f7=False, f8=False, f9=True, f10=False, f11=True, f12=True)",0.9560467326267378
63.532000000000004,"FeatureMask(f0=True, f1=True, f2=True, f3=True, f4=False, f5=True, f6=True, f7=False, f8=False, f9=True, f10=False, f11=True, f12=True)",0.9560467326267378
63.532000000000004,"FeatureMask(f0=True, f1=True, f2=True, f3=True, f4=False, f5=True, f6=True, f7=False, f8=False, f9=True, f10=False, f11=True, f12=True)",0.9560467326267378
63.532000000000004,"FeatureMask(f0=True, f1=True, f2=True, f3=True, f4=False, f5=True, f6=True, f7=False, f8=False, f9=True, f10=False, f11=True, f12=True)",0.9560467326267378
63.61000000000001,"FeatureMask(f0=True, f1=True, f2=True, f3=True, f4=False, f5=True, f6=True, f7=False, f8=False, f9=True, f10=False, f11=True, f12=True)",0.9560467326267378
63.73500000000001,"FeatureMask(f0=True, f1=True, f2=True, f3=True, f4=False, f5=True, f6=True, f7=False, f8=False, f9=True, f10=False, f11=True, f12=True)",0.9560467326267378
63.73500000000001,"FeatureMask(f0=True, f1=True, f2=True, f3=True, f4=False, f5=True, f6=True, f7=False, f8=False, f9=True, f10=False, f11=True, f12=True)",0.9560467326267378
63.73500000000001,"FeatureMask(f0=True, f1=True, f2=True, f3=True, f4=False, f5=True, f6=True, f7=False, f8=False, f9=True, f10=False, f11=True, f12=True)",0.9560467326267378
63.73500000000001,"FeatureMask(f0=True, f1=True, f2=True, f3=True, f4=False, f5=True, f6=True, f7=False, f8=False, f9=True, f10=False, f11=True, f12=True)",0.9560467326267378
63.73500000000001,"FeatureMask(f0=True, f1=True, f2=True, f3=True, f4=False, f5=True, f6=True, f7=False, f8=False, f9=True, f10=False, f11=True, f12=True)",0.9560467326267378
63.73500000000001,"FeatureMask(f0=True, f1=True, f2=True, f3=True, f4=False, f5=True, f6=True, f7=False, f8=False, f9=True, f10=False, f11=True, f12=True)",0.9560467326267378
63.73500000000001,"FeatureMask(f0=True, f1=True, f2=True, f3=True, f4=False, f5=True, f6=True, f7=False, f8=False, f9=True, f10=False, f11=True, f12=True)",0.9560467326267378
63.73500000000001,"FeatureMask(f0=True, f1=True, f2=True, f3=True, f4=False, f5=True, f6=True, f7=False, f8=False, f9=True, f10=False, f11=True, f12=True)",0.9560467326267378
63.73500000000001,"FeatureMask(f0=True, f1=True, f2=True, f3=True, f4=False, f5=True, f6=True, f7=False, f8=False, f9=True, f10=False, f11=True, f12=True)",0.9560467326267378
63.73500000000001,"FeatureMask(f0=True, f1=True, f2=True, f3=True, f4=False, f5=True, f6=True, f7=False, f8=False, f9=True, f10=False, f11=True, f12=True)",0.9560467326267378
63.828,"FeatureMask(f0=True, f1=True, f2=True, f3=True, f4=False, f5=True, f6=True, f7=False, f8=False, f9=True, f10=False, f11=True, f12=True)",0.9560467326267378
63.828,"FeatureMask(f0=True, f1=True, f2=True, f3=True, f4=False, f5=True, f6=True, f7=False, f8=False, f9=True, f10=False, f11=True, f12=True)",0.9560467326267378
63.828,"FeatureMask(f0=True, f1=True, f2=True, f3=True, f4=False, f5=True, f6=True, f7=False, f8=False, f9=True, f10=False, f11=True, f12=True)",0.9560467326267378
63.828,"FeatureMask(f0=True, f1=True, f2=True, f3=True, f4=False, f5=True, f6=True, f7=False, f8=False, f9=True, f10=False, f11=True, f12=True)",0.9560467326267378
63.938,"FeatureMask(f0=True, f1=True, f2=True, f3=True, f4=False, f5=True, f6=True, f7=False, f8=False, f9=True, f10=False, f11=True, f12=True)",0.9560467326267378
63.938,"FeatureMask(f0=True, f1=True, f2=True, f3=True, f4=False, f5=True, f6=True, f7=False, f8=False, f9=True, f10=False, f11=True, f12=True)",0.9560467326267378
63.938,"FeatureMask(f0=True, f1=True, f2=True, f3=True, f4=False, f5=True, f6=True, f7=False, f8=False, f9=True, f10=False, f11=True, f12=True)",0.9560467326267378
63.938,"FeatureMask(f0=True, f1=True, f2=True, f3=True, f4=False, f5=True, f6=True, f7=False, f8=False, f9=True, f10=False, f11=True, f12=True)",0.9560467326267378
63.938,"FeatureMask(f0=True, f1=True, f2=True, f3=True, f4=False, f5=True, f6=True, f7=False, f8=False, f9=True, f10=False, f11=True, f12=True)",0.9560467326267378
63.938,"FeatureMask(f0=True, f1=True, f2=True, f3=True, f4=False, f5=True, f6=True, f7=False, f8=False, f9=True, f10=False, f11=True, f12=True)",0.9560467326267378
63.938,"FeatureMask(f0=True, f1=True, f2=True, f3=True, f4=False, f5=True, f6=True, f7=False, f8=False, f9=True, f10=False, f11=True, f12=True)",0.9560467326267378
63.938,"FeatureMask(f0=True, f1=True, f2=True, f3=True, f4=False, f5=True, f6=True, f7=False, f8=False, f9=True, f10=False, f11=True, f12=True)",0.9560467326267378
63.938,"FeatureMask(f0=True, f1=True, f2=True, f3=True, f4=False, f5=True, f6=True, f7=False, f8=False, f9=True, f10=False, f11=True, f12=True)",0.9560467326267378
63.938,"FeatureMask(f0=True, f1=True, f2=True, f3=True, f4=False, f5=True, f6=True, f7=False, f8=False, f9=True, f10=False, f11=True, f12=True)",0.9560467326267378
64.03200000000001,"FeatureMask(f0=True, f1=True, f2=True, f3=True, f4=False, f5=True, f6=True, f7=False, f8=False, f9=True, f10=False, f11=True, f12=True)",0.9560467326267378
64.03200000000001,"FeatureMask(f0=True, f1=True, f2=True, f3=True, f4=False, f5=True, f6=True, f7=False, f8=False, f9=True, f10=False, f11=True, f12=True)",0.9560467326267378
64.03200000000001,"FeatureMask(f0=True, f1=True, f2=True, f3=True, f4=False, f5=True, f6=True, f7=False, f8=False, f9=True, f10=False, f11=True, f12=True)",0.9560467326267378
64.141,"FeatureMask(f0=True, f1=True, f2=True, f3=True, f4=False, f5=True, f6=True, f7=False, f8=False, f9=True, f10=False, f11=True, f12=True)",0.9560467326267378
64.141,"FeatureMask(f0=True, f1=True, f2=True, f3=True, f4=False, f5=True, f6=True, f7=False, f8=False, f9=True, f10=False, f11=True, f12=True)",0.9560467326267378
64.141,"FeatureMask(f0=True, f1=True, f2=True, f3=True, f4=False, f5=True, f6=True, f7=False, f8=False, f9=True, f10=False, f11=True, f12=True)",0.9560467326267378
64.141,"FeatureMask(f0=True, f1=True, f2=True, f3=True, f4=False, f5=True, f6=True, f7=False, f8=False, f9=True, f10=False, f11=True, f12=True)",0.9560467326267378
64.141,"FeatureMask(f0=True, f1=True, f2=True, f3=True, f4=False, f5=True, f6=True, f7=False, f8=False, f9=True, f10=False, f11=True, f12=True)",0.9560467326267378
64.141,"FeatureMask(f0=True, f1=True, f2=True, f3=True, f4=False, f5=True, f6=True, f7=False, f8=False, f9=True, f10=False, f11=True, f12=True)",0.9560467326267378
64.141,"FeatureMask(f0=True, f1=True, f2=True, f3=True, f4=False, f5=True, f6=True, f7=False, f8=False, f9=True, f10=False, f11=True, f12=True)",0.9560467326267378
64.141,"FeatureMask(f0=True, f1=True, f2=True, f3=True, f4=False, f5=True, f6=True, f7=False, f8=False, f9=True, f10=False, f11=True, f12=True)",0.9560467326267378
64.141,"FeatureMask(f0=True, f1=True, f2=True, f3=True, f4=False, f5=True, f6=True, f7=False, f8=False, f9=True, f10=False, f11=True, f12=True)",0.9560467326267378
64.141,"FeatureMask(f0=True, f1=True, f2=True, f3=True, f4=False, f5=True, f6=True, f7=False, f8=False, f9=True, f10=False, f11=True, f12=True)",0.9560467326267378
64.21900000000001,"FeatureMask(f0=True, f1=True, f2=True, f3=True, f4=False, f5=True, f6=True, f7=False, f8=False, f9=True, f10=False, f11=True, f12=True)",0.9560467326267378
64.21900000000001,"FeatureMask(f0=True, f1=True, f2=True, f3=True, f4=False, f5=True, f6=True, f7=False, f8=False, f9=True, f10=False, f11=True, f12=True)",0.9560467326267378
64.34400000000001,"FeatureMask(f0=True, f1=True, f2=True, f3=True, f4=False, f5=True, f6=True, f7=False, f8=False, f9=True, f10=False, f11=True, f12=True)",0.9560467326267378
64.34400000000001,"FeatureMask(f0=True, f1=True, f2=True, f3=True, f4=False, f5=True, f6=True, f7=False, f8=False, f9=True, f10=False, f11=True, f12=True)",0.9560467326267378
64.34400000000001,"FeatureMask(f0=True, f1=True, f2=True, f3=True, f4=False, f5=True, f6=True, f7=False, f8=False, f9=True, f10=False, f11=True, f12=True)",0.9560467326267378
64.34400000000001,"FeatureMask(f0=True, f1=True, f2=True, f3=True, f4=False, f5=True, f6=True, f7=False, f8=False, f9=True, f10=False, f11=True, f12=True)",0.9560467326267378
64.34400000000001,"FeatureMask(f0=True, f1=True, f2=True, f3=True, f4=False, f5=True, f6=True, f7=False, f8=False, f9=True, f10=False, f11=True, f12=True)",0.9560467326267378
64.34400000000001,"FeatureMask(f0=True, f1=True, f2=True, f3=True, f4=False, f5=True, f6=True, f7=False, f8=False, f9=True, f10=False, f11=True, f12=True)",0.9560467326267378
64.34400000000001,"FeatureMask(f0=True, f1=True, f2=True, f3=True, f4=False, f5=True, f6=True, f7=False, f8=False, f9=True, f10=False, f11=True, f12=True)",0.9560467326267378
64.34400000000001,"FeatureMask(f0=True, f1=True, f2=True, f3=True, f4=False, f5=True, f6=True, f7=False, f8=False, f9=True, f10=False, f11=True, f12=True)",0.9560467326267378
64.34400000000001,"FeatureMask(f0=True, f1=True, f2=True, f3=True, f4=False, f5=True, f6=True, f7=False, f8=False, f9=True, f10=False, f11=True, f12=True)",0.9560467326267378
64.34400000000001,"FeatureMask(f0=True, f1=True, f2=True, f3=True, f4=False, f5=True, f6=True, f7=False, f8=False, f9=True, f10=False, f11=True, f12=True)",0.9560467326267378
64.422,"FeatureMask(f0=True, f1=True, f2=True, f3=True, f4=False, f5=True, f6=True, f7=False, f8=False, f9=True, f10=False, f11=True, f12=True)",0.9560467326267378
64.547,"FeatureMask(f0=True, f1=True, f2=True, f3=True, f4=False, f5=True, f6=True, f7=False, f8=False, f9=True, f10=False, f11=True, f12=True)",0.9560467326267378
64.547,"FeatureMask(f0=True, f1=True, f2=True, f3=True, f4=False, f5=True, f6=True, f7=False, f8=False, f9=True, f10=False, f11=True, f12=True)",0.9560467326267378
64.547,"FeatureMask(f0=True, f1=True, f2=True, f3=True, f4=False, f5=True, f6=True, f7=False, f8=False, f9=True, f10=False, f11=True, f12=True)",0.9560467326267378
64.547,"FeatureMask(f0=True, f1=True, f2=True, f3=True, f4=False, f5=True, f6=True, f7=False, f8=False, f9=True, f10=False, f11=True, f12=True)",0.9560467326267378
64.547,"FeatureMask(f0=True, f1=True, f2=True, f3=True, f4=False, f5=True, f6=True, f7=False, f8=False, f9=True, f10=False, f11=True, f12=True)",0.9560467326267378
64.547,"FeatureMask(f0=True, f1=True, f2=True, f3=True, f4=False, f5=True, f6=True, f7=False, f8=False, f9=True, f10=False, f11=True, f12=True)",0.9560467326267378
64.547,"FeatureMask(f0=True, f1=True, f2=True, f3=True, f4=False, f5=True, f6=True, f7=False, f8=False, f9=True, f10=False, f11=True, f12=True)",0.9560467326267378
64.547,"FeatureMask(f0=True, f1=True, f2=True, f3=True, f4=False, f5=True, f6=True, f7=False, f8=False, f9=True, f10=False, f11=True, f12=True)",0.9560467326267378
64.547,"FeatureMask(f0=True, f1=True, f2=True, f3=True, f4=False, f5=True, f6=True, f7=False, f8=False, f9=True, f10=False, f11=True, f12=True)",0.9560467326267378
64.547,"FeatureMask(f0=True, f1=True, f2=True, f3=True, f4=False, f5=True, f6=True, f7=False, f8=False, f9=True, f10=False, f11=True, f12=True)",0.9560467326267378
64.625,"FeatureMask(f0=True, f1=True, f2=True, f3=True, f4=False, f5=True, f6=True, f7=False, f8=False, f9=True, f10=False, f11=True, f12=True)",0.9560467326267378
64.625,"FeatureMask(f0=True, f1=True, f2=True, f3=True, f4=False, f5=True, f6=True, f7=False, f8=False, f9=True, f10=False, f11=True, f12=True)",0.9560467326267378
64.735,"FeatureMask(f0=True, f1=True, f2=True, f3=True, f4=False, f5=True, f6=True, f7=False, f8=False, f9=True, f10=False, f11=True, f12=True)",0.9560467326267378
64.735,"FeatureMask(f0=True, f1=True, f2=True, f3=True, f4=False, f5=True, f6=True, f7=False, f8=False, f9=True, f10=False, f11=True, f12=True)",0.9560467326267378
64.735,"FeatureMask(f0=True, f1=True, f2=True, f3=True, f4=False, f5=True, f6=True, f7=False, f8=False, f9=True, f10=False, f11=True, f12=True)",0.9560467326267378
64.735,"FeatureMask(f0=True, f1=True, f2=True, f3=True, f4=False, f5=True, f6=True, f7=False, f8=False, f9=True, f10=False, f11=True, f12=True)",0.9560467326267378
64.735,"FeatureMask(f0=True, f1=True, f2=True, f3=True, f4=False, f5=True, f6=True, f7=False, f8=False, f9=True, f10=False, f11=True, f12=True)",0.9560467326267378
64.735,"FeatureMask(f0=True, f1=True, f2=True, f3=True, f4=False, f5=True, f6=True, f7=False, f8=False, f9=True, f10=False, f11=True, f12=True)",0.9560467326267378
64.735,"FeatureMask(f0=True, f1=True, f2=True, f3=True, f4=False, f5=True, f6=True, f7=False, f8=False, f9=True, f10=False, f11=True, f12=True)",0.9560467326267378
64.735,"FeatureMask(f0=True, f1=True, f2=True, f3=True, f4=False, f5=True, f6=True, f7=False, f8=False, f9=True, f10=False, f11=True, f12=True)",0.9560467326267378
64.735,"FeatureMask(f0=True, f1=True, f2=True, f3=True, f4=False, f5=True, f6=True, f7=False, f8=False, f9=True, f10=False, f11=True, f12=True)",0.9560467326267378
64.735,"FeatureMask(f0=True, f1=True, f2=True, f3=True, f4=False, f5=True, f6=True, f7=False, f8=False, f9=True, f10=False, f11=True, f12=True)",0.9560467326267378
64.953,"FeatureMask(f0=True, f1=True, f2=True, f3=True, f4=False, f5=True, f6=True, f7=False, f8=False, f9=True, f10=False, f11=True, f12=True)",0.9560467326267378
64.953,"FeatureMask(f0=True, f1=True, f2=True, f3=True, f4=False, f5=True, f6=True, f7=False, f8=False, f9=True, f10=False, f11=True, f12=True)",0.9560467326267378
64.953,"FeatureMask(f0=True, f1=True, f2=True, f3=True, f4=False, f5=True, f6=True, f7=False, f8=False, f9=True, f10=False, f11=True, f12=True)",0.9560467326267378
64.953,"FeatureMask(f0=True, f1=True, f2=True, f3=True, f4=False, f5=True, f6=True, f7=False, f8=False, f9=True, f10=False, f11=True, f12=True)",0.9560467326267378
64.953,"FeatureMask(f0=True, f1=True, f2=True, f3=True, f4=False, f5=True, f6=True, f7=False, f8=False, f9=True, f10=False, f11=True, f12=True)",0.9560467326267378
64.953,"FeatureMask(f0=True, f1=True, f2=True, f3=True, f4=False, f5=True, f6=True, f7=False, f8=False, f9=True, f10=False, f11=True, f12=True)",0.9560467326267378
64.953,"FeatureMask(f0=True, f1=True, f2=True, f3=True, f4=False, f5=True, f6=True, f7=False, f8=False, f9=True, f10=False, f11=True, f12=True)",0.9560467326267378
64.953,"FeatureMask(f0=True, f1=True, f2=True, f3=True, f4=False, f5=True, f6=True, f7=False, f8=False, f9=True, f10=False, f11=True, f12=True)",0.9560467326267378
64.953,"FeatureMask(f0=True, f1=True, f2=True, f3=True, f4=False, f5=True, f6=True, f7=False, f8=False, f9=True, f10=False, f11=True, f12=True)",0.9560467326267378
64.953,"FeatureMask(f0=True, f1=True, f2=True, f3=True, f4=False, f5=True, f6=True, f7=False, f8=False, f9=True, f10=False, f11=True, f12=True)",0.9560467326267378
65.03200000000001,"FeatureMask(f0=True, f1=True, f2=True, f3=True, f4=False, f5=True, f6=True, f7=False, f8=False, f9=True, f10=False, f11=True, f12=True)",0.9560467326267378
65.15700000000001,"FeatureMask(f0=True, f1=True, f2=True, f3=True, f4=False, f5=True, f6=True, f7=False, f8=False, f9=True, f10=False, f11=True, f12=True)",0.9560467326267378
65.15700000000001,"FeatureMask(f0=True, f1=True, f2=True, f3=True, f4=False, f5=True, f6=True, f7=False, f8=False, f9=True, f10=False, f11=True, f12=True)",0.9560467326267378
65.15700000000001,"FeatureMask(f0=True, f1=True, f2=True, f3=True, f4=False, f5=True, f6=True, f7=False, f8=False, f9=True, f10=False, f11=True, f12=True)",0.9560467326267378
65.15700000000001,"FeatureMask(f0=True, f1=True, f2=True, f3=True, f4=False, f5=True, f6=True, f7=False, f8=False, f9=True, f10=False, f11=True, f12=True)",0.9560467326267378
65.15700000000001,"FeatureMask(f0=True, f1=True, f2=True, f3=True, f4=False, f5=True, f6=True, f7=False, f8=False, f9=True, f10=False, f11=True, f12=True)",0.9560467326267378
65.15700000000001,"FeatureMask(f0=True, f1=True, f2=True, f3=True, f4=False, f5=True, f6=True, f7=False, f8=False, f9=True, f10=False, f11=True, f12=True)",0.9560467326267378
65.15700000000001,"FeatureMask(f0=True, f1=True, f2=True, f3=True, f4=False, f5=True, f6=True, f7=False, f8=False, f9=True, f10=False, f11=True, f12=True)",0.9560467326267378
65.15700000000001,"FeatureMask(f0=True, f1=True, f2=True, f3=True, f4=False, f5=True, f6=True, f7=False, f8=False, f9=True, f10=False, f11=True, f12=True)",0.9560467326267378
65.15700000000001,"FeatureMask(f0=True, f1=True, f2=True, f3=True, f4=False, f5=True, f6=True, f7=False, f8=False, f9=True, f10=False, f11=True, f12=True)",0.9560467326267378
65.15700000000001,"FeatureMask(f0=True, f1=True, f2=True, f3=True, f4=False, f5=True, f6=True, f7=False, f8=False, f9=True, f10=False, f11=True, f12=True)",0.9560467326267378
65.235,"FeatureMask(f0=True, f1=True, f2=True, f3=True, f4=False, f5=True, f6=True, f7=False, f8=False, f9=True, f10=False, f11=True, f12=True)",0.9560467326267378
65.34400000000001,"FeatureMask(f0=True, f1=True, f2=True, f3=True, f4=False, f5=True, f6=True, f7=False, f8=False, f9=True, f10=False, f11=True, f12=True)",0.9560467326267378
65.34400000000001,"FeatureMask(f0=True, f1=True, f2=True, f3=True, f4=False, f5=True, f6=True, f7=False, f8=False, f9=True, f10=False, f11=True, f12=True)",0.9560467326267378
65.34400000000001,"FeatureMask(f0=True, f1=True, f2=True, f3=True, f4=False, f5=True, f6=True, f7=False, f8=False, f9=True, f10=False, f11=True, f12=True)",0.9560467326267378
65.34400000000001,"FeatureMask(f0=True, f1=True, f2=True, f3=True, f4=False, f5=True, f6=True, f7=False, f8=False, f9=True, f10=False, f11=True, f12=True)",0.9560467326267378
65.34400000000001,"FeatureMask(f0=True, f1=True, f2=True, f3=True, f4=False, f5=True, f6=True, f7=False, f8=False, f9=True, f10=False, f11=True, f12=True)",0.9560467326267378
65.34400000000001,"FeatureMask(f0=True, f1=True, f2=True, f3=True, f4=False, f5=True, f6=True, f7=False, f8=False, f9=True, f10=False, f11=True, f12=True)",0.9560467326267378
65.34400000000001,"FeatureMask(f0=True, f1=True, f2=True, f3=True, f4=False, f5=True, f6=True, f7=False, f8=False, f9=True, f10=False, f11=True, f12=True)",0.9560467326267378
65.34400000000001,"FeatureMask(f0=True, f1=True, f2=True, f3=True, f4=False, f5=True, f6=True, f7=False, f8=False, f9=True, f10=False, f11=True, f12=True)",0.9560467326267378
65.34400000000001,"FeatureMask(f0=True, f1=True, f2=True, f3=True, f4=False, f5=True, f6=True, f7=False, f8=False, f9=True, f10=False, f11=True, f12=True)",0.9560467326267378
65.34400000000001,"FeatureMask(f0=True, f1=True, f2=True, f3=True, f4=False, f5=True, f6=True, f7=False, f8=False, f9=True, f10=False, f11=True, f12=True)",0.9560467326267378
65.422,"FeatureMask(f0=True, f1=True, f2=True, f3=True, f4=False, f5=True, f6=True, f7=False, f8=False, f9=True, f10=False, f11=True, f12=True)",0.9560467326267378
65.53200000000001,"FeatureMask(f0=True, f1=True, f2=True, f3=True, f4=False, f5=True, f6=True, f7=False, f8=False, f9=True, f10=False, f11=True, f12=True)",0.9560467326267378
65.53200000000001,"FeatureMask(f0=True, f1=True, f2=True, f3=True, f4=False, f5=True, f6=True, f7=False, f8=False, f9=True, f10=False, f11=True, f12=True)",0.9560467326267378
65.53200000000001,"FeatureMask(f0=True, f1=True, f2=True, f3=True, f4=False, f5=True, f6=True, f7=False, f8=False, f9=True, f10=False, f11=True, f12=True)",0.9560467326267378
65.53200000000001,"FeatureMask(f0=True, f1=True, f2=True, f3=True, f4=False, f5=True, f6=True, f7=False, f8=False, f9=True, f10=False, f11=True, f12=True)",0.9560467326267378
65.53200000000001,"FeatureMask(f0=True, f1=True, f2=True, f3=True, f4=False, f5=True, f6=True, f7=False, f8=False, f9=True, f10=False, f11=True, f12=True)",0.9560467326267378
65.53200000000001,"FeatureMask(f0=True, f1=True, f2=True, f3=True, f4=False, f5=True, f6=True, f7=False, f8=False, f9=True, f10=False, f11=True, f12=True)",0.9560467326267378
65.53200000000001,"FeatureMask(f0=True, f1=True, f2=True, f3=True, f4=False, f5=True, f6=True, f7=False, f8=False, f9=True, f10=False, f11=True, f12=True)",0.9560467326267378
65.53200000000001,"FeatureMask(f0=True, f1=True, f2=True, f3=True, f4=False, f5=True, f6=True, f7=False, f8=False, f9=True, f10=False, f11=True, f12=True)",0.9560467326267378
65.53200000000001,"FeatureMask(f0=True, f1=True, f2=True, f3=True, f4=False, f5=True, f6=True, f7=False, f8=False, f9=True, f10=False, f11=True, f12=True)",0.9560467326267378
65.53200000000001,"FeatureMask(f0=True, f1=True, f2=True, f3=True, f4=False, f5=True, f6=True, f7=False, f8=False, f9=True, f10=False, f11=True, f12=True)",0.9560467326267378
65.61,"FeatureMask(f0=True, f1=True, f2=True, f3=True, f4=False, f5=True, f6=True, f7=False, f8=False, f9=True, f10=False, f11=True, f12=True)",0.9560467326267378
65.61,"FeatureMask(f0=True, f1=True, f2=True, f3=True, f4=False, f5=True, f6=True, f7=False, f8=False, f9=True, f10=False, f11=True, f12=True)",0.9560467326267378
65.61,"FeatureMask(f0=True, f1=True, f2=True, f3=True, f4=False, f5=True, f6=True, f7=False, f8=False, f9=True, f10=False, f11=True, f12=True)",0.9560467326267378
65.61,"FeatureMask(f0=True, f1=True, f2=True, f3=True, f4=False, f5=True, f6=True, f7=False, f8=False, f9=True, f10=False, f11=True, f12=True)",0.9560467326267378
65.61,"FeatureMask(f0=True, f1=True, f2=True, f3=True, f4=False, f5=True, f6=True, f7=False, f8=False, f9=True, f10=False, f11=True, f12=True)",0.9560467326267378
65.61,"FeatureMask(f0=True, f1=True, f2=True, f3=True, f4=False, f5=True, f6=True, f7=False, f8=False, f9=True, f10=False, f11=True, f12=True)",0.9560467326267378
65.61,"FeatureMask(f0=True, f1=True, f2=True, f3=True, f4=False, f5=True, f6=True, f7=False, f8=False, f9=True, f10=False, f11=True, f12=True)",0.9560467326267378
65.61,"FeatureMask(f0=True, f1=True, f2=True, f3=True, f4=False, f5=True, f6=True, f7=False, f8=False, f9=True, f10=False, f11=True, f12=True)",0.9560467326267378
65.61,"FeatureMask(f0=True, f1=True, f2=True, f3=True, f4=False, f5=True, f6=True, f7=False, f8=False, f9=True, f10=False, f11=True, f12=True)",0.9560467326267378
65.61,"FeatureMask(f0=True, f1=True, f2=True, f3=True, f4=False, f5=True, f6=True, f7=False, f8=False, f9=True, f10=False, f11=True, f12=True)",0.9560467326267378
65.61,"FeatureMask(f0=True, f1=True, f2=True, f3=True, f4=False, f5=True, f6=True, f7=False, f8=False, f9=True, f10=False, f11=True, f12=True)",0.9560467326267378
65.61,"FeatureMask(f0=True, f1=True, f2=True, f3=True, f4=False, f5=True, f6=True, f7=False, f8=False, f9=True, f10=False, f11=True, f12=True)",0.9560467326267378
65.61,"FeatureMask(f0=True, f1=True, f2=True, f3=True, f4=False, f5=True, f6=True, f7=False, f8=False, f9=True, f10=False, f11=True, f12=True)",0.9560467326267378
65.61,"FeatureMask(f0=True, f1=True, f2=True, f3=True, f4=False, f5=True, f6=True, f7=False, f8=False, f9=True, f10=False, f11=True, f12=True)",0.9560467326267378
65.61,"FeatureMask(f0=True, f1=True, f2=True, f3=True, f4=False, f5=True, f6=True, f7=False, f8=False, f9=True, f10=False, f11=True, f12=True)",0.9560467326267378
65.625,"FeatureMask(f0=True, f1=True, f2=True, f3=True, f4=False, f5=True, f6=True, f7=False, f8=False, f9=True, f10=False, f11=True, f12=True)",0.9560467326267378
65.625,"FeatureMask(f0=True, f1=True, f2=True, f3=True, f4=False, f5=True, f6=True, f7=False, f8=False, f9=True, f10=False, f11=True, f12=True)",0.9560467326267378
65.625,"FeatureMask(f0=True, f1=True, f2=True, f3=True, f4=False, f5=True, f6=True, f7=False, f8=False, f9=True, f10=False, f11=True, f12=True)",0.9560467326267378
65.625,"FeatureMask(f0=True, f1=True, f2=True, f3=True, f4=False, f5=True, f6=True, f7=False, f8=False, f9=True, f10=False, f11=True, f12=True)",0.9560467326267378
65.641,"FeatureMask(f0=True, f1=True, f2=True, f3=True, f4=False, f5=True, f6=True, f7=False, f8=False, f9=True, f10=False, f11=True, f12=True)",0.9560467326267378
65.65700000000001,"FeatureMask(f0=True, f1=True, f2=True, f3=True, f4=False, f5=True, f6=True, f7=False, f8=False, f9=True, f10=False, f11=True, f12=True)",0.9560467326267378
65.65700000000001,"FeatureMask(f0=True, f1=True, f2=True, f3=True, f4=False, f5=True, f6=True, f7=False, f8=False, f9=True, f10=False, f11=True, f12=True)",0.9560467326267378
65.672,"FeatureMask(f0=True, f1=True, f2=True, f3=True, f4=False, f5=True, f6=True, f7=False, f8=False, f9=True, f10=False, f11=True, f12=True)",0.9560467326267378
65.672,"FeatureMask(f0=True, f1=True, f2=True, f3=True, f4=False, f5=True, f6=True, f7=False, f8=False, f9=True, f10=False, f11=True, f12=True)",0.9560467326267378
65.688,"FeatureMask(f0=True, f1=True, f2=True, f3=True, f4=False, f5=True, f6=True, f7=False, f8=False, f9=True, f10=False, f11=True, f12=True)",0.9560467326267378
65.688,"FeatureMask(f0=True, f1=True, f2=True, f3=True, f4=False, f5=True, f6=True, f7=False, f8=False, f9=True, f10=False, f11=True, f12=True)",0.9560467326267378
65.703,"FeatureMask(f0=True, f1=True, f2=True, f3=True, f4=False, f5=True, f6=True, f7=False, f8=False, f9=True, f10=False, f11=True, f12=True)",0.9560467326267378
65.71900000000001,"FeatureMask(f0=True, f1=True, f2=True, f3=True, f4=False, f5=True, f6=True, f7=False, f8=False, f9=True, f10=False, f11=True, f12=True)",0.9560467326267378
65.71900000000001,"FeatureMask(f0=True, f1=True, f2=True, f3=True, f4=False, f5=True, f6=True, f7=False, f8=False, f9=True, f10=False, f11=True, f12=True)",0.9560467326267378
65.71900000000001,"FeatureMask(f0=True, f1=True, f2=True, f3=True, f4=False, f5=True, f6=True, f7=False, f8=False, f9=True, f10=False, f11=True, f12=True)",0.9560467326267378
65.71900000000001,"FeatureMask(f0=True, f1=True, f2=True, f3=True, f4=False, f5=True, f6=True, f7=False, f8=False, f9=True, f10=False, f11=True, f12=True)",0.9560467326267378
65.71900000000001,"FeatureMask(f0=True, f1=True, f2=True, f3=True, f4=False, f5=True, f6=True, f7=False, f8=False, f9=True, f10=False, f11=True, f12=True)",0.9560467326267378
65.71900000000001,"FeatureMask(f0=True, f1=True, f2=True, f3=True, f4=False, f5=True, f6=True, f7=False, f8=False, f9=True, f10=False, f11=True, f12=True)",0.9560467326267378
65.71900000000001,"FeatureMask(f0=True, f1=True, f2=True, f3=True, f4=False, f5=True, f6=True, f7=False, f8=False, f9=True, f10=False, f11=True, f12=True)",0.9560467326267378
65.71900000000001,"FeatureMask(f0=True, f1=True, f2=True, f3=True, f4=False, f5=True, f6=True, f7=False, f8=False, f9=True, f10=False, f11=True, f12=True)",0.9560467326267378
65.71900000000001,"FeatureMask(f0=True, f1=True, f2=True, f3=True, f4=False, f5=True, f6=True, f7=False, f8=False, f9=True, f10=False, f11=True, f12=True)",0.9560467326267378
65.71900000000001,"FeatureMask(f0=True, f1=True, f2=True, f3=True, f4=False, f5=True, f6=True, f7=False, f8=False, f9=True, f10=False, f11=True, f12=True)",0.9560467326267378
65.71900000000001,"FeatureMask(f0=True, f1=True, f2=True, f3=True, f4=False, f5=True, f6=True, f7=False, f8=False, f9=True, f10=False, f11=True, f12=True)",0.9560467326267378
65.71900000000001,"FeatureMask(f0=True, f1=True, f2=True, f3=True, f4=False, f5=True, f6=True, f7=False, f8=False, f9=True, f10=False, f11=True, f12=True)",0.9560467326267378
65.71900000000001,"FeatureMask(f0=True, f1=True, f2=True, f3=True, f4=False, f5=True, f6=True, f7=False, f8=False, f9=True, f10=False, f11=True, f12=True)",0.9560467326267378
65.813,"FeatureMask(f0=True, f1=True, f2=True, f3=True, f4=False, f5=True, f6=True, f7=False, f8=False, f9=True, f10=False, f11=True, f12=True)",0.9560467326267378
65.813,"FeatureMask(f0=True, f1=True, f2=True, f3=True, f4=False, f5=True, f6=True, f7=False, f8=False, f9=True, f10=False, f11=True, f12=True)",0.9560467326267378
65.813,"FeatureMask(f0=True, f1=True, f2=True, f3=True, f4=False, f5=True, f6=True, f7=False, f8=False, f9=True, f10=False, f11=True, f12=True)",0.9560467326267378
65.813,"FeatureMask(f0=True, f1=True, f2=True, f3=True, f4=False, f5=True, f6=True, f7=False, f8=False, f9=True, f10=False, f11=True, f12=True)",0.9560467326267378
65.813,"FeatureMask(f0=True, f1=True, f2=True, f3=True, f4=False, f5=True, f6=True, f7=False, f8=False, f9=True, f10=False, f11=True, f12=True)",0.9560467326267378
65.813,"FeatureMask(f0=True, f1=True, f2=True, f3=True, f4=False, f5=True, f6=True, f7=False, f8=False, f9=True, f10=False, f11=True, f12=True)",0.9560467326267378
65.813,"FeatureMask(f0=True, f1=True, f2=True, f3=True, f4=False, f5=True, f6=True, f7=False, f8=False, f9=True, f10=False, f11=True, f12=True)",0.9560467326267378
65.813,"FeatureMask(f0=True, f1=True, f2=True, f3=True, f4=False, f5=True, f6=True, f7=False, f8=False, f9=True, f10=False, f11=True, f12=True)",0.9560467326267378
65.828,"FeatureMask(f0=True, f1=True, f2=True, f3=True, f4=False, f5=True, f6=True, f7=False, f8=False, f9=True, f10=False, f11=True, f12=True)",0.9560467326267378
65.828,"FeatureMask(f0=True, f1=True, f2=True, f3=True, f4=False, f5=True, f6=True, f7=False, f8=False, f9=True, f10=False, f11=True, f12=True)",0.9560467326267378
65.828,"FeatureMask(f0=True, f1=True, f2=True, f3=True, f4=False, f5=True, f6=True, f7=False, f8=False, f9=True, f10=False, f11=True, f12=True)",0.9560467326267378
65.828,"FeatureMask(f0=True, f1=True, f2=True, f3=True, f4=False, f5=True, f6=True, f7=False, f8=False, f9=True, f10=False, f11=True, f12=True)",0.9560467326267378
65.828,"FeatureMask(f0=True, f1=True, f2=True, f3=True, f4=False, f5=True, f6=True, f7=False, f8=False, f9=True, f10=False, f11=True, f12=True)",0.9560467326267378
65.828,"FeatureMask(f0=True, f1=True, f2=True, f3=True, f4=False, f5=True, f6=True, f7=False, f8=False, f9=True, f10=False, f11=True, f12=True)",0.9560467326267378
65.828,"FeatureMask(f0=True, f1=True, f2=True, f3=True, f4=False, f5=True, f6=True, f7=False, f8=False, f9=True, f10=False, f11=True, f12=True)",0.9560467326267378
65.828,"FeatureMask(f0=True, f1=True, f2=True, f3=True, f4=False, f5=True, f6=True, f7=False, f8=False, f9=True, f10=False, f11=True, f12=True)",0.9560467326267378
65.84400000000001,"FeatureMask(f0=True, f1=True, f2=True, f3=True, f4=False, f5=True, f6=True, f7=False, f8=False, f9=True, f10=False, f11=True, f12=True)",0.9560467326267378
65.84400000000001,"FeatureMask(f0=True, f1=True, f2=True, f3=True, f4=False, f5=True, f6=True, f7=False, f8=False, f9=True, f10=False, f11=True, f12=True)",0.9560467326267378
65.86,"FeatureMask(f0=True, f1=True, f2=True, f3=True, f4=False, f5=True, f6=True, f7=False, f8=False, f9=True, f10=False, f11=True, f12=True)",0.9560467326267378
65.875,"FeatureMask(f0=True, f1=True, f2=True, f3=True, f4=False, f5=True, f6=True, f7=False, f8=False, f9=True, f10=False, f11=True, f12=True)",0.9560467326267378
65.875,"FeatureMask(f0=True, f1=True, f2=True, f3=True, f4=False, f5=True, f6=True, f7=False, f8=False, f9=True, f10=False, f11=True, f12=True)",0.9560467326267378
65.891,"FeatureMask(f0=True, f1=True, f2=True, f3=True, f4=False, f5=True, f6=True, f7=False, f8=False, f9=True, f10=False, f11=True, f12=True)",0.9560467326267378
65.891,"FeatureMask(f0=True, f1=True, f2=True, f3=True, f4=False, f5=True, f6=True, f7=False, f8=False, f9=True, f10=False, f11=True, f12=True)",0.9560467326267378
65.90700000000001,"FeatureMask(f0=True, f1=True, f2=True, f3=True, f4=False, f5=True, f6=True, f7=False, f8=False, f9=True, f10=False, f11=True, f12=True)",0.9560467326267378
65.922,"FeatureMask(f0=True, f1=True, f2=True, f3=True, f4=False, f5=True, f6=True, f7=False, f8=False, f9=True, f10=False, f11=True, f12=True)",0.9560467326267378
65.922,"FeatureMask(f0=True, f1=True, f2=True, f3=True, f4=False, f5=True, f6=True, f7=False, f8=False, f9=True, f10=False, f11=True, f12=True)",0.9560467326267378
65.938,"FeatureMask(f0=True, f1=True, f2=True, f3=True, f4=False, f5=True, f6=True, f7=False, f8=False, f9=True, f10=False, f11=True, f12=True)",0.9560467326267378
65.938,"FeatureMask(f0=True, f1=True, f2=True, f3=True, f4=False, f5=True, f6=True, f7=False, f8=False, f9=True, f10=False, f11=True, f12=True)",0.9560467326267378
65.938,"FeatureMask(f0=True, f1=True, f2=True, f3=True, f4=False, f5=True, f6=True, f7=False, f8=False, f9=True, f10=False, f11=True, f12=True)",0.9560467326267378
65.938,"FeatureMask(f0=True, f1=True, f2=True, f3=True, f4=False, f5=True, f6=True, f7=False, f8=False, f9=True, f10=False, f11=True, f12=True)",0.9560467326267378
65.938,"FeatureMask(f0=True, f1=True, f2=True, f3=True, f4=False, f5=True, f6=True, f7=False, f8=False, f9=True, f10=False, f11=True, f12=True)",0.9560467326267378
65.938,"FeatureMask(f0=True, f1=True, f2=True, f3=True, f4=False, f5=True, f6=True, f7=False, f8=False, f9=True, f10=False, f11=True, f12=True)",0.9560467326267378
65.938,"FeatureMask(f0=True, f1=True, f2=True, f3=True, f4=False, f5=True, f6=True, f7=False, f8=False, f9=True, f10=False, f11=True, f12=True)",0.9560467326267378
65.938,"FeatureMask(f0=True, f1=True, f2=True, f3=True, f4=False, f5=True, f6=True, f7=False, f8=False, f9=True, f10=False, f11=True, f12=True)",0.9560467326267378
65.938,"FeatureMask(f0=True, f1=True, f2=True, f3=True, f4=False, f5=True, f6=True, f7=False, f8=False, f9=True, f10=False, f11=True, f12=True)",0.9560467326267378
65.938,"FeatureMask(f0=True, f1=True, f2=True, f3=True, f4=False, f5=True, f6=True, f7=False, f8=False, f9=True, f10=False, f11=True, f12=True)",0.9560467326267378
65.938,"FeatureMask(f0=True, f1=True, f2=True, f3=True, f4=False, f5=True, f6=True, f7=False, f8=False, f9=True, f10=False, f11=True, f12=True)",0.9560467326267378
65.938,"FeatureMask(f0=True, f1=True, f2=True, f3=True, f4=False, f5=True, f6=True, f7=False, f8=False, f9=True, f10=False, f11=True, f12=True)",0.9560467326267378
65.938,"FeatureMask(f0=True, f1=True, f2=True, f3=True, f4=False, f5=True, f6=True, f7=False, f8=False, f9=True, f10=False, f11=True, f12=True)",0.9560467326267378
66.03200000000001,"FeatureMask(f0=True, f1=True, f2=True, f3=True, f4=False, f5=True, f6=True, f7=False, f8=False, f9=True, f10=False, f11=True, f12=True)",0.9560467326267378
66.03200000000001,"FeatureMask(f0=True, f1=True, f2=True, f3=True, f4=False, f5=True, f6=True, f7=False, f8=False, f9=True, f10=False, f11=True, f12=True)",0.9560467326267378
66.03200000000001,"FeatureMask(f0=True, f1=True, f2=True, f3=True, f4=False, f5=True, f6=True, f7=False, f8=False, f9=True, f10=False, f11=True, f12=True)",0.9560467326267378
66.03200000000001,"FeatureMask(f0=True, f1=True, f2=True, f3=True, f4=False, f5=True, f6=True, f7=False, f8=False, f9=True, f10=False, f11=True, f12=True)",0.9560467326267378
66.03200000000001,"FeatureMask(f0=True, f1=True, f2=True, f3=True, f4=False, f5=True, f6=True, f7=False, f8=False, f9=True, f10=False, f11=True, f12=True)",0.9560467326267378
66.03200000000001,"FeatureMask(f0=True, f1=True, f2=True, f3=True, f4=False, f5=True, f6=True, f7=False, f8=False, f9=True, f10=False, f11=True, f12=True)",0.9560467326267378
66.03200000000001,"FeatureMask(f0=True, f1=True, f2=True, f3=True, f4=False, f5=True, f6=True, f7=False, f8=False, f9=True, f10=False, f11=True, f12=True)",0.9560467326267378
66.03200000000001,"FeatureMask(f0=True, f1=True, f2=True, f3=True, f4=False, f5=True, f6=True, f7=False, f8=False, f9=True, f10=False, f11=True, f12=True)",0.9560467326267378
66.03200000000001,"FeatureMask(f0=True, f1=True, f2=True, f3=True, f4=False, f5=True, f6=True, f7=False, f8=False, f9=True, f10=False, f11=True, f12=True)",0.9560467326267378
66.03200000000001,"FeatureMask(f0=True, f1=True, f2=True, f3=True, f4=False, f5=True, f6=True, f7=False, f8=False, f9=True, f10=False, f11=True, f12=True)",0.9560467326267378
66.03200000000001,"FeatureMask(f0=True, f1=True, f2=True, f3=True, f4=False, f5=True, f6=True, f7=False, f8=False, f9=True, f10=False, f11=True, f12=True)",0.9560467326267378
66.03200000000001,"FeatureMask(f0=True, f1=True, f2=True, f3=True, f4=False, f5=True, f6=True, f7=False, f8=False, f9=True, f10=False, f11=True, f12=True)",0.9560467326267378
66.03200000000001,"FeatureMask(f0=True, f1=True, f2=True, f3=True, f4=False, f5=True, f6=True, f7=False, f8=False, f9=True, f10=False, f11=True, f12=True)",0.9560467326267378
66.03200000000001,"FeatureMask(f0=True, f1=True, f2=True, f3=True, f4=False, f5=True, f6=True, f7=False, f8=False, f9=True, f10=False, f11=True, f12=True)",0.9560467326267378
66.03200000000001,"FeatureMask(f0=True, f1=True, f2=True, f3=True, f4=False, f5=True, f6=True, f7=False, f8=False, f9=True, f10=False, f11=True, f12=True)",0.9560467326267378
66.047,"FeatureMask(f0=True, f1=True, f2=True, f3=True, f4=False, f5=True, f6=True, f7=False, f8=False, f9=True, f10=False, f11=True, f12=True)",0.9560467326267378
66.063,"FeatureMask(f0=True, f1=True, f2=True, f3=True, f4=False, f5=True, f6=True, f7=False, f8=False, f9=True, f10=False, f11=True, f12=True)",0.9560467326267378
66.063,"FeatureMask(f0=True, f1=True, f2=True, f3=True, f4=False, f5=True, f6=True, f7=False, f8=False, f9=True, f10=False, f11=True, f12=True)",0.9560467326267378
66.063,"FeatureMask(f0=True, f1=True, f2=True, f3=True, f4=False, f5=True, f6=True, f7=False, f8=False, f9=True, f10=False, f11=True, f12=True)",0.9560467326267378
66.063,"FeatureMask(f0=True, f1=True, f2=True, f3=True, f4=False, f5=True, f6=True, f7=False, f8=False, f9=True, f10=False, f11=True, f12=True)",0.9560467326267378
66.078,"FeatureMask(f0=True, f1=True, f2=True, f3=True, f4=False, f5=True, f6=True, f7=False, f8=False, f9=True, f10=False, f11=True, f12=True)",0.9560467326267378
66.078,"FeatureMask(f0=True, f1=True, f2=True, f3=True, f4=False, f5=True, f6=True, f7=False, f8=False, f9=True, f10=False, f11=True, f12=True)",0.9560467326267378
66.09400000000001,"FeatureMask(f0=True, f1=True, f2=True, f3=True, f4=False, f5=True, f6=True, f7=False, f8=False, f9=True, f10=False, f11=True, f12=True)",0.9560467326267378
66.09400000000001,"FeatureMask(f0=True, f1=True, f2=True, f3=True, f4=False, f5=True, f6=True, f7=False, f8=False, f9=True, f10=False, f11=True, f12=True)",0.9560467326267378
66.11,"FeatureMask(f0=True, f1=True, f2=True, f3=True, f4=False, f5=True, f6=True, f7=False, f8=False, f9=True, f10=False, f11=True, f12=True)",0.9560467326267378
66.11,"FeatureMask(f0=True, f1=True, f2=True, f3=True, f4=False, f5=True, f6=True, f7=False, f8=False, f9=True, f10=False, f11=True, f12=True)",0.9560467326267378
66.125,"FeatureMask(f0=True, f1=True, f2=True, f3=True, f4=False, f5=True, f6=True, f7=False, f8=False, f9=True, f10=False, f11=True, f12=True)",0.9560467326267378
66.141,"FeatureMask(f0=True, f1=True, f2=True, f3=True, f4=False, f5=True, f6=True, f7=False, f8=False, f9=True, f10=False, f11=True, f12=True)",0.9560467326267378
66.141,"FeatureMask(f0=True, f1=True, f2=True, f3=True, f4=False, f5=True, f6=True, f7=False, f8=False, f9=True, f10=False, f11=True, f12=True)",0.9560467326267378
66.141,"FeatureMask(f0=True, f1=True, f2=True, f3=True, f4=False, f5=True, f6=True, f7=False, f8=False, f9=True, f10=False, f11=True, f12=True)",0.9560467326267378
66.141,"FeatureMask(f0=True, f1=True, f2=True, f3=True, f4=False, f5=True, f6=True, f7=False, f8=False, f9=True, f10=False, f11=True, f12=True)",0.9560467326267378
66.141,"FeatureMask(f0=True, f1=True, f2=True, f3=True, f4=False, f5=True, f6=True, f7=False, f8=False, f9=True, f10=False, f11=True, f12=True)",0.9560467326267378
66.141,"FeatureMask(f0=True, f1=True, f2=True, f3=True, f4=False, f5=True, f6=True, f7=False, f8=False, f9=True, f10=False, f11=True, f12=True)",0.9560467326267378
66.141,"FeatureMask(f0=True, f1=True, f2=True, f3=True, f4=False, f5=True, f6=True, f7=False, f8=False, f9=True, f10=False, f11=True, f12=True)",0.9560467326267378
66.141,"FeatureMask(f0=True, f1=True, f2=True, f3=True, f4=False, f5=True, f6=True, f7=False, f8=False, f9=True, f10=False, f11=True, f12=True)",0.9560467326267378
66.141,"FeatureMask(f0=True, f1=True, f2=True, f3=True, f4=False, f5=True, f6=True, f7=False, f8=False, f9=True, f10=False, f11=True, f12=True)",0.9560467326267378
66.141,"FeatureMask(f0=True, f1=True, f2=True, f3=True, f4=False, f5=True, f6=True, f7=False, f8=False, f9=True, f10=False, f11=True, f12=True)",0.9560467326267378
66.141,"FeatureMask(f0=True, f1=True, f2=True, f3=True, f4=False, f5=True, f6=True, f7=False, f8=False, f9=True, f10=False, f11=True, f12=True)",0.9560467326267378
66.141,"FeatureMask(f0=True, f1=True, f2=True, f3=True, f4=False, f5=True, f6=True, f7=False, f8=False, f9=True, f10=False, f11=True, f12=True)",0.9560467326267378
66.141,"FeatureMask(f0=True, f1=True, f2=True, f3=True, f4=False, f5=True, f6=True, f7=False, f8=False, f9=True, f10=False, f11=True, f12=True)",0.9560467326267378
66.235,"FeatureMask(f0=True, f1=True, f2=True, f3=True, f4=False, f5=True, f6=True, f7=False, f8=False, f9=True, f10=False, f11=True, f12=True)",0.9560467326267378
66.235,"FeatureMask(f0=True, f1=True, f2=True, f3=True, f4=False, f5=True, f6=True, f7=False, f8=False, f9=True, f10=False, f11=True, f12=True)",0.9560467326267378
66.235,"FeatureMask(f0=True, f1=True, f2=True, f3=True, f4=False, f5=True, f6=True, f7=False, f8=False, f9=True, f10=False, f11=True, f12=True)",0.9560467326267378
66.235,"FeatureMask(f0=True, f1=True, f2=True, f3=True, f4=False, f5=True, f6=True, f7=False, f8=False, f9=True, f10=False, f11=True, f12=True)",0.9560467326267378
66.235,"FeatureMask(f0=True, f1=True, f2=True, f3=True, f4=False, f5=True, f6=True, f7=False, f8=False, f9=True, f10=False, f11=True, f12=True)",0.9560467326267378
66.235,"FeatureMask(f0=True, f1=True, f2=True, f3=True, f4=False, f5=True, f6=True, f7=False, f8=False, f9=True, f10=False, f11=True, f12=True)",0.9560467326267378
66.235,"FeatureMask(f0=True, f1=True, f2=True, f3=True, f4=False, f5=True, f6=True, f7=False, f8=False, f9=True, f10=False, f11=True, f12=True)",0.9560467326267378
66.235,"FeatureMask(f0=True, f1=True, f2=True, f3=True, f4=False, f5=True, f6=True, f7=False, f8=False, f9=True, f10=False, f11=True, f12=True)",0.9560467326267378
66.235,"FeatureMask(f0=True, f1=True, f2=True, f3=True, f4=False, f5=True, f6=True, f7=False, f8=False, f9=True, f10=False, f11=True, f12=True)",0.9560467326267378
66.235,"FeatureMask(f0=True, f1=True, f2=True, f3=True, f4=False, f5=True, f6=True, f7=False, f8=False, f9=True, f10=False, f11=True, f12=True)",0.9560467326267378
66.235,"FeatureMask(f0=True, f1=True, f2=True, f3=True, f4=False, f5=True, f6=True, f7=False, f8=False, f9=True, f10=False, f11=True, f12=True)",0.9560467326267378
66.235,"FeatureMask(f0=True, f1=True, f2=True, f3=True, f4=False, f5=True, f6=True, f7=False, f8=False, f9=True, f10=False, f11=True, f12=True)",0.9560467326267378
66.235,"FeatureMask(f0=True, f1=True, f2=True, f3=True, f4=False, f5=True, f6=True, f7=False, f8=False, f9=True, f10=False, f11=True, f12=True)",0.9560467326267378
66.235,"FeatureMask(f0=True, f1=True, f2=True, f3=True, f4=False, f5=True, f6=True, f7=False, f8=False, f9=True, f10=False, f11=True, f12=True)",0.9560467326267378
66.235,"FeatureMask(f0=True, f1=True, f2=True, f3=True, f4=False, f5=True, f6=True, f7=False, f8=False, f9=True, f10=False, f11=True, f12=True)",0.9560467326267378
66.235,"FeatureMask(f0=True, f1=True, f2=True, f3=True, f4=False, f5=True, f6=True, f7=False, f8=False, f9=True, f10=False, f11=True, f12=True)",0.9560467326267378
66.25,"FeatureMask(f0=True, f1=True, f2=True, f3=True, f4=False, f5=True, f6=True, f7=False, f8=False, f9=True, f10=False, f11=True, f12=True)",0.9560467326267378
66.266,"FeatureMask(f0=True, f1=True, f2=True, f3=True, f4=False, f5=True, f6=True, f7=False, f8=False, f9=True, f10=False, f11=True, f12=True)",0.9560467326267378
66.266,"FeatureMask(f0=True, f1=True, f2=True, f3=True, f4=False, f5=True, f6=True, f7=False, f8=False, f9=True, f10=False, f11=True, f12=True)",0.9560467326267378
66.28200000000001,"FeatureMask(f0=True, f1=True, f2=True, f3=True, f4=False, f5=True, f6=True, f7=False, f8=False, f9=True, f10=False, f11=True, f12=True)",0.9560467326267378
66.28200000000001,"FeatureMask(f0=True, f1=True, f2=True, f3=True, f4=False, f5=True, f6=True, f7=False, f8=False, f9=True, f10=False, f11=True, f12=True)",0.9560467326267378
66.297,"FeatureMask(f0=True, f1=True, f2=True, f3=True, f4=False, f5=True, f6=True, f7=False, f8=False, f9=True, f10=False, f11=True, f12=True)",0.9560467326267378
66.297,"FeatureMask(f0=True, f1=True, f2=True, f3=True, f4=False, f5=True, f6=True, f7=False, f8=False, f9=True, f10=False, f11=True, f12=True)",0.9560467326267378
66.313,"FeatureMask(f0=True, f1=True, f2=True, f3=True, f4=False, f5=True, f6=True, f7=False, f8=False, f9=True, f10=False, f11=True, f12=True)",0.9560467326267378
66.328,"FeatureMask(f0=True, f1=True, f2=True, f3=True, f4=False, f5=True, f6=True, f7=False, f8=False, f9=True, f10=False, f11=True, f12=True)",0.9560467326267378
66.328,"FeatureMask(f0=True, f1=True, f2=True, f3=True, f4=False, f5=True, f6=True, f7=False, f8=False, f9=True, f10=False, f11=True, f12=True)",0.9560467326267378
66.34400000000001,"FeatureMask(f0=True, f1=True, f2=True, f3=True, f4=False, f5=True, f6=True, f7=False, f8=False, f9=True, f10=False, f11=True, f12=True)",0.9560467326267378
66.34400000000001,"FeatureMask(f0=True, f1=True, f2=True, f3=True, f4=False, f5=True, f6=True, f7=False, f8=False, f9=True, f10=False, f11=True, f12=True)",0.9560467326267378
66.36,"FeatureMask(f0=True, f1=True, f2=True, f3=True, f4=False, f5=True, f6=True, f7=False, f8=False, f9=True, f10=False, f11=True, f12=True)",0.9560467326267378
66.36,"FeatureMask(f0=True, f1=True, f2=True, f3=True, f4=False, f5=True, f6=True, f7=False, f8=False, f9=True, f10=False, f11=True, f12=True)",0.9560467326267378
66.36,"FeatureMask(f0=True, f1=True, f2=True, f3=True, f4=False, f5=True, f6=True, f7=False, f8=False, f9=True, f10=False, f11=True, f12=True)",0.9560467326267378
66.36,"FeatureMask(f0=True, f1=True, f2=True, f3=True, f4=False, f5=True, f6=True, f7=False, f8=False, f9=True, f10=False, f11=True, f12=True)",0.9560467326267378
66.36,"FeatureMask(f0=True, f1=True, f2=True, f3=True, f4=False, f5=True, f6=True, f7=False, f8=False, f9=True, f10=False, f11=True, f12=True)",0.9560467326267378
66.36,"FeatureMask(f0=True, f1=True, f2=True, f3=True, f4=False, f5=True, f6=True, f7=False, f8=False, f9=True, f10=False, f11=True, f12=True)",0.9560467326267378
66.36,"FeatureMask(f0=True, f1=True, f2=True, f3=True, f4=False, f5=True, f6=True, f7=False, f8=False, f9=True, f10=False, f11=True, f12=True)",0.9560467326267378
66.36,"FeatureMask(f0=True, f1=True, f2=True, f3=True, f4=False, f5=True, f6=True, f7=False, f8=False, f9=True, f10=False, f11=True, f12=True)",0.9560467326267378
66.36,"FeatureMask(f0=True, f1=True, f2=True, f3=True, f4=False, f5=True, f6=True, f7=False, f8=False, f9=True, f10=False, f11=True, f12=True)",0.9560467326267378
66.36,"FeatureMask(f0=True, f1=True, f2=True, f3=True, f4=False, f5=True, f6=True, f7=False, f8=False, f9=True, f10=False, f11=True, f12=True)",0.9560467326267378
66.36,"FeatureMask(f0=True, f1=True, f2=True, f3=True, f4=False, f5=True, f6=True, f7=False, f8=False, f9=True, f10=False, f11=True, f12=True)",0.9560467326267378
66.36,"FeatureMask(f0=True, f1=True, f2=True, f3=True, f4=False, f5=True, f6=True, f7=False, f8=False, f9=True, f10=False, f11=True, f12=True)",0.9560467326267378
66.46900000000001,"FeatureMask(f0=True, f1=True, f2=True, f3=True, f4=False, f5=True, f6=True, f7=False, f8=False, f9=True, f10=False, f11=True, f12=True)",0.9560467326267378
66.46900000000001,"FeatureMask(f0=True, f1=True, f2=True, f3=True, f4=False, f5=True, f6=True, f7=False, f8=False, f9=True, f10=False, f11=True, f12=True)",0.9560467326267378
66.46900000000001,"FeatureMask(f0=True, f1=True, f2=True, f3=True, f4=False, f5=True, f6=True, f7=False, f8=False, f9=True, f10=False, f11=True, f12=True)",0.9560467326267378
66.46900000000001,"FeatureMask(f0=True, f1=True, f2=True, f3=True, f4=False, f5=True, f6=True, f7=False, f8=False, f9=True, f10=False, f11=True, f12=True)",0.9560467326267378
66.46900000000001,"FeatureMask(f0=True, f1=True, f2=True, f3=True, f4=False, f5=True, f6=True, f7=False, f8=False, f9=True, f10=False, f11=True, f12=True)",0.9560467326267378
66.46900000000001,"FeatureMask(f0=True, f1=True, f2=True, f3=True, f4=False, f5=True, f6=True, f7=False, f8=False, f9=True, f10=False, f11=True, f12=True)",0.9560467326267378
66.46900000000001,"FeatureMask(f0=True, f1=True, f2=True, f3=True, f4=False, f5=True, f6=True, f7=False, f8=False, f9=True, f10=False, f11=True, f12=True)",0.9560467326267378
66.46900000000001,"FeatureMask(f0=True, f1=True, f2=True, f3=True, f4=False, f5=True, f6=True, f7=False, f8=False, f9=True, f10=False, f11=True, f12=True)",0.9560467326267378
66.46900000000001,"FeatureMask(f0=True, f1=True, f2=True, f3=True, f4=False, f5=True, f6=True, f7=False, f8=False, f9=True, f10=False, f11=True, f12=True)",0.9560467326267378
66.46900000000001,"FeatureMask(f0=True, f1=True, f2=True, f3=True, f4=False, f5=True, f6=True, f7=False, f8=False, f9=True, f10=False, f11=True, f12=True)",0.9560467326267378
66.46900000000001,"FeatureMask(f0=True, f1=True, f2=True, f3=True, f4=False, f5=True, f6=True, f7=False, f8=False, f9=True, f10=False, f11=True, f12=True)",0.9560467326267378
66.46900000000001,"FeatureMask(f0=True, f1=True, f2=True, f3=True, f4=False, f5=True, f6=True, f7=False, f8=False, f9=True, f10=False, f11=True, f12=True)",0.9560467326267378
66.46900000000001,"FeatureMask(f0=True, f1=True, f2=True, f3=True, f4=False, f5=True, f6=True, f7=False, f8=False, f9=True, f10=False, f11=True, f12=True)",0.9560467326267378
66.46900000000001,"FeatureMask(f0=True, f1=True, f2=True, f3=True, f4=False, f5=True, f6=True, f7=False, f8=False, f9=True, f10=False, f11=True, f12=True)",0.9560467326267378
66.46900000000001,"FeatureMask(f0=True, f1=True, f2=True, f3=True, f4=False, f5=True, f6=True, f7=False, f8=False, f9=True, f10=False, f11=True, f12=True)",0.9560467326267378
66.485,"FeatureMask(f0=True, f1=True, f2=True, f3=True, f4=False, f5=True, f6=True, f7=False, f8=False, f9=True, f10=False, f11=True, f12=True)",0.9560467326267378
66.485,"FeatureMask(f0=True, f1=True, f2=True, f3=True, f4=False, f5=True, f6=True, f7=False, f8=False, f9=True, f10=False, f11=True, f12=True)",0.9560467326267378
66.5,"FeatureMask(f0=True, f1=True, f2=True, f3=True, f4=False, f5=True, f6=True, f7=False, f8=False, f9=True, f10=False, f11=True, f12=True)",0.9560467326267378
66.516,"FeatureMask(f0=True, f1=True, f2=True, f3=True, f4=False, f5=True, f6=True, f7=False, f8=False, f9=True, f10=False, f11=True, f12=True)",0.9560467326267378
66.516,"FeatureMask(f0=True, f1=True, f2=True, f3=True, f4=False, f5=True, f6=True, f7=False, f8=False, f9=True, f10=False, f11=True, f12=True)",0.9560467326267378
66.53200000000001,"FeatureMask(f0=True, f1=True, f2=True, f3=True, f4=False, f5=True, f6=True, f7=False, f8=False, f9=True, f10=False, f11=True, f12=True)",0.9560467326267378
66.53200000000001,"FeatureMask(f0=True, f1=True, f2=True, f3=True, f4=False, f5=True, f6=True, f7=False, f8=False, f9=True, f10=False, f11=True, f12=True)",0.9560467326267378
66.53200000000001,"FeatureMask(f0=True, f1=True, f2=True, f3=True, f4=False, f5=True, f6=True, f7=False, f8=False, f9=True, f10=False, f11=True, f12=True)",0.9560467326267378
66.53200000000001,"FeatureMask(f0=True, f1=True, f2=True, f3=True, f4=False, f5=True, f6=True, f7=False, f8=False, f9=True, f10=False, f11=True, f12=True)",0.9560467326267378
66.547,"FeatureMask(f0=True, f1=True, f2=True, f3=True, f4=False, f5=True, f6=True, f7=False, f8=False, f9=True, f10=False, f11=True, f12=True)",0.9560467326267378
66.563,"FeatureMask(f0=True, f1=True, f2=True, f3=True, f4=False, f5=True, f6=True, f7=False, f8=False, f9=True, f10=False, f11=True, f12=True)",0.9560467326267378
66.563,"FeatureMask(f0=True, f1=True, f2=True, f3=True, f4=False, f5=True, f6=True, f7=False, f8=False, f9=True, f10=False, f11=True, f12=True)",0.9560467326267378
66.578,"FeatureMask(f0=True, f1=True, f2=True, f3=True, f4=False, f5=True, f6=True, f7=False, f8=False, f9=True, f10=False, f11=True, f12=True)",0.9560467326267378
66.59400000000001,"FeatureMask(f0=True, f1=True, f2=True, f3=True, f4=False, f5=True, f6=True, f7=False, f8=False, f9=True, f10=False, f11=True, f12=True)",0.9560467326267378
66.59400000000001,"FeatureMask(f0=True, f1=True, f2=True, f3=True, f4=False, f5=True, f6=True, f7=False, f8=False, f9=True, f10=False, f11=True, f12=True)",0.9560467326267378
66.59400000000001,"FeatureMask(f0=True, f1=True, f2=True, f3=True, f4=False, f5=True, f6=True, f7=False, f8=False, f9=True, f10=False, f11=True, f12=True)",0.9560467326267378
66.59400000000001,"FeatureMask(f0=True, f1=True, f2=True, f3=True, f4=False, f5=True, f6=True, f7=False, f8=False, f9=True, f10=False, f11=True, f12=True)",0.9560467326267378
66.59400000000001,"FeatureMask(f0=True, f1=True, f2=True, f3=True, f4=False, f5=True, f6=True, f7=False, f8=False, f9=True, f10=False, f11=True, f12=True)",0.9560467326267378
66.59400000000001,"FeatureMask(f0=True, f1=True, f2=True, f3=True, f4=False, f5=True, f6=True, f7=False, f8=False, f9=True, f10=False, f11=True, f12=True)",0.9560467326267378
66.59400000000001,"FeatureMask(f0=True, f1=True, f2=True, f3=True, f4=False, f5=True, f6=True, f7=False, f8=False, f9=True, f10=False, f11=True, f12=True)",0.9560467326267378
66.59400000000001,"FeatureMask(f0=True, f1=True, f2=True, f3=True, f4=False, f5=True, f6=True, f7=False, f8=False, f9=True, f10=False, f11=True, f12=True)",0.9560467326267378
66.59400000000001,"FeatureMask(f0=True, f1=True, f2=True, f3=True, f4=False, f5=True, f6=True, f7=False, f8=False, f9=True, f10=False, f11=True, f12=True)",0.9560467326267378
66.59400000000001,"FeatureMask(f0=True, f1=True, f2=True, f3=True, f4=False, f5=True, f6=True, f7=False, f8=False, f9=True, f10=False, f11=True, f12=True)",0.9560467326267378
66.59400000000001,"FeatureMask(f0=True, f1=True, f2=True, f3=True, f4=False, f5=True, f6=True, f7=False, f8=False, f9=True, f10=False, f11=True, f12=True)",0.9560467326267378
66.59400000000001,"FeatureMask(f0=True, f1=True, f2=True, f3=True, f4=False, f5=True, f6=True, f7=False, f8=False, f9=True, f10=False, f11=True, f12=True)",0.9560467326267378
66.688,"FeatureMask(f0=True, f1=True, f2=True, f3=True, f4=False, f5=True, f6=True, f7=False, f8=False, f9=True, f10=False, f11=True, f12=True)",0.9560467326267378
66.688,"FeatureMask(f0=True, f1=True, f2=True, f3=True, f4=False, f5=True, f6=True, f7=False, f8=False, f9=True, f10=False, f11=True, f12=True)",0.9560467326267378
66.688,"FeatureMask(f0=True, f1=True, f2=True, f3=True, f4=False, f5=True, f6=True, f7=False, f8=False, f9=True, f10=False, f11=True, f12=True)",0.9560467326267378
66.688,"FeatureMask(f0=True, f1=True, f2=True, f3=True, f4=False, f5=True, f6=True, f7=False, f8=False, f9=True, f10=False, f11=True, f12=True)",0.9560467326267378
66.813,"FeatureMask(f0=True, f1=True, f2=True, f3=True, f4=False, f5=True, f6=True, f7=False, f8=False, f9=True, f10=False, f11=True, f12=True)",0.9560467326267378
66.813,"FeatureMask(f0=True, f1=True, f2=True, f3=True, f4=False, f5=True, f6=True, f7=False, f8=False, f9=True, f10=False, f11=True, f12=True)",0.9560467326267378
66.813,"FeatureMask(f0=True, f1=True, f2=True, f3=True, f4=False, f5=True, f6=True, f7=False, f8=False, f9=True, f10=False, f11=True, f12=True)",0.9560467326267378
66.813,"FeatureMask(f0=True, f1=True, f2=True, f3=True, f4=False, f5=True, f6=True, f7=False, f8=False, f9=True, f10=False, f11=True, f12=True)",0.9560467326267378
66.813,"FeatureMask(f0=True, f1=True, f2=True, f3=True, f4=False, f5=True, f6=True, f7=False, f8=False, f9=True, f10=False, f11=True, f12=True)",0.9560467326267378
66.813,"FeatureMask(f0=True, f1=True, f2=True, f3=True, f4=False, f5=True, f6=True, f7=False, f8=False, f9=True, f10=False, f11=True, f12=True)",0.9560467326267378
66.813,"FeatureMask(f0=True, f1=True, f2=True, f3=True, f4=False, f5=True, f6=True, f7=False, f8=False, f9=True, f10=False, f11=True, f12=True)",0.9560467326267378
66.813,"FeatureMask(f0=True, f1=True, f2=True, f3=True, f4=False, f5=True, f6=True, f7=False, f8=False, f9=True, f10=False, f11=True, f12=True)",0.9560467326267378
66.813,"FeatureMask(f0=True, f1=True, f2=True, f3=True, f4=False, f5=True, f6=True, f7=False, f8=False, f9=True, f10=False, f11=True, f12=True)",0.9560467326267378
66.813,"FeatureMask(f0=True, f1=True, f2=True, f3=True, f4=False, f5=True, f6=True, f7=False, f8=False, f9=True, f10=False, f11=True, f12=True)",0.9560467326267378
67.03200000000001,"FeatureMask(f0=True, f1=True, f2=True, f3=True, f4=False, f5=True, f6=True, f7=False, f8=False, f9=True, f10=False, f11=True, f12=True)",0.9560467326267378
67.03200000000001,"FeatureMask(f0=True, f1=True, f2=True, f3=True, f4=False, f5=True, f6=True, f7=False, f8=False, f9=True, f10=False, f11=True, f12=True)",0.9560467326267378
67.03200000000001,"FeatureMask(f0=True, f1=True, f2=True, f3=True, f4=False, f5=True, f6=True, f7=False, f8=False, f9=True, f10=False, f11=True, f12=True)",0.9560467326267378
67.03200000000001,"FeatureMask(f0=True, f1=True, f2=True, f3=True, f4=False, f5=True, f6=True, f7=False, f8=False, f9=True, f10=False, f11=True, f12=True)",0.9560467326267378
67.03200000000001,"FeatureMask(f0=True, f1=True, f2=True, f3=True, f4=False, f5=True, f6=True, f7=False, f8=False, f9=True, f10=False, f11=True, f12=True)",0.9560467326267378
67.03200000000001,"FeatureMask(f0=True, f1=True, f2=True, f3=True, f4=False, f5=True, f6=True, f7=False, f8=False, f9=True, f10=False, f11=True, f12=True)",0.9560467326267378
67.03200000000001,"FeatureMask(f0=True, f1=True, f2=True, f3=True, f4=False, f5=True, f6=True, f7=False, f8=False, f9=True, f10=False, f11=True, f12=True)",0.9560467326267378
67.03200000000001,"FeatureMask(f0=True, f1=True, f2=True, f3=True, f4=False, f5=True, f6=True, f7=False, f8=False, f9=True, f10=False, f11=True, f12=True)",0.9560467326267378
67.03200000000001,"FeatureMask(f0=True, f1=True, f2=True, f3=True, f4=False, f5=True, f6=True, f7=False, f8=False, f9=True, f10=False, f11=True, f12=True)",0.9560467326267378
67.03200000000001,"FeatureMask(f0=True, f1=True, f2=True, f3=True, f4=False, f5=True, f6=True, f7=False, f8=False, f9=True, f10=False, f11=True, f12=True)",0.9560467326267378
67.141,"FeatureMask(f0=True, f1=True, f2=True, f3=True, f4=False, f5=True, f6=True, f7=False, f8=False, f9=True, f10=False, f11=True, f12=True)",0.9560467326267378
67.266,"FeatureMask(f0=True, f1=True, f2=True, f3=True, f4=False, f5=True, f6=True, f7=False, f8=False, f9=True, f10=False, f11=True, f12=True)",0.9560467326267378
67.266,"FeatureMask(f0=True, f1=True, f2=True, f3=True, f4=False, f5=True, f6=True, f7=False, f8=False, f9=True, f10=False, f11=True, f12=True)",0.9560467326267378
67.266,"FeatureMask(f0=True, f1=True, f2=True, f3=True, f4=False, f5=True, f6=True, f7=False, f8=False, f9=True, f10=False, f11=True, f12=True)",0.9560467326267378
67.266,"FeatureMask(f0=True, f1=True, f2=True, f3=True, f4=False, f5=True, f6=True, f7=False, f8=False, f9=True, f10=False, f11=True, f12=True)",0.9560467326267378
67.266,"FeatureMask(f0=True, f1=True, f2=True, f3=True, f4=False, f5=True, f6=True, f7=False, f8=False, f9=True, f10=False, f11=True, f12=True)",0.9560467326267378
67.266,"FeatureMask(f0=True, f1=True, f2=True, f3=True, f4=False, f5=True, f6=True, f7=False, f8=False, f9=True, f10=False, f11=True, f12=True)",0.9560467326267378
67.266,"FeatureMask(f0=True, f1=True, f2=True, f3=True, f4=False, f5=True, f6=True, f7=False, f8=False, f9=True, f10=False, f11=True, f12=True)",0.9560467326267378
67.266,"FeatureMask(f0=True, f1=True, f2=True, f3=True, f4=False, f5=True, f6=True, f7=False, f8=False, f9=True, f10=False, f11=True, f12=True)",0.9560467326267378
67.266,"FeatureMask(f0=True, f1=True, f2=True, f3=True, f4=False, f5=True, f6=True, f7=False, f8=False, f9=True, f10=False, f11=True, f12=True)",0.9560467326267378
67.266,"FeatureMask(f0=True, f1=True, f2=True, f3=True, f4=False, f5=True, f6=True, f7=False, f8=False, f9=True, f10=False, f11=True, f12=True)",0.9560467326267378
67.36,"FeatureMask(f0=True, f1=True, f2=True, f3=True, f4=False, f5=True, f6=True, f7=False, f8=False, f9=True, f10=False, f11=True, f12=True)",0.9560467326267378
67.453,"FeatureMask(f0=True, f1=True, f2=True, f3=True, f4=False, f5=True, f6=True, f7=False, f8=False, f9=True, f10=False, f11=True, f12=True)",0.9560467326267378
67.453,"FeatureMask(f0=True, f1=True, f2=True, f3=True, f4=False, f5=True, f6=True, f7=False, f8=False, f9=True, f10=False, f11=True, f12=True)",0.9560467326267378
67.453,"FeatureMask(f0=True, f1=True, f2=True, f3=True, f4=False, f5=True, f6=True, f7=False, f8=False, f9=True, f10=False, f11=True, f12=True)",0.9560467326267378
67.453,"FeatureMask(f0=True, f1=True, f2=True, f3=True, f4=False, f5=True, f6=True, f7=False, f8=False, f9=True, f10=False, f11=True, f12=True)",0.9560467326267378
67.453,"FeatureMask(f0=True, f1=True, f2=True, f3=True, f4=False, f5=True, f6=True, f7=False, f8=False, f9=True, f10=False, f11=True, f12=True)",0.9560467326267378
67.453,"FeatureMask(f0=True, f1=True, f2=True, f3=True, f4=False, f5=True, f6=True, f7=False, f8=False, f9=True, f10=False, f11=True, f12=True)",0.9560467326267378
67.453,"FeatureMask(f0=True, f1=True, f2=True, f3=True, f4=False, f5=True, f6=True, f7=False, f8=False, f9=True, f10=False, f11=True, f12=True)",0.9560467326267378
67.453,"FeatureMask(f0=True, f1=True, f2=True, f3=True, f4=False, f5=True, f6=True, f7=False, f8=False, f9=True, f10=False, f11=True, f12=True)",0.9560467326267378
67.453,"FeatureMask(f0=True, f1=True, f2=True, f3=True, f4=False, f5=True, f6=True, f7=False, f8=False, f9=True, f10=False, f11=True, f12=True)",0.9560467326267378
67.453,"FeatureMask(f0=True, f1=True, f2=True, f3=True, f4=False, f5=True, f6=True, f7=False, f8=False, f9=True, f10=False, f11=True, f12=True)",0.9560467326267378
67.54700000000001,"FeatureMask(f0=True, f1=True, f2=True, f3=True, f4=False, f5=True, f6=True, f7=False, f8=False, f9=True, f10=False, f11=True, f12=True)",0.9560467326267378
67.54700000000001,"FeatureMask(f0=True, f1=True, f2=True, f3=True, f4=False, f5=True, f6=True, f7=False, f8=False, f9=True, f10=False, f11=True, f12=True)",0.9560467326267378
67.61,"FeatureMask(f0=True, f1=True, f2=True, f3=True, f4=False, f5=True, f6=True, f7=False, f8=False, f9=True, f10=False, f11=True, f12=True)",0.9560467326267378
67.61,"FeatureMask(f0=True, f1=True, f2=True, f3=True, f4=False, f5=True, f6=True, f7=False, f8=False, f9=True, f10=False, f11=True, f12=True)",0.9560467326267378
67.61,"FeatureMask(f0=True, f1=True, f2=True, f3=True, f4=False, f5=True, f6=True, f7=False, f8=False, f9=True, f10=False, f11=True, f12=True)",0.9560467326267378
67.61,"FeatureMask(f0=True, f1=True, f2=True, f3=True, f4=False, f5=True, f6=True, f7=False, f8=False, f9=True, f10=False, f11=True, f12=True)",0.9560467326267378
67.61,"FeatureMask(f0=True, f1=True, f2=True, f3=True, f4=False, f5=True, f6=True, f7=False, f8=False, f9=True, f10=False, f11=True, f12=True)",0.9560467326267378
67.61,"FeatureMask(f0=True, f1=True, f2=True, f3=True, f4=False, f5=True, f6=True, f7=False, f8=False, f9=True, f10=False, f11=True, f12=True)",0.9560467326267378
67.61,"FeatureMask(f0=True, f1=True, f2=True, f3=True, f4=False, f5=True, f6=True, f7=False, f8=False, f9=True, f10=False, f11=True, f12=True)",0.9560467326267378
67.61,"FeatureMask(f0=True, f1=True, f2=True, f3=True, f4=False, f5=True, f6=True, f7=False, f8=False, f9=True, f10=False, f11=True, f12=True)",0.9560467326267378
67.61,"FeatureMask(f0=True, f1=True, f2=True, f3=True, f4=False, f5=True, f6=True, f7=False, f8=False, f9=True, f10=False, f11=True, f12=True)",0.9560467326267378
67.61,"FeatureMask(f0=True, f1=True, f2=True, f3=True, f4=False, f5=True, f6=True, f7=False, f8=False, f9=True, f10=False, f11=True, f12=True)",0.9560467326267378
67.703,"FeatureMask(f0=True, f1=True, f2=True, f3=True, f4=False, f5=True, f6=True, f7=False, f8=False, f9=True, f10=False, f11=True, f12=True)",0.9560467326267378
67.84400000000001,"FeatureMask(f0=True, f1=True, f2=True, f3=True, f4=False, f5=True, f6=True, f7=False, f8=False, f9=True, f10=False, f11=True, f12=True)",0.9560467326267378
67.84400000000001,"FeatureMask(f0=True, f1=True, f2=True, f3=True, f4=False, f5=True, f6=True, f7=False, f8=False, f9=True, f10=False, f11=True, f12=True)",0.9560467326267378
67.84400000000001,"FeatureMask(f0=True, f1=True, f2=True, f3=True, f4=False, f5=True, f6=True, f7=False, f8=False, f9=True, f10=False, f11=True, f12=True)",0.9560467326267378
67.84400000000001,"FeatureMask(f0=True, f1=True, f2=True, f3=True, f4=False, f5=True, f6=True, f7=False, f8=False, f9=True, f10=False, f11=True, f12=True)",0.9560467326267378
67.84400000000001,"FeatureMask(f0=True, f1=True, f2=True, f3=True, f4=False, f5=True, f6=True, f7=False, f8=False, f9=True, f10=False, f11=True, f12=True)",0.9560467326267378
67.84400000000001,"FeatureMask(f0=True, f1=True, f2=True, f3=True, f4=False, f5=True, f6=True, f7=False, f8=False, f9=True, f10=False, f11=True, f12=True)",0.9560467326267378
67.84400000000001,"FeatureMask(f0=True, f1=True, f2=True, f3=True, f4=False, f5=True, f6=True, f7=False, f8=False, f9=True, f10=False, f11=True, f12=True)",0.9560467326267378
67.84400000000001,"FeatureMask(f0=True, f1=True, f2=True, f3=True, f4=False, f5=True, f6=True, f7=False, f8=False, f9=True, f10=False, f11=True, f12=True)",0.9560467326267378
67.84400000000001,"FeatureMask(f0=True, f1=True, f2=True, f3=True, f4=False, f5=True, f6=True, f7=False, f8=False, f9=True, f10=False, f11=True, f12=True)",0.9560467326267378
67.84400000000001,"FeatureMask(f0=True, f1=True, f2=True, f3=True, f4=False, f5=True, f6=True, f7=False, f8=False, f9=True, f10=False, f11=True, f12=True)",0.9560467326267378
67.938,"FeatureMask(f0=True, f1=True, f2=True, f3=True, f4=False, f5=True, f6=True, f7=False, f8=False, f9=True, f10=False, f11=True, f12=True)",0.9560467326267378
68.04700000000001,"FeatureMask(f0=True, f1=True, f2=True, f3=True, f4=False, f5=True, f6=True, f7=False, f8=False, f9=True, f10=False, f11=True, f12=True)",0.9560467326267378
68.04700000000001,"FeatureMask(f0=True, f1=True, f2=True, f3=True, f4=False, f5=True, f6=True, f7=False, f8=False, f9=True, f10=False, f11=True, f12=True)",0.9560467326267378
68.04700000000001,"FeatureMask(f0=True, f1=True, f2=True, f3=True, f4=False, f5=True, f6=True, f7=False, f8=False, f9=True, f10=False, f11=True, f12=True)",0.9560467326267378
68.04700000000001,"FeatureMask(f0=True, f1=True, f2=True, f3=True, f4=False, f5=True, f6=True, f7=False, f8=False, f9=True, f10=False, f11=True, f12=True)",0.9560467326267378
68.04700000000001,"FeatureMask(f0=True, f1=True, f2=True, f3=True, f4=False, f5=True, f6=True, f7=False, f8=False, f9=True, f10=False, f11=True, f12=True)",0.9560467326267378
68.04700000000001,"FeatureMask(f0=True, f1=True, f2=True, f3=True, f4=False, f5=True, f6=True, f7=False, f8=False, f9=True, f10=False, f11=True, f12=True)",0.9560467326267378
68.04700000000001,"FeatureMask(f0=True, f1=True, f2=True, f3=True, f4=False, f5=True, f6=True, f7=False, f8=False, f9=True, f10=False, f11=True, f12=True)",0.9560467326267378
68.04700000000001,"FeatureMask(f0=True, f1=True, f2=True, f3=True, f4=False, f5=True, f6=True, f7=False, f8=False, f9=True, f10=False, f11=True, f12=True)",0.9560467326267378
68.04700000000001,"FeatureMask(f0=True, f1=True, f2=True, f3=True, f4=False, f5=True, f6=True, f7=False, f8=False, f9=True, f10=False, f11=True, f12=True)",0.9560467326267378
68.04700000000001,"FeatureMask(f0=True, f1=True, f2=True, f3=True, f4=False, f5=True, f6=True, f7=False, f8=False, f9=True, f10=False, f11=True, f12=True)",0.9560467326267378
68.25,"FeatureMask(f0=True, f1=True, f2=True, f3=True, f4=False, f5=True, f6=True, f7=False, f8=False, f9=True, f10=False, f11=True, f12=True)",0.9560467326267378
68.25,"FeatureMask(f0=True, f1=True, f2=True, f3=True, f4=False, f5=True, f6=True, f7=False, f8=False, f9=True, f10=False, f11=True, f12=True)",0.9560467326267378
68.25,"FeatureMask(f0=True, f1=True, f2=True, f3=True, f4=False, f5=True, f6=True, f7=False, f8=False, f9=True, f10=False, f11=True, f12=True)",0.9560467326267378
68.25,"FeatureMask(f0=True, f1=True, f2=True, f3=True, f4=False, f5=True, f6=True, f7=False, f8=False, f9=True, f10=False, f11=True, f12=True)",0.9560467326267378
68.25,"FeatureMask(f0=True, f1=True, f2=True, f3=True, f4=False, f5=True, f6=True, f7=False, f8=False, f9=True, f10=False, f11=True, f12=True)",0.9560467326267378
68.25,"FeatureMask(f0=True, f1=True, f2=True, f3=True, f4=False, f5=True, f6=True, f7=False, f8=False, f9=True, f10=False, f11=True, f12=True)",0.9560467326267378
68.25,"FeatureMask(f0=True, f1=True, f2=True, f3=True, f4=False, f5=True, f6=True, f7=False, f8=False, f9=True, f10=False, f11=True, f12=True)",0.9560467326267378
68.25,"FeatureMask(f0=True, f1=True, f2=True, f3=True, f4=False, f5=True, f6=True, f7=False, f8=False, f9=True, f10=False, f11=True, f12=True)",0.9560467326267378
68.25,"FeatureMask(f0=True, f1=True, f2=True, f3=True, f4=False, f5=True, f6=True, f7=False, f8=False, f9=True, f10=False, f11=True, f12=True)",0.9560467326267378
68.25,"FeatureMask(f0=True, f1=True, f2=True, f3=True, f4=False, f5=True, f6=True, f7=False, f8=False, f9=True, f10=False, f11=True, f12=True)",0.9560467326267378
68.34400000000001,"FeatureMask(f0=True, f1=True, f2=True, f3=True, f4=False, f5=True, f6=True, f7=False, f8=False, f9=True, f10=False, f11=True, f12=True)",0.9560467326267378
68.438,"FeatureMask(f0=True, f1=True, f2=True, f3=True, f4=False, f5=True, f6=True, f7=False, f8=False, f9=True, f10=False, f11=True, f12=True)",0.9560467326267378
68.438,"FeatureMask(f0=True, f1=True, f2=True, f3=True, f4=False, f5=True, f6=True, f7=False, f8=False, f9=True, f10=False, f11=True, f12=True)",0.9560467326267378
68.438,"FeatureMask(f0=True, f1=True, f2=True, f3=True, f4=False, f5=True, f6=True, f7=False, f8=False, f9=True, f10=False, f11=True, f12=True)",0.9560467326267378
68.438,"FeatureMask(f0=True, f1=True, f2=True, f3=True, f4=False, f5=True, f6=True, f7=False, f8=False, f9=True, f10=False, f11=True, f12=True)",0.9560467326267378
68.438,"FeatureMask(f0=True, f1=True, f2=True, f3=True, f4=False, f5=True, f6=True, f7=False, f8=False, f9=True, f10=False, f11=True, f12=True)",0.9560467326267378
68.438,"FeatureMask(f0=True, f1=True, f2=True, f3=True, f4=False, f5=True, f6=True, f7=False, f8=False, f9=True, f10=False, f11=True, f12=True)",0.9560467326267378
68.438,"FeatureMask(f0=True, f1=True, f2=True, f3=True, f4=False, f5=True, f6=True, f7=False, f8=False, f9=True, f10=False, f11=True, f12=True)",0.9560467326267378
68.438,"FeatureMask(f0=True, f1=True, f2=True, f3=True, f4=False, f5=True, f6=True, f7=False, f8=False, f9=True, f10=False, f11=True, f12=True)",0.9560467326267378
68.438,"FeatureMask(f0=True, f1=True, f2=True, f3=True, f4=False, f5=True, f6=True, f7=False, f8=False, f9=True, f10=False, f11=True, f12=True)",0.9560467326267378
68.438,"FeatureMask(f0=True, f1=True, f2=True, f3=True, f4=False, f5=True, f6=True, f7=False, f8=False, f9=True, f10=False, f11=True, f12=True)",0.9560467326267378
68.641,"FeatureMask(f0=True, f1=True, f2=True, f3=True, f4=False, f5=True, f6=True, f7=False, f8=False, f9=True, f10=False, f11=True, f12=True)",0.9560467326267378
68.641,"FeatureMask(f0=True, f1=True, f2=True, f3=True, f4=False, f5=True, f6=True, f7=False, f8=False, f9=True, f10=False, f11=True, f12=True)",0.9560467326267378
68.641,"FeatureMask(f0=True, f1=True, f2=True, f3=True, f4=False, f5=True, f6=True, f7=False, f8=False, f9=True, f10=False, f11=True, f12=True)",0.9560467326267378
68.641,"FeatureMask(f0=True, f1=True, f2=True, f3=True, f4=False, f5=True, f6=True, f7=False, f8=False, f9=True, f10=False, f11=True, f12=True)",0.9560467326267378
68.641,"FeatureMask(f0=True, f1=True, f2=True, f3=True, f4=False, f5=True, f6=True, f7=False, f8=False, f9=True, f10=False, f11=True, f12=True)",0.9560467326267378
68.641,"FeatureMask(f0=True, f1=True, f2=True, f3=True, f4=False, f5=True, f6=True, f7=False, f8=False, f9=True, f10=False, f11=True, f12=True)",0.9560467326267378
68.641,"FeatureMask(f0=True, f1=True, f2=True, f3=True, f4=False, f5=True, f6=True, f7=False, f8=False, f9=True, f10=False, f11=True, f12=True)",0.9560467326267378
68.641,"FeatureMask(f0=True, f1=True, f2=True, f3=True, f4=False, f5=True, f6=True, f7=False, f8=False, f9=True, f10=False, f11=True, f12=True)",0.9560467326267378
68.641,"FeatureMask(f0=True, f1=True, f2=True, f3=True, f4=False, f5=True, f6=True, f7=False, f8=False, f9=True, f10=False, f11=True, f12=True)",0.9560467326267378
68.641,"FeatureMask(f0=True, f1=True, f2=True, f3=True, f4=False, f5=True, f6=True, f7=False, f8=False, f9=True, f10=False, f11=True, f12=True)",0.9560467326267378
68.735,"FeatureMask(f0=True, f1=True, f2=True, f3=True, f4=False, f5=True, f6=True, f7=False, f8=False, f9=True, f10=False, f11=True, f12=True)",0.9560467326267378
68.735,"FeatureMask(f0=True, f1=True, f2=True, f3=True, f4=False, f5=True, f6=True, f7=False, f8=False, f9=True, f10=False, f11=True, f12=True)",0.9560467326267378
68.828,"FeatureMask(f0=True, f1=True, f2=True, f3=True, f4=False, f5=True, f6=True, f7=False, f8=False, f9=True, f10=False, f11=True, f12=True)",0.9560467326267378
68.828,"FeatureMask(f0=True, f1=True, f2=True, f3=True, f4=False, f5=True, f6=True, f7=False, f8=False, f9=True, f10=False, f11=True, f12=True)",0.9560467326267378
68.828,"FeatureMask(f0=True, f1=True, f2=True, f3=True, f4=False, f5=True, f6=True, f7=False, f8=False, f9=True, f10=False, f11=True, f12=True)",0.9560467326267378
68.828,"FeatureMask(f0=True, f1=True, f2=True, f3=True, f4=False, f5=True, f6=True, f7=False, f8=False, f9=True, f10=False, f11=True, f12=True)",0.9560467326267378
68.828,"FeatureMask(f0=True, f1=True, f2=True, f3=True, f4=False, f5=True, f6=True, f7=False, f8=False, f9=True, f10=False, f11=True, f12=True)",0.9560467326267378
68.828,"FeatureMask(f0=True, f1=True, f2=True, f3=True, f4=False, f5=True, f6=True, f7=False, f8=False, f9=True, f10=False, f11=True, f12=True)",0.9560467326267378
68.828,"FeatureMask(f0=True, f1=True, f2=True, f3=True, f4=False, f5=True, f6=True, f7=False, f8=False, f9=True, f10=False, f11=True, f12=True)",0.9560467326267378
68.828,"FeatureMask(f0=True, f1=True, f2=True, f3=True, f4=False, f5=True, f6=True, f7=False, f8=False, f9=True, f10=False, f11=True, f12=True)",0.9560467326267378
68.828,"FeatureMask(f0=True, f1=True, f2=True, f3=True, f4=False, f5=True, f6=True, f7=False, f8=False, f9=True, f10=False, f11=True, f12=True)",0.9560467326267378
68.828,"FeatureMask(f0=True, f1=True, f2=True, f3=True, f4=False, f5=True, f6=True, f7=False, f8=False, f9=True, f10=False, f11=True, f12=True)",0.9560467326267378
68.92200000000001,"FeatureMask(f0=True, f1=True, f2=True, f3=True, f4=False, f5=True, f6=True, f7=False, f8=False, f9=True, f10=False, f11=True, f12=True)",0.9560467326267378
68.92200000000001,"FeatureMask(f0=True, f1=True, f2=True, f3=True, f4=False, f5=True, f6=True, f7=False, f8=False, f9=True, f10=False, f11=True, f12=True)",0.9560467326267378
68.92200000000001,"FeatureMask(f0=True, f1=True, f2=True, f3=True, f4=False, f5=True, f6=True, f7=False, f8=False, f9=True, f10=False, f11=True, f12=True)",0.9560467326267378
69.03200000000001,"FeatureMask(f0=True, f1=True, f2=True, f3=True, f4=False, f5=True, f6=True, f7=False, f8=False, f9=True, f10=False, f11=True, f12=True)",0.9560467326267378
69.03200000000001,"FeatureMask(f0=True, f1=True, f2=True, f3=True, f4=False, f5=True, f6=True, f7=False, f8=False, f9=True, f10=False, f11=True, f12=True)",0.9560467326267378
69.03200000000001,"FeatureMask(f0=True, f1=True, f2=True, f3=True, f4=False, f5=True, f6=True, f7=False, f8=False, f9=True, f10=False, f11=True, f12=True)",0.9560467326267378
69.03200000000001,"FeatureMask(f0=True, f1=True, f2=True, f3=True, f4=False, f5=True, f6=True, f7=False, f8=False, f9=True, f10=False, f11=True, f12=True)",0.9560467326267378
69.03200000000001,"FeatureMask(f0=True, f1=True, f2=True, f3=True, f4=False, f5=True, f6=True, f7=False, f8=False, f9=True, f10=False, f11=True, f12=True)",0.9560467326267378
69.03200000000001,"FeatureMask(f0=True, f1=True, f2=True, f3=True, f4=False, f5=True, f6=True, f7=False, f8=False, f9=True, f10=False, f11=True, f12=True)",0.9560467326267378
69.03200000000001,"FeatureMask(f0=True, f1=True, f2=True, f3=True, f4=False, f5=True, f6=True, f7=False, f8=False, f9=True, f10=False, f11=True, f12=True)",0.9560467326267378
69.03200000000001,"FeatureMask(f0=True, f1=True, f2=True, f3=True, f4=False, f5=True, f6=True, f7=False, f8=False, f9=True, f10=False, f11=True, f12=True)",0.9560467326267378
69.03200000000001,"FeatureMask(f0=True, f1=True, f2=True, f3=True, f4=False, f5=True, f6=True, f7=False, f8=False, f9=True, f10=False, f11=True, f12=True)",0.9560467326267378
69.03200000000001,"FeatureMask(f0=True, f1=True, f2=True, f3=True, f4=False, f5=True, f6=True, f7=False, f8=False, f9=True, f10=False, f11=True, f12=True)",0.9560467326267378
69.21900000000001,"FeatureMask(f0=True, f1=True, f2=True, f3=True, f4=False, f5=True, f6=True, f7=False, f8=False, f9=True, f10=False, f11=True, f12=True)",0.9560467326267378
69.21900000000001,"FeatureMask(f0=True, f1=True, f2=True, f3=True, f4=False, f5=True, f6=True, f7=False, f8=False, f9=True, f10=False, f11=True, f12=True)",0.9560467326267378
69.21900000000001,"FeatureMask(f0=True, f1=True, f2=True, f3=True, f4=False, f5=True, f6=True, f7=False, f8=False, f9=True, f10=False, f11=True, f12=True)",0.9560467326267378
69.21900000000001,"FeatureMask(f0=True, f1=True, f2=True, f3=True, f4=False, f5=True, f6=True, f7=False, f8=False, f9=True, f10=False, f11=True, f12=True)",0.9560467326267378
69.21900000000001,"FeatureMask(f0=True, f1=True, f2=True, f3=True, f4=False, f5=True, f6=True, f7=False, f8=False, f9=True, f10=False, f11=True, f12=True)",0.9560467326267378
69.21900000000001,"FeatureMask(f0=True, f1=True, f2=True, f3=True, f4=False, f5=True, f6=True, f7=False, f8=False, f9=True, f10=False, f11=True, f12=True)",0.9560467326267378
69.21900000000001,"FeatureMask(f0=True, f1=True, f2=True, f3=True, f4=False, f5=True, f6=True, f7=False, f8=False, f9=True, f10=False, f11=True, f12=True)",0.9560467326267378
69.21900000000001,"FeatureMask(f0=True, f1=True, f2=True, f3=True, f4=False, f5=True, f6=True, f7=False, f8=False, f9=True, f10=False, f11=True, f12=True)",0.9560467326267378
69.21900000000001,"FeatureMask(f0=True, f1=True, f2=True, f3=True, f4=False, f5=True, f6=True, f7=False, f8=False, f9=True, f10=False, f11=True, f12=True)",0.9560467326267378
69.21900000000001,"FeatureMask(f0=True, f1=True, f2=True, f3=True, f4=False, f5=True, f6=True, f7=False, f8=False, f9=True, f10=False, f11=True, f12=True)",0.9560467326267378
69.313,"FeatureMask(f0=True, f1=True, f2=True, f3=True, f4=False, f5=True, f6=True, f7=False, f8=False, f9=True, f10=False, f11=True, f12=True)",0.9560467326267378
69.313,"FeatureMask(f0=True, f1=True, f2=True, f3=True, f4=False, f5=True, f6=True, f7=False, f8=False, f9=True, f10=False, f11=True, f12=True)",0.9560467326267378
69.42200000000001,"FeatureMask(f0=True, f1=True, f2=True, f3=True, f4=False, f5=True, f6=True, f7=False, f8=False, f9=True, f10=False, f11=True, f12=True)",0.9560467326267378
69.42200000000001,"FeatureMask(f0=True, f1=True, f2=True, f3=True, f4=False, f5=True, f6=True, f7=False, f8=False, f9=True, f10=False, f11=True, f12=True)",0.9560467326267378
69.42200000000001,"FeatureMask(f0=True, f1=True, f2=True, f3=True, f4=False, f5=True, f6=True, f7=False, f8=False, f9=True, f10=False, f11=True, f12=True)",0.9560467326267378
69.42200000000001,"FeatureMask(f0=True, f1=True, f2=True, f3=True, f4=False, f5=True, f6=True, f7=False, f8=False, f9=True, f10=False, f11=True, f12=True)",0.9560467326267378
69.42200000000001,"FeatureMask(f0=True, f1=True, f2=True, f3=True, f4=False, f5=True, f6=True, f7=False, f8=False, f9=True, f10=False, f11=True, f12=True)",0.9560467326267378
69.42200000000001,"FeatureMask(f0=True, f1=True, f2=True, f3=True, f4=False, f5=True, f6=True, f7=False, f8=False, f9=True, f10=False, f11=True, f12=True)",0.9560467326267378
69.42200000000001,"FeatureMask(f0=True, f1=True, f2=True, f3=True, f4=False, f5=True, f6=True, f7=False, f8=False, f9=True, f10=False, f11=True, f12=True)",0.9560467326267378
69.42200000000001,"FeatureMask(f0=True, f1=True, f2=True, f3=True, f4=False, f5=True, f6=True, f7=False, f8=False, f9=True, f10=False, f11=True, f12=True)",0.9560467326267378
69.42200000000001,"FeatureMask(f0=True, f1=True, f2=True, f3=True, f4=False, f5=True, f6=True, f7=False, f8=False, f9=True, f10=False, f11=True, f12=True)",0.9560467326267378
69.42200000000001,"FeatureMask(f0=True, f1=True, f2=True, f3=True, f4=False, f5=True, f6=True, f7=False, f8=False, f9=True, f10=False, f11=True, f12=True)",0.9560467326267378
69.516,"FeatureMask(f0=True, f1=True, f2=True, f3=True, f4=False, f5=True, f6=True, f7=False, f8=False, f9=True, f10=False, f11=True, f12=True)",0.9560467326267378
69.65700000000001,"FeatureMask(f0=True, f1=True, f2=True, f3=True, f4=False, f5=True, f6=True, f7=False, f8=False, f9=True, f10=False, f11=True, f12=True)",0.9560467326267378
69.65700000000001,"FeatureMask(f0=True, f1=True, f2=True, f3=True, f4=False, f5=True, f6=True, f7=False, f8=False, f9=True, f10=False, f11=True, f12=True)",0.9560467326267378
69.65700000000001,"FeatureMask(f0=True, f1=True, f2=True, f3=True, f4=False, f5=True, f6=True, f7=False, f8=False, f9=True, f10=False, f11=True, f12=True)",0.9560467326267378
69.65700000000001,"FeatureMask(f0=True, f1=True, f2=True, f3=True, f4=False, f5=True, f6=True, f7=False, f8=False, f9=True, f10=False, f11=True, f12=True)",0.9560467326267378
69.65700000000001,"FeatureMask(f0=True, f1=True, f2=True, f3=True, f4=False, f5=True, f6=True, f7=False, f8=False, f9=True, f10=False, f11=True, f12=True)",0.9560467326267378
69.65700000000001,"FeatureMask(f0=True, f1=True, f2=True, f3=True, f4=False, f5=True, f6=True, f7=False, f8=False, f9=True, f10=False, f11=True, f12=True)",0.9560467326267378
69.65700000000001,"FeatureMask(f0=True, f1=True, f2=True, f3=True, f4=False, f5=True, f6=True, f7=False, f8=False, f9=True, f10=False, f11=True, f12=True)",0.9560467326267378
69.65700000000001,"FeatureMask(f0=True, f1=True, f2=True, f3=True, f4=False, f5=True, f6=True, f7=False, f8=False, f9=True, f10=False, f11=True, f12=True)",0.9560467326267378
69.65700000000001,"FeatureMask(f0=True, f1=True, f2=True, f3=True, f4=False, f5=True, f6=True, f7=False, f8=False, f9=True, f10=False, f11=True, f12=True)",0.9560467326267378
69.65700000000001,"FeatureMask(f0=True, f1=True, f2=True, f3=True, f4=False, f5=True, f6=True, f7=False, f8=False, f9=True, f10=False, f11=True, f12=True)",0.9560467326267378
69.86,"FeatureMask(f0=True, f1=True, f2=True, f3=True, f4=False, f5=True, f6=True, f7=False, f8=False, f9=True, f10=False, f11=True, f12=True)",0.9560467326267378
69.86,"FeatureMask(f0=True, f1=True, f2=True, f3=True, f4=False, f5=True, f6=True, f7=False, f8=False, f9=True, f10=False, f11=True, f12=True)",0.9560467326267378
69.86,"FeatureMask(f0=True, f1=True, f2=True, f3=True, f4=False, f5=True, f6=True, f7=False, f8=False, f9=True, f10=False, f11=True, f12=True)",0.9560467326267378
69.86,"FeatureMask(f0=True, f1=True, f2=True, f3=True, f4=False, f5=True, f6=True, f7=False, f8=False, f9=True, f10=False, f11=True, f12=True)",0.9560467326267378
69.86,"FeatureMask(f0=True, f1=True, f2=True, f3=True, f4=False, f5=True, f6=True, f7=False, f8=False, f9=True, f10=False, f11=True, f12=True)",0.9560467326267378
69.86,"FeatureMask(f0=True, f1=True, f2=True, f3=True, f4=False, f5=True, f6=True, f7=False, f8=False, f9=True, f10=False, f11=True, f12=True)",0.9560467326267378
69.86,"FeatureMask(f0=True, f1=True, f2=True, f3=True, f4=False, f5=True, f6=True, f7=False, f8=False, f9=True, f10=False, f11=True, f12=True)",0.9560467326267378
69.86,"FeatureMask(f0=True, f1=True, f2=True, f3=True, f4=False, f5=True, f6=True, f7=False, f8=False, f9=True, f10=False, f11=True, f12=True)",0.9560467326267378
69.86,"FeatureMask(f0=True, f1=True, f2=True, f3=True, f4=False, f5=True, f6=True, f7=False, f8=False, f9=True, f10=False, f11=True, f12=True)",0.9560467326267378
69.86,"FeatureMask(f0=True, f1=True, f2=True, f3=True, f4=False, f5=True, f6=True, f7=False, f8=False, f9=True, f10=False, f11=True, f12=True)",0.9560467326267378
69.953,"FeatureMask(f0=True, f1=True, f2=True, f3=True, f4=False, f5=True, f6=True, f7=False, f8=False, f9=True, f10=False, f11=True, f12=True)",0.9560467326267378
70.078,"FeatureMask(f0=True, f1=True, f2=True, f3=True, f4=False, f5=True, f6=True, f7=False, f8=False, f9=True, f10=False, f11=True, f12=True)",0.9560467326267378
70.078,"FeatureMask(f0=True, f1=True, f2=True, f3=True, f4=False, f5=True, f6=True, f7=False, f8=False, f9=True, f10=False, f11=True, f12=True)",0.9560467326267378
70.078,"FeatureMask(f0=True, f1=True, f2=True, f3=True, f4=False, f5=True, f6=True, f7=False, f8=False, f9=True, f10=False, f11=True, f12=True)",0.9560467326267378
70.078,"FeatureMask(f0=True, f1=True, f2=True, f3=True, f4=False, f5=True, f6=True, f7=False, f8=False, f9=True, f10=False, f11=True, f12=True)",0.9560467326267378
70.078,"FeatureMask(f0=True, f1=True, f2=True, f3=True, f4=False, f5=True, f6=True, f7=False, f8=False, f9=True, f10=False, f11=True, f12=True)",0.9560467326267378
70.078,"FeatureMask(f0=True, f1=True, f2=True, f3=True, f4=False, f5=True, f6=True, f7=False, f8=False, f9=True, f10=False, f11=True, f12=True)",0.9560467326267378
70.078,"FeatureMask(f0=True, f1=True, f2=True, f3=True, f4=False, f5=True, f6=True, f7=False, f8=False, f9=True, f10=False, f11=True, f12=True)",0.9560467326267378
70.078,"FeatureMask(f0=True, f1=True, f2=True, f3=True, f4=False, f5=True, f6=True, f7=False, f8=False, f9=True, f10=False, f11=True, f12=True)",0.9560467326267378
70.078,"FeatureMask(f0=True, f1=True, f2=True, f3=True, f4=False, f5=True, f6=True, f7=False, f8=False, f9=True, f10=False, f11=True, f12=True)",0.9560467326267378
70.078,"FeatureMask(f0=True, f1=True, f2=True, f3=True, f4=False, f5=True, f6=True, f7=False, f8=False, f9=True, f10=False, f11=True, f12=True)",0.9560467326267378
70.188,"FeatureMask(f0=True, f1=True, f2=True, f3=True, f4=False, f5=True, f6=True, f7=False, f8=False, f9=True, f10=False, f11=True, f12=True)",0.9560467326267378
70.188,"FeatureMask(f0=True, f1=True, f2=True, f3=True, f4=False, f5=True, f6=True, f7=False, f8=False, f9=True, f10=False, f11=True, f12=True)",0.9560467326267378
70.313,"FeatureMask(f0=True, f1=True, f2=True, f3=True, f4=False, f5=True, f6=True, f7=False, f8=False, f9=True, f10=False, f11=True, f12=True)",0.9560467326267378
70.313,"FeatureMask(f0=True, f1=True, f2=True, f3=True, f4=False, f5=True, f6=True, f7=False, f8=False, f9=True, f10=False, f11=True, f12=True)",0.9560467326267378
70.313,"FeatureMask(f0=True, f1=True, f2=True, f3=True, f4=False, f5=True, f6=True, f7=False, f8=False, f9=True, f10=False, f11=True, f12=True)",0.9560467326267378
70.313,"FeatureMask(f0=True, f1=True, f2=True, f3=True, f4=False, f5=True, f6=True, f7=False, f8=False, f9=True, f10=False, f11=True, f12=True)",0.9560467326267378
70.313,"FeatureMask(f0=True, f1=True, f2=True, f3=True, f4=False, f5=True, f6=True, f7=False, f8=False, f9=True, f10=False, f11=True, f12=True)",0.9560467326267378
70.313,"FeatureMask(f0=True, f1=True, f2=True, f3=True, f4=False, f5=True, f6=True, f7=False, f8=False, f9=True, f10=False, f11=True, f12=True)",0.9560467326267378
70.313,"FeatureMask(f0=True, f1=True, f2=True, f3=True, f4=False, f5=True, f6=True, f7=False, f8=False, f9=True, f10=False, f11=True, f12=True)",0.9560467326267378
70.313,"FeatureMask(f0=True, f1=True, f2=True, f3=True, f4=False, f5=True, f6=True, f7=False, f8=False, f9=True, f10=False, f11=True, f12=True)",0.9560467326267378
70.313,"FeatureMask(f0=True, f1=True, f2=True, f3=True, f4=False, f5=True, f6=True, f7=False, f8=False, f9=True, f10=False, f11=True, f12=True)",0.9560467326267378
70.313,"FeatureMask(f0=True, f1=True, f2=True, f3=True, f4=False, f5=True, f6=True, f7=False, f8=False, f9=True, f10=False, f11=True, f12=True)",0.9560467326267378
70.40700000000001,"FeatureMask(f0=True, f1=True, f2=True, f3=True, f4=False, f5=True, f6=True, f7=False, f8=False, f9=True, f10=False, f11=True, f12=True)",0.9560467326267378
70.40700000000001,"FeatureMask(f0=True, f1=True, f2=True, f3=True, f4=False, f5=True, f6=True, f7=False, f8=False, f9=True, f10=False, f11=True, f12=True)",0.9560467326267378
70.516,"FeatureMask(f0=True, f1=True, f2=True, f3=True, f4=False, f5=True, f6=True, f7=False, f8=False, f9=True, f10=False, f11=True, f12=True)",0.9560467326267378
70.516,"FeatureMask(f0=True, f1=True, f2=True, f3=True, f4=False, f5=True, f6=True, f7=False, f8=False, f9=True, f10=False, f11=True, f12=True)",0.9560467326267378
70.516,"FeatureMask(f0=True, f1=True, f2=True, f3=True, f4=False, f5=True, f6=True, f7=False, f8=False, f9=True, f10=False, f11=True, f12=True)",0.9560467326267378
70.516,"FeatureMask(f0=True, f1=True, f2=True, f3=True, f4=False, f5=True, f6=True, f7=False, f8=False, f9=True, f10=False, f11=True, f12=True)",0.9560467326267378
70.516,"FeatureMask(f0=True, f1=True, f2=True, f3=True, f4=False, f5=True, f6=True, f7=False, f8=False, f9=True, f10=False, f11=True, f12=True)",0.9560467326267378
70.516,"FeatureMask(f0=True, f1=True, f2=True, f3=True, f4=False, f5=True, f6=True, f7=False, f8=False, f9=True, f10=False, f11=True, f12=True)",0.9560467326267378
70.516,"FeatureMask(f0=True, f1=True, f2=True, f3=True, f4=False, f5=True, f6=True, f7=False, f8=False, f9=True, f10=False, f11=True, f12=True)",0.9560467326267378
70.516,"FeatureMask(f0=True, f1=True, f2=True, f3=True, f4=False, f5=True, f6=True, f7=False, f8=False, f9=True, f10=False, f11=True, f12=True)",0.9560467326267378
70.516,"FeatureMask(f0=True, f1=True, f2=True, f3=True, f4=False, f5=True, f6=True, f7=False, f8=False, f9=True, f10=False, f11=True, f12=True)",0.9560467326267378
70.516,"FeatureMask(f0=True, f1=True, f2=True, f3=True, f4=False, f5=True, f6=True, f7=False, f8=False, f9=True, f10=False, f11=True, f12=True)",0.9560467326267378
70.61,"FeatureMask(f0=True, f1=True, f2=True, f3=True, f4=False, f5=True, f6=True, f7=False, f8=False, f9=True, f10=False, f11=True, f12=True)",0.9560467326267378
70.703,"FeatureMask(f0=True, f1=True, f2=True, f3=True, f4=False, f5=True, f6=True, f7=False, f8=False, f9=True, f10=False, f11=True, f12=True)",0.9560467326267378
70.71900000000001,"FeatureMask(f0=True, f1=True, f2=True, f3=True, f4=False, f5=True, f6=True, f7=False, f8=False, f9=True, f10=False, f11=True, f12=True)",0.9560467326267378
70.71900000000001,"FeatureMask(f0=True, f1=True, f2=True, f3=True, f4=False, f5=True, f6=True, f7=False, f8=False, f9=True, f10=False, f11=True, f12=True)",0.9560467326267378
70.71900000000001,"FeatureMask(f0=True, f1=True, f2=True, f3=True, f4=False, f5=True, f6=True, f7=False, f8=False, f9=True, f10=False, f11=True, f12=True)",0.9560467326267378
70.71900000000001,"FeatureMask(f0=True, f1=True, f2=True, f3=True, f4=False, f5=True, f6=True, f7=False, f8=False, f9=True, f10=False, f11=True, f12=True)",0.9560467326267378
70.71900000000001,"FeatureMask(f0=True, f1=True, f2=True, f3=True, f4=False, f5=True, f6=True, f7=False, f8=False, f9=True, f10=False, f11=True, f12=True)",0.9560467326267378
70.71900000000001,"FeatureMask(f0=True, f1=True, f2=True, f3=True, f4=False, f5=True, f6=True, f7=False, f8=False, f9=True, f10=False, f11=True, f12=True)",0.9560467326267378
70.71900000000001,"FeatureMask(f0=True, f1=True, f2=True, f3=True, f4=False, f5=True, f6=True, f7=False, f8=False, f9=True, f10=False, f11=True, f12=True)",0.9560467326267378
70.71900000000001,"FeatureMask(f0=True, f1=True, f2=True, f3=True, f4=False, f5=True, f6=True, f7=False, f8=False, f9=True, f10=False, f11=True, f12=True)",0.9560467326267378
70.71900000000001,"FeatureMask(f0=True, f1=True, f2=True, f3=True, f4=False, f5=True, f6=True, f7=False, f8=False, f9=True, f10=False, f11=True, f12=True)",0.9560467326267378
70.79700000000001,"FeatureMask(f0=True, f1=True, f2=True, f3=True, f4=False, f5=True, f6=True, f7=False, f8=False, f9=True, f10=False, f11=True, f12=True)",0.9560467326267378
70.891,"FeatureMask(f0=True, f1=True, f2=True, f3=True, f4=False, f5=True, f6=True, f7=False, f8=False, f9=True, f10=False, f11=True, f12=True)",0.9560467326267378
70.891,"FeatureMask(f0=True, f1=True, f2=True, f3=True, f4=False, f5=True, f6=True, f7=False, f8=False, f9=True, f10=False, f11=True, f12=True)",0.9560467326267378
70.891,"FeatureMask(f0=True, f1=True, f2=True, f3=True, f4=False, f5=True, f6=True, f7=False, f8=False, f9=True, f10=False, f11=True, f12=True)",0.9560467326267378
70.891,"FeatureMask(f0=True, f1=True, f2=True, f3=True, f4=False, f5=True, f6=True, f7=False, f8=False, f9=True, f10=False, f11=True, f12=True)",0.9560467326267378
70.891,"FeatureMask(f0=True, f1=True, f2=True, f3=True, f4=False, f5=True, f6=True, f7=False, f8=False, f9=True, f10=False, f11=True, f12=True)",0.9560467326267378
70.891,"FeatureMask(f0=True, f1=True, f2=True, f3=True, f4=False, f5=True, f6=True, f7=False, f8=False, f9=True, f10=False, f11=True, f12=True)",0.9560467326267378
70.891,"FeatureMask(f0=True, f1=True, f2=True, f3=True, f4=False, f5=True, f6=True, f7=False, f8=False, f9=True, f10=False, f11=True, f12=True)",0.9560467326267378
70.891,"FeatureMask(f0=True, f1=True, f2=True, f3=True, f4=False, f5=True, f6=True, f7=False, f8=False, f9=True, f10=False, f11=True, f12=True)",0.9560467326267378
70.891,"FeatureMask(f0=True, f1=True, f2=True, f3=True, f4=False, f5=True, f6=True, f7=False, f8=False, f9=True, f10=False, f11=True, f12=True)",0.9560467326267378
70.891,"FeatureMask(f0=True, f1=True, f2=True, f3=True, f4=False, f5=True, f6=True, f7=False, f8=False, f9=True, f10=False, f11=True, f12=True)",0.9560467326267378
70.96900000000001,"FeatureMask(f0=True, f1=True, f2=True, f3=True, f4=False, f5=True, f6=True, f7=False, f8=False, f9=True, f10=False, f11=True, f12=True)",0.9560467326267378
71.078,"FeatureMask(f0=True, f1=True, f2=True, f3=True, f4=False, f5=True, f6=True, f7=False, f8=False, f9=True, f10=False, f11=True, f12=True)",0.9560467326267378
71.078,"FeatureMask(f0=True, f1=True, f2=True, f3=True, f4=False, f5=True, f6=True, f7=False, f8=False, f9=True, f10=False, f11=True, f12=True)",0.9560467326267378
71.078,"FeatureMask(f0=True, f1=True, f2=True, f3=True, f4=False, f5=True, f6=True, f7=False, f8=False, f9=True, f10=False, f11=True, f12=True)",0.9560467326267378
71.078,"FeatureMask(f0=True, f1=True, f2=True, f3=True, f4=False, f5=True, f6=True, f7=False, f8=False, f9=True, f10=False, f11=True, f12=True)",0.9560467326267378
71.078,"FeatureMask(f0=True, f1=True, f2=True, f3=True, f4=False, f5=True, f6=True, f7=False, f8=False, f9=True, f10=False, f11=True, f12=True)",0.9560467326267378
71.078,"FeatureMask(f0=True, f1=True, f2=True, f3=True, f4=False, f5=True, f6=True, f7=False, f8=False, f9=True, f10=False, f11=True, f12=True)",0.9560467326267378
71.078,"FeatureMask(f0=True, f1=True, f2=True, f3=True, f4=False, f5=True, f6=True, f7=False, f8=False, f9=True, f10=False, f11=True, f12=True)",0.9560467326267378
71.078,"FeatureMask(f0=True, f1=True, f2=True, f3=True, f4=False, f5=True, f6=True, f7=False, f8=False, f9=True, f10=False, f11=True, f12=True)",0.9560467326267378
71.078,"FeatureMask(f0=True, f1=True, f2=True, f3=True, f4=False, f5=True, f6=True, f7=False, f8=False, f9=True, f10=False, f11=True, f12=True)",0.9560467326267378
71.078,"FeatureMask(f0=True, f1=True, f2=True, f3=True, f4=False, f5=True, f6=True, f7=False, f8=False, f9=True, f10=False, f11=True, f12=True)",0.9560467326267378
71.17200000000001,"FeatureMask(f0=True, f1=True, f2=True, f3=True, f4=False, f5=True, f6=True, f7=False, f8=False, f9=True, f10=False, f11=True, f12=True)",0.9560467326267378
71.25,"FeatureMask(f0=True, f1=True, f2=True, f3=True, f4=False, f5=True, f6=True, f7=False, f8=False, f9=True, f10=False, f11=True, f12=True)",0.9560467326267378
71.25,"FeatureMask(f0=True, f1=True, f2=True, f3=True, f4=False, f5=True, f6=True, f7=False, f8=False, f9=True, f10=False, f11=True, f12=True)",0.9560467326267378
71.25,"FeatureMask(f0=True, f1=True, f2=True, f3=True, f4=False, f5=True, f6=True, f7=False, f8=False, f9=True, f10=False, f11=True, f12=True)",0.9560467326267378
71.25,"FeatureMask(f0=True, f1=True, f2=True, f3=True, f4=False, f5=True, f6=True, f7=False, f8=False, f9=True, f10=False, f11=True, f12=True)",0.9560467326267378
71.25,"FeatureMask(f0=True, f1=True, f2=True, f3=True, f4=False, f5=True, f6=True, f7=False, f8=False, f9=True, f10=False, f11=True, f12=True)",0.9560467326267378
71.25,"FeatureMask(f0=True, f1=True, f2=True, f3=True, f4=False, f5=True, f6=True, f7=False, f8=False, f9=True, f10=False, f11=True, f12=True)",0.9560467326267378
71.25,"FeatureMask(f0=True, f1=True, f2=True, f3=True, f4=False, f5=True, f6=True, f7=False, f8=False, f9=True, f10=False, f11=True, f12=True)",0.9560467326267378
71.25,"FeatureMask(f0=True, f1=True, f2=True, f3=True, f4=False, f5=True, f6=True, f7=False, f8=False, f9=True, f10=False, f11=True, f12=True)",0.9560467326267378
71.25,"FeatureMask(f0=True, f1=True, f2=True, f3=True, f4=False, f5=True, f6=True, f7=False, f8=False, f9=True, f10=False, f11=True, f12=True)",0.9560467326267378
71.25,"FeatureMask(f0=True, f1=True, f2=True, f3=True, f4=False, f5=True, f6=True, f7=False, f8=False, f9=True, f10=False, f11=True, f12=True)",0.9560467326267378
71.485,"FeatureMask(f0=True, f1=True, f2=True, f3=True, f4=False, f5=True, f6=True, f7=False, f8=False, f9=True, f10=False, f11=True, f12=True)",0.9560467326267378
71.485,"FeatureMask(f0=True, f1=True, f2=True, f3=True, f4=False, f5=True, f6=True, f7=False, f8=False, f9=True, f10=False, f11=True, f12=True)",0.9560467326267378
71.485,"FeatureMask(f0=True, f1=True, f2=True, f3=True, f4=False, f5=True, f6=True, f7=False, f8=False, f9=True, f10=False, f11=True, f12=True)",0.9560467326267378
71.485,"FeatureMask(f0=True, f1=True, f2=True, f3=True, f4=False, f5=True, f6=True, f7=False, f8=False, f9=True, f10=False, f11=True, f12=True)",0.9560467326267378
71.485,"FeatureMask(f0=True, f1=True, f2=True, f3=True, f4=False, f5=True, f6=True, f7=False, f8=False, f9=True, f10=False, f11=True, f12=True)",0.9560467326267378
71.485,"FeatureMask(f0=True, f1=True, f2=True, f3=True, f4=False, f5=True, f6=True, f7=False, f8=False, f9=True, f10=False, f11=True, f12=True)",0.9560467326267378
71.485,"FeatureMask(f0=True, f1=True, f2=True, f3=True, f4=False, f5=True, f6=True, f7=False, f8=False, f9=True, f10=False, f11=True, f12=True)",0.9560467326267378
71.485,"FeatureMask(f0=True, f1=True, f2=True, f3=True, f4=False, f5=True, f6=True, f7=False, f8=False, f9=True, f10=False, f11=True, f12=True)",0.9560467326267378
71.485,"FeatureMask(f0=True, f1=True, f2=True, f3=True, f4=False, f5=True, f6=True, f7=False, f8=False, f9=True, f10=False, f11=True, f12=True)",0.9560467326267378
71.485,"FeatureMask(f0=True, f1=True, f2=True, f3=True, f4=False, f5=True, f6=True, f7=False, f8=False, f9=True, f10=False, f11=True, f12=True)",0.9560467326267378
71.563,"FeatureMask(f0=True, f1=True, f2=True, f3=True, f4=False, f5=True, f6=True, f7=False, f8=False, f9=True, f10=False, f11=True, f12=True)",0.9560467326267378
71.641,"FeatureMask(f0=True, f1=True, f2=True, f3=True, f4=False, f5=True, f6=True, f7=False, f8=False, f9=True, f10=False, f11=True, f12=True)",0.9560467326267378
71.641,"FeatureMask(f0=True, f1=True, f2=True, f3=True, f4=False, f5=True, f6=True, f7=False, f8=False, f9=True, f10=False, f11=True, f12=True)",0.9560467326267378
71.641,"FeatureMask(f0=True, f1=True, f2=True, f3=True, f4=False, f5=True, f6=True, f7=False, f8=False, f9=True, f10=False, f11=True, f12=True)",0.9560467326267378
71.641,"FeatureMask(f0=True, f1=True, f2=True, f3=True, f4=False, f5=True, f6=True, f7=False, f8=False, f9=True, f10=False, f11=True, f12=True)",0.9560467326267378
71.641,"FeatureMask(f0=True, f1=True, f2=True, f3=True, f4=False, f5=True, f6=True, f7=False, f8=False, f9=True, f10=False, f11=True, f12=True)",0.9560467326267378
71.65700000000001,"FeatureMask(f0=True, f1=True, f2=True, f3=True, f4=False, f5=True, f6=True, f7=False, f8=False, f9=True, f10=False, f11=True, f12=True)",0.9560467326267378
71.65700000000001,"FeatureMask(f0=True, f1=True, f2=True, f3=True, f4=False, f5=True, f6=True, f7=False, f8=False, f9=True, f10=False, f11=True, f12=True)",0.9560467326267378
71.65700000000001,"FeatureMask(f0=True, f1=True, f2=True, f3=True, f4=False, f5=True, f6=True, f7=False, f8=False, f9=True, f10=False, f11=True, f12=True)",0.9560467326267378
71.65700000000001,"FeatureMask(f0=True, f1=True, f2=True, f3=True, f4=False, f5=True, f6=True, f7=False, f8=False, f9=True, f10=False, f11=True, f12=True)",0.9560467326267378
71.65700000000001,"FeatureMask(f0=True, f1=True, f2=True, f3=True, f4=False, f5=True, f6=True, f7=False, f8=False, f9=True, f10=False, f11=True, f12=True)",0.9560467326267378
71.84400000000001,"FeatureMask(f0=True, f1=True, f2=True, f3=True, f4=False, f5=True, f6=True, f7=False, f8=False, f9=True, f10=False, f11=True, f12=True)",0.9560467326267378
71.84400000000001,"FeatureMask(f0=True, f1=True, f2=True, f3=True, f4=False, f5=True, f6=True, f7=False, f8=False, f9=True, f10=False, f11=True, f12=True)",0.9560467326267378
71.84400000000001,"FeatureMask(f0=True, f1=True, f2=True, f3=True, f4=False, f5=True, f6=True, f7=False, f8=False, f9=True, f10=False, f11=True, f12=True)",0.9560467326267378
71.84400000000001,"FeatureMask(f0=True, f1=True, f2=True, f3=True, f4=False, f5=True, f6=True, f7=False, f8=False, f9=True, f10=False, f11=True, f12=True)",0.9560467326267378
71.84400000000001,"FeatureMask(f0=True, f1=True, f2=True, f3=True, f4=False, f5=True, f6=True, f7=False, f8=False, f9=True, f10=False, f11=True, f12=True)",0.9560467326267378
71.84400000000001,"FeatureMask(f0=True, f1=True, f2=True, f3=True, f4=False, f5=True, f6=True, f7=False, f8=False, f9=True, f10=False, f11=True, f12=True)",0.9560467326267378
71.84400000000001,"FeatureMask(f0=True, f1=True, f2=True, f3=True, f4=False, f5=True, f6=True, f7=False, f8=False, f9=True, f10=False, f11=True, f12=True)",0.9560467326267378
71.84400000000001,"FeatureMask(f0=True, f1=True, f2=True, f3=True, f4=False, f5=True, f6=True, f7=False, f8=False, f9=True, f10=False, f11=True, f12=True)",0.9560467326267378
71.84400000000001,"FeatureMask(f0=True, f1=True, f2=True, f3=True, f4=False, f5=True, f6=True, f7=False, f8=False, f9=True, f10=False, f11=True, f12=True)",0.9560467326267378
71.84400000000001,"FeatureMask(f0=True, f1=True, f2=True, f3=True, f4=False, f5=True, f6=True, f7=False, f8=False, f9=True, f10=False, f11=True, f12=True)",0.9560467326267378
71.938,"FeatureMask(f0=True, f1=True, f2=True, f3=True, f4=False, f5=True, f6=True, f7=False, f8=False, f9=True, f10=False, f11=True, f12=True)",0.9560467326267378
72.04700000000001,"FeatureMask(f0=True, f1=True, f2=True, f3=True, f4=False, f5=True, f6=True, f7=False, f8=False, f9=True, f10=False, f11=True, f12=True)",0.9560467326267378
72.04700000000001,"FeatureMask(f0=True, f1=True, f2=True, f3=True, f4=False, f5=True, f6=True, f7=False, f8=False, f9=True, f10=False, f11=True, f12=True)",0.9560467326267378
72.04700000000001,"FeatureMask(f0=True, f1=True, f2=True, f3=True, f4=False, f5=True, f6=True, f7=False, f8=False, f9=True, f10=False, f11=True, f12=True)",0.9560467326267378
72.04700000000001,"FeatureMask(f0=True, f1=True, f2=True, f3=True, f4=False, f5=True, f6=True, f7=False, f8=False, f9=True, f10=False, f11=True, f12=True)",0.9560467326267378
72.04700000000001,"FeatureMask(f0=True, f1=True, f2=True, f3=True, f4=False, f5=True, f6=True, f7=False, f8=False, f9=True, f10=False, f11=True, f12=True)",0.9560467326267378
72.04700000000001,"FeatureMask(f0=True, f1=True, f2=True, f3=True, f4=False, f5=True, f6=True, f7=False, f8=False, f9=True, f10=False, f11=True, f12=True)",0.9560467326267378
72.04700000000001,"FeatureMask(f0=True, f1=True, f2=True, f3=True, f4=False, f5=True, f6=True, f7=False, f8=False, f9=True, f10=False, f11=True, f12=True)",0.9560467326267378
72.04700000000001,"FeatureMask(f0=True, f1=True, f2=True, f3=True, f4=False, f5=True, f6=True, f7=False, f8=False, f9=True, f10=False, f11=True, f12=True)",0.9560467326267378
72.04700000000001,"FeatureMask(f0=True, f1=True, f2=True, f3=True, f4=False, f5=True, f6=True, f7=False, f8=False, f9=True, f10=False, f11=True, f12=True)",0.9560467326267378
72.04700000000001,"FeatureMask(f0=True, f1=True, f2=True, f3=True, f4=False, f5=True, f6=True, f7=False, f8=False, f9=True, f10=False, f11=True, f12=True)",0.9560467326267378
72.141,"FeatureMask(f0=True, f1=True, f2=True, f3=True, f4=False, f5=True, f6=True, f7=False, f8=False, f9=True, f10=False, f11=True, f12=True)",0.9560467326267378
72.235,"FeatureMask(f0=True, f1=True, f2=True, f3=True, f4=False, f5=True, f6=True, f7=False, f8=False, f9=True, f10=False, f11=True, f12=True)",0.9560467326267378
72.235,"FeatureMask(f0=True, f1=True, f2=True, f3=True, f4=False, f5=True, f6=True, f7=False, f8=False, f9=True, f10=False, f11=True, f12=True)",0.9560467326267378
72.235,"FeatureMask(f0=True, f1=True, f2=True, f3=True, f4=False, f5=True, f6=True, f7=False, f8=False, f9=True, f10=False, f11=True, f12=True)",0.9560467326267378
72.235,"FeatureMask(f0=True, f1=True, f2=True, f3=True, f4=False, f5=True, f6=True, f7=False, f8=False, f9=True, f10=False, f11=True, f12=True)",0.9560467326267378
72.235,"FeatureMask(f0=True, f1=True, f2=True, f3=True, f4=False, f5=True, f6=True, f7=False, f8=False, f9=True, f10=False, f11=True, f12=True)",0.9560467326267378
72.235,"FeatureMask(f0=True, f1=True, f2=True, f3=True, f4=False, f5=True, f6=True, f7=False, f8=False, f9=True, f10=False, f11=True, f12=True)",0.9560467326267378
72.235,"FeatureMask(f0=True, f1=True, f2=True, f3=True, f4=False, f5=True, f6=True, f7=False, f8=False, f9=True, f10=False, f11=True, f12=True)",0.9560467326267378
72.235,"FeatureMask(f0=True, f1=True, f2=True, f3=True, f4=False, f5=True, f6=True, f7=False, f8=False, f9=True, f10=False, f11=True, f12=True)",0.9560467326267378
72.235,"FeatureMask(f0=True, f1=True, f2=True, f3=True, f4=False, f5=True, f6=True, f7=False, f8=False, f9=True, f10=False, f11=True, f12=True)",0.9560467326267378
72.235,"FeatureMask(f0=True, f1=True, f2=True, f3=True, f4=False, f5=True, f6=True, f7=False, f8=False, f9=True, f10=False, f11=True, f12=True)",0.9560467326267378
72.438,"FeatureMask(f0=True, f1=True, f2=True, f3=True, f4=False, f5=True, f6=True, f7=False, f8=False, f9=True, f10=False, f11=True, f12=True)",0.9560467326267378
72.438,"FeatureMask(f0=True, f1=True, f2=True, f3=True, f4=False, f5=True, f6=True, f7=False, f8=False, f9=True, f10=False, f11=True, f12=True)",0.9560467326267378
72.438,"FeatureMask(f0=True, f1=True, f2=True, f3=True, f4=False, f5=True, f6=True, f7=False, f8=False, f9=True, f10=False, f11=True, f12=True)",0.9560467326267378
72.438,"FeatureMask(f0=True, f1=True, f2=True, f3=True, f4=False, f5=True, f6=True, f7=False, f8=False, f9=True, f10=False, f11=True, f12=True)",0.9560467326267378
72.438,"FeatureMask(f0=True, f1=True, f2=True, f3=True, f4=False, f5=True, f6=True, f7=False, f8=False, f9=True, f10=False, f11=True, f12=True)",0.9560467326267378
72.438,"FeatureMask(f0=True, f1=True, f2=True, f3=True, f4=False, f5=True, f6=True, f7=False, f8=False, f9=True, f10=False, f11=True, f12=True)",0.9560467326267378
72.438,"FeatureMask(f0=True, f1=True, f2=True, f3=True, f4=False, f5=True, f6=True, f7=False, f8=False, f9=True, f10=False, f11=True, f12=True)",0.9560467326267378
72.438,"FeatureMask(f0=True, f1=True, f2=True, f3=True, f4=False, f5=True, f6=True, f7=False, f8=False, f9=True, f10=False, f11=True, f12=True)",0.9560467326267378
72.438,"FeatureMask(f0=True, f1=True, f2=True, f3=True, f4=False, f5=True, f6=True, f7=False, f8=False, f9=True, f10=False, f11=True, f12=True)",0.9560467326267378
72.438,"FeatureMask(f0=True, f1=True, f2=True, f3=True, f4=False, f5=True, f6=True, f7=False, f8=False, f9=True, f10=False, f11=True, f12=True)",0.9560467326267378
72.641,"FeatureMask(f0=True, f1=True, f2=True, f3=True, f4=False, f5=True, f6=True, f7=False, f8=False, f9=True, f10=False, f11=True, f12=True)",0.9560467326267378
72.641,"FeatureMask(f0=True, f1=True, f2=True, f3=True, f4=False, f5=True, f6=True, f7=False, f8=False, f9=True, f10=False, f11=True, f12=True)",0.9560467326267378
72.641,"FeatureMask(f0=True, f1=True, f2=True, f3=True, f4=False, f5=True, f6=True, f7=False, f8=False, f9=True, f10=False, f11=True, f12=True)",0.9560467326267378
72.641,"FeatureMask(f0=True, f1=True, f2=True, f3=True, f4=False, f5=True, f6=True, f7=False, f8=False, f9=True, f10=False, f11=True, f12=True)",0.9560467326267378
72.641,"FeatureMask(f0=True, f1=True, f2=True, f3=True, f4=False, f5=True, f6=True, f7=False, f8=False, f9=True, f10=False, f11=True, f12=True)",0.9560467326267378
72.641,"FeatureMask(f0=True, f1=True, f2=True, f3=True, f4=False, f5=True, f6=True, f7=False, f8=False, f9=True, f10=False, f11=True, f12=True)",0.9560467326267378
72.641,"FeatureMask(f0=True, f1=True, f2=True, f3=True, f4=False, f5=True, f6=True, f7=False, f8=False, f9=True, f10=False, f11=True, f12=True)",0.9560467326267378
72.641,"FeatureMask(f0=True, f1=True, f2=True, f3=True, f4=False, f5=True, f6=True, f7=False, f8=False, f9=True, f10=False, f11=True, f12=True)",0.9560467326267378
72.641,"FeatureMask(f0=True, f1=True, f2=True, f3=True, f4=False, f5=True, f6=True, f7=False, f8=False, f9=True, f10=False, f11=True, f12=True)",0.9560467326267378
72.641,"FeatureMask(f0=True, f1=True, f2=True, f3=True, f4=False, f5=True, f6=True, f7=False, f8=False, f9=True, f10=False, f11=True, f12=True)",0.9560467326267378
72.71900000000001,"FeatureMask(f0=True, f1=True, f2=True, f3=True, f4=False, f5=True, f6=True, f7=False, f8=False, f9=True, f10=False, f11=True, f12=True)",0.9560467326267378
72.828,"FeatureMask(f0=True, f1=True, f2=True, f3=True, f4=False, f5=True, f6=True, f7=False, f8=False, f9=True, f10=False, f11=True, f12=True)",0.9560467326267378
72.828,"FeatureMask(f0=True, f1=True, f2=True, f3=True, f4=False, f5=True, f6=True, f7=False, f8=False, f9=True, f10=False, f11=True, f12=True)",0.9560467326267378
72.828,"FeatureMask(f0=True, f1=True, f2=True, f3=True, f4=False, f5=True, f6=True, f7=False, f8=False, f9=True, f10=False, f11=True, f12=True)",0.9560467326267378
72.828,"FeatureMask(f0=True, f1=True, f2=True, f3=True, f4=False, f5=True, f6=True, f7=False, f8=False, f9=True, f10=False, f11=True, f12=True)",0.9560467326267378
72.828,"FeatureMask(f0=True, f1=True, f2=True, f3=True, f4=False, f5=True, f6=True, f7=False, f8=False, f9=True, f10=False, f11=True, f12=True)",0.9560467326267378
72.828,"FeatureMask(f0=True, f1=True, f2=True, f3=True, f4=False, f5=True, f6=True, f7=False, f8=False, f9=True, f10=False, f11=True, f12=True)",0.9560467326267378
72.828,"FeatureMask(f0=True, f1=True, f2=True, f3=True, f4=False, f5=True, f6=True, f7=False, f8=False, f9=True, f10=False, f11=True, f12=True)",0.9560467326267378
72.828,"FeatureMask(f0=True, f1=True, f2=True, f3=True, f4=False, f5=True, f6=True, f7=False, f8=False, f9=True, f10=False, f11=True, f12=True)",0.9560467326267378
72.828,"FeatureMask(f0=True, f1=True, f2=True, f3=True, f4=False, f5=True, f6=True, f7=False, f8=False, f9=True, f10=False, f11=True, f12=True)",0.9560467326267378
72.828,"FeatureMask(f0=True, f1=True, f2=True, f3=True, f4=False, f5=True, f6=True, f7=False, f8=False, f9=True, f10=False, f11=True, f12=True)",0.9560467326267378
73.016,"FeatureMask(f0=True, f1=True, f2=True, f3=True, f4=False, f5=True, f6=True, f7=False, f8=False, f9=True, f10=False, f11=True, f12=True)",0.9560467326267378
73.016,"FeatureMask(f0=True, f1=True, f2=True, f3=True, f4=False, f5=True, f6=True, f7=False, f8=False, f9=True, f10=False, f11=True, f12=True)",0.9560467326267378
73.016,"FeatureMask(f0=True, f1=True, f2=True, f3=True, f4=False, f5=True, f6=True, f7=False, f8=False, f9=True, f10=False, f11=True, f12=True)",0.9560467326267378
73.016,"FeatureMask(f0=True, f1=True, f2=True, f3=True, f4=False, f5=True, f6=True, f7=False, f8=False, f9=True, f10=False, f11=True, f12=True)",0.9560467326267378
73.016,"FeatureMask(f0=True, f1=True, f2=True, f3=True, f4=False, f5=True, f6=True, f7=False, f8=False, f9=True, f10=False, f11=True, f12=True)",0.9560467326267378
73.016,"FeatureMask(f0=True, f1=True, f2=True, f3=True, f4=False, f5=True, f6=True, f7=False, f8=False, f9=True, f10=False, f11=True, f12=True)",0.9560467326267378
73.016,"FeatureMask(f0=True, f1=True, f2=True, f3=True, f4=False, f5=True, f6=True, f7=False, f8=False, f9=True, f10=False, f11=True, f12=True)",0.9560467326267378
73.016,"FeatureMask(f0=True, f1=True, f2=True, f3=True, f4=False, f5=True, f6=True, f7=False, f8=False, f9=True, f10=False, f11=True, f12=True)",0.9560467326267378
73.016,"FeatureMask(f0=True, f1=True, f2=True, f3=True, f4=False, f5=True, f6=True, f7=False, f8=False, f9=True, f10=False, f11=True, f12=True)",0.9560467326267378
73.016,"FeatureMask(f0=True, f1=True, f2=True, f3=True, f4=False, f5=True, f6=True, f7=False, f8=False, f9=True, f10=False, f11=True, f12=True)",0.9560467326267378
73.17200000000001,"FeatureMask(f0=True, f1=True, f2=True, f3=True, f4=False, f5=True, f6=True, f7=False, f8=False, f9=True, f10=False, f11=True, f12=True)",0.9560467326267378
73.17200000000001,"FeatureMask(f0=True, f1=True, f2=True, f3=True, f4=False, f5=True, f6=True, f7=False, f8=False, f9=True, f10=False, f11=True, f12=True)",0.9560467326267378
73.17200000000001,"FeatureMask(f0=True, f1=True, f2=True, f3=True, f4=False, f5=True, f6=True, f7=False, f8=False, f9=True, f10=False, f11=True, f12=True)",0.9560467326267378
73.17200000000001,"FeatureMask(f0=True, f1=True, f2=True, f3=True, f4=False, f5=True, f6=True, f7=False, f8=False, f9=True, f10=False, f11=True, f12=True)",0.9560467326267378
73.17200000000001,"FeatureMask(f0=True, f1=True, f2=True, f3=True, f4=False, f5=True, f6=True, f7=False, f8=False, f9=True, f10=False, f11=True, f12=True)",0.9560467326267378
73.17200000000001,"FeatureMask(f0=True, f1=True, f2=True, f3=True, f4=False, f5=True, f6=True, f7=False, f8=False, f9=True, f10=False, f11=True, f12=True)",0.9560467326267378
73.17200000000001,"FeatureMask(f0=True, f1=True, f2=True, f3=True, f4=False, f5=True, f6=True, f7=False, f8=False, f9=True, f10=False, f11=True, f12=True)",0.9560467326267378
73.17200000000001,"FeatureMask(f0=True, f1=True, f2=True, f3=True, f4=False, f5=True, f6=True, f7=False, f8=False, f9=True, f10=False, f11=True, f12=True)",0.9560467326267378
73.17200000000001,"FeatureMask(f0=True, f1=True, f2=True, f3=True, f4=False, f5=True, f6=True, f7=False, f8=False, f9=True, f10=False, f11=True, f12=True)",0.9560467326267378
73.17200000000001,"FeatureMask(f0=True, f1=True, f2=True, f3=True, f4=False, f5=True, f6=True, f7=False, f8=False, f9=True, f10=False, f11=True, f12=True)",0.9560467326267378
73.375,"FeatureMask(f0=True, f1=True, f2=True, f3=True, f4=False, f5=True, f6=True, f7=False, f8=False, f9=True, f10=False, f11=True, f12=True)",0.9560467326267378
73.375,"FeatureMask(f0=True, f1=True, f2=True, f3=True, f4=False, f5=True, f6=True, f7=False, f8=False, f9=True, f10=False, f11=True, f12=True)",0.9560467326267378
73.375,"FeatureMask(f0=True, f1=True, f2=True, f3=True, f4=False, f5=True, f6=True, f7=False, f8=False, f9=True, f10=False, f11=True, f12=True)",0.9560467326267378
73.375,"FeatureMask(f0=True, f1=True, f2=True, f3=True, f4=False, f5=True, f6=True, f7=False, f8=False, f9=True, f10=False, f11=True, f12=True)",0.9560467326267378
73.375,"FeatureMask(f0=True, f1=True, f2=True, f3=True, f4=False, f5=True, f6=True, f7=False, f8=False, f9=True, f10=False, f11=True, f12=True)",0.9560467326267378
73.375,"FeatureMask(f0=True, f1=True, f2=True, f3=True, f4=False, f5=True, f6=True, f7=False, f8=False, f9=True, f10=False, f11=True, f12=True)",0.9560467326267378
73.375,"FeatureMask(f0=True, f1=True, f2=True, f3=True, f4=False, f5=True, f6=True, f7=False, f8=False, f9=True, f10=False, f11=True, f12=True)",0.9560467326267378
73.375,"FeatureMask(f0=True, f1=True, f2=True, f3=True, f4=False, f5=True, f6=True, f7=False, f8=False, f9=True, f10=False, f11=True, f12=True)",0.9560467326267378
73.375,"FeatureMask(f0=True, f1=True, f2=True, f3=True, f4=False, f5=True, f6=True, f7=False, f8=False, f9=True, f10=False, f11=True, f12=True)",0.9560467326267378
73.375,"FeatureMask(f0=True, f1=True, f2=True, f3=True, f4=False, f5=True, f6=True, f7=False, f8=False, f9=True, f10=False, f11=True, f12=True)",0.9560467326267378
73.453,"FeatureMask(f0=True, f1=True, f2=True, f3=True, f4=False, f5=True, f6=True, f7=False, f8=False, f9=True, f10=False, f11=True, f12=True)",0.9560467326267378
73.54700000000001,"FeatureMask(f0=True, f1=True, f2=True, f3=True, f4=False, f5=True, f6=True, f7=False, f8=False, f9=True, f10=False, f11=True, f12=True)",0.9560467326267378
73.54700000000001,"FeatureMask(f0=True, f1=True, f2=True, f3=True, f4=False, f5=True, f6=True, f7=False, f8=False, f9=True, f10=False, f11=True, f12=True)",0.9560467326267378
73.54700000000001,"FeatureMask(f0=True, f1=True, f2=True, f3=True, f4=False, f5=True, f6=True, f7=False, f8=False, f9=True, f10=False, f11=True, f12=True)",0.9560467326267378
73.54700000000001,"FeatureMask(f0=True, f1=True, f2=True, f3=True, f4=False, f5=True, f6=True, f7=False, f8=False, f9=True, f10=False, f11=True, f12=True)",0.9560467326267378
73.54700000000001,"FeatureMask(f0=True, f1=True, f2=True, f3=True, f4=False, f5=True, f6=True, f7=False, f8=False, f9=True, f10=False, f11=True, f12=True)",0.9560467326267378
73.54700000000001,"FeatureMask(f0=True, f1=True, f2=True, f3=True, f4=False, f5=True, f6=True, f7=False, f8=False, f9=True, f10=False, f11=True, f12=True)",0.9560467326267378
73.54700000000001,"FeatureMask(f0=True, f1=True, f2=True, f3=True, f4=False, f5=True, f6=True, f7=False, f8=False, f9=True, f10=False, f11=True, f12=True)",0.9560467326267378
73.54700000000001,"FeatureMask(f0=True, f1=True, f2=True, f3=True, f4=False, f5=True, f6=True, f7=False, f8=False, f9=True, f10=False, f11=True, f12=True)",0.9560467326267378
73.54700000000001,"FeatureMask(f0=True, f1=True, f2=True, f3=True, f4=False, f5=True, f6=True, f7=False, f8=False, f9=True, f10=False, f11=True, f12=True)",0.9560467326267378
73.54700000000001,"FeatureMask(f0=True, f1=True, f2=True, f3=True, f4=False, f5=True, f6=True, f7=False, f8=False, f9=True, f10=False, f11=True, f12=True)",0.9560467326267378
73.735,"FeatureMask(f0=True, f1=True, f2=True, f3=True, f4=False, f5=True, f6=True, f7=False, f8=False, f9=True, f10=False, f11=True, f12=True)",0.9560467326267378
73.735,"FeatureMask(f0=True, f1=True, f2=True, f3=True, f4=False, f5=True, f6=True, f7=False, f8=False, f9=True, f10=False, f11=True, f12=True)",0.9560467326267378
73.735,"FeatureMask(f0=True, f1=True, f2=True, f3=True, f4=False, f5=True, f6=True, f7=False, f8=False, f9=True, f10=False, f11=True, f12=True)",0.9560467326267378
73.735,"FeatureMask(f0=True, f1=True, f2=True, f3=True, f4=False, f5=True, f6=True, f7=False, f8=False, f9=True, f10=False, f11=True, f12=True)",0.9560467326267378
73.735,"FeatureMask(f0=True, f1=True, f2=True, f3=True, f4=False, f5=True, f6=True, f7=False, f8=False, f9=True, f10=False, f11=True, f12=True)",0.9560467326267378
73.735,"FeatureMask(f0=True, f1=True, f2=True, f3=True, f4=False, f5=True, f6=True, f7=False, f8=False, f9=True, f10=False, f11=True, f12=True)",0.9560467326267378
73.735,"FeatureMask(f0=True, f1=True, f2=True, f3=True, f4=False, f5=True, f6=True, f7=False, f8=False, f9=True, f10=False, f11=True, f12=True)",0.9560467326267378
73.735,"FeatureMask(f0=True, f1=True, f2=True, f3=True, f4=False, f5=True, f6=True, f7=False, f8=False, f9=True, f10=False, f11=True, f12=True)",0.9560467326267378
73.735,"FeatureMask(f0=True, f1=True, f2=True, f3=True, f4=False, f5=True, f6=True, f7=False, f8=False, f9=True, f10=False, f11=True, f12=True)",0.9560467326267378
73.735,"FeatureMask(f0=True, f1=True, f2=True, f3=True, f4=False, f5=True, f6=True, f7=False, f8=False, f9=True, f10=False, f11=True, f12=True)",0.9560467326267378
73.828,"FeatureMask(f0=True, f1=True, f2=True, f3=True, f4=False, f5=True, f6=True, f7=False, f8=False, f9=True, f10=False, f11=True, f12=True)",0.9560467326267378
73.953,"FeatureMask(f0=True, f1=True, f2=True, f3=True, f4=False, f5=True, f6=True, f7=False, f8=False, f9=True, f10=False, f11=True, f12=True)",0.9560467326267378
73.953,"FeatureMask(f0=True, f1=True, f2=True, f3=True, f4=False, f5=True, f6=True, f7=False, f8=False, f9=True, f10=False, f11=True, f12=True)",0.9560467326267378
73.953,"FeatureMask(f0=True, f1=True, f2=True, f3=True, f4=False, f5=True, f6=True, f7=False, f8=False, f9=True, f10=False, f11=True, f12=True)",0.9560467326267378
73.953,"FeatureMask(f0=True, f1=True, f2=True, f3=True, f4=False, f5=True, f6=True, f7=False, f8=False, f9=True, f10=False, f11=True, f12=True)",0.9560467326267378
73.953,"FeatureMask(f0=True, f1=True, f2=True, f3=True, f4=False, f5=True, f6=True, f7=False, f8=False, f9=True, f10=False, f11=True, f12=True)",0.9560467326267378
73.953,"FeatureMask(f0=True, f1=True, f2=True, f3=True, f4=False, f5=True, f6=True, f7=False, f8=False, f9=True, f10=False, f11=True, f12=True)",0.9560467326267378
73.953,"FeatureMask(f0=True, f1=True, f2=True, f3=True, f4=False, f5=True, f6=True, f7=False, f8=False, f9=True, f10=False, f11=True, f12=True)",0.9560467326267378
73.953,"FeatureMask(f0=True, f1=True, f2=True, f3=True, f4=False, f5=True, f6=True, f7=False, f8=False, f9=True, f10=False, f11=True, f12=True)",0.9560467326267378
73.953,"FeatureMask(f0=True, f1=True, f2=True, f3=True, f4=False, f5=True, f6=True, f7=False, f8=False, f9=True, f10=False, f11=True, f12=True)",0.9560467326267378
73.953,"FeatureMask(f0=True, f1=True, f2=True, f3=True, f4=False, f5=True, f6=True, f7=False, f8=False, f9=True, f10=False, f11=True, f12=True)",0.9560467326267378
74.04700000000001,"FeatureMask(f0=True, f1=True, f2=True, f3=True, f4=False, f5=True, f6=True, f7=False, f8=False, f9=True, f10=False, f11=True, f12=True)",0.9560467326267378
74.141,"FeatureMask(f0=True, f1=True, f2=True, f3=True, f4=False, f5=True, f6=True, f7=False, f8=False, f9=True, f10=False, f11=True, f12=True)",0.9560467326267378
74.141,"FeatureMask(f0=True, f1=True, f2=True, f3=True, f4=False, f5=True, f6=True, f7=False, f8=False, f9=True, f10=False, f11=True, f12=True)",0.9560467326267378
74.141,"FeatureMask(f0=True, f1=True, f2=True, f3=True, f4=False, f5=True, f6=True, f7=False, f8=False, f9=True, f10=False, f11=True, f12=True)",0.9560467326267378
74.141,"FeatureMask(f0=True, f1=True, f2=True, f3=True, f4=False, f5=True, f6=True, f7=False, f8=False, f9=True, f10=False, f11=True, f12=True)",0.9560467326267378
74.141,"FeatureMask(f0=True, f1=True, f2=True, f3=True, f4=False, f5=True, f6=True, f7=False, f8=False, f9=True, f10=False, f11=True, f12=True)",0.9560467326267378
74.141,"FeatureMask(f0=True, f1=True, f2=True, f3=True, f4=False, f5=True, f6=True, f7=False, f8=False, f9=True, f10=False, f11=True, f12=True)",0.9560467326267378
74.141,"FeatureMask(f0=True, f1=True, f2=True, f3=True, f4=False, f5=True, f6=True, f7=False, f8=False, f9=True, f10=False, f11=True, f12=True)",0.9560467326267378
74.141,"FeatureMask(f0=True, f1=True, f2=True, f3=True, f4=False, f5=True, f6=True, f7=False, f8=False, f9=True, f10=False, f11=True, f12=True)",0.9560467326267378
74.141,"FeatureMask(f0=True, f1=True, f2=True, f3=True, f4=False, f5=True, f6=True, f7=False, f8=False, f9=True, f10=False, f11=True, f12=True)",0.9560467326267378
74.141,"FeatureMask(f0=True, f1=True, f2=True, f3=True, f4=False, f5=True, f6=True, f7=False, f8=False, f9=True, f10=False, f11=True, f12=True)",0.9560467326267378
74.34400000000001,"FeatureMask(f0=True, f1=True, f2=True, f3=True, f4=False, f5=True, f6=True, f7=False, f8=False, f9=True, f10=False, f11=True, f12=True)",0.9560467326267378
74.34400000000001,"FeatureMask(f0=True, f1=True, f2=True, f3=True, f4=False, f5=True, f6=True, f7=False, f8=False, f9=True, f10=False, f11=True, f12=True)",0.9560467326267378
74.34400000000001,"FeatureMask(f0=True, f1=True, f2=True, f3=True, f4=False, f5=True, f6=True, f7=False, f8=False, f9=True, f10=False, f11=True, f12=True)",0.9560467326267378
74.34400000000001,"FeatureMask(f0=True, f1=True, f2=True, f3=True, f4=False, f5=True, f6=True, f7=False, f8=False, f9=True, f10=False, f11=True, f12=True)",0.9560467326267378
74.34400000000001,"FeatureMask(f0=True, f1=True, f2=True, f3=True, f4=False, f5=True, f6=True, f7=False, f8=False, f9=True, f10=False, f11=True, f12=True)",0.9560467326267378
74.34400000000001,"FeatureMask(f0=True, f1=True, f2=True, f3=True, f4=False, f5=True, f6=True, f7=False, f8=False, f9=True, f10=False, f11=True, f12=True)",0.9560467326267378
74.34400000000001,"FeatureMask(f0=True, f1=True, f2=True, f3=True, f4=False, f5=True, f6=True, f7=False, f8=False, f9=True, f10=False, f11=True, f12=True)",0.9560467326267378
74.34400000000001,"FeatureMask(f0=True, f1=True, f2=True, f3=True, f4=False, f5=True, f6=True, f7=False, f8=False, f9=True, f10=False, f11=True, f12=True)",0.9560467326267378
74.34400000000001,"FeatureMask(f0=True, f1=True, f2=True, f3=True, f4=False, f5=True, f6=True, f7=False, f8=False, f9=True, f10=False, f11=True, f12=True)",0.9560467326267378
74.34400000000001,"FeatureMask(f0=True, f1=True, f2=True, f3=True, f4=False, f5=True, f6=True, f7=False, f8=False, f9=True, f10=False, f11=True, f12=True)",0.9560467326267378
74.563,"FeatureMask(f0=True, f1=True, f2=True, f3=True, f4=False, f5=True, f6=True, f7=False, f8=False, f9=True, f10=False, f11=True, f12=True)",0.9560467326267378
74.563,"FeatureMask(f0=True, f1=True, f2=True, f3=True, f4=False, f5=True, f6=True, f7=False, f8=False, f9=True, f10=False, f11=True, f12=True)",0.9560467326267378
74.563,"FeatureMask(f0=True, f1=True, f2=True, f3=True, f4=False, f5=True, f6=True, f7=False, f8=False, f9=True, f10=False, f11=True, f12=True)",0.9560467326267378
74.563,"FeatureMask(f0=True, f1=True, f2=True, f3=True, f4=False, f5=True, f6=True, f7=False, f8=False, f9=True, f10=False, f11=True, f12=True)",0.9560467326267378
74.563,"FeatureMask(f0=True, f1=True, f2=True, f3=True, f4=False, f5=True, f6=True, f7=False, f8=False, f9=True, f10=False, f11=True, f12=True)",0.9560467326267378
74.563,"FeatureMask(f0=True, f1=True, f2=True, f3=True, f4=False, f5=True, f6=True, f7=False, f8=False, f9=True, f10=False, f11=True, f12=True)",0.9560467326267378
74.563,"FeatureMask(f0=True, f1=True, f2=True, f3=True, f4=False, f5=True, f6=True, f7=False, f8=False, f9=True, f10=False, f11=True, f12=True)",0.9560467326267378
74.563,"FeatureMask(f0=True, f1=True, f2=True, f3=True, f4=False, f5=True, f6=True, f7=False, f8=False, f9=True, f10=False, f11=True, f12=True)",0.9560467326267378
74.563,"FeatureMask(f0=True, f1=True, f2=True, f3=True, f4=False, f5=True, f6=True, f7=False, f8=False, f9=True, f10=False, f11=True, f12=True)",0.9560467326267378
74.563,"FeatureMask(f0=True, f1=True, f2=True, f3=True, f4=False, f5=True, f6=True, f7=False, f8=False, f9=True, f10=False, f11=True, f12=True)",0.9560467326267378
74.65700000000001,"FeatureMask(f0=True, f1=True, f2=True, f3=True, f4=False, f5=True, f6=True, f7=False, f8=False, f9=True, f10=False, f11=True, f12=True)",0.9560467326267378
74.75,"FeatureMask(f0=True, f1=True, f2=True, f3=True, f4=False, f5=True, f6=True, f7=False, f8=False, f9=True, f10=False, f11=True, f12=True)",0.9560467326267378
74.75,"FeatureMask(f0=True, f1=True, f2=True, f3=True, f4=False, f5=True, f6=True, f7=False, f8=False, f9=True, f10=False, f11=True, f12=True)",0.9560467326267378
74.75,"FeatureMask(f0=True, f1=True, f2=True, f3=True, f4=False, f5=True, f6=True, f7=False, f8=False, f9=True, f10=False, f11=True, f12=True)",0.9560467326267378
74.75,"FeatureMask(f0=True, f1=True, f2=True, f3=True, f4=False, f5=True, f6=True, f7=False, f8=False, f9=True, f10=False, f11=True, f12=True)",0.9560467326267378
74.75,"FeatureMask(f0=True, f1=True, f2=True, f3=True, f4=False, f5=True, f6=True, f7=False, f8=False, f9=True, f10=False, f11=True, f12=True)",0.9560467326267378
74.75,"FeatureMask(f0=True, f1=True, f2=True, f3=True, f4=False, f5=True, f6=True, f7=False, f8=False, f9=True, f10=False, f11=True, f12=True)",0.9560467326267378
74.75,"FeatureMask(f0=True, f1=True, f2=True, f3=True, f4=False, f5=True, f6=True, f7=False, f8=False, f9=True, f10=False, f11=True, f12=True)",0.9560467326267378
74.75,"FeatureMask(f0=True, f1=True, f2=True, f3=True, f4=False, f5=True, f6=True, f7=False, f8=False, f9=True, f10=False, f11=True, f12=True)",0.9560467326267378
74.75,"FeatureMask(f0=True, f1=True, f2=True, f3=True, f4=False, f5=True, f6=True, f7=False, f8=False, f9=True, f10=False, f11=True, f12=True)",0.9560467326267378
74.75,"FeatureMask(f0=True, f1=True, f2=True, f3=True, f4=False, f5=True, f6=True, f7=False, f8=False, f9=True, f10=False, f11=True, f12=True)",0.9560467326267378
74.84400000000001,"FeatureMask(f0=True, f1=True, f2=True, f3=True, f4=False, f5=True, f6=True, f7=False, f8=False, f9=True, f10=False, f11=True, f12=True)",0.9560467326267378
74.84400000000001,"FeatureMask(f0=True, f1=True, f2=True, f3=True, f4=False, f5=True, f6=True, f7=False, f8=False, f9=True, f10=False, f11=True, f12=True)",0.9560467326267378
74.953,"FeatureMask(f0=True, f1=True, f2=True, f3=True, f4=False, f5=True, f6=True, f7=False, f8=False, f9=True, f10=False, f11=True, f12=True)",0.9560467326267378
74.953,"FeatureMask(f0=True, f1=True, f2=True, f3=True, f4=False, f5=True, f6=True, f7=False, f8=False, f9=True, f10=False, f11=True, f12=True)",0.9560467326267378
74.953,"FeatureMask(f0=True, f1=True, f2=True, f3=True, f4=False, f5=True, f6=True, f7=False, f8=False, f9=True, f10=False, f11=True, f12=True)",0.9560467326267378
74.953,"FeatureMask(f0=True, f1=True, f2=True, f3=True, f4=False, f5=True, f6=True, f7=False, f8=False, f9=True, f10=False, f11=True, f12=True)",0.9560467326267378
74.953,"FeatureMask(f0=True, f1=True, f2=True, f3=True, f4=False, f5=True, f6=True, f7=False, f8=False, f9=True, f10=False, f11=True, f12=True)",0.9560467326267378
74.953,"FeatureMask(f0=True, f1=True, f2=True, f3=True, f4=False, f5=True, f6=True, f7=False, f8=False, f9=True, f10=False, f11=True, f12=True)",0.9560467326267378
74.953,"FeatureMask(f0=True, f1=True, f2=True, f3=True, f4=False, f5=True, f6=True, f7=False, f8=False, f9=True, f10=False, f11=True, f12=True)",0.9560467326267378
74.953,"FeatureMask(f0=True, f1=True, f2=True, f3=True, f4=False, f5=True, f6=True, f7=False, f8=False, f9=True, f10=False, f11=True, f12=True)",0.9560467326267378
74.953,"FeatureMask(f0=True, f1=True, f2=True, f3=True, f4=False, f5=True, f6=True, f7=False, f8=False, f9=True, f10=False, f11=True, f12=True)",0.9560467326267378
74.953,"FeatureMask(f0=True, f1=True, f2=True, f3=True, f4=False, f5=True, f6=True, f7=False, f8=False, f9=True, f10=False, f11=True, f12=True)",0.9560467326267378
75.04700000000001,"FeatureMask(f0=True, f1=True, f2=True, f3=True, f4=False, f5=True, f6=True, f7=False, f8=False, f9=True, f10=False, f11=True, f12=True)",0.9560467326267378
75.04700000000001,"FeatureMask(f0=True, f1=True, f2=True, f3=True, f4=False, f5=True, f6=True, f7=False, f8=False, f9=True, f10=False, f11=True, f12=True)",0.9560467326267378
75.17200000000001,"FeatureMask(f0=True, f1=True, f2=True, f3=True, f4=False, f5=True, f6=True, f7=False, f8=False, f9=True, f10=False, f11=True, f12=True)",0.9560467326267378
75.17200000000001,"FeatureMask(f0=True, f1=True, f2=True, f3=True, f4=False, f5=True, f6=True, f7=False, f8=False, f9=True, f10=False, f11=True, f12=True)",0.9560467326267378
75.17200000000001,"FeatureMask(f0=True, f1=True, f2=True, f3=True, f4=False, f5=True, f6=True, f7=False, f8=False, f9=True, f10=False, f11=True, f12=True)",0.9560467326267378
75.17200000000001,"FeatureMask(f0=True, f1=True, f2=True, f3=True, f4=False, f5=True, f6=True, f7=False, f8=False, f9=True, f10=False, f11=True, f12=True)",0.9560467326267378
75.17200000000001,"FeatureMask(f0=True, f1=True, f2=True, f3=True, f4=False, f5=True, f6=True, f7=False, f8=False, f9=True, f10=False, f11=True, f12=True)",0.9560467326267378
75.17200000000001,"FeatureMask(f0=True, f1=True, f2=True, f3=True, f4=False, f5=True, f6=True, f7=False, f8=False, f9=True, f10=False, f11=True, f12=True)",0.9560467326267378
75.17200000000001,"FeatureMask(f0=True, f1=True, f2=True, f3=True, f4=False, f5=True, f6=True, f7=False, f8=False, f9=True, f10=False, f11=True, f12=True)",0.9560467326267378
75.17200000000001,"FeatureMask(f0=True, f1=True, f2=True, f3=True, f4=False, f5=True, f6=True, f7=False, f8=False, f9=True, f10=False, f11=True, f12=True)",0.9560467326267378
75.17200000000001,"FeatureMask(f0=True, f1=True, f2=True, f3=True, f4=False, f5=True, f6=True, f7=False, f8=False, f9=True, f10=False, f11=True, f12=True)",0.9560467326267378
75.17200000000001,"FeatureMask(f0=True, f1=True, f2=True, f3=True, f4=False, f5=True, f6=True, f7=False, f8=False, f9=True, f10=False, f11=True, f12=True)",0.9560467326267378
75.375,"FeatureMask(f0=True, f1=True, f2=True, f3=True, f4=False, f5=True, f6=True, f7=False, f8=False, f9=True, f10=False, f11=True, f12=True)",0.9560467326267378
75.375,"FeatureMask(f0=True, f1=True, f2=True, f3=True, f4=False, f5=True, f6=True, f7=False, f8=False, f9=True, f10=False, f11=True, f12=True)",0.9560467326267378
75.375,"FeatureMask(f0=True, f1=True, f2=True, f3=True, f4=False, f5=True, f6=True, f7=False, f8=False, f9=True, f10=False, f11=True, f12=True)",0.9560467326267378
75.375,"FeatureMask(f0=True, f1=True, f2=True, f3=True, f4=False, f5=True, f6=True, f7=False, f8=False, f9=True, f10=False, f11=True, f12=True)",0.9560467326267378
75.375,"FeatureMask(f0=True, f1=True, f2=True, f3=True, f4=False, f5=True, f6=True, f7=False, f8=False, f9=True, f10=False, f11=True, f12=True)",0.9560467326267378
75.375,"FeatureMask(f0=True, f1=True, f2=True, f3=True, f4=False, f5=True, f6=True, f7=False, f8=False, f9=True, f10=False, f11=True, f12=True)",0.9560467326267378
75.375,"FeatureMask(f0=True, f1=True, f2=True, f3=True, f4=False, f5=True, f6=True, f7=False, f8=False, f9=True, f10=False, f11=True, f12=True)",0.9560467326267378
75.375,"FeatureMask(f0=True, f1=True, f2=True, f3=True, f4=False, f5=True, f6=True, f7=False, f8=False, f9=True, f10=False, f11=True, f12=True)",0.9560467326267378
75.375,"FeatureMask(f0=True, f1=True, f2=True, f3=True, f4=False, f5=True, f6=True, f7=False, f8=False, f9=True, f10=False, f11=True, f12=True)",0.9560467326267378
75.375,"FeatureMask(f0=True, f1=True, f2=True, f3=True, f4=False, f5=True, f6=True, f7=False, f8=False, f9=True, f10=False, f11=True, f12=True)",0.9560467326267378
75.563,"FeatureMask(f0=True, f1=True, f2=True, f3=True, f4=False, f5=True, f6=True, f7=False, f8=False, f9=True, f10=False, f11=True, f12=True)",0.9560467326267378
75.563,"FeatureMask(f0=True, f1=True, f2=True, f3=True, f4=False, f5=True, f6=True, f7=False, f8=False, f9=True, f10=False, f11=True, f12=True)",0.9560467326267378
75.563,"FeatureMask(f0=True, f1=True, f2=True, f3=True, f4=False, f5=True, f6=True, f7=False, f8=False, f9=True, f10=False, f11=True, f12=True)",0.9560467326267378
75.563,"FeatureMask(f0=True, f1=True, f2=True, f3=True, f4=False, f5=True, f6=True, f7=False, f8=False, f9=True, f10=False, f11=True, f12=True)",0.9560467326267378
75.563,"FeatureMask(f0=True, f1=True, f2=True, f3=True, f4=False, f5=True, f6=True, f7=False, f8=False, f9=True, f10=False, f11=True, f12=True)",0.9560467326267378
75.563,"FeatureMask(f0=True, f1=True, f2=True, f3=True, f4=False, f5=True, f6=True, f7=False, f8=False, f9=True, f10=False, f11=True, f12=True)",0.9560467326267378
75.578,"FeatureMask(f0=True, f1=True, f2=True, f3=True, f4=False, f5=True, f6=True, f7=False, f8=False, f9=True, f10=False, f11=True, f12=True)",0.9560467326267378
75.578,"FeatureMask(f0=True, f1=True, f2=True, f3=True, f4=False, f5=True, f6=True, f7=False, f8=False, f9=True, f10=False, f11=True, f12=True)",0.9560467326267378
75.578,"FeatureMask(f0=True, f1=True, f2=True, f3=True, f4=False, f5=True, f6=True, f7=False, f8=False, f9=True, f10=False, f11=True, f12=True)",0.9560467326267378
75.578,"FeatureMask(f0=True, f1=True, f2=True, f3=True, f4=False, f5=True, f6=True, f7=False, f8=False, f9=True, f10=False, f11=True, f12=True)",0.9560467326267378
75.65700000000001,"FeatureMask(f0=True, f1=True, f2=True, f3=True, f4=False, f5=True, f6=True, f7=False, f8=False, f9=True, f10=False, f11=True, f12=True)",0.9560467326267378
75.766,"FeatureMask(f0=True, f1=True, f2=True, f3=True, f4=False, f5=True, f6=True, f7=False, f8=False, f9=True, f10=False, f11=True, f12=True)",0.9560467326267378
75.766,"FeatureMask(f0=True, f1=True, f2=True, f3=True, f4=False, f5=True, f6=True, f7=False, f8=False, f9=True, f10=False, f11=True, f12=True)",0.9560467326267378
75.766,"FeatureMask(f0=True, f1=True, f2=True, f3=True, f4=False, f5=True, f6=True, f7=False, f8=False, f9=True, f10=False, f11=True, f12=True)",0.9560467326267378
75.766,"FeatureMask(f0=True, f1=True, f2=True, f3=True, f4=False, f5=True, f6=True, f7=False, f8=False, f9=True, f10=False, f11=True, f12=True)",0.9560467326267378
75.766,"FeatureMask(f0=True, f1=True, f2=True, f3=True, f4=False, f5=True, f6=True, f7=False, f8=False, f9=True, f10=False, f11=True, f12=True)",0.9560467326267378
75.766,"FeatureMask(f0=True, f1=True, f2=True, f3=True, f4=False, f5=True, f6=True, f7=False, f8=False, f9=True, f10=False, f11=True, f12=True)",0.9560467326267378
75.766,"FeatureMask(f0=True, f1=True, f2=True, f3=True, f4=False, f5=True, f6=True, f7=False, f8=False, f9=True, f10=False, f11=True, f12=True)",0.9560467326267378
75.766,"FeatureMask(f0=True, f1=True, f2=True, f3=True, f4=False, f5=True, f6=True, f7=False, f8=False, f9=True, f10=False, f11=True, f12=True)",0.9560467326267378
75.766,"FeatureMask(f0=True, f1=True, f2=True, f3=True, f4=False, f5=True, f6=True, f7=False, f8=False, f9=True, f10=False, f11=True, f12=True)",0.9560467326267378
75.766,"FeatureMask(f0=True, f1=True, f2=True, f3=True, f4=False, f5=True, f6=True, f7=False, f8=False, f9=True, f10=False, f11=True, f12=True)",0.9560467326267378
75.985,"FeatureMask(f0=True, f1=True, f2=True, f3=True, f4=False, f5=True, f6=True, f7=False, f8=False, f9=True, f10=False, f11=True, f12=True)",0.9560467326267378
75.985,"FeatureMask(f0=True, f1=True, f2=True, f3=True, f4=False, f5=True, f6=True, f7=False, f8=False, f9=True, f10=False, f11=True, f12=True)",0.9560467326267378
75.985,"FeatureMask(f0=True, f1=True, f2=True, f3=True, f4=False, f5=True, f6=True, f7=False, f8=False, f9=True, f10=False, f11=True, f12=True)",0.9560467326267378
75.985,"FeatureMask(f0=True, f1=True, f2=True, f3=True, f4=False, f5=True, f6=True, f7=False, f8=False, f9=True, f10=False, f11=True, f12=True)",0.9560467326267378
75.985,"FeatureMask(f0=True, f1=True, f2=True, f3=True, f4=False, f5=True, f6=True, f7=False, f8=False, f9=True, f10=False, f11=True, f12=True)",0.9560467326267378
75.985,"FeatureMask(f0=True, f1=True, f2=True, f3=True, f4=False, f5=True, f6=True, f7=False, f8=False, f9=True, f10=False, f11=True, f12=True)",0.9560467326267378
75.985,"FeatureMask(f0=True, f1=True, f2=True, f3=True, f4=False, f5=True, f6=True, f7=False, f8=False, f9=True, f10=False, f11=True, f12=True)",0.9560467326267378
75.985,"FeatureMask(f0=True, f1=True, f2=True, f3=True, f4=False, f5=True, f6=True, f7=False, f8=False, f9=True, f10=False, f11=True, f12=True)",0.9560467326267378
75.985,"FeatureMask(f0=True, f1=True, f2=True, f3=True, f4=False, f5=True, f6=True, f7=False, f8=False, f9=True, f10=False, f11=True, f12=True)",0.9560467326267378
75.985,"FeatureMask(f0=True, f1=True, f2=True, f3=True, f4=False, f5=True, f6=True, f7=False, f8=False, f9=True, f10=False, f11=True, f12=True)",0.9560467326267378
76.188,"FeatureMask(f0=True, f1=True, f2=True, f3=True, f4=False, f5=True, f6=True, f7=False, f8=False, f9=True, f10=False, f11=True, f12=True)",0.9560467326267378
76.188,"FeatureMask(f0=True, f1=True, f2=True, f3=True, f4=False, f5=True, f6=True, f7=False, f8=False, f9=True, f10=False, f11=True, f12=True)",0.9560467326267378
76.188,"FeatureMask(f0=True, f1=True, f2=True, f3=True, f4=False, f5=True, f6=True, f7=False, f8=False, f9=True, f10=False, f11=True, f12=True)",0.9560467326267378
76.188,"FeatureMask(f0=True, f1=True, f2=True, f3=True, f4=False, f5=True, f6=True, f7=False, f8=False, f9=True, f10=False, f11=True, f12=True)",0.9560467326267378
76.188,"FeatureMask(f0=True, f1=True, f2=True, f3=True, f4=False, f5=True, f6=True, f7=False, f8=False, f9=True, f10=False, f11=True, f12=True)",0.9560467326267378
76.188,"FeatureMask(f0=True, f1=True, f2=True, f3=True, f4=False, f5=True, f6=True, f7=False, f8=False, f9=True, f10=False, f11=True, f12=True)",0.9560467326267378
76.188,"FeatureMask(f0=True, f1=True, f2=True, f3=True, f4=False, f5=True, f6=True, f7=False, f8=False, f9=True, f10=False, f11=True, f12=True)",0.9560467326267378
76.188,"FeatureMask(f0=True, f1=True, f2=True, f3=True, f4=False, f5=True, f6=True, f7=False, f8=False, f9=True, f10=False, f11=True, f12=True)",0.9560467326267378
76.188,"FeatureMask(f0=True, f1=True, f2=True, f3=True, f4=False, f5=True, f6=True, f7=False, f8=False, f9=True, f10=False, f11=True, f12=True)",0.9560467326267378
76.188,"FeatureMask(f0=True, f1=True, f2=True, f3=True, f4=False, f5=True, f6=True, f7=False, f8=False, f9=True, f10=False, f11=True, f12=True)",0.9560467326267378
76.375,"FeatureMask(f0=True, f1=True, f2=True, f3=True, f4=False, f5=True, f6=True, f7=False, f8=False, f9=True, f10=False, f11=True, f12=True)",0.9560467326267378
76.375,"FeatureMask(f0=True, f1=True, f2=True, f3=True, f4=False, f5=True, f6=True, f7=False, f8=False, f9=True, f10=False, f11=True, f12=True)",0.9560467326267378
76.375,"FeatureMask(f0=True, f1=True, f2=True, f3=True, f4=False, f5=True, f6=True, f7=False, f8=False, f9=True, f10=False, f11=True, f12=True)",0.9560467326267378
76.375,"FeatureMask(f0=True, f1=True, f2=True, f3=True, f4=False, f5=True, f6=True, f7=False, f8=False, f9=True, f10=False, f11=True, f12=True)",0.9560467326267378
76.375,"FeatureMask(f0=True, f1=True, f2=True, f3=True, f4=False, f5=True, f6=True, f7=False, f8=False, f9=True, f10=False, f11=True, f12=True)",0.9560467326267378
76.375,"FeatureMask(f0=True, f1=True, f2=True, f3=True, f4=False, f5=True, f6=True, f7=False, f8=False, f9=True, f10=False, f11=True, f12=True)",0.9560467326267378
76.375,"FeatureMask(f0=True, f1=True, f2=True, f3=True, f4=False, f5=True, f6=True, f7=False, f8=False, f9=True, f10=False, f11=True, f12=True)",0.9560467326267378
76.375,"FeatureMask(f0=True, f1=True, f2=True, f3=True, f4=False, f5=True, f6=True, f7=False, f8=False, f9=True, f10=False, f11=True, f12=True)",0.9560467326267378
76.375,"FeatureMask(f0=True, f1=True, f2=True, f3=True, f4=False, f5=True, f6=True, f7=False, f8=False, f9=True, f10=False, f11=True, f12=True)",0.9560467326267378
76.375,"FeatureMask(f0=True, f1=True, f2=True, f3=True, f4=False, f5=True, f6=True, f7=False, f8=False, f9=True, f10=False, f11=True, f12=True)",0.9560467326267378
76.46900000000001,"FeatureMask(f0=True, f1=True, f2=True, f3=True, f4=False, f5=True, f6=True, f7=False, f8=False, f9=True, f10=False, f11=True, f12=True)",0.9560467326267378
76.46900000000001,"FeatureMask(f0=True, f1=True, f2=True, f3=True, f4=False, f5=True, f6=True, f7=False, f8=False, f9=True, f10=False, f11=True, f12=True)",0.9560467326267378
76.578,"FeatureMask(f0=True, f1=True, f2=True, f3=True, f4=False, f5=True, f6=True, f7=False, f8=False, f9=True, f10=False, f11=True, f12=True)",0.9560467326267378
76.578,"FeatureMask(f0=True, f1=True, f2=True, f3=True, f4=False, f5=True, f6=True, f7=False, f8=False, f9=True, f10=False, f11=True, f12=True)",0.9560467326267378
76.578,"FeatureMask(f0=True, f1=True, f2=True, f3=True, f4=False, f5=True, f6=True, f7=False, f8=False, f9=True, f10=False, f11=True, f12=True)",0.9560467326267378
76.578,"FeatureMask(f0=True, f1=True, f2=True, f3=True, f4=False, f5=True, f6=True, f7=False, f8=False, f9=True, f10=False, f11=True, f12=True)",0.9560467326267378
76.578,"FeatureMask(f0=True, f1=True, f2=True, f3=True, f4=False, f5=True, f6=True, f7=False, f8=False, f9=True, f10=False, f11=True, f12=True)",0.9560467326267378
76.578,"FeatureMask(f0=True, f1=True, f2=True, f3=True, f4=False, f5=True, f6=True, f7=False, f8=False, f9=True, f10=False, f11=True, f12=True)",0.9560467326267378
76.578,"FeatureMask(f0=True, f1=True, f2=True, f3=True, f4=False, f5=True, f6=True, f7=False, f8=False, f9=True, f10=False, f11=True, f12=True)",0.9560467326267378
76.578,"FeatureMask(f0=True, f1=True, f2=True, f3=True, f4=False, f5=True, f6=True, f7=False, f8=False, f9=True, f10=False, f11=True, f12=True)",0.9560467326267378
76.578,"FeatureMask(f0=True, f1=True, f2=True, f3=True, f4=False, f5=True, f6=True, f7=False, f8=False, f9=True, f10=False, f11=True, f12=True)",0.9560467326267378
76.578,"FeatureMask(f0=True, f1=True, f2=True, f3=True, f4=False, f5=True, f6=True, f7=False, f8=False, f9=True, f10=False, f11=True, f12=True)",0.9560467326267378
76.75,"FeatureMask(f0=True, f1=True, f2=True, f3=True, f4=False, f5=True, f6=True, f7=False, f8=False, f9=True, f10=False, f11=True, f12=True)",0.9560467326267378
76.75,"FeatureMask(f0=True, f1=True, f2=True, f3=True, f4=False, f5=True, f6=True, f7=False, f8=False, f9=True, f10=False, f11=True, f12=True)",0.9560467326267378
76.75,"FeatureMask(f0=True, f1=True, f2=True, f3=True, f4=False, f5=True, f6=True, f7=False, f8=False, f9=True, f10=False, f11=True, f12=True)",0.9560467326267378
76.75,"FeatureMask(f0=True, f1=True, f2=True, f3=True, f4=False, f5=True, f6=True, f7=False, f8=False, f9=True, f10=False, f11=True, f12=True)",0.9560467326267378
76.75,"FeatureMask(f0=True, f1=True, f2=True, f3=True, f4=False, f5=True, f6=True, f7=False, f8=False, f9=True, f10=False, f11=True, f12=True)",0.9560467326267378
76.75,"FeatureMask(f0=True, f1=True, f2=True, f3=True, f4=False, f5=True, f6=True, f7=False, f8=False, f9=True, f10=False, f11=True, f12=True)",0.9560467326267378
76.75,"FeatureMask(f0=True, f1=True, f2=True, f3=True, f4=False, f5=True, f6=True, f7=False, f8=False, f9=True, f10=False, f11=True, f12=True)",0.9560467326267378
76.75,"FeatureMask(f0=True, f1=True, f2=True, f3=True, f4=False, f5=True, f6=True, f7=False, f8=False, f9=True, f10=False, f11=True, f12=True)",0.9560467326267378
76.75,"FeatureMask(f0=True, f1=True, f2=True, f3=True, f4=False, f5=True, f6=True, f7=False, f8=False, f9=True, f10=False, f11=True, f12=True)",0.9560467326267378
76.75,"FeatureMask(f0=True, f1=True, f2=True, f3=True, f4=False, f5=True, f6=True, f7=False, f8=False, f9=True, f10=False, f11=True, f12=True)",0.9560467326267378
76.938,"FeatureMask(f0=True, f1=True, f2=True, f3=True, f4=False, f5=True, f6=True, f7=False, f8=False, f9=True, f10=False, f11=True, f12=True)",0.9560467326267378
76.938,"FeatureMask(f0=True, f1=True, f2=True, f3=True, f4=False, f5=True, f6=True, f7=False, f8=False, f9=True, f10=False, f11=True, f12=True)",0.9560467326267378
76.938,"FeatureMask(f0=True, f1=True, f2=True, f3=True, f4=False, f5=True, f6=True, f7=False, f8=False, f9=True, f10=False, f11=True, f12=True)",0.9560467326267378
76.938,"FeatureMask(f0=True, f1=True, f2=True, f3=True, f4=False, f5=True, f6=True, f7=False, f8=False, f9=True, f10=False, f11=True, f12=True)",0.9560467326267378
76.938,"FeatureMask(f0=True, f1=True, f2=True, f3=True, f4=False, f5=True, f6=True, f7=False, f8=False, f9=True, f10=False, f11=True, f12=True)",0.9560467326267378
76.938,"FeatureMask(f0=True, f1=True, f2=True, f3=True, f4=False, f5=True, f6=True, f7=False, f8=False, f9=True, f10=False, f11=True, f12=True)",0.9560467326267378
76.938,"FeatureMask(f0=True, f1=True, f2=True, f3=True, f4=False, f5=True, f6=True, f7=False, f8=False, f9=True, f10=False, f11=True, f12=True)",0.9560467326267378
76.938,"FeatureMask(f0=True, f1=True, f2=True, f3=True, f4=False, f5=True, f6=True, f7=False, f8=False, f9=True, f10=False, f11=True, f12=True)",0.9560467326267378
76.938,"FeatureMask(f0=True, f1=True, f2=True, f3=True, f4=False, f5=True, f6=True, f7=False, f8=False, f9=True, f10=False, f11=True, f12=True)",0.9560467326267378
76.938,"FeatureMask(f0=True, f1=True, f2=True, f3=True, f4=False, f5=True, f6=True, f7=False, f8=False, f9=True, f10=False, f11=True, f12=True)",0.9560467326267378
77.03200000000001,"FeatureMask(f0=True, f1=True, f2=True, f3=True, f4=False, f5=True, f6=True, f7=False, f8=False, f9=True, f10=False, f11=True, f12=True)",0.9560467326267378
77.141,"FeatureMask(f0=True, f1=True, f2=True, f3=True, f4=False, f5=True, f6=True, f7=False, f8=False, f9=True, f10=False, f11=True, f12=True)",0.9560467326267378
77.141,"FeatureMask(f0=True, f1=True, f2=True, f3=True, f4=False, f5=True, f6=True, f7=False, f8=False, f9=True, f10=False, f11=True, f12=True)",0.9560467326267378
77.141,"FeatureMask(f0=True, f1=True, f2=True, f3=True, f4=False, f5=True, f6=True, f7=False, f8=False, f9=True, f10=False, f11=True, f12=True)",0.9560467326267378
77.141,"FeatureMask(f0=True, f1=True, f2=True, f3=True, f4=False, f5=True, f6=True, f7=False, f8=False, f9=True, f10=False, f11=True, f12=True)",0.9560467326267378
77.141,"FeatureMask(f0=True, f1=True, f2=True, f3=True, f4=False, f5=True, f6=True, f7=False, f8=False, f9=True, f10=False, f11=True, f12=True)",0.9560467326267378
77.141,"FeatureMask(f0=True, f1=True, f2=True, f3=True, f4=False, f5=True, f6=True, f7=False, f8=False, f9=True, f10=False, f11=True, f12=True)",0.9560467326267378
77.141,"FeatureMask(f0=True, f1=True, f2=True, f3=True, f4=False, f5=True, f6=True, f7=False, f8=False, f9=True, f10=False, f11=True, f12=True)",0.9560467326267378
77.141,"FeatureMask(f0=True, f1=True, f2=True, f3=True, f4=False, f5=True, f6=True, f7=False, f8=False, f9=True, f10=False, f11=True, f12=True)",0.9560467326267378
77.141,"FeatureMask(f0=True, f1=True, f2=True, f3=True, f4=False, f5=True, f6=True, f7=False, f8=False, f9=True, f10=False, f11=True, f12=True)",0.9560467326267378
77.141,"FeatureMask(f0=True, f1=True, f2=True, f3=True, f4=False, f5=True, f6=True, f7=False, f8=False, f9=True, f10=False, f11=True, f12=True)",0.9560467326267378
77.235,"FeatureMask(f0=True, f1=True, f2=True, f3=True, f4=False, f5=True, f6=True, f7=False, f8=False, f9=True, f10=False, f11=True, f12=True)",0.9560467326267378
77.328,"FeatureMask(f0=True, f1=True, f2=True, f3=True, f4=False, f5=True, f6=True, f7=False, f8=False, f9=True, f10=False, f11=True, f12=True)",0.9560467326267378
77.328,"FeatureMask(f0=True, f1=True, f2=True, f3=True, f4=False, f5=True, f6=True, f7=False, f8=False, f9=True, f10=False, f11=True, f12=True)",0.9560467326267378
77.328,"FeatureMask(f0=True, f1=True, f2=True, f3=True, f4=False, f5=True, f6=True, f7=False, f8=False, f9=True, f10=False, f11=True, f12=True)",0.9560467326267378
77.328,"FeatureMask(f0=True, f1=True, f2=True, f3=True, f4=False, f5=True, f6=True, f7=False, f8=False, f9=True, f10=False, f11=True, f12=True)",0.9560467326267378
77.328,"FeatureMask(f0=True, f1=True, f2=True, f3=True, f4=False, f5=True, f6=True, f7=False, f8=False, f9=True, f10=False, f11=True, f12=True)",0.9560467326267378
77.328,"FeatureMask(f0=True, f1=True, f2=True, f3=True, f4=False, f5=True, f6=True, f7=False, f8=False, f9=True, f10=False, f11=True, f12=True)",0.9560467326267378
77.328,"FeatureMask(f0=True, f1=True, f2=True, f3=True, f4=False, f5=True, f6=True, f7=False, f8=False, f9=True, f10=False, f11=True, f12=True)",0.9560467326267378
77.328,"FeatureMask(f0=True, f1=True, f2=True, f3=True, f4=False, f5=True, f6=True, f7=False, f8=False, f9=True, f10=False, f11=True, f12=True)",0.9560467326267378
77.328,"FeatureMask(f0=True, f1=True, f2=True, f3=True, f4=False, f5=True, f6=True, f7=False, f8=False, f9=True, f10=False, f11=True, f12=True)",0.9560467326267378
77.328,"FeatureMask(f0=True, f1=True, f2=True, f3=True, f4=False, f5=True, f6=True, f7=False, f8=False, f9=True, f10=False, f11=True, f12=True)",0.9560467326267378
77.516,"FeatureMask(f0=True, f1=True, f2=True, f3=True, f4=False, f5=True, f6=True, f7=False, f8=False, f9=True, f10=False, f11=True, f12=True)",0.9560467326267378
77.516,"FeatureMask(f0=True, f1=True, f2=True, f3=True, f4=False, f5=True, f6=True, f7=False, f8=False, f9=True, f10=False, f11=True, f12=True)",0.9560467326267378
77.516,"FeatureMask(f0=True, f1=True, f2=True, f3=True, f4=False, f5=True, f6=True, f7=False, f8=False, f9=True, f10=False, f11=True, f12=True)",0.9560467326267378
77.516,"FeatureMask(f0=True, f1=True, f2=True, f3=True, f4=False, f5=True, f6=True, f7=False, f8=False, f9=True, f10=False, f11=True, f12=True)",0.9560467326267378
77.516,"FeatureMask(f0=True, f1=True, f2=True, f3=True, f4=False, f5=True, f6=True, f7=False, f8=False, f9=True, f10=False, f11=True, f12=True)",0.9560467326267378
77.516,"FeatureMask(f0=True, f1=True, f2=True, f3=True, f4=False, f5=True, f6=True, f7=False, f8=False, f9=True, f10=False, f11=True, f12=True)",0.9560467326267378
77.516,"FeatureMask(f0=True, f1=True, f2=True, f3=True, f4=False, f5=True, f6=True, f7=False, f8=False, f9=True, f10=False, f11=True, f12=True)",0.9560467326267378
77.516,"FeatureMask(f0=True, f1=True, f2=True, f3=True, f4=False, f5=True, f6=True, f7=False, f8=False, f9=True, f10=False, f11=True, f12=True)",0.9560467326267378
77.516,"FeatureMask(f0=True, f1=True, f2=True, f3=True, f4=False, f5=True, f6=True, f7=False, f8=False, f9=True, f10=False, f11=True, f12=True)",0.9560467326267378
77.516,"FeatureMask(f0=True, f1=True, f2=True, f3=True, f4=False, f5=True, f6=True, f7=False, f8=False, f9=True, f10=False, f11=True, f12=True)",0.9560467326267378
77.61,"FeatureMask(f0=True, f1=True, f2=True, f3=True, f4=False, f5=True, f6=True, f7=False, f8=False, f9=True, f10=False, f11=True, f12=True)",0.9560467326267378
77.61,"FeatureMask(f0=True, f1=True, f2=True, f3=True, f4=False, f5=True, f6=True, f7=False, f8=False, f9=True, f10=False, f11=True, f12=True)",0.9560467326267378
77.61,"FeatureMask(f0=True, f1=True, f2=True, f3=True, f4=False, f5=True, f6=True, f7=False, f8=False, f9=True, f10=False, f11=True, f12=True)",0.9560467326267378
77.61,"FeatureMask(f0=True, f1=True, f2=True, f3=True, f4=False, f5=True, f6=True, f7=False, f8=False, f9=True, f10=False, f11=True, f12=True)",0.9560467326267378
77.61,"FeatureMask(f0=True, f1=True, f2=True, f3=True, f4=False, f5=True, f6=True, f7=False, f8=False, f9=True, f10=False, f11=True, f12=True)",0.9560467326267378
77.61,"FeatureMask(f0=True, f1=True, f2=True, f3=True, f4=False, f5=True, f6=True, f7=False, f8=False, f9=True, f10=False, f11=True, f12=True)",0.9560467326267378
77.61,"FeatureMask(f0=True, f1=True, f2=True, f3=True, f4=False, f5=True, f6=True, f7=False, f8=False, f9=True, f10=False, f11=True, f12=True)",0.9560467326267378
77.61,"FeatureMask(f0=True, f1=True, f2=True, f3=True, f4=False, f5=True, f6=True, f7=False, f8=False, f9=True, f10=False, f11=True, f12=True)",0.9560467326267378
77.61,"FeatureMask(f0=True, f1=True, f2=True, f3=True, f4=False, f5=True, f6=True, f7=False, f8=False, f9=True, f10=False, f11=True, f12=True)",0.9560467326267378
77.61,"FeatureMask(f0=True, f1=True, f2=True, f3=True, f4=False, f5=True, f6=True, f7=False, f8=False, f9=True, f10=False, f11=True, f12=True)",0.9560467326267378
77.61,"FeatureMask(f0=True, f1=True, f2=True, f3=True, f4=False, f5=True, f6=True, f7=False, f8=False, f9=True, f10=False, f11=True, f12=True)",0.9560467326267378
77.61,"FeatureMask(f0=True, f1=True, f2=True, f3=True, f4=False, f5=True, f6=True, f7=False, f8=False, f9=True, f10=False, f11=True, f12=True)",0.9560467326267378
77.61,"FeatureMask(f0=True, f1=True, f2=True, f3=True, f4=False, f5=True, f6=True, f7=False, f8=False, f9=True, f10=False, f11=True, f12=True)",0.9560467326267378
77.61,"FeatureMask(f0=True, f1=True, f2=True, f3=True, f4=False, f5=True, f6=True, f7=False, f8=False, f9=True, f10=False, f11=True, f12=True)",0.9560467326267378
77.61,"FeatureMask(f0=True, f1=True, f2=True, f3=True, f4=False, f5=True, f6=True, f7=False, f8=False, f9=True, f10=False, f11=True, f12=True)",0.9560467326267378
77.61,"FeatureMask(f0=True, f1=True, f2=True, f3=True, f4=False, f5=True, f6=True, f7=False, f8=False, f9=True, f10=False, f11=True, f12=True)",0.9560467326267378
77.625,"FeatureMask(f0=True, f1=True, f2=True, f3=True, f4=False, f5=True, f6=True, f7=False, f8=False, f9=True, f10=False, f11=True, f12=True)",0.9560467326267378
77.625,"FeatureMask(f0=True, f1=True, f2=True, f3=True, f4=False, f5=True, f6=True, f7=False, f8=False, f9=True, f10=False, f11=True, f12=True)",0.9560467326267378
77.641,"FeatureMask(f0=True, f1=True, f2=True, f3=True, f4=False, f5=True, f6=True, f7=False, f8=False, f9=True, f10=False, f11=True, f12=True)",0.9560467326267378
77.641,"FeatureMask(f0=True, f1=True, f2=True, f3=True, f4=False, f5=True, f6=True, f7=False, f8=False, f9=True, f10=False, f11=True, f12=True)",0.9560467326267378
77.65700000000001,"FeatureMask(f0=True, f1=True, f2=True, f3=True, f4=False, f5=True, f6=True, f7=False, f8=False, f9=True, f10=False, f11=True, f12=True)",0.9560467326267378
77.65700000000001,"FeatureMask(f0=True, f1=True, f2=True, f3=True, f4=False, f5=True, f6=True, f7=False, f8=False, f9=True, f10=False, f11=True, f12=True)",0.9560467326267378
77.67200000000001,"FeatureMask(f0=True, f1=True, f2=True, f3=True, f4=False, f5=True, f6=True, f7=False, f8=False, f9=True, f10=False, f11=True, f12=True)",0.9560467326267378
77.67200000000001,"FeatureMask(f0=True, f1=True, f2=True, f3=True, f4=False, f5=True, f6=True, f7=False, f8=False, f9=True, f10=False, f11=True, f12=True)",0.9560467326267378
77.67200000000001,"FeatureMask(f0=True, f1=True, f2=True, f3=True, f4=False, f5=True, f6=True, f7=False, f8=False, f9=True, f10=False, f11=True, f12=True)",0.9560467326267378
77.67200000000001,"FeatureMask(f0=True, f1=True, f2=True, f3=True, f4=False, f5=True, f6=True, f7=False, f8=False, f9=True, f10=False, f11=True, f12=True)",0.9560467326267378
77.67200000000001,"FeatureMask(f0=True, f1=True, f2=True, f3=True, f4=False, f5=True, f6=True, f7=False, f8=False, f9=True, f10=False, f11=True, f12=True)",0.9560467326267378
77.688,"FeatureMask(f0=True, f1=True, f2=True, f3=True, f4=False, f5=True, f6=True, f7=False, f8=False, f9=True, f10=False, f11=True, f12=True)",0.9560467326267378
77.688,"FeatureMask(f0=True, f1=True, f2=True, f3=True, f4=False, f5=True, f6=True, f7=False, f8=False, f9=True, f10=False, f11=True, f12=True)",0.9560467326267378
77.688,"FeatureMask(f0=True, f1=True, f2=True, f3=True, f4=False, f5=True, f6=True, f7=False, f8=False, f9=True, f10=False, f11=True, f12=True)",0.9560467326267378
77.688,"FeatureMask(f0=True, f1=True, f2=True, f3=True, f4=False, f5=True, f6=True, f7=False, f8=False, f9=True, f10=False, f11=True, f12=True)",0.9560467326267378
77.688,"FeatureMask(f0=True, f1=True, f2=True, f3=True, f4=False, f5=True, f6=True, f7=False, f8=False, f9=True, f10=False, f11=True, f12=True)",0.9560467326267378
77.688,"FeatureMask(f0=True, f1=True, f2=True, f3=True, f4=False, f5=True, f6=True, f7=False, f8=False, f9=True, f10=False, f11=True, f12=True)",0.9560467326267378
77.688,"FeatureMask(f0=True, f1=True, f2=True, f3=True, f4=False, f5=True, f6=True, f7=False, f8=False, f9=True, f10=False, f11=True, f12=True)",0.9560467326267378
77.688,"FeatureMask(f0=True, f1=True, f2=True, f3=True, f4=False, f5=True, f6=True, f7=False, f8=False, f9=True, f10=False, f11=True, f12=True)",0.9560467326267378
77.688,"FeatureMask(f0=True, f1=True, f2=True, f3=True, f4=False, f5=True, f6=True, f7=False, f8=False, f9=True, f10=False, f11=True, f12=True)",0.9560467326267378
77.688,"FeatureMask(f0=True, f1=True, f2=True, f3=True, f4=False, f5=True, f6=True, f7=False, f8=False, f9=True, f10=False, f11=True, f12=True)",0.9560467326267378
77.688,"FeatureMask(f0=True, f1=True, f2=True, f3=True, f4=False, f5=True, f6=True, f7=False, f8=False, f9=True, f10=False, f11=True, f12=True)",0.9560467326267378
77.688,"FeatureMask(f0=True, f1=True, f2=True, f3=True, f4=False, f5=True, f6=True, f7=False, f8=False, f9=True, f10=False, f11=True, f12=True)",0.9560467326267378
77.688,"FeatureMask(f0=True, f1=True, f2=True, f3=True, f4=False, f5=True, f6=True, f7=False, f8=False, f9=True, f10=False, f11=True, f12=True)",0.9560467326267378
77.78200000000001,"FeatureMask(f0=True, f1=True, f2=True, f3=True, f4=False, f5=True, f6=True, f7=False, f8=False, f9=True, f10=False, f11=True, f12=True)",0.9560467326267378
77.78200000000001,"FeatureMask(f0=True, f1=True, f2=True, f3=True, f4=False, f5=True, f6=True, f7=False, f8=False, f9=True, f10=False, f11=True, f12=True)",0.9560467326267378
77.891,"FeatureMask(f0=True, f1=True, f2=True, f3=True, f4=False, f5=True, f6=True, f7=False, f8=False, f9=True, f10=False, f11=True, f12=True)",0.9560467326267378
77.891,"FeatureMask(f0=True, f1=True, f2=True, f3=True, f4=False, f5=True, f6=True, f7=False, f8=False, f9=True, f10=False, f11=True, f12=True)",0.9560467326267378
77.891,"FeatureMask(f0=True, f1=True, f2=True, f3=True, f4=False, f5=True, f6=True, f7=False, f8=False, f9=True, f10=False, f11=True, f12=True)",0.9560467326267378
77.891,"FeatureMask(f0=True, f1=True, f2=True, f3=True, f4=False, f5=True, f6=True, f7=False, f8=False, f9=True, f10=False, f11=True, f12=True)",0.9560467326267378
77.891,"FeatureMask(f0=True, f1=True, f2=True, f3=True, f4=False, f5=True, f6=True, f7=False, f8=False, f9=True, f10=False, f11=True, f12=True)",0.9560467326267378
77.891,"FeatureMask(f0=True, f1=True, f2=True, f3=True, f4=False, f5=True, f6=True, f7=False, f8=False, f9=True, f10=False, f11=True, f12=True)",0.9560467326267378
77.891,"FeatureMask(f0=True, f1=True, f2=True, f3=True, f4=False, f5=True, f6=True, f7=False, f8=False, f9=True, f10=False, f11=True, f12=True)",0.9560467326267378
77.891,"FeatureMask(f0=True, f1=True, f2=True, f3=True, f4=False, f5=True, f6=True, f7=False, f8=False, f9=True, f10=False, f11=True, f12=True)",0.9560467326267378
77.891,"FeatureMask(f0=True, f1=True, f2=True, f3=True, f4=False, f5=True, f6=True, f7=False, f8=False, f9=True, f10=False, f11=True, f12=True)",0.9560467326267378
77.891,"FeatureMask(f0=True, f1=True, f2=True, f3=True, f4=False, f5=True, f6=True, f7=False, f8=False, f9=True, f10=False, f11=True, f12=True)",0.9560467326267378
78.063,"FeatureMask(f0=True, f1=True, f2=True, f3=True, f4=False, f5=True, f6=True, f7=False, f8=False, f9=True, f10=False, f11=True, f12=True)",0.9560467326267378
78.063,"FeatureMask(f0=True, f1=True, f2=True, f3=True, f4=False, f5=True, f6=True, f7=False, f8=False, f9=True, f10=False, f11=True, f12=True)",0.9560467326267378
78.063,"FeatureMask(f0=True, f1=True, f2=True, f3=True, f4=False, f5=True, f6=True, f7=False, f8=False, f9=True, f10=False, f11=True, f12=True)",0.9560467326267378
78.063,"FeatureMask(f0=True, f1=True, f2=True, f3=True, f4=False, f5=True, f6=True, f7=False, f8=False, f9=True, f10=False, f11=True, f12=True)",0.9560467326267378
78.063,"FeatureMask(f0=True, f1=True, f2=True, f3=True, f4=False, f5=True, f6=True, f7=False, f8=False, f9=True, f10=False, f11=True, f12=True)",0.9560467326267378
78.063,"FeatureMask(f0=True, f1=True, f2=True, f3=True, f4=False, f5=True, f6=True, f7=False, f8=False, f9=True, f10=False, f11=True, f12=True)",0.9560467326267378
78.063,"FeatureMask(f0=True, f1=True, f2=True, f3=True, f4=False, f5=True, f6=True, f7=False, f8=False, f9=True, f10=False, f11=True, f12=True)",0.9560467326267378
78.063,"FeatureMask(f0=True, f1=True, f2=True, f3=True, f4=False, f5=True, f6=True, f7=False, f8=False, f9=True, f10=False, f11=True, f12=True)",0.9560467326267378
78.063,"FeatureMask(f0=True, f1=True, f2=True, f3=True, f4=False, f5=True, f6=True, f7=False, f8=False, f9=True, f10=False, f11=True, f12=True)",0.9560467326267378
78.063,"FeatureMask(f0=True, f1=True, f2=True, f3=True, f4=False, f5=True, f6=True, f7=False, f8=False, f9=True, f10=False, f11=True, f12=True)",0.9560467326267378
78.15700000000001,"FeatureMask(f0=True, f1=True, f2=True, f3=True, f4=False, f5=True, f6=True, f7=False, f8=False, f9=True, f10=False, f11=True, f12=True)",0.9560467326267378
78.15700000000001,"FeatureMask(f0=True, f1=True, f2=True, f3=True, f4=False, f5=True, f6=True, f7=False, f8=False, f9=True, f10=False, f11=True, f12=True)",0.9560467326267378
78.15700000000001,"FeatureMask(f0=True, f1=True, f2=True, f3=True, f4=False, f5=True, f6=True, f7=False, f8=False, f9=True, f10=False, f11=True, f12=True)",0.9560467326267378
78.266,"FeatureMask(f0=True, f1=True, f2=True, f3=True, f4=False, f5=True, f6=True, f7=False, f8=False, f9=True, f10=False, f11=True, f12=True)",0.9560467326267378
78.266,"FeatureMask(f0=True, f1=True, f2=True, f3=True, f4=False, f5=True, f6=True, f7=False, f8=False, f9=True, f10=False, f11=True, f12=True)",0.9560467326267378
78.266,"FeatureMask(f0=True, f1=True, f2=True, f3=True, f4=False, f5=True, f6=True, f7=False, f8=False, f9=True, f10=False, f11=True, f12=True)",0.9560467326267378
78.266,"FeatureMask(f0=True, f1=True, f2=True, f3=True, f4=False, f5=True, f6=True, f7=False, f8=False, f9=True, f10=False, f11=True, f12=True)",0.9560467326267378
78.266,"FeatureMask(f0=True, f1=True, f2=True, f3=True, f4=False, f5=True, f6=True, f7=False, f8=False, f9=True, f10=False, f11=True, f12=True)",0.9560467326267378
78.266,"FeatureMask(f0=True, f1=True, f2=True, f3=True, f4=False, f5=True, f6=True, f7=False, f8=False, f9=True, f10=False, f11=True, f12=True)",0.9560467326267378
78.266,"FeatureMask(f0=True, f1=True, f2=True, f3=True, f4=False, f5=True, f6=True, f7=False, f8=False, f9=True, f10=False, f11=True, f12=True)",0.9560467326267378
78.266,"FeatureMask(f0=True, f1=True, f2=True, f3=True, f4=False, f5=True, f6=True, f7=False, f8=False, f9=True, f10=False, f11=True, f12=True)",0.9560467326267378
78.266,"FeatureMask(f0=True, f1=True, f2=True, f3=True, f4=False, f5=True, f6=True, f7=False, f8=False, f9=True, f10=False, f11=True, f12=True)",0.9560467326267378
78.266,"FeatureMask(f0=True, f1=True, f2=True, f3=True, f4=False, f5=True, f6=True, f7=False, f8=False, f9=True, f10=False, f11=True, f12=True)",0.9560467326267378
78.36,"FeatureMask(f0=True, f1=True, f2=True, f3=True, f4=False, f5=True, f6=True, f7=False, f8=False, f9=True, f10=False, f11=True, f12=True)",0.9560467326267378
78.485,"FeatureMask(f0=True, f1=True, f2=True, f3=True, f4=False, f5=True, f6=True, f7=False, f8=False, f9=True, f10=False, f11=True, f12=True)",0.9560467326267378
78.485,"FeatureMask(f0=True, f1=True, f2=True, f3=True, f4=False, f5=True, f6=True, f7=False, f8=False, f9=True, f10=False, f11=True, f12=True)",0.9560467326267378
78.485,"FeatureMask(f0=True, f1=True, f2=True, f3=True, f4=False, f5=True, f6=True, f7=False, f8=False, f9=True, f10=False, f11=True, f12=True)",0.9560467326267378
78.485,"FeatureMask(f0=True, f1=True, f2=True, f3=True, f4=False, f5=True, f6=True, f7=False, f8=False, f9=True, f10=False, f11=True, f12=True)",0.9560467326267378
78.485,"FeatureMask(f0=True, f1=True, f2=True, f3=True, f4=False, f5=True, f6=True, f7=False, f8=False, f9=True, f10=False, f11=True, f12=True)",0.9560467326267378
78.485,"FeatureMask(f0=True, f1=True, f2=True, f3=True, f4=False, f5=True, f6=True, f7=False, f8=False, f9=True, f10=False, f11=True, f12=True)",0.9560467326267378
78.485,"FeatureMask(f0=True, f1=True, f2=True, f3=True, f4=False, f5=True, f6=True, f7=False, f8=False, f9=True, f10=False, f11=True, f12=True)",0.9560467326267378
78.485,"FeatureMask(f0=True, f1=True, f2=True, f3=True, f4=False, f5=True, f6=True, f7=False, f8=False, f9=True, f10=False, f11=True, f12=True)",0.9560467326267378
78.485,"FeatureMask(f0=True, f1=True, f2=True, f3=True, f4=False, f5=True, f6=True, f7=False, f8=False, f9=True, f10=False, f11=True, f12=True)",0.9560467326267378
78.485,"FeatureMask(f0=True, f1=True, f2=True, f3=True, f4=False, f5=True, f6=True, f7=False, f8=False, f9=True, f10=False, f11=True, f12=True)",0.9560467326267378
78.67200000000001,"FeatureMask(f0=True, f1=True, f2=True, f3=True, f4=False, f5=True, f6=True, f7=False, f8=False, f9=True, f10=False, f11=True, f12=True)",0.9560467326267378
78.67200000000001,"FeatureMask(f0=True, f1=True, f2=True, f3=True, f4=False, f5=True, f6=True, f7=False, f8=False, f9=True, f10=False, f11=True, f12=True)",0.9560467326267378
78.67200000000001,"FeatureMask(f0=True, f1=True, f2=True, f3=True, f4=False, f5=True, f6=True, f7=False, f8=False, f9=True, f10=False, f11=True, f12=True)",0.9560467326267378
78.67200000000001,"FeatureMask(f0=True, f1=True, f2=True, f3=True, f4=False, f5=True, f6=True, f7=False, f8=False, f9=True, f10=False, f11=True, f12=True)",0.9560467326267378
78.67200000000001,"FeatureMask(f0=True, f1=True, f2=True, f3=True, f4=False, f5=True, f6=True, f7=False, f8=False, f9=True, f10=False, f11=True, f12=True)",0.9560467326267378
78.67200000000001,"FeatureMask(f0=True, f1=True, f2=True, f3=True, f4=False, f5=True, f6=True, f7=False, f8=False, f9=True, f10=False, f11=True, f12=True)",0.9560467326267378
78.67200000000001,"FeatureMask(f0=True, f1=True, f2=True, f3=True, f4=False, f5=True, f6=True, f7=False, f8=False, f9=True, f10=False, f11=True, f12=True)",0.9560467326267378
78.67200000000001,"FeatureMask(f0=True, f1=True, f2=True, f3=True, f4=False, f5=True, f6=True, f7=False, f8=False, f9=True, f10=False, f11=True, f12=True)",0.9560467326267378
78.67200000000001,"FeatureMask(f0=True, f1=True, f2=True, f3=True, f4=False, f5=True, f6=True, f7=False, f8=False, f9=True, f10=False, f11=True, f12=True)",0.9560467326267378
78.67200000000001,"FeatureMask(f0=True, f1=True, f2=True, f3=True, f4=False, f5=True, f6=True, f7=False, f8=False, f9=True, f10=False, f11=True, f12=True)",0.9560467326267378
78.875,"FeatureMask(f0=True, f1=True, f2=True, f3=True, f4=False, f5=True, f6=True, f7=False, f8=False, f9=True, f10=False, f11=True, f12=True)",0.9560467326267378
78.875,"FeatureMask(f0=True, f1=True, f2=True, f3=True, f4=False, f5=True, f6=True, f7=False, f8=False, f9=True, f10=False, f11=True, f12=True)",0.9560467326267378
78.875,"FeatureMask(f0=True, f1=True, f2=True, f3=True, f4=False, f5=True, f6=True, f7=False, f8=False, f9=True, f10=False, f11=True, f12=True)",0.9560467326267378
78.875,"FeatureMask(f0=True, f1=True, f2=True, f3=True, f4=False, f5=True, f6=True, f7=False, f8=False, f9=True, f10=False, f11=True, f12=True)",0.9560467326267378
78.875,"FeatureMask(f0=True, f1=True, f2=True, f3=True, f4=False, f5=True, f6=True, f7=False, f8=False, f9=True, f10=False, f11=True, f12=True)",0.9560467326267378
78.875,"FeatureMask(f0=True, f1=True, f2=True, f3=True, f4=False, f5=True, f6=True, f7=False, f8=False, f9=True, f10=False, f11=True, f12=True)",0.9560467326267378
78.875,"FeatureMask(f0=True, f1=True, f2=True, f3=True, f4=False, f5=True, f6=True, f7=False, f8=False, f9=True, f10=False, f11=True, f12=True)",0.9560467326267378
78.875,"FeatureMask(f0=True, f1=True, f2=True, f3=True, f4=False, f5=True, f6=True, f7=False, f8=False, f9=True, f10=False, f11=True, f12=True)",0.9560467326267378
78.875,"FeatureMask(f0=True, f1=True, f2=True, f3=True, f4=False, f5=True, f6=True, f7=False, f8=False, f9=True, f10=False, f11=True, f12=True)",0.9560467326267378
78.875,"FeatureMask(f0=True, f1=True, f2=True, f3=True, f4=False, f5=True, f6=True, f7=False, f8=False, f9=True, f10=False, f11=True, f12=True)",0.9560467326267378
78.953,"FeatureMask(f0=True, f1=True, f2=True, f3=True, f4=False, f5=True, f6=True, f7=False, f8=False, f9=True, f10=False, f11=True, f12=True)",0.9560467326267378
78.953,"FeatureMask(f0=True, f1=True, f2=True, f3=True, f4=False, f5=True, f6=True, f7=False, f8=False, f9=True, f10=False, f11=True, f12=True)",0.9560467326267378
79.078,"FeatureMask(f0=True, f1=True, f2=True, f3=True, f4=False, f5=True, f6=True, f7=False, f8=False, f9=True, f10=False, f11=True, f12=True)",0.9560467326267378
79.078,"FeatureMask(f0=True, f1=True, f2=True, f3=True, f4=False, f5=True, f6=True, f7=False, f8=False, f9=True, f10=False, f11=True, f12=True)",0.9560467326267378
79.078,"FeatureMask(f0=True, f1=True, f2=True, f3=True, f4=False, f5=True, f6=True, f7=False, f8=False, f9=True, f10=False, f11=True, f12=True)",0.9560467326267378
79.078,"FeatureMask(f0=True, f1=True, f2=True, f3=True, f4=False, f5=True, f6=True, f7=False, f8=False, f9=True, f10=False, f11=True, f12=True)",0.9560467326267378
79.078,"FeatureMask(f0=True, f1=True, f2=True, f3=True, f4=False, f5=True, f6=True, f7=False, f8=False, f9=True, f10=False, f11=True, f12=True)",0.9560467326267378
79.078,"FeatureMask(f0=True, f1=True, f2=True, f3=True, f4=False, f5=True, f6=True, f7=False, f8=False, f9=True, f10=False, f11=True, f12=True)",0.9560467326267378
79.078,"FeatureMask(f0=True, f1=True, f2=True, f3=True, f4=False, f5=True, f6=True, f7=False, f8=False, f9=True, f10=False, f11=True, f12=True)",0.9560467326267378
79.078,"FeatureMask(f0=True, f1=True, f2=True, f3=True, f4=False, f5=True, f6=True, f7=False, f8=False, f9=True, f10=False, f11=True, f12=True)",0.9560467326267378
79.078,"FeatureMask(f0=True, f1=True, f2=True, f3=True, f4=False, f5=True, f6=True, f7=False, f8=False, f9=True, f10=False, f11=True, f12=True)",0.9560467326267378
79.078,"FeatureMask(f0=True, f1=True, f2=True, f3=True, f4=False, f5=True, f6=True, f7=False, f8=False, f9=True, f10=False, f11=True, f12=True)",0.9560467326267378
79.15700000000001,"FeatureMask(f0=True, f1=True, f2=True, f3=True, f4=False, f5=True, f6=True, f7=False, f8=False, f9=True, f10=False, f11=True, f12=True)",0.9560467326267378
79.28200000000001,"FeatureMask(f0=True, f1=True, f2=True, f3=True, f4=False, f5=True, f6=True, f7=False, f8=False, f9=True, f10=False, f11=True, f12=True)",0.9560467326267378
79.28200000000001,"FeatureMask(f0=True, f1=True, f2=True, f3=True, f4=False, f5=True, f6=True, f7=False, f8=False, f9=True, f10=False, f11=True, f12=True)",0.9560467326267378
79.28200000000001,"FeatureMask(f0=True, f1=True, f2=True, f3=True, f4=False, f5=True, f6=True, f7=False, f8=False, f9=True, f10=False, f11=True, f12=True)",0.9560467326267378
79.28200000000001,"FeatureMask(f0=True, f1=True, f2=True, f3=True, f4=False, f5=True, f6=True, f7=False, f8=False, f9=True, f10=False, f11=True, f12=True)",0.9560467326267378
79.28200000000001,"FeatureMask(f0=True, f1=True, f2=True, f3=True, f4=False, f5=True, f6=True, f7=False, f8=False, f9=True, f10=False, f11=True, f12=True)",0.9560467326267378
79.28200000000001,"FeatureMask(f0=True, f1=True, f2=True, f3=True, f4=False, f5=True, f6=True, f7=False, f8=False, f9=True, f10=False, f11=True, f12=True)",0.9560467326267378
79.28200000000001,"FeatureMask(f0=True, f1=True, f2=True, f3=True, f4=False, f5=True, f6=True, f7=False, f8=False, f9=True, f10=False, f11=True, f12=True)",0.9560467326267378
79.28200000000001,"FeatureMask(f0=True, f1=True, f2=True, f3=True, f4=False, f5=True, f6=True, f7=False, f8=False, f9=True, f10=False, f11=True, f12=True)",0.9560467326267378
79.28200000000001,"FeatureMask(f0=True, f1=True, f2=True, f3=True, f4=False, f5=True, f6=True, f7=False, f8=False, f9=True, f10=False, f11=True, f12=True)",0.9560467326267378
79.28200000000001,"FeatureMask(f0=True, f1=True, f2=True, f3=True, f4=False, f5=True, f6=True, f7=False, f8=False, f9=True, f10=False, f11=True, f12=True)",0.9560467326267378
79.453,"FeatureMask(f0=True, f1=True, f2=True, f3=True, f4=False, f5=True, f6=True, f7=False, f8=False, f9=True, f10=False, f11=True, f12=True)",0.9560467326267378
79.453,"FeatureMask(f0=True, f1=True, f2=True, f3=True, f4=False, f5=True, f6=True, f7=False, f8=False, f9=True, f10=False, f11=True, f12=True)",0.9560467326267378
79.453,"FeatureMask(f0=True, f1=True, f2=True, f3=True, f4=False, f5=True, f6=True, f7=False, f8=False, f9=True, f10=False, f11=True, f12=True)",0.9560467326267378
79.453,"FeatureMask(f0=True, f1=True, f2=True, f3=True, f4=False, f5=True, f6=True, f7=False, f8=False, f9=True, f10=False, f11=True, f12=True)",0.9560467326267378
79.453,"FeatureMask(f0=True, f1=True, f2=True, f3=True, f4=False, f5=True, f6=True, f7=False, f8=False, f9=True, f10=False, f11=True, f12=True)",0.9560467326267378
79.453,"FeatureMask(f0=True, f1=True, f2=True, f3=True, f4=False, f5=True, f6=True, f7=False, f8=False, f9=True, f10=False, f11=True, f12=True)",0.9560467326267378
79.453,"FeatureMask(f0=True, f1=True, f2=True, f3=True, f4=False, f5=True, f6=True, f7=False, f8=False, f9=True, f10=False, f11=True, f12=True)",0.9560467326267378
79.453,"FeatureMask(f0=True, f1=True, f2=True, f3=True, f4=False, f5=True, f6=True, f7=False, f8=False, f9=True, f10=False, f11=True, f12=True)",0.9560467326267378
79.453,"FeatureMask(f0=True, f1=True, f2=True, f3=True, f4=False, f5=True, f6=True, f7=False, f8=False, f9=True, f10=False, f11=True, f12=True)",0.9560467326267378
79.453,"FeatureMask(f0=True, f1=True, f2=True, f3=True, f4=False, f5=True, f6=True, f7=False, f8=False, f9=True, f10=False, f11=True, f12=True)",0.9560467326267378
79.641,"FeatureMask(f0=True, f1=True, f2=True, f3=True, f4=False, f5=True, f6=True, f7=False, f8=False, f9=True, f10=False, f11=True, f12=True)",0.9560467326267378
79.641,"FeatureMask(f0=True, f1=True, f2=True, f3=True, f4=False, f5=True, f6=True, f7=False, f8=False, f9=True, f10=False, f11=True, f12=True)",0.9560467326267378
79.641,"FeatureMask(f0=True, f1=True, f2=True, f3=True, f4=False, f5=True, f6=True, f7=False, f8=False, f9=True, f10=False, f11=True, f12=True)",0.9560467326267378
79.641,"FeatureMask(f0=True, f1=True, f2=True, f3=True, f4=False, f5=True, f6=True, f7=False, f8=False, f9=True, f10=False, f11=True, f12=True)",0.9560467326267378
79.641,"FeatureMask(f0=True, f1=True, f2=True, f3=True, f4=False, f5=True, f6=True, f7=False, f8=False, f9=True, f10=False, f11=True, f12=True)",0.9560467326267378
79.641,"FeatureMask(f0=True, f1=True, f2=True, f3=True, f4=False, f5=True, f6=True, f7=False, f8=False, f9=True, f10=False, f11=True, f12=True)",0.9560467326267378
79.641,"FeatureMask(f0=True, f1=True, f2=True, f3=True, f4=False, f5=True, f6=True, f7=False, f8=False, f9=True, f10=False, f11=True, f12=True)",0.9560467326267378
79.641,"FeatureMask(f0=True, f1=True, f2=True, f3=True, f4=False, f5=True, f6=True, f7=False, f8=False, f9=True, f10=False, f11=True, f12=True)",0.9560467326267378
79.641,"FeatureMask(f0=True, f1=True, f2=True, f3=True, f4=False, f5=True, f6=True, f7=False, f8=False, f9=True, f10=False, f11=True, f12=True)",0.9560467326267378
79.641,"FeatureMask(f0=True, f1=True, f2=True, f3=True, f4=False, f5=True, f6=True, f7=False, f8=False, f9=True, f10=False, f11=True, f12=True)",0.9560467326267378
79.735,"FeatureMask(f0=True, f1=True, f2=True, f3=True, f4=False, f5=True, f6=True, f7=False, f8=False, f9=True, f10=False, f11=True, f12=True)",0.9560467326267378
79.828,"FeatureMask(f0=True, f1=True, f2=True, f3=True, f4=False, f5=True, f6=True, f7=False, f8=False, f9=True, f10=False, f11=True, f12=True)",0.9560467326267378
79.828,"FeatureMask(f0=True, f1=True, f2=True, f3=True, f4=False, f5=True, f6=True, f7=False, f8=False, f9=True, f10=False, f11=True, f12=True)",0.9560467326267378
79.828,"FeatureMask(f0=True, f1=True, f2=True, f3=True, f4=False, f5=True, f6=True, f7=False, f8=False, f9=True, f10=False, f11=True, f12=True)",0.9560467326267378
79.828,"FeatureMask(f0=True, f1=True, f2=True, f3=True, f4=False, f5=True, f6=True, f7=False, f8=False, f9=True, f10=False, f11=True, f12=True)",0.9560467326267378
79.828,"FeatureMask(f0=True, f1=True, f2=True, f3=True, f4=False, f5=True, f6=True, f7=False, f8=False, f9=True, f10=False, f11=True, f12=True)",0.9560467326267378
79.828,"FeatureMask(f0=True, f1=True, f2=True, f3=True, f4=False, f5=True, f6=True, f7=False, f8=False, f9=True, f10=False, f11=True, f12=True)",0.9560467326267378
79.828,"FeatureMask(f0=True, f1=True, f2=True, f3=True, f4=False, f5=True, f6=True, f7=False, f8=False, f9=True, f10=False, f11=True, f12=True)",0.9560467326267378
79.828,"FeatureMask(f0=True, f1=True, f2=True, f3=True, f4=False, f5=True, f6=True, f7=False, f8=False, f9=True, f10=False, f11=True, f12=True)",0.9560467326267378
79.828,"FeatureMask(f0=True, f1=True, f2=True, f3=True, f4=False, f5=True, f6=True, f7=False, f8=False, f9=True, f10=False, f11=True, f12=True)",0.9560467326267378
79.828,"FeatureMask(f0=True, f1=True, f2=True, f3=True, f4=False, f5=True, f6=True, f7=False, f8=False, f9=True, f10=False, f11=True, f12=True)",0.9560467326267378
79.90700000000001,"FeatureMask(f0=True, f1=True, f2=True, f3=True, f4=False, f5=True, f6=True, f7=False, f8=False, f9=True, f10=False, f11=True, f12=True)",0.9560467326267378
80.016,"FeatureMask(f0=True, f1=True, f2=True, f3=True, f4=False, f5=True, f6=True, f7=False, f8=False, f9=True, f10=False, f11=True, f12=True)",0.9560467326267378
80.016,"FeatureMask(f0=True, f1=True, f2=True, f3=True, f4=False, f5=True, f6=True, f7=False, f8=False, f9=True, f10=False, f11=True, f12=True)",0.9560467326267378
80.016,"FeatureMask(f0=True, f1=True, f2=True, f3=True, f4=False, f5=True, f6=True, f7=False, f8=False, f9=True, f10=False, f11=True, f12=True)",0.9560467326267378
80.016,"FeatureMask(f0=True, f1=True, f2=True, f3=True, f4=False, f5=True, f6=True, f7=False, f8=False, f9=True, f10=False, f11=True, f12=True)",0.9560467326267378
80.016,"FeatureMask(f0=True, f1=True, f2=True, f3=True, f4=False, f5=True, f6=True, f7=False, f8=False, f9=True, f10=False, f11=True, f12=True)",0.9560467326267378
80.016,"FeatureMask(f0=True, f1=True, f2=True, f3=True, f4=False, f5=True, f6=True, f7=False, f8=False, f9=True, f10=False, f11=True, f12=True)",0.9560467326267378
80.016,"FeatureMask(f0=True, f1=True, f2=True, f3=True, f4=False, f5=True, f6=True, f7=False, f8=False, f9=True, f10=False, f11=True, f12=True)",0.9560467326267378
80.016,"FeatureMask(f0=True, f1=True, f2=True, f3=True, f4=False, f5=True, f6=True, f7=False, f8=False, f9=True, f10=False, f11=True, f12=True)",0.9560467326267378
80.016,"FeatureMask(f0=True, f1=True, f2=True, f3=True, f4=False, f5=True, f6=True, f7=False, f8=False, f9=True, f10=False, f11=True, f12=True)",0.9560467326267378
80.016,"FeatureMask(f0=True, f1=True, f2=True, f3=True, f4=False, f5=True, f6=True, f7=False, f8=False, f9=True, f10=False, f11=True, f12=True)",0.9560467326267378
80.09400000000001,"FeatureMask(f0=True, f1=True, f2=True, f3=True, f4=False, f5=True, f6=True, f7=False, f8=False, f9=True, f10=False, f11=True, f12=True)",0.9560467326267378
80.188,"FeatureMask(f0=True, f1=True, f2=True, f3=True, f4=False, f5=True, f6=True, f7=False, f8=False, f9=True, f10=False, f11=True, f12=True)",0.9560467326267378
80.188,"FeatureMask(f0=True, f1=True, f2=True, f3=True, f4=False, f5=True, f6=True, f7=False, f8=False, f9=True, f10=False, f11=True, f12=True)",0.9560467326267378
80.188,"FeatureMask(f0=True, f1=True, f2=True, f3=True, f4=False, f5=True, f6=True, f7=False, f8=False, f9=True, f10=False, f11=True, f12=True)",0.9560467326267378
80.188,"FeatureMask(f0=True, f1=True, f2=True, f3=True, f4=False, f5=True, f6=True, f7=False, f8=False, f9=True, f10=False, f11=True, f12=True)",0.9560467326267378
80.188,"FeatureMask(f0=True, f1=True, f2=True, f3=True, f4=False, f5=True, f6=True, f7=False, f8=False, f9=True, f10=False, f11=True, f12=True)",0.9560467326267378
80.188,"FeatureMask(f0=True, f1=True, f2=True, f3=True, f4=False, f5=True, f6=True, f7=False, f8=False, f9=True, f10=False, f11=True, f12=True)",0.9560467326267378
80.188,"FeatureMask(f0=True, f1=True, f2=True, f3=True, f4=False, f5=True, f6=True, f7=False, f8=False, f9=True, f10=False, f11=True, f12=True)",0.9560467326267378
80.188,"FeatureMask(f0=True, f1=True, f2=True, f3=True, f4=False, f5=True, f6=True, f7=False, f8=False, f9=True, f10=False, f11=True, f12=True)",0.9560467326267378
80.188,"FeatureMask(f0=True, f1=True, f2=True, f3=True, f4=False, f5=True, f6=True, f7=False, f8=False, f9=True, f10=False, f11=True, f12=True)",0.9560467326267378
80.188,"FeatureMask(f0=True, f1=True, f2=True, f3=True, f4=False, f5=True, f6=True, f7=False, f8=False, f9=True, f10=False, f11=True, f12=True)",0.9560467326267378
80.266,"FeatureMask(f0=True, f1=True, f2=True, f3=True, f4=False, f5=True, f6=True, f7=False, f8=False, f9=True, f10=False, f11=True, f12=True)",0.9560467326267378
80.266,"FeatureMask(f0=True, f1=True, f2=True, f3=True, f4=False, f5=True, f6=True, f7=False, f8=False, f9=True, f10=False, f11=True, f12=True)",0.9560467326267378
80.266,"FeatureMask(f0=True, f1=True, f2=True, f3=True, f4=False, f5=True, f6=True, f7=False, f8=False, f9=True, f10=False, f11=True, f12=True)",0.9560467326267378
80.375,"FeatureMask(f0=True, f1=True, f2=True, f3=True, f4=False, f5=True, f6=True, f7=False, f8=False, f9=True, f10=False, f11=True, f12=True)",0.9560467326267378
80.375,"FeatureMask(f0=True, f1=True, f2=True, f3=True, f4=False, f5=True, f6=True, f7=False, f8=False, f9=True, f10=False, f11=True, f12=True)",0.9560467326267378
80.375,"FeatureMask(f0=True, f1=True, f2=True, f3=True, f4=False, f5=True, f6=True, f7=False, f8=False, f9=True, f10=False, f11=True, f12=True)",0.9560467326267378
80.375,"FeatureMask(f0=True, f1=True, f2=True, f3=True, f4=False, f5=True, f6=True, f7=False, f8=False, f9=True, f10=False, f11=True, f12=True)",0.9560467326267378
80.375,"FeatureMask(f0=True, f1=True, f2=True, f3=True, f4=False, f5=True, f6=True, f7=False, f8=False, f9=True, f10=False, f11=True, f12=True)",0.9560467326267378
80.375,"FeatureMask(f0=True, f1=True, f2=True, f3=True, f4=False, f5=True, f6=True, f7=False, f8=False, f9=True, f10=False, f11=True, f12=True)",0.9560467326267378
80.375,"FeatureMask(f0=True, f1=True, f2=True, f3=True, f4=False, f5=True, f6=True, f7=False, f8=False, f9=True, f10=False, f11=True, f12=True)",0.9560467326267378
80.375,"FeatureMask(f0=True, f1=True, f2=True, f3=True, f4=False, f5=True, f6=True, f7=False, f8=False, f9=True, f10=False, f11=True, f12=True)",0.9560467326267378
80.375,"FeatureMask(f0=True, f1=True, f2=True, f3=True, f4=False, f5=True, f6=True, f7=False, f8=False, f9=True, f10=False, f11=True, f12=True)",0.9560467326267378
80.375,"FeatureMask(f0=True, f1=True, f2=True, f3=True, f4=False, f5=True, f6=True, f7=False, f8=False, f9=True, f10=False, f11=True, f12=True)",0.9560467326267378
80.578,"FeatureMask(f0=True, f1=True, f2=True, f3=True, f4=False, f5=True, f6=True, f7=False, f8=False, f9=True, f10=False, f11=True, f12=True)",0.9560467326267378
80.578,"FeatureMask(f0=True, f1=True, f2=True, f3=True, f4=False, f5=True, f6=True, f7=False, f8=False, f9=True, f10=False, f11=True, f12=True)",0.9560467326267378
80.578,"FeatureMask(f0=True, f1=True, f2=True, f3=True, f4=False, f5=True, f6=True, f7=False, f8=False, f9=True, f10=False, f11=True, f12=True)",0.9560467326267378
80.578,"FeatureMask(f0=True, f1=True, f2=True, f3=True, f4=False, f5=True, f6=True, f7=False, f8=False, f9=True, f10=False, f11=True, f12=True)",0.9560467326267378
80.578,"FeatureMask(f0=True, f1=True, f2=True, f3=True, f4=False, f5=True, f6=True, f7=False, f8=False, f9=True, f10=False, f11=True, f12=True)",0.9560467326267378
80.578,"FeatureMask(f0=True, f1=True, f2=True, f3=True, f4=False, f5=True, f6=True, f7=False, f8=False, f9=True, f10=False, f11=True, f12=True)",0.9560467326267378
80.578,"FeatureMask(f0=True, f1=True, f2=True, f3=True, f4=False, f5=True, f6=True, f7=False, f8=False, f9=True, f10=False, f11=True, f12=True)",0.9560467326267378
80.578,"FeatureMask(f0=True, f1=True, f2=True, f3=True, f4=False, f5=True, f6=True, f7=False, f8=False, f9=True, f10=False, f11=True, f12=True)",0.9560467326267378
80.578,"FeatureMask(f0=True, f1=True, f2=True, f3=True, f4=False, f5=True, f6=True, f7=False, f8=False, f9=True, f10=False, f11=True, f12=True)",0.9560467326267378
80.578,"FeatureMask(f0=True, f1=True, f2=True, f3=True, f4=False, f5=True, f6=True, f7=False, f8=False, f9=True, f10=False, f11=True, f12=True)",0.9560467326267378
80.67200000000001,"FeatureMask(f0=True, f1=True, f2=True, f3=True, f4=False, f5=True, f6=True, f7=False, f8=False, f9=True, f10=False, f11=True, f12=True)",0.9560467326267378
80.67200000000001,"FeatureMask(f0=True, f1=True, f2=True, f3=True, f4=False, f5=True, f6=True, f7=False, f8=False, f9=True, f10=False, f11=True, f12=True)",0.9560467326267378
80.75,"FeatureMask(f0=True, f1=True, f2=True, f3=True, f4=False, f5=True, f6=True, f7=False, f8=False, f9=True, f10=False, f11=True, f12=True)",0.9560467326267378
80.75,"FeatureMask(f0=True, f1=True, f2=True, f3=True, f4=False, f5=True, f6=True, f7=False, f8=False, f9=True, f10=False, f11=True, f12=True)",0.9560467326267378
80.75,"FeatureMask(f0=True, f1=True, f2=True, f3=True, f4=False, f5=True, f6=True, f7=False, f8=False, f9=True, f10=False, f11=True, f12=True)",0.9560467326267378
80.75,"FeatureMask(f0=True, f1=True, f2=True, f3=True, f4=False, f5=True, f6=True, f7=False, f8=False, f9=True, f10=False, f11=True, f12=True)",0.9560467326267378
80.75,"FeatureMask(f0=True, f1=True, f2=True, f3=True, f4=False, f5=True, f6=True, f7=False, f8=False, f9=True, f10=False, f11=True, f12=True)",0.9560467326267378
80.75,"FeatureMask(f0=True, f1=True, f2=True, f3=True, f4=False, f5=True, f6=True, f7=False, f8=False, f9=True, f10=False, f11=True, f12=True)",0.9560467326267378
80.75,"FeatureMask(f0=True, f1=True, f2=True, f3=True, f4=False, f5=True, f6=True, f7=False, f8=False, f9=True, f10=False, f11=True, f12=True)",0.9560467326267378
80.75,"FeatureMask(f0=True, f1=True, f2=True, f3=True, f4=False, f5=True, f6=True, f7=False, f8=False, f9=True, f10=False, f11=True, f12=True)",0.9560467326267378
80.75,"FeatureMask(f0=True, f1=True, f2=True, f3=True, f4=False, f5=True, f6=True, f7=False, f8=False, f9=True, f10=False, f11=True, f12=True)",0.9560467326267378
80.75,"FeatureMask(f0=True, f1=True, f2=True, f3=True, f4=False, f5=True, f6=True, f7=False, f8=False, f9=True, f10=False, f11=True, f12=True)",0.9560467326267378
80.84400000000001,"FeatureMask(f0=True, f1=True, f2=True, f3=True, f4=False, f5=True, f6=True, f7=False, f8=False, f9=True, f10=False, f11=True, f12=True)",0.9560467326267378
80.953,"FeatureMask(f0=True, f1=True, f2=True, f3=True, f4=False, f5=True, f6=True, f7=False, f8=False, f9=True, f10=False, f11=True, f12=True)",0.9560467326267378
80.953,"FeatureMask(f0=True, f1=True, f2=True, f3=True, f4=False, f5=True, f6=True, f7=False, f8=False, f9=True, f10=False, f11=True, f12=True)",0.9560467326267378
80.953,"FeatureMask(f0=True, f1=True, f2=True, f3=True, f4=False, f5=True, f6=True, f7=False, f8=False, f9=True, f10=False, f11=True, f12=True)",0.9560467326267378
80.953,"FeatureMask(f0=True, f1=True, f2=True, f3=True, f4=False, f5=True, f6=True, f7=False, f8=False, f9=True, f10=False, f11=True, f12=True)",0.9560467326267378
80.953,"FeatureMask(f0=True, f1=True, f2=True, f3=True, f4=False, f5=True, f6=True, f7=False, f8=False, f9=True, f10=False, f11=True, f12=True)",0.9560467326267378
80.953,"FeatureMask(f0=True, f1=True, f2=True, f3=True, f4=False, f5=True, f6=True, f7=False, f8=False, f9=True, f10=False, f11=True, f12=True)",0.9560467326267378
80.953,"FeatureMask(f0=True, f1=True, f2=True, f3=True, f4=False, f5=True, f6=True, f7=False, f8=False, f9=True, f10=False, f11=True, f12=True)",0.9560467326267378
80.953,"FeatureMask(f0=True, f1=True, f2=True, f3=True, f4=False, f5=True, f6=True, f7=False, f8=False, f9=True, f10=False, f11=True, f12=True)",0.9560467326267378
80.953,"FeatureMask(f0=True, f1=True, f2=True, f3=True, f4=False, f5=True, f6=True, f7=False, f8=False, f9=True, f10=False, f11=True, f12=True)",0.9560467326267378
80.953,"FeatureMask(f0=True, f1=True, f2=True, f3=True, f4=False, f5=True, f6=True, f7=False, f8=False, f9=True, f10=False, f11=True, f12=True)",0.9560467326267378
81.04700000000001,"FeatureMask(f0=True, f1=True, f2=True, f3=True, f4=False, f5=True, f6=True, f7=False, f8=False, f9=True, f10=False, f11=True, f12=True)",0.9560467326267378
81.04700000000001,"FeatureMask(f0=True, f1=True, f2=True, f3=True, f4=False, f5=True, f6=True, f7=False, f8=False, f9=True, f10=False, f11=True, f12=True)",0.9560467326267378
81.125,"FeatureMask(f0=True, f1=True, f2=True, f3=True, f4=False, f5=True, f6=True, f7=False, f8=False, f9=True, f10=False, f11=True, f12=True)",0.9560467326267378
81.125,"FeatureMask(f0=True, f1=True, f2=True, f3=True, f4=False, f5=True, f6=True, f7=False, f8=False, f9=True, f10=False, f11=True, f12=True)",0.9560467326267378
81.125,"FeatureMask(f0=True, f1=True, f2=True, f3=True, f4=False, f5=True, f6=True, f7=False, f8=False, f9=True, f10=False, f11=True, f12=True)",0.9560467326267378
81.125,"FeatureMask(f0=True, f1=True, f2=True, f3=True, f4=False, f5=True, f6=True, f7=False, f8=False, f9=True, f10=False, f11=True, f12=True)",0.9560467326267378
81.125,"FeatureMask(f0=True, f1=True, f2=True, f3=True, f4=False, f5=True, f6=True, f7=False, f8=False, f9=True, f10=False, f11=True, f12=True)",0.9560467326267378
81.125,"FeatureMask(f0=True, f1=True, f2=True, f3=True, f4=False, f5=True, f6=True, f7=False, f8=False, f9=True, f10=False, f11=True, f12=True)",0.9560467326267378
81.125,"FeatureMask(f0=True, f1=True, f2=True, f3=True, f4=False, f5=True, f6=True, f7=False, f8=False, f9=True, f10=False, f11=True, f12=True)",0.9560467326267378
81.125,"FeatureMask(f0=True, f1=True, f2=True, f3=True, f4=False, f5=True, f6=True, f7=False, f8=False, f9=True, f10=False, f11=True, f12=True)",0.9560467326267378
81.125,"FeatureMask(f0=True, f1=True, f2=True, f3=True, f4=False, f5=True, f6=True, f7=False, f8=False, f9=True, f10=False, f11=True, f12=True)",0.9560467326267378
81.125,"FeatureMask(f0=True, f1=True, f2=True, f3=True, f4=False, f5=True, f6=True, f7=False, f8=False, f9=True, f10=False, f11=True, f12=True)",0.9560467326267378
81.328,"FeatureMask(f0=True, f1=True, f2=True, f3=True, f4=False, f5=True, f6=True, f7=False, f8=False, f9=True, f10=False, f11=True, f12=True)",0.9560467326267378
81.328,"FeatureMask(f0=True, f1=True, f2=True, f3=True, f4=False, f5=True, f6=True, f7=False, f8=False, f9=True, f10=False, f11=True, f12=True)",0.9560467326267378
81.328,"FeatureMask(f0=True, f1=True, f2=True, f3=True, f4=False, f5=True, f6=True, f7=False, f8=False, f9=True, f10=False, f11=True, f12=True)",0.9560467326267378
81.328,"FeatureMask(f0=True, f1=True, f2=True, f3=True, f4=False, f5=True, f6=True, f7=False, f8=False, f9=True, f10=False, f11=True, f12=True)",0.9560467326267378
81.328,"FeatureMask(f0=True, f1=True, f2=True, f3=True, f4=False, f5=True, f6=True, f7=False, f8=False, f9=True, f10=False, f11=True, f12=True)",0.9560467326267378
81.328,"FeatureMask(f0=True, f1=True, f2=True, f3=True, f4=False, f5=True, f6=True, f7=False, f8=False, f9=True, f10=False, f11=True, f12=True)",0.9560467326267378
81.328,"FeatureMask(f0=True, f1=True, f2=True, f3=True, f4=False, f5=True, f6=True, f7=False, f8=False, f9=True, f10=False, f11=True, f12=True)",0.9560467326267378
81.328,"FeatureMask(f0=True, f1=True, f2=True, f3=True, f4=False, f5=True, f6=True, f7=False, f8=False, f9=True, f10=False, f11=True, f12=True)",0.9560467326267378
81.328,"FeatureMask(f0=True, f1=True, f2=True, f3=True, f4=False, f5=True, f6=True, f7=False, f8=False, f9=True, f10=False, f11=True, f12=True)",0.9560467326267378
81.328,"FeatureMask(f0=True, f1=True, f2=True, f3=True, f4=False, f5=True, f6=True, f7=False, f8=False, f9=True, f10=False, f11=True, f12=True)",0.9560467326267378
81.42200000000001,"FeatureMask(f0=True, f1=True, f2=True, f3=True, f4=False, f5=True, f6=True, f7=False, f8=False, f9=True, f10=False, f11=True, f12=True)",0.9560467326267378
81.42200000000001,"FeatureMask(f0=True, f1=True, f2=True, f3=True, f4=False, f5=True, f6=True, f7=False, f8=False, f9=True, f10=False, f11=True, f12=True)",0.9560467326267378
81.42200000000001,"FeatureMask(f0=True, f1=True, f2=True, f3=True, f4=False, f5=True, f6=True, f7=False, f8=False, f9=True, f10=False, f11=True, f12=True)",0.9560467326267378
81.42200000000001,"FeatureMask(f0=True, f1=True, f2=True, f3=True, f4=False, f5=True, f6=True, f7=False, f8=False, f9=True, f10=False, f11=True, f12=True)",0.9560467326267378
81.42200000000001,"FeatureMask(f0=True, f1=True, f2=True, f3=True, f4=False, f5=True, f6=True, f7=False, f8=False, f9=True, f10=False, f11=True, f12=True)",0.9560467326267378
81.42200000000001,"FeatureMask(f0=True, f1=True, f2=True, f3=True, f4=False, f5=True, f6=True, f7=False, f8=False, f9=True, f10=False, f11=True, f12=True)",0.9560467326267378
81.42200000000001,"FeatureMask(f0=True, f1=True, f2=True, f3=True, f4=False, f5=True, f6=True, f7=False, f8=False, f9=True, f10=False, f11=True, f12=True)",0.9560467326267378
81.42200000000001,"FeatureMask(f0=True, f1=True, f2=True, f3=True, f4=False, f5=True, f6=True, f7=False, f8=False, f9=True, f10=False, f11=True, f12=True)",0.9560467326267378
81.42200000000001,"FeatureMask(f0=True, f1=True, f2=True, f3=True, f4=False, f5=True, f6=True, f7=False, f8=False, f9=True, f10=False, f11=True, f12=True)",0.9560467326267378
81.42200000000001,"FeatureMask(f0=True, f1=True, f2=True, f3=True, f4=False, f5=True, f6=True, f7=False, f8=False, f9=True, f10=False, f11=True, f12=True)",0.9560467326267378
81.42200000000001,"FeatureMask(f0=True, f1=True, f2=True, f3=True, f4=False, f5=True, f6=True, f7=False, f8=False, f9=True, f10=False, f11=True, f12=True)",0.9560467326267378
81.42200000000001,"FeatureMask(f0=True, f1=True, f2=True, f3=True, f4=False, f5=True, f6=True, f7=False, f8=False, f9=True, f10=False, f11=True, f12=True)",0.9560467326267378
81.42200000000001,"FeatureMask(f0=True, f1=True, f2=True, f3=True, f4=False, f5=True, f6=True, f7=False, f8=False, f9=True, f10=False, f11=True, f12=True)",0.9560467326267378
81.42200000000001,"FeatureMask(f0=True, f1=True, f2=True, f3=True, f4=False, f5=True, f6=True, f7=False, f8=False, f9=True, f10=False, f11=True, f12=True)",0.9560467326267378
81.42200000000001,"FeatureMask(f0=True, f1=True, f2=True, f3=True, f4=False, f5=True, f6=True, f7=False, f8=False, f9=True, f10=False, f11=True, f12=True)",0.9560467326267378
81.438,"FeatureMask(f0=True, f1=True, f2=True, f3=True, f4=False, f5=True, f6=True, f7=False, f8=False, f9=True, f10=False, f11=True, f12=True)",0.9560467326267378
81.438,"FeatureMask(f0=True, f1=True, f2=True, f3=True, f4=False, f5=True, f6=True, f7=False, f8=False, f9=True, f10=False, f11=True, f12=True)",0.9560467326267378
81.453,"FeatureMask(f0=True, f1=True, f2=True, f3=True, f4=False, f5=True, f6=True, f7=False, f8=False, f9=True, f10=False, f11=True, f12=True)",0.9560467326267378
81.453,"FeatureMask(f0=True, f1=True, f2=True, f3=True, f4=False, f5=True, f6=True, f7=False, f8=False, f9=True, f10=False, f11=True, f12=True)",0.9560467326267378
81.46900000000001,"FeatureMask(f0=True, f1=True, f2=True, f3=True, f4=False, f5=True, f6=True, f7=False, f8=False, f9=True, f10=False, f11=True, f12=True)",0.9560467326267378
81.46900000000001,"FeatureMask(f0=True, f1=True, f2=True, f3=True, f4=False, f5=True, f6=True, f7=False, f8=False, f9=True, f10=False, f11=True, f12=True)",0.9560467326267378
81.46900000000001,"FeatureMask(f0=True, f1=True, f2=True, f3=True, f4=False, f5=True, f6=True, f7=False, f8=False, f9=True, f10=False, f11=True, f12=True)",0.9560467326267378
81.46900000000001,"FeatureMask(f0=True, f1=True, f2=True, f3=True, f4=False, f5=True, f6=True, f7=False, f8=False, f9=True, f10=False, f11=True, f12=True)",0.9560467326267378
81.485,"FeatureMask(f0=True, f1=True, f2=True, f3=True, f4=False, f5=True, f6=True, f7=False, f8=False, f9=True, f10=False, f11=True, f12=True)",0.9560467326267378
81.5,"FeatureMask(f0=True, f1=True, f2=True, f3=True, f4=False, f5=True, f6=True, f7=False, f8=False, f9=True, f10=False, f11=True, f12=True)",0.9560467326267378
81.5,"FeatureMask(f0=True, f1=True, f2=True, f3=True, f4=False, f5=True, f6=True, f7=False, f8=False, f9=True, f10=False, f11=True, f12=True)",0.9560467326267378
81.516,"FeatureMask(f0=True, f1=True, f2=True, f3=True, f4=False, f5=True, f6=True, f7=False, f8=False, f9=True, f10=False, f11=True, f12=True)",0.9560467326267378
81.53200000000001,"FeatureMask(f0=True, f1=True, f2=True, f3=True, f4=False, f5=True, f6=True, f7=False, f8=False, f9=True, f10=False, f11=True, f12=True)",0.9560467326267378
81.53200000000001,"FeatureMask(f0=True, f1=True, f2=True, f3=True, f4=False, f5=True, f6=True, f7=False, f8=False, f9=True, f10=False, f11=True, f12=True)",0.9560467326267378
81.53200000000001,"FeatureMask(f0=True, f1=True, f2=True, f3=True, f4=False, f5=True, f6=True, f7=False, f8=False, f9=True, f10=False, f11=True, f12=True)",0.9560467326267378
81.53200000000001,"FeatureMask(f0=True, f1=True, f2=True, f3=True, f4=False, f5=True, f6=True, f7=False, f8=False, f9=True, f10=False, f11=True, f12=True)",0.9560467326267378
81.53200000000001,"FeatureMask(f0=True, f1=True, f2=True, f3=True, f4=False, f5=True, f6=True, f7=False, f8=False, f9=True, f10=False, f11=True, f12=True)",0.9560467326267378
81.53200000000001,"FeatureMask(f0=True, f1=True, f2=True, f3=True, f4=False, f5=True, f6=True, f7=False, f8=False, f9=True, f10=False, f11=True, f12=True)",0.9560467326267378
81.53200000000001,"FeatureMask(f0=True, f1=True, f2=True, f3=True, f4=False, f5=True, f6=True, f7=False, f8=False, f9=True, f10=False, f11=True, f12=True)",0.9560467326267378
81.53200000000001,"FeatureMask(f0=True, f1=True, f2=True, f3=True, f4=False, f5=True, f6=True, f7=False, f8=False, f9=True, f10=False, f11=True, f12=True)",0.9560467326267378
81.53200000000001,"FeatureMask(f0=True, f1=True, f2=True, f3=True, f4=False, f5=True, f6=True, f7=False, f8=False, f9=True, f10=False, f11=True, f12=True)",0.9560467326267378
81.53200000000001,"FeatureMask(f0=True, f1=True, f2=True, f3=True, f4=False, f5=True, f6=True, f7=False, f8=False, f9=True, f10=False, f11=True, f12=True)",0.9560467326267378
81.53200000000001,"FeatureMask(f0=True, f1=True, f2=True, f3=True, f4=False, f5=True, f6=True, f7=False, f8=False, f9=True, f10=False, f11=True, f12=True)",0.9560467326267378
81.53200000000001,"FeatureMask(f0=True, f1=True, f2=True, f3=True, f4=False, f5=True, f6=True, f7=False, f8=False, f9=True, f10=False, f11=True, f12=True)",0.9560467326267378
81.53200000000001,"FeatureMask(f0=True, f1=True, f2=True, f3=True, f4=False, f5=True, f6=True, f7=False, f8=False, f9=True, f10=False, f11=True, f12=True)",0.9560467326267378
81.625,"FeatureMask(f0=True, f1=True, f2=True, f3=True, f4=False, f5=True, f6=True, f7=False, f8=False, f9=True, f10=False, f11=True, f12=True)",0.9560467326267378
81.625,"FeatureMask(f0=True, f1=True, f2=True, f3=True, f4=False, f5=True, f6=True, f7=False, f8=False, f9=True, f10=False, f11=True, f12=True)",0.9560467326267378
81.625,"FeatureMask(f0=True, f1=True, f2=True, f3=True, f4=False, f5=True, f6=True, f7=False, f8=False, f9=True, f10=False, f11=True, f12=True)",0.9560467326267378
81.625,"FeatureMask(f0=True, f1=True, f2=True, f3=True, f4=False, f5=True, f6=True, f7=False, f8=False, f9=True, f10=False, f11=True, f12=True)",0.9560467326267378
81.625,"FeatureMask(f0=True, f1=True, f2=True, f3=True, f4=False, f5=True, f6=True, f7=False, f8=False, f9=True, f10=False, f11=True, f12=True)",0.9560467326267378
81.641,"FeatureMask(f0=True, f1=True, f2=True, f3=True, f4=False, f5=True, f6=True, f7=False, f8=False, f9=True, f10=False, f11=True, f12=True)",0.9560467326267378
81.641,"FeatureMask(f0=True, f1=True, f2=True, f3=True, f4=False, f5=True, f6=True, f7=False, f8=False, f9=True, f10=False, f11=True, f12=True)",0.9560467326267378
81.641,"FeatureMask(f0=True, f1=True, f2=True, f3=True, f4=False, f5=True, f6=True, f7=False, f8=False, f9=True, f10=False, f11=True, f12=True)",0.9560467326267378
81.641,"FeatureMask(f0=True, f1=True, f2=True, f3=True, f4=False, f5=True, f6=True, f7=False, f8=False, f9=True, f10=False, f11=True, f12=True)",0.9560467326267378
81.641,"FeatureMask(f0=True, f1=True, f2=True, f3=True, f4=False, f5=True, f6=True, f7=False, f8=False, f9=True, f10=False, f11=True, f12=True)",0.9560467326267378
81.641,"FeatureMask(f0=True, f1=True, f2=True, f3=True, f4=False, f5=True, f6=True, f7=False, f8=False, f9=True, f10=False, f11=True, f12=True)",0.9560467326267378
81.641,"FeatureMask(f0=True, f1=True, f2=True, f3=True, f4=False, f5=True, f6=True, f7=False, f8=False, f9=True, f10=False, f11=True, f12=True)",0.9560467326267378
81.641,"FeatureMask(f0=True, f1=True, f2=True, f3=True, f4=False, f5=True, f6=True, f7=False, f8=False, f9=True, f10=False, f11=True, f12=True)",0.9560467326267378
81.641,"FeatureMask(f0=True, f1=True, f2=True, f3=True, f4=False, f5=True, f6=True, f7=False, f8=False, f9=True, f10=False, f11=True, f12=True)",0.9560467326267378
81.65700000000001,"FeatureMask(f0=True, f1=True, f2=True, f3=True, f4=False, f5=True, f6=True, f7=False, f8=False, f9=True, f10=False, f11=True, f12=True)",0.9560467326267378
81.65700000000001,"FeatureMask(f0=True, f1=True, f2=True, f3=True, f4=False, f5=True, f6=True, f7=False, f8=False, f9=True, f10=False, f11=True, f12=True)",0.9560467326267378
81.67200000000001,"FeatureMask(f0=True, f1=True, f2=True, f3=True, f4=False, f5=True, f6=True, f7=False, f8=False, f9=True, f10=False, f11=True, f12=True)",0.9560467326267378
81.688,"FeatureMask(f0=True, f1=True, f2=True, f3=True, f4=False, f5=True, f6=True, f7=False, f8=False, f9=True, f10=False, f11=True, f12=True)",0.9560467326267378
81.688,"FeatureMask(f0=True, f1=True, f2=True, f3=True, f4=False, f5=True, f6=True, f7=False, f8=False, f9=True, f10=False, f11=True, f12=True)",0.9560467326267378
81.703,"FeatureMask(f0=True, f1=True, f2=True, f3=True, f4=False, f5=True, f6=True, f7=False, f8=False, f9=True, f10=False, f11=True, f12=True)",0.9560467326267378
81.703,"FeatureMask(f0=True, f1=True, f2=True, f3=True, f4=False, f5=True, f6=True, f7=False, f8=False, f9=True, f10=False, f11=True, f12=True)",0.9560467326267378
81.71900000000001,"FeatureMask(f0=True, f1=True, f2=True, f3=True, f4=False, f5=True, f6=True, f7=False, f8=False, f9=True, f10=False, f11=True, f12=True)",0.9560467326267378
81.71900000000001,"FeatureMask(f0=True, f1=True, f2=True, f3=True, f4=False, f5=True, f6=True, f7=False, f8=False, f9=True, f10=False, f11=True, f12=True)",0.9560467326267378
81.735,"FeatureMask(f0=True, f1=True, f2=True, f3=True, f4=False, f5=True, f6=True, f7=False, f8=False, f9=True, f10=False, f11=True, f12=True)",0.9560467326267378
81.75,"FeatureMask(f0=True, f1=True, f2=True, f3=True, f4=False, f5=True, f6=True, f7=False, f8=False, f9=True, f10=False, f11=True, f12=True)",0.9560467326267378
81.75,"FeatureMask(f0=True, f1=True, f2=True, f3=True, f4=False, f5=True, f6=True, f7=False, f8=False, f9=True, f10=False, f11=True, f12=True)",0.9560467326267378
81.766,"FeatureMask(f0=True, f1=True, f2=True, f3=True, f4=False, f5=True, f6=True, f7=False, f8=False, f9=True, f10=False, f11=True, f12=True)",0.9560467326267378
81.766,"FeatureMask(f0=True, f1=True, f2=True, f3=True, f4=False, f5=True, f6=True, f7=False, f8=False, f9=True, f10=False, f11=True, f12=True)",0.9560467326267378
81.766,"FeatureMask(f0=True, f1=True, f2=True, f3=True, f4=False, f5=True, f6=True, f7=False, f8=False, f9=True, f10=False, f11=True, f12=True)",0.9560467326267378
81.766,"FeatureMask(f0=True, f1=True, f2=True, f3=True, f4=False, f5=True, f6=True, f7=False, f8=False, f9=True, f10=False, f11=True, f12=True)",0.9560467326267378
81.766,"FeatureMask(f0=True, f1=True, f2=True, f3=True, f4=False, f5=True, f6=True, f7=False, f8=False, f9=True, f10=False, f11=True, f12=True)",0.9560467326267378
81.766,"FeatureMask(f0=True, f1=True, f2=True, f3=True, f4=False, f5=True, f6=True, f7=False, f8=False, f9=True, f10=False, f11=True, f12=True)",0.9560467326267378
81.766,"FeatureMask(f0=True, f1=True, f2=True, f3=True, f4=False, f5=True, f6=True, f7=False, f8=False, f9=True, f10=False, f11=True, f12=True)",0.9560467326267378
81.766,"FeatureMask(f0=True, f1=True, f2=True, f3=True, f4=False, f5=True, f6=True, f7=False, f8=False, f9=True, f10=False, f11=True, f12=True)",0.9560467326267378
81.766,"FeatureMask(f0=True, f1=True, f2=True, f3=True, f4=False, f5=True, f6=True, f7=False, f8=False, f9=True, f10=False, f11=True, f12=True)",0.9560467326267378
81.766,"FeatureMask(f0=True, f1=True, f2=True, f3=True, f4=False, f5=True, f6=True, f7=False, f8=False, f9=True, f10=False, f11=True, f12=True)",0.9560467326267378
81.766,"FeatureMask(f0=True, f1=True, f2=True, f3=True, f4=False, f5=True, f6=True, f7=False, f8=False, f9=True, f10=False, f11=True, f12=True)",0.9560467326267378
81.766,"FeatureMask(f0=True, f1=True, f2=True, f3=True, f4=False, f5=True, f6=True, f7=False, f8=False, f9=True, f10=False, f11=True, f12=True)",0.9560467326267378
81.84400000000001,"FeatureMask(f0=True, f1=True, f2=True, f3=True, f4=False, f5=True, f6=True, f7=False, f8=False, f9=True, f10=False, f11=True, f12=True)",0.9560467326267378
81.84400000000001,"FeatureMask(f0=True, f1=True, f2=True, f3=True, f4=False, f5=True, f6=True, f7=False, f8=False, f9=True, f10=False, f11=True, f12=True)",0.9560467326267378
81.84400000000001,"FeatureMask(f0=True, f1=True, f2=True, f3=True, f4=False, f5=True, f6=True, f7=False, f8=False, f9=True, f10=False, f11=True, f12=True)",0.9560467326267378
81.84400000000001,"FeatureMask(f0=True, f1=True, f2=True, f3=True, f4=False, f5=True, f6=True, f7=False, f8=False, f9=True, f10=False, f11=True, f12=True)",0.9560467326267378
81.953,"FeatureMask(f0=True, f1=True, f2=True, f3=True, f4=False, f5=True, f6=True, f7=False, f8=False, f9=True, f10=False, f11=True, f12=True)",0.9560467326267378
81.953,"FeatureMask(f0=True, f1=True, f2=True, f3=True, f4=False, f5=True, f6=True, f7=False, f8=False, f9=True, f10=False, f11=True, f12=True)",0.9560467326267378
81.953,"FeatureMask(f0=True, f1=True, f2=True, f3=True, f4=False, f5=True, f6=True, f7=False, f8=False, f9=True, f10=False, f11=True, f12=True)",0.9560467326267378
81.953,"FeatureMask(f0=True, f1=True, f2=True, f3=True, f4=False, f5=True, f6=True, f7=False, f8=False, f9=True, f10=False, f11=True, f12=True)",0.9560467326267378
81.953,"FeatureMask(f0=True, f1=True, f2=True, f3=True, f4=False, f5=True, f6=True, f7=False, f8=False, f9=True, f10=False, f11=True, f12=True)",0.9560467326267378
81.953,"FeatureMask(f0=True, f1=True, f2=True, f3=True, f4=False, f5=True, f6=True, f7=False, f8=False, f9=True, f10=False, f11=True, f12=True)",0.9560467326267378
81.953,"FeatureMask(f0=True, f1=True, f2=True, f3=True, f4=False, f5=True, f6=True, f7=False, f8=False, f9=True, f10=False, f11=True, f12=True)",0.9560467326267378
81.953,"FeatureMask(f0=True, f1=True, f2=True, f3=True, f4=False, f5=True, f6=True, f7=False, f8=False, f9=True, f10=False, f11=True, f12=True)",0.9560467326267378
81.953,"FeatureMask(f0=True, f1=True, f2=True, f3=True, f4=False, f5=True, f6=True, f7=False, f8=False, f9=True, f10=False, f11=True, f12=True)",0.9560467326267378
81.953,"FeatureMask(f0=True, f1=True, f2=True, f3=True, f4=False, f5=True, f6=True, f7=False, f8=False, f9=True, f10=False, f11=True, f12=True)",0.9560467326267378
82.17200000000001,"FeatureMask(f0=True, f1=True, f2=True, f3=True, f4=False, f5=True, f6=True, f7=False, f8=False, f9=True, f10=False, f11=True, f12=True)",0.9560467326267378
82.17200000000001,"FeatureMask(f0=True, f1=True, f2=True, f3=True, f4=False, f5=True, f6=True, f7=False, f8=False, f9=True, f10=False, f11=True, f12=True)",0.9560467326267378
82.17200000000001,"FeatureMask(f0=True, f1=True, f2=True, f3=True, f4=False, f5=True, f6=True, f7=False, f8=False, f9=True, f10=False, f11=True, f12=True)",0.9560467326267378
82.17200000000001,"FeatureMask(f0=True, f1=True, f2=True, f3=True, f4=False, f5=True, f6=True, f7=False, f8=False, f9=True, f10=False, f11=True, f12=True)",0.9560467326267378
82.17200000000001,"FeatureMask(f0=True, f1=True, f2=True, f3=True, f4=False, f5=True, f6=True, f7=False, f8=False, f9=True, f10=False, f11=True, f12=True)",0.9560467326267378
82.17200000000001,"FeatureMask(f0=True, f1=True, f2=True, f3=True, f4=False, f5=True, f6=True, f7=False, f8=False, f9=True, f10=False, f11=True, f12=True)",0.9560467326267378
82.17200000000001,"FeatureMask(f0=True, f1=True, f2=True, f3=True, f4=False, f5=True, f6=True, f7=False, f8=False, f9=True, f10=False, f11=True, f12=True)",0.9560467326267378
82.17200000000001,"FeatureMask(f0=True, f1=True, f2=True, f3=True, f4=False, f5=True, f6=True, f7=False, f8=False, f9=True, f10=False, f11=True, f12=True)",0.9560467326267378
82.17200000000001,"FeatureMask(f0=True, f1=True, f2=True, f3=True, f4=False, f5=True, f6=True, f7=False, f8=False, f9=True, f10=False, f11=True, f12=True)",0.9560467326267378
82.17200000000001,"FeatureMask(f0=True, f1=True, f2=True, f3=True, f4=False, f5=True, f6=True, f7=False, f8=False, f9=True, f10=False, f11=True, f12=True)",0.9560467326267378
82.375,"FeatureMask(f0=True, f1=True, f2=True, f3=True, f4=False, f5=True, f6=True, f7=False, f8=False, f9=True, f10=False, f11=True, f12=True)",0.9560467326267378
82.375,"FeatureMask(f0=True, f1=True, f2=True, f3=True, f4=False, f5=True, f6=True, f7=False, f8=False, f9=True, f10=False, f11=True, f12=True)",0.9560467326267378
82.375,"FeatureMask(f0=True, f1=True, f2=True, f3=True, f4=False, f5=True, f6=True, f7=False, f8=False, f9=True, f10=False, f11=True, f12=True)",0.9560467326267378
82.375,"FeatureMask(f0=True, f1=True, f2=True, f3=True, f4=False, f5=True, f6=True, f7=False, f8=False, f9=True, f10=False, f11=True, f12=True)",0.9560467326267378
82.375,"FeatureMask(f0=True, f1=True, f2=True, f3=True, f4=False, f5=True, f6=True, f7=False, f8=False, f9=True, f10=False, f11=True, f12=True)",0.9560467326267378
82.375,"FeatureMask(f0=True, f1=True, f2=True, f3=True, f4=False, f5=True, f6=True, f7=False, f8=False, f9=True, f10=False, f11=True, f12=True)",0.9560467326267378
82.375,"FeatureMask(f0=True, f1=True, f2=True, f3=True, f4=False, f5=True, f6=True, f7=False, f8=False, f9=True, f10=False, f11=True, f12=True)",0.9560467326267378
82.375,"FeatureMask(f0=True, f1=True, f2=True, f3=True, f4=False, f5=True, f6=True, f7=False, f8=False, f9=True, f10=False, f11=True, f12=True)",0.9560467326267378
82.375,"FeatureMask(f0=True, f1=True, f2=True, f3=True, f4=False, f5=True, f6=True, f7=False, f8=False, f9=True, f10=False, f11=True, f12=True)",0.9560467326267378
82.375,"FeatureMask(f0=True, f1=True, f2=True, f3=True, f4=False, f5=True, f6=True, f7=False, f8=False, f9=True, f10=False, f11=True, f12=True)",0.9560467326267378
82.563,"FeatureMask(f0=True, f1=True, f2=True, f3=True, f4=False, f5=True, f6=True, f7=False, f8=False, f9=True, f10=False, f11=True, f12=True)",0.9560467326267378
82.563,"FeatureMask(f0=True, f1=True, f2=True, f3=True, f4=False, f5=True, f6=True, f7=False, f8=False, f9=True, f10=False, f11=True, f12=True)",0.9560467326267378
82.563,"FeatureMask(f0=True, f1=True, f2=True, f3=True, f4=False, f5=True, f6=True, f7=False, f8=False, f9=True, f10=False, f11=True, f12=True)",0.9560467326267378
82.563,"FeatureMask(f0=True, f1=True, f2=True, f3=True, f4=False, f5=True, f6=True, f7=False, f8=False, f9=True, f10=False, f11=True, f12=True)",0.9560467326267378
82.563,"FeatureMask(f0=True, f1=True, f2=True, f3=True, f4=False, f5=True, f6=True, f7=False, f8=False, f9=True, f10=False, f11=True, f12=True)",0.9560467326267378
82.563,"FeatureMask(f0=True, f1=True, f2=True, f3=True, f4=False, f5=True, f6=True, f7=False, f8=False, f9=True, f10=False, f11=True, f12=True)",0.9560467326267378
82.563,"FeatureMask(f0=True, f1=True, f2=True, f3=True, f4=False, f5=True, f6=True, f7=False, f8=False, f9=True, f10=False, f11=True, f12=True)",0.9560467326267378
82.563,"FeatureMask(f0=True, f1=True, f2=True, f3=True, f4=False, f5=True, f6=True, f7=False, f8=False, f9=True, f10=False, f11=True, f12=True)",0.9560467326267378
82.563,"FeatureMask(f0=True, f1=True, f2=True, f3=True, f4=False, f5=True, f6=True, f7=False, f8=False, f9=True, f10=False, f11=True, f12=True)",0.9560467326267378
82.563,"FeatureMask(f0=True, f1=True, f2=True, f3=True, f4=False, f5=True, f6=True, f7=False, f8=False, f9=True, f10=False, f11=True, f12=True)",0.9560467326267378
82.641,"FeatureMask(f0=True, f1=True, f2=True, f3=True, f4=False, f5=True, f6=True, f7=False, f8=False, f9=True, f10=False, f11=True, f12=True)",0.9560467326267378
82.75,"FeatureMask(f0=True, f1=True, f2=True, f3=True, f4=False, f5=True, f6=True, f7=False, f8=False, f9=True, f10=False, f11=True, f12=True)",0.9560467326267378
82.75,"FeatureMask(f0=True, f1=True, f2=True, f3=True, f4=False, f5=True, f6=True, f7=False, f8=False, f9=True, f10=False, f11=True, f12=True)",0.9560467326267378
82.75,"FeatureMask(f0=True, f1=True, f2=True, f3=True, f4=False, f5=True, f6=True, f7=False, f8=False, f9=True, f10=False, f11=True, f12=True)",0.9560467326267378
82.75,"FeatureMask(f0=True, f1=True, f2=True, f3=True, f4=False, f5=True, f6=True, f7=False, f8=False, f9=True, f10=False, f11=True, f12=True)",0.9560467326267378
82.75,"FeatureMask(f0=True, f1=True, f2=True, f3=True, f4=False, f5=True, f6=True, f7=False, f8=False, f9=True, f10=False, f11=True, f12=True)",0.9560467326267378
82.75,"FeatureMask(f0=True, f1=True, f2=True, f3=True, f4=False, f5=True, f6=True, f7=False, f8=False, f9=True, f10=False, f11=True, f12=True)",0.9560467326267378
82.75,"FeatureMask(f0=True, f1=True, f2=True, f3=True, f4=False, f5=True, f6=True, f7=False, f8=False, f9=True, f10=False, f11=True, f12=True)",0.9560467326267378
82.75,"FeatureMask(f0=True, f1=True, f2=True, f3=True, f4=False, f5=True, f6=True, f7=False, f8=False, f9=True, f10=False, f11=True, f12=True)",0.9560467326267378
82.75,"FeatureMask(f0=True, f1=True, f2=True, f3=True, f4=False, f5=True, f6=True, f7=False, f8=False, f9=True, f10=False, f11=True, f12=True)",0.9560467326267378
82.75,"FeatureMask(f0=True, f1=True, f2=True, f3=True, f4=False, f5=True, f6=True, f7=False, f8=False, f9=True, f10=False, f11=True, f12=True)",0.9560467326267378
82.84400000000001,"FeatureMask(f0=True, f1=True, f2=True, f3=True, f4=False, f5=True, f6=True, f7=False, f8=False, f9=True, f10=False, f11=True, f12=True)",0.9560467326267378
82.84400000000001,"FeatureMask(f0=True, f1=True, f2=True, f3=True, f4=False, f5=True, f6=True, f7=False, f8=False, f9=True, f10=False, f11=True, f12=True)",0.9560467326267378
82.953,"FeatureMask(f0=True, f1=True, f2=True, f3=True, f4=False, f5=True, f6=True, f7=False, f8=False, f9=True, f10=False, f11=True, f12=True)",0.9560467326267378
82.953,"FeatureMask(f0=True, f1=True, f2=True, f3=True, f4=False, f5=True, f6=True, f7=False, f8=False, f9=True, f10=False, f11=True, f12=True)",0.9560467326267378
82.953,"FeatureMask(f0=True, f1=True, f2=True, f3=True, f4=False, f5=True, f6=True, f7=False, f8=False, f9=True, f10=False, f11=True, f12=True)",0.9560467326267378
82.953,"FeatureMask(f0=True, f1=True, f2=True, f3=True, f4=False, f5=True, f6=True, f7=False, f8=False, f9=True, f10=False, f11=True, f12=True)",0.9560467326267378
82.953,"FeatureMask(f0=True, f1=True, f2=True, f3=True, f4=False, f5=True, f6=True, f7=False, f8=False, f9=True, f10=False, f11=True, f12=True)",0.9560467326267378
82.953,"FeatureMask(f0=True, f1=True, f2=True, f3=True, f4=False, f5=True, f6=True, f7=False, f8=False, f9=True, f10=False, f11=True, f12=True)",0.9560467326267378
82.953,"FeatureMask(f0=True, f1=True, f2=True, f3=True, f4=False, f5=True, f6=True, f7=False, f8=False, f9=True, f10=False, f11=True, f12=True)",0.9560467326267378
82.96900000000001,"FeatureMask(f0=True, f1=True, f2=True, f3=True, f4=False, f5=True, f6=True, f7=False, f8=False, f9=True, f10=False, f11=True, f12=True)",0.9560467326267378
82.96900000000001,"FeatureMask(f0=True, f1=True, f2=True, f3=True, f4=False, f5=True, f6=True, f7=False, f8=False, f9=True, f10=False, f11=True, f12=True)",0.9560467326267378
82.96900000000001,"FeatureMask(f0=True, f1=True, f2=True, f3=True, f4=False, f5=True, f6=True, f7=False, f8=False, f9=True, f10=False, f11=True, f12=True)",0.9560467326267378
83.04700000000001,"FeatureMask(f0=True, f1=True, f2=True, f3=True, f4=False, f5=True, f6=True, f7=False, f8=False, f9=True, f10=False, f11=True, f12=True)",0.9560467326267378
83.04700000000001,"FeatureMask(f0=True, f1=True, f2=True, f3=True, f4=False, f5=True, f6=True, f7=False, f8=False, f9=True, f10=False, f11=True, f12=True)",0.9560467326267378
83.15700000000001,"FeatureMask(f0=True, f1=True, f2=True, f3=True, f4=False, f5=True, f6=True, f7=False, f8=False, f9=True, f10=False, f11=True, f12=True)",0.9560467326267378
83.15700000000001,"FeatureMask(f0=True, f1=True, f2=True, f3=True, f4=False, f5=True, f6=True, f7=False, f8=False, f9=True, f10=False, f11=True, f12=True)",0.9560467326267378
83.15700000000001,"FeatureMask(f0=True, f1=True, f2=True, f3=True, f4=False, f5=True, f6=True, f7=False, f8=False, f9=True, f10=False, f11=True, f12=True)",0.9560467326267378
83.15700000000001,"FeatureMask(f0=True, f1=True, f2=True, f3=True, f4=False, f5=True, f6=True, f7=False, f8=False, f9=True, f10=False, f11=True, f12=True)",0.9560467326267378
83.15700000000001,"FeatureMask(f0=True, f1=True, f2=True, f3=True, f4=False, f5=True, f6=True, f7=False, f8=False, f9=True, f10=False, f11=True, f12=True)",0.9560467326267378
83.15700000000001,"FeatureMask(f0=True, f1=True, f2=True, f3=True, f4=False, f5=True, f6=True, f7=False, f8=False, f9=True, f10=False, f11=True, f12=True)",0.9560467326267378
83.15700000000001,"FeatureMask(f0=True, f1=True, f2=True, f3=True, f4=False, f5=True, f6=True, f7=False, f8=False, f9=True, f10=False, f11=True, f12=True)",0.9560467326267378
83.15700000000001,"FeatureMask(f0=True, f1=True, f2=True, f3=True, f4=False, f5=True, f6=True, f7=False, f8=False, f9=True, f10=False, f11=True, f12=True)",0.9560467326267378
83.15700000000001,"FeatureMask(f0=True, f1=True, f2=True, f3=True, f4=False, f5=True, f6=True, f7=False, f8=False, f9=True, f10=False, f11=True, f12=True)",0.9560467326267378
83.15700000000001,"FeatureMask(f0=True, f1=True, f2=True, f3=True, f4=False, f5=True, f6=True, f7=False, f8=False, f9=True, f10=False, f11=True, f12=True)",0.9560467326267378
83.34400000000001,"FeatureMask(f0=True, f1=True, f2=True, f3=True, f4=False, f5=True, f6=True, f7=False, f8=False, f9=True, f10=False, f11=True, f12=True)",0.9560467326267378
83.34400000000001,"FeatureMask(f0=True, f1=True, f2=True, f3=True, f4=False, f5=True, f6=True, f7=False, f8=False, f9=True, f10=False, f11=True, f12=True)",0.9560467326267378
83.34400000000001,"FeatureMask(f0=True, f1=True, f2=True, f3=True, f4=False, f5=True, f6=True, f7=False, f8=False, f9=True, f10=False, f11=True, f12=True)",0.9560467326267378
83.34400000000001,"FeatureMask(f0=True, f1=True, f2=True, f3=True, f4=False, f5=True, f6=True, f7=False, f8=False, f9=True, f10=False, f11=True, f12=True)",0.9560467326267378
83.34400000000001,"FeatureMask(f0=True, f1=True, f2=True, f3=True, f4=False, f5=True, f6=True, f7=False, f8=False, f9=True, f10=False, f11=True, f12=True)",0.9560467326267378
83.34400000000001,"FeatureMask(f0=True, f1=True, f2=True, f3=True, f4=False, f5=True, f6=True, f7=False, f8=False, f9=True, f10=False, f11=True, f12=True)",0.9560467326267378
83.34400000000001,"FeatureMask(f0=True, f1=True, f2=True, f3=True, f4=False, f5=True, f6=True, f7=False, f8=False, f9=True, f10=False, f11=True, f12=True)",0.9560467326267378
83.34400000000001,"FeatureMask(f0=True, f1=True, f2=True, f3=True, f4=False, f5=True, f6=True, f7=False, f8=False, f9=True, f10=False, f11=True, f12=True)",0.9560467326267378
83.34400000000001,"FeatureMask(f0=True, f1=True, f2=True, f3=True, f4=False, f5=True, f6=True, f7=False, f8=False, f9=True, f10=False, f11=True, f12=True)",0.9560467326267378
83.34400000000001,"FeatureMask(f0=True, f1=True, f2=True, f3=True, f4=False, f5=True, f6=True, f7=False, f8=False, f9=True, f10=False, f11=True, f12=True)",0.9560467326267378
83.42200000000001,"FeatureMask(f0=True, f1=True, f2=True, f3=True, f4=False, f5=True, f6=True, f7=False, f8=False, f9=True, f10=False, f11=True, f12=True)",0.9560467326267378
83.42200000000001,"FeatureMask(f0=True, f1=True, f2=True, f3=True, f4=False, f5=True, f6=True, f7=False, f8=False, f9=True, f10=False, f11=True, f12=True)",0.9560467326267378
83.53200000000001,"FeatureMask(f0=True, f1=True, f2=True, f3=True, f4=False, f5=True, f6=True, f7=False, f8=False, f9=True, f10=False, f11=True, f12=True)",0.9560467326267378
83.53200000000001,"FeatureMask(f0=True, f1=True, f2=True, f3=True, f4=False, f5=True, f6=True, f7=False, f8=False, f9=True, f10=False, f11=True, f12=True)",0.9560467326267378
83.53200000000001,"FeatureMask(f0=True, f1=True, f2=True, f3=True, f4=False, f5=True, f6=True, f7=False, f8=False, f9=True, f10=False, f11=True, f12=True)",0.9560467326267378
83.53200000000001,"FeatureMask(f0=True, f1=True, f2=True, f3=True, f4=False, f5=True, f6=True, f7=False, f8=False, f9=True, f10=False, f11=True, f12=True)",0.9560467326267378
83.54700000000001,"FeatureMask(f0=True, f1=True, f2=True, f3=True, f4=False, f5=True, f6=True, f7=False, f8=False, f9=True, f10=False, f11=True, f12=True)",0.9560467326267378
83.54700000000001,"FeatureMask(f0=True, f1=True, f2=True, f3=True, f4=False, f5=True, f6=True, f7=False, f8=False, f9=True, f10=False, f11=True, f12=True)",0.9560467326267378
83.54700000000001,"FeatureMask(f0=True, f1=True, f2=True, f3=True, f4=False, f5=True, f6=True, f7=False, f8=False, f9=True, f10=False, f11=True, f12=True)",0.9560467326267378
83.54700000000001,"FeatureMask(f0=True, f1=True, f2=True, f3=True, f4=False, f5=True, f6=True, f7=False, f8=False, f9=True, f10=False, f11=True, f12=True)",0.9560467326267378
83.54700000000001,"FeatureMask(f0=True, f1=True, f2=True, f3=True, f4=False, f5=True, f6=True, f7=False, f8=False, f9=True, f10=False, f11=True, f12=True)",0.9560467326267378
83.54700000000001,"FeatureMask(f0=True, f1=True, f2=True, f3=True, f4=False, f5=True, f6=True, f7=False, f8=False, f9=True, f10=False, f11=True, f12=True)",0.9560467326267378
83.703,"FeatureMask(f0=True, f1=True, f2=True, f3=True, f4=False, f5=True, f6=True, f7=False, f8=False, f9=True, f10=False, f11=True, f12=True)",0.9560467326267378
83.703,"FeatureMask(f0=True, f1=True, f2=True, f3=True, f4=False, f5=True, f6=True, f7=False, f8=False, f9=True, f10=False, f11=True, f12=True)",0.9560467326267378
83.703,"FeatureMask(f0=True, f1=True, f2=True, f3=True, f4=False, f5=True, f6=True, f7=False, f8=False, f9=True, f10=False, f11=True, f12=True)",0.9560467326267378
83.703,"FeatureMask(f0=True, f1=True, f2=True, f3=True, f4=False, f5=True, f6=True, f7=False, f8=False, f9=True, f10=False, f11=True, f12=True)",0.9560467326267378
83.703,"FeatureMask(f0=True, f1=True, f2=True, f3=True, f4=False, f5=True, f6=True, f7=False, f8=False, f9=True, f10=False, f11=True, f12=True)",0.9560467326267378
83.703,"FeatureMask(f0=True, f1=True, f2=True, f3=True, f4=False, f5=True, f6=True, f7=False, f8=False, f9=True, f10=False, f11=True, f12=True)",0.9560467326267378
83.703,"FeatureMask(f0=True, f1=True, f2=True, f3=True, f4=False, f5=True, f6=True, f7=False, f8=False, f9=True, f10=False, f11=True, f12=True)",0.9560467326267378
83.703,"FeatureMask(f0=True, f1=True, f2=True, f3=True, f4=False, f5=True, f6=True, f7=False, f8=False, f9=True, f10=False, f11=True, f12=True)",0.9560467326267378
83.703,"FeatureMask(f0=True, f1=True, f2=True, f3=True, f4=False, f5=True, f6=True, f7=False, f8=False, f9=True, f10=False, f11=True, f12=True)",0.9560467326267378
83.703,"FeatureMask(f0=True, f1=True, f2=True, f3=True, f4=False, f5=True, f6=True, f7=False, f8=False, f9=True, f10=False, f11=True, f12=True)",0.9560467326267378
83.90700000000001,"FeatureMask(f0=True, f1=True, f2=True, f3=True, f4=False, f5=True, f6=True, f7=False, f8=False, f9=True, f10=False, f11=True, f12=True)",0.9560467326267378
83.90700000000001,"FeatureMask(f0=True, f1=True, f2=True, f3=True, f4=False, f5=True, f6=True, f7=False, f8=False, f9=True, f10=False, f11=True, f12=True)",0.9560467326267378
83.90700000000001,"FeatureMask(f0=True, f1=True, f2=True, f3=True, f4=False, f5=True, f6=True, f7=False, f8=False, f9=True, f10=False, f11=True, f12=True)",0.9560467326267378
83.90700000000001,"FeatureMask(f0=True, f1=True, f2=True, f3=True, f4=False, f5=True, f6=True, f7=False, f8=False, f9=True, f10=False, f11=True, f12=True)",0.9560467326267378
83.90700000000001,"FeatureMask(f0=True, f1=True, f2=True, f3=True, f4=False, f5=True, f6=True, f7=False, f8=False, f9=True, f10=False, f11=True, f12=True)",0.9560467326267378
83.90700000000001,"FeatureMask(f0=True, f1=True, f2=True, f3=True, f4=False, f5=True, f6=True, f7=False, f8=False, f9=True, f10=False, f11=True, f12=True)",0.9560467326267378
83.90700000000001,"FeatureMask(f0=True, f1=True, f2=True, f3=True, f4=False, f5=True, f6=True, f7=False, f8=False, f9=True, f10=False, f11=True, f12=True)",0.9560467326267378
83.90700000000001,"FeatureMask(f0=True, f1=True, f2=True, f3=True, f4=False, f5=True, f6=True, f7=False, f8=False, f9=True, f10=False, f11=True, f12=True)",0.9560467326267378
83.90700000000001,"FeatureMask(f0=True, f1=True, f2=True, f3=True, f4=False, f5=True, f6=True, f7=False, f8=False, f9=True, f10=False, f11=True, f12=True)",0.9560467326267378
83.90700000000001,"FeatureMask(f0=True, f1=True, f2=True, f3=True, f4=False, f5=True, f6=True, f7=False, f8=False, f9=True, f10=False, f11=True, f12=True)",0.9560467326267378
84.0,"FeatureMask(f0=True, f1=True, f2=True, f3=True, f4=False, f5=True, f6=True, f7=False, f8=False, f9=True, f10=False, f11=True, f12=True)",0.9560467326267378
84.11,"FeatureMask(f0=True, f1=True, f2=True, f3=True, f4=False, f5=True, f6=True, f7=False, f8=False, f9=True, f10=False, f11=True, f12=True)",0.9560467326267378
84.11,"FeatureMask(f0=True, f1=True, f2=True, f3=True, f4=False, f5=True, f6=True, f7=False, f8=False, f9=True, f10=False, f11=True, f12=True)",0.9560467326267378
84.11,"FeatureMask(f0=True, f1=True, f2=True, f3=True, f4=False, f5=True, f6=True, f7=False, f8=False, f9=True, f10=False, f11=True, f12=True)",0.9560467326267378
84.11,"FeatureMask(f0=True, f1=True, f2=True, f3=True, f4=False, f5=True, f6=True, f7=False, f8=False, f9=True, f10=False, f11=True, f12=True)",0.9560467326267378
84.11,"FeatureMask(f0=True, f1=True, f2=True, f3=True, f4=False, f5=True, f6=True, f7=False, f8=False, f9=True, f10=False, f11=True, f12=True)",0.9560467326267378
84.11,"FeatureMask(f0=True, f1=True, f2=True, f3=True, f4=False, f5=True, f6=True, f7=False, f8=False, f9=True, f10=False, f11=True, f12=True)",0.9560467326267378
84.11,"FeatureMask(f0=True, f1=True, f2=True, f3=True, f4=False, f5=True, f6=True, f7=False, f8=False, f9=True, f10=False, f11=True, f12=True)",0.9560467326267378
84.11,"FeatureMask(f0=True, f1=True, f2=True, f3=True, f4=False, f5=True, f6=True, f7=False, f8=False, f9=True, f10=False, f11=True, f12=True)",0.9560467326267378
84.11,"FeatureMask(f0=True, f1=True, f2=True, f3=True, f4=False, f5=True, f6=True, f7=False, f8=False, f9=True, f10=False, f11=True, f12=True)",0.9560467326267378
84.11,"FeatureMask(f0=True, f1=True, f2=True, f3=True, f4=False, f5=True, f6=True, f7=False, f8=False, f9=True, f10=False, f11=True, f12=True)",0.9560467326267378
84.203,"FeatureMask(f0=True, f1=True, f2=True, f3=True, f4=False, f5=True, f6=True, f7=False, f8=False, f9=True, f10=False, f11=True, f12=True)",0.9560467326267378
84.313,"FeatureMask(f0=True, f1=True, f2=True, f3=True, f4=False, f5=True, f6=True, f7=False, f8=False, f9=True, f10=False, f11=True, f12=True)",0.9560467326267378
84.313,"FeatureMask(f0=True, f1=True, f2=True, f3=True, f4=False, f5=True, f6=True, f7=False, f8=False, f9=True, f10=False, f11=True, f12=True)",0.9560467326267378
84.313,"FeatureMask(f0=True, f1=True, f2=True, f3=True, f4=False, f5=True, f6=True, f7=False, f8=False, f9=True, f10=False, f11=True, f12=True)",0.9560467326267378
84.313,"FeatureMask(f0=True, f1=True, f2=True, f3=True, f4=False, f5=True, f6=True, f7=False, f8=False, f9=True, f10=False, f11=True, f12=True)",0.9560467326267378
84.313,"FeatureMask(f0=True, f1=True, f2=True, f3=True, f4=False, f5=True, f6=True, f7=False, f8=False, f9=True, f10=False, f11=True, f12=True)",0.9560467326267378
84.313,"FeatureMask(f0=True, f1=True, f2=True, f3=True, f4=False, f5=True, f6=True, f7=False, f8=False, f9=True, f10=False, f11=True, f12=True)",0.9560467326267378
84.313,"FeatureMask(f0=True, f1=True, f2=True, f3=True, f4=False, f5=True, f6=True, f7=False, f8=False, f9=True, f10=False, f11=True, f12=True)",0.9560467326267378
84.313,"FeatureMask(f0=True, f1=True, f2=True, f3=True, f4=False, f5=True, f6=True, f7=False, f8=False, f9=True, f10=False, f11=True, f12=True)",0.9560467326267378
84.313,"FeatureMask(f0=True, f1=True, f2=True, f3=True, f4=False, f5=True, f6=True, f7=False, f8=False, f9=True, f10=False, f11=True, f12=True)",0.9560467326267378
84.313,"FeatureMask(f0=True, f1=True, f2=True, f3=True, f4=False, f5=True, f6=True, f7=False, f8=False, f9=True, f10=False, f11=True, f12=True)",0.9560467326267378
84.40700000000001,"FeatureMask(f0=True, f1=True, f2=True, f3=True, f4=False, f5=True, f6=True, f7=False, f8=False, f9=True, f10=False, f11=True, f12=True)",0.9560467326267378
84.516,"FeatureMask(f0=True, f1=True, f2=True, f3=True, f4=False, f5=True, f6=True, f7=False, f8=False, f9=True, f10=False, f11=True, f12=True)",0.9560467326267378
84.516,"FeatureMask(f0=True, f1=True, f2=True, f3=True, f4=False, f5=True, f6=True, f7=False, f8=False, f9=True, f10=False, f11=True, f12=True)",0.9560467326267378
84.516,"FeatureMask(f0=True, f1=True, f2=True, f3=True, f4=False, f5=True, f6=True, f7=False, f8=False, f9=True, f10=False, f11=True, f12=True)",0.9560467326267378
84.516,"FeatureMask(f0=True, f1=True, f2=True, f3=True, f4=False, f5=True, f6=True, f7=False, f8=False, f9=True, f10=False, f11=True, f12=True)",0.9560467326267378
84.516,"FeatureMask(f0=True, f1=True, f2=True, f3=True, f4=False, f5=True, f6=True, f7=False, f8=False, f9=True, f10=False, f11=True, f12=True)",0.9560467326267378
84.516,"FeatureMask(f0=True, f1=True, f2=True, f3=True, f4=False, f5=True, f6=True, f7=False, f8=False, f9=True, f10=False, f11=True, f12=True)",0.9560467326267378
84.516,"FeatureMask(f0=True, f1=True, f2=True, f3=True, f4=False, f5=True, f6=True, f7=False, f8=False, f9=True, f10=False, f11=True, f12=True)",0.9560467326267378
84.516,"FeatureMask(f0=True, f1=True, f2=True, f3=True, f4=False, f5=True, f6=True, f7=False, f8=False, f9=True, f10=False, f11=True, f12=True)",0.9560467326267378
84.516,"FeatureMask(f0=True, f1=True, f2=True, f3=True, f4=False, f5=True, f6=True, f7=False, f8=False, f9=True, f10=False, f11=True, f12=True)",0.9560467326267378
84.516,"FeatureMask(f0=True, f1=True, f2=True, f3=True, f4=False, f5=True, f6=True, f7=False, f8=False, f9=True, f10=False, f11=True, f12=True)",0.9560467326267378
84.703,"FeatureMask(f0=True, f1=True, f2=True, f3=True, f4=False, f5=True, f6=True, f7=False, f8=False, f9=True, f10=False, f11=True, f12=True)",0.9560467326267378
84.703,"FeatureMask(f0=True, f1=True, f2=True, f3=True, f4=False, f5=True, f6=True, f7=False, f8=False, f9=True, f10=False, f11=True, f12=True)",0.9560467326267378
84.703,"FeatureMask(f0=True, f1=True, f2=True, f3=True, f4=False, f5=True, f6=True, f7=False, f8=False, f9=True, f10=False, f11=True, f12=True)",0.9560467326267378
84.703,"FeatureMask(f0=True, f1=True, f2=True, f3=True, f4=False, f5=True, f6=True, f7=False, f8=False, f9=True, f10=False, f11=True, f12=True)",0.9560467326267378
84.703,"FeatureMask(f0=True, f1=True, f2=True, f3=True, f4=False, f5=True, f6=True, f7=False, f8=False, f9=True, f10=False, f11=True, f12=True)",0.9560467326267378
84.703,"FeatureMask(f0=True, f1=True, f2=True, f3=True, f4=False, f5=True, f6=True, f7=False, f8=False, f9=True, f10=False, f11=True, f12=True)",0.9560467326267378
84.703,"FeatureMask(f0=True, f1=True, f2=True, f3=True, f4=False, f5=True, f6=True, f7=False, f8=False, f9=True, f10=False, f11=True, f12=True)",0.9560467326267378
84.703,"FeatureMask(f0=True, f1=True, f2=True, f3=True, f4=False, f5=True, f6=True, f7=False, f8=False, f9=True, f10=False, f11=True, f12=True)",0.9560467326267378
84.703,"FeatureMask(f0=True, f1=True, f2=True, f3=True, f4=False, f5=True, f6=True, f7=False, f8=False, f9=True, f10=False, f11=True, f12=True)",0.9560467326267378
84.703,"FeatureMask(f0=True, f1=True, f2=True, f3=True, f4=False, f5=True, f6=True, f7=False, f8=False, f9=True, f10=False, f11=True, f12=True)",0.9560467326267378
84.79700000000001,"FeatureMask(f0=True, f1=True, f2=True, f3=True, f4=False, f5=True, f6=True, f7=False, f8=False, f9=True, f10=False, f11=True, f12=True)",0.9560467326267378
84.90700000000001,"FeatureMask(f0=True, f1=True, f2=True, f3=True, f4=False, f5=True, f6=True, f7=False, f8=False, f9=True, f10=False, f11=True, f12=True)",0.9560467326267378
84.90700000000001,"FeatureMask(f0=True, f1=True, f2=True, f3=True, f4=False, f5=True, f6=True, f7=False, f8=False, f9=True, f10=False, f11=True, f12=True)",0.9560467326267378
84.90700000000001,"FeatureMask(f0=True, f1=True, f2=True, f3=True, f4=False, f5=True, f6=True, f7=False, f8=False, f9=True, f10=False, f11=True, f12=True)",0.9560467326267378
84.90700000000001,"FeatureMask(f0=True, f1=True, f2=True, f3=True, f4=False, f5=True, f6=True, f7=False, f8=False, f9=True, f10=False, f11=True, f12=True)",0.9560467326267378
84.90700000000001,"FeatureMask(f0=True, f1=True, f2=True, f3=True, f4=False, f5=True, f6=True, f7=False, f8=False, f9=True, f10=False, f11=True, f12=True)",0.9560467326267378
84.90700000000001,"FeatureMask(f0=True, f1=True, f2=True, f3=True, f4=False, f5=True, f6=True, f7=False, f8=False, f9=True, f10=False, f11=True, f12=True)",0.9560467326267378
84.90700000000001,"FeatureMask(f0=True, f1=True, f2=True, f3=True, f4=False, f5=True, f6=True, f7=False, f8=False, f9=True, f10=False, f11=True, f12=True)",0.9560467326267378
84.90700000000001,"FeatureMask(f0=True, f1=True, f2=True, f3=True, f4=False, f5=True, f6=True, f7=False, f8=False, f9=True, f10=False, f11=True, f12=True)",0.9560467326267378
84.90700000000001,"FeatureMask(f0=True, f1=True, f2=True, f3=True, f4=False, f5=True, f6=True, f7=False, f8=False, f9=True, f10=False, f11=True, f12=True)",0.9560467326267378
84.90700000000001,"FeatureMask(f0=True, f1=True, f2=True, f3=True, f4=False, f5=True, f6=True, f7=False, f8=False, f9=True, f10=False, f11=True, f12=True)",0.9560467326267378
85.09400000000001,"FeatureMask(f0=True, f1=True, f2=True, f3=True, f4=False, f5=True, f6=True, f7=False, f8=False, f9=True, f10=False, f11=True, f12=True)",0.9560467326267378
85.09400000000001,"FeatureMask(f0=True, f1=True, f2=True, f3=True, f4=False, f5=True, f6=True, f7=False, f8=False, f9=True, f10=False, f11=True, f12=True)",0.9560467326267378
85.09400000000001,"FeatureMask(f0=True, f1=True, f2=True, f3=True, f4=False, f5=True, f6=True, f7=False, f8=False, f9=True, f10=False, f11=True, f12=True)",0.9560467326267378
85.09400000000001,"FeatureMask(f0=True, f1=True, f2=True, f3=True, f4=False, f5=True, f6=True, f7=False, f8=False, f9=True, f10=False, f11=True, f12=True)",0.9560467326267378
85.09400000000001,"FeatureMask(f0=True, f1=True, f2=True, f3=True, f4=False, f5=True, f6=True, f7=False, f8=False, f9=True, f10=False, f11=True, f12=True)",0.9560467326267378
85.09400000000001,"FeatureMask(f0=True, f1=True, f2=True, f3=True, f4=False, f5=True, f6=True, f7=False, f8=False, f9=True, f10=False, f11=True, f12=True)",0.9560467326267378
85.09400000000001,"FeatureMask(f0=True, f1=True, f2=True, f3=True, f4=False, f5=True, f6=True, f7=False, f8=False, f9=True, f10=False, f11=True, f12=True)",0.9560467326267378
85.09400000000001,"FeatureMask(f0=True, f1=True, f2=True, f3=True, f4=False, f5=True, f6=True, f7=False, f8=False, f9=True, f10=False, f11=True, f12=True)",0.9560467326267378
85.09400000000001,"FeatureMask(f0=True, f1=True, f2=True, f3=True, f4=False, f5=True, f6=True, f7=False, f8=False, f9=True, f10=False, f11=True, f12=True)",0.9560467326267378
85.09400000000001,"FeatureMask(f0=True, f1=True, f2=True, f3=True, f4=False, f5=True, f6=True, f7=False, f8=False, f9=True, f10=False, f11=True, f12=True)",0.9560467326267378
85.188,"FeatureMask(f0=True, f1=True, f2=True, f3=True, f4=False, f5=True, f6=True, f7=False, f8=False, f9=True, f10=False, f11=True, f12=True)",0.9560467326267378
85.266,"FeatureMask(f0=True, f1=True, f2=True, f3=True, f4=False, f5=True, f6=True, f7=False, f8=False, f9=True, f10=False, f11=True, f12=True)",0.9560467326267378
85.266,"FeatureMask(f0=True, f1=True, f2=True, f3=True, f4=False, f5=True, f6=True, f7=False, f8=False, f9=True, f10=False, f11=True, f12=True)",0.9560467326267378
85.266,"FeatureMask(f0=True, f1=True, f2=True, f3=True, f4=False, f5=True, f6=True, f7=False, f8=False, f9=True, f10=False, f11=True, f12=True)",0.9560467326267378
85.266,"FeatureMask(f0=True, f1=True, f2=True, f3=True, f4=False, f5=True, f6=True, f7=False, f8=False, f9=True, f10=False, f11=True, f12=True)",0.9560467326267378
85.266,"FeatureMask(f0=True, f1=True, f2=True, f3=True, f4=False, f5=True, f6=True, f7=False, f8=False, f9=True, f10=False, f11=True, f12=True)",0.9560467326267378
85.266,"FeatureMask(f0=True, f1=True, f2=True, f3=True, f4=False, f5=True, f6=True, f7=False, f8=False, f9=True, f10=False, f11=True, f12=True)",0.9560467326267378
85.266,"FeatureMask(f0=True, f1=True, f2=True, f3=True, f4=False, f5=True, f6=True, f7=False, f8=False, f9=True, f10=False, f11=True, f12=True)",0.9560467326267378
85.266,"FeatureMask(f0=True, f1=True, f2=True, f3=True, f4=False, f5=True, f6=True, f7=False, f8=False, f9=True, f10=False, f11=True, f12=True)",0.9560467326267378
85.266,"FeatureMask(f0=True, f1=True, f2=True, f3=True, f4=False, f5=True, f6=True, f7=False, f8=False, f9=True, f10=False, f11=True, f12=True)",0.9560467326267378
85.266,"FeatureMask(f0=True, f1=True, f2=True, f3=True, f4=False, f5=True, f6=True, f7=False, f8=False, f9=True, f10=False, f11=True, f12=True)",0.9560467326267378
85.34400000000001,"FeatureMask(f0=True, f1=True, f2=True, f3=True, f4=False, f5=True, f6=True, f7=False, f8=False, f9=True, f10=False, f11=True, f12=True)",0.9560467326267378
85.453,"FeatureMask(f0=True, f1=True, f2=True, f3=True, f4=False, f5=True, f6=True, f7=False, f8=False, f9=True, f10=False, f11=True, f12=True)",0.9560467326267378
85.453,"FeatureMask(f0=True, f1=True, f2=True, f3=True, f4=False, f5=True, f6=True, f7=False, f8=False, f9=True, f10=False, f11=True, f12=True)",0.9560467326267378
85.453,"FeatureMask(f0=True, f1=True, f2=True, f3=True, f4=False, f5=True, f6=True, f7=False, f8=False, f9=True, f10=False, f11=True, f12=True)",0.9560467326267378
85.453,"FeatureMask(f0=True, f1=True, f2=True, f3=True, f4=False, f5=True, f6=True, f7=False, f8=False, f9=True, f10=False, f11=True, f12=True)",0.9560467326267378
85.453,"FeatureMask(f0=True, f1=True, f2=True, f3=True, f4=False, f5=True, f6=True, f7=False, f8=False, f9=True, f10=False, f11=True, f12=True)",0.9560467326267378
85.453,"FeatureMask(f0=True, f1=True, f2=True, f3=True, f4=False, f5=True, f6=True, f7=False, f8=False, f9=True, f10=False, f11=True, f12=True)",0.9560467326267378
85.453,"FeatureMask(f0=True, f1=True, f2=True, f3=True, f4=False, f5=True, f6=True, f7=False, f8=False, f9=True, f10=False, f11=True, f12=True)",0.9560467326267378
85.453,"FeatureMask(f0=True, f1=True, f2=True, f3=True, f4=False, f5=True, f6=True, f7=False, f8=False, f9=True, f10=False, f11=True, f12=True)",0.9560467326267378
85.453,"FeatureMask(f0=True, f1=True, f2=True, f3=True, f4=False, f5=True, f6=True, f7=False, f8=False, f9=True, f10=False, f11=True, f12=True)",0.9560467326267378
85.453,"FeatureMask(f0=True, f1=True, f2=True, f3=True, f4=False, f5=True, f6=True, f7=False, f8=False, f9=True, f10=False, f11=True, f12=True)",0.9560467326267378
85.54700000000001,"FeatureMask(f0=True, f1=True, f2=True, f3=True, f4=False, f5=True, f6=True, f7=False, f8=False, f9=True, f10=False, f11=True, f12=True)",0.9560467326267378
85.65700000000001,"FeatureMask(f0=True, f1=True, f2=True, f3=True, f4=False, f5=True, f6=True, f7=False, f8=False, f9=True, f10=False, f11=True, f12=True)",0.9560467326267378
85.65700000000001,"FeatureMask(f0=True, f1=True, f2=True, f3=True, f4=False, f5=True, f6=True, f7=False, f8=False, f9=True, f10=False, f11=True, f12=True)",0.9560467326267378
85.65700000000001,"FeatureMask(f0=True, f1=True, f2=True, f3=True, f4=False, f5=True, f6=True, f7=False, f8=False, f9=True, f10=False, f11=True, f12=True)",0.9560467326267378
85.65700000000001,"FeatureMask(f0=True, f1=True, f2=True, f3=True, f4=False, f5=True, f6=True, f7=False, f8=False, f9=True, f10=False, f11=True, f12=True)",0.9560467326267378
85.65700000000001,"FeatureMask(f0=True, f1=True, f2=True, f3=True, f4=False, f5=True, f6=True, f7=False, f8=False, f9=True, f10=False, f11=True, f12=True)",0.9560467326267378
85.65700000000001,"FeatureMask(f0=True, f1=True, f2=True, f3=True, f4=False, f5=True, f6=True, f7=False, f8=False, f9=True, f10=False, f11=True, f12=True)",0.9560467326267378
85.65700000000001,"FeatureMask(f0=True, f1=True, f2=True, f3=True, f4=False, f5=True, f6=True, f7=False, f8=False, f9=True, f10=False, f11=True, f12=True)",0.9560467326267378
85.65700000000001,"FeatureMask(f0=True, f1=True, f2=True, f3=True, f4=False, f5=True, f6=True, f7=False, f8=False, f9=True, f10=False, f11=True, f12=True)",0.9560467326267378
85.65700000000001,"FeatureMask(f0=True, f1=True, f2=True, f3=True, f4=False, f5=True, f6=True, f7=False, f8=False, f9=True, f10=False, f11=True, f12=True)",0.9560467326267378
85.65700000000001,"FeatureMask(f0=True, f1=True, f2=True, f3=True, f4=False, f5=True, f6=True, f7=False, f8=False, f9=True, f10=False, f11=True, f12=True)",0.9560467326267378
85.735,"FeatureMask(f0=True, f1=True, f2=True, f3=True, f4=False, f5=True, f6=True, f7=False, f8=False, f9=True, f10=False, f11=True, f12=True)",0.9560467326267378
85.735,"FeatureMask(f0=True, f1=True, f2=True, f3=True, f4=False, f5=True, f6=True, f7=False, f8=False, f9=True, f10=False, f11=True, f12=True)",0.9560467326267378
85.86,"FeatureMask(f0=True, f1=True, f2=True, f3=True, f4=False, f5=True, f6=True, f7=False, f8=False, f9=True, f10=False, f11=True, f12=True)",0.9560467326267378
85.86,"FeatureMask(f0=True, f1=True, f2=True, f3=True, f4=False, f5=True, f6=True, f7=False, f8=False, f9=True, f10=False, f11=True, f12=True)",0.9560467326267378
85.86,"FeatureMask(f0=True, f1=True, f2=True, f3=True, f4=False, f5=True, f6=True, f7=False, f8=False, f9=True, f10=False, f11=True, f12=True)",0.9560467326267378
85.86,"FeatureMask(f0=True, f1=True, f2=True, f3=True, f4=False, f5=True, f6=True, f7=False, f8=False, f9=True, f10=False, f11=True, f12=True)",0.9560467326267378
85.86,"FeatureMask(f0=True, f1=True, f2=True, f3=True, f4=False, f5=True, f6=True, f7=False, f8=False, f9=True, f10=False, f11=True, f12=True)",0.9560467326267378
85.86,"FeatureMask(f0=True, f1=True, f2=True, f3=True, f4=False, f5=True, f6=True, f7=False, f8=False, f9=True, f10=False, f11=True, f12=True)",0.9560467326267378
85.86,"FeatureMask(f0=True, f1=True, f2=True, f3=True, f4=False, f5=True, f6=True, f7=False, f8=False, f9=True, f10=False, f11=True, f12=True)",0.9560467326267378
85.86,"FeatureMask(f0=True, f1=True, f2=True, f3=True, f4=False, f5=True, f6=True, f7=False, f8=False, f9=True, f10=False, f11=True, f12=True)",0.9560467326267378
85.86,"FeatureMask(f0=True, f1=True, f2=True, f3=True, f4=False, f5=True, f6=True, f7=False, f8=False, f9=True, f10=False, f11=True, f12=True)",0.9560467326267378
85.86,"FeatureMask(f0=True, f1=True, f2=True, f3=True, f4=False, f5=True, f6=True, f7=False, f8=False, f9=True, f10=False, f11=True, f12=True)",0.9560467326267378
85.953,"FeatureMask(f0=True, f1=True, f2=True, f3=True, f4=False, f5=True, f6=True, f7=False, f8=False, f9=True, f10=False, f11=True, f12=True)",0.9560467326267378
86.078,"FeatureMask(f0=True, f1=True, f2=True, f3=True, f4=False, f5=True, f6=True, f7=False, f8=False, f9=True, f10=False, f11=True, f12=True)",0.9560467326267378
86.078,"FeatureMask(f0=True, f1=True, f2=True, f3=True, f4=False, f5=True, f6=True, f7=False, f8=False, f9=True, f10=False, f11=True, f12=True)",0.9560467326267378
86.078,"FeatureMask(f0=True, f1=True, f2=True, f3=True, f4=False, f5=True, f6=True, f7=False, f8=False, f9=True, f10=False, f11=True, f12=True)",0.9560467326267378
86.078,"FeatureMask(f0=True, f1=True, f2=True, f3=True, f4=False, f5=True, f6=True, f7=False, f8=False, f9=True, f10=False, f11=True, f12=True)",0.9560467326267378
86.078,"FeatureMask(f0=True, f1=True, f2=True, f3=True, f4=False, f5=True, f6=True, f7=False, f8=False, f9=True, f10=False, f11=True, f12=True)",0.9560467326267378
86.078,"FeatureMask(f0=True, f1=True, f2=True, f3=True, f4=False, f5=True, f6=True, f7=False, f8=False, f9=True, f10=False, f11=True, f12=True)",0.9560467326267378
86.078,"FeatureMask(f0=True, f1=True, f2=True, f3=True, f4=False, f5=True, f6=True, f7=False, f8=False, f9=True, f10=False, f11=True, f12=True)",0.9560467326267378
86.078,"FeatureMask(f0=True, f1=True, f2=True, f3=True, f4=False, f5=True, f6=True, f7=False, f8=False, f9=True, f10=False, f11=True, f12=True)",0.9560467326267378
86.078,"FeatureMask(f0=True, f1=True, f2=True, f3=True, f4=False, f5=True, f6=True, f7=False, f8=False, f9=True, f10=False, f11=True, f12=True)",0.9560467326267378
86.078,"FeatureMask(f0=True, f1=True, f2=True, f3=True, f4=False, f5=True, f6=True, f7=False, f8=False, f9=True, f10=False, f11=True, f12=True)",0.9560467326267378
86.15700000000001,"FeatureMask(f0=True, f1=True, f2=True, f3=True, f4=False, f5=True, f6=True, f7=False, f8=False, f9=True, f10=False, f11=True, f12=True)",0.9560467326267378
86.28200000000001,"FeatureMask(f0=True, f1=True, f2=True, f3=True, f4=False, f5=True, f6=True, f7=False, f8=False, f9=True, f10=False, f11=True, f12=True)",0.9560467326267378
86.28200000000001,"FeatureMask(f0=True, f1=True, f2=True, f3=True, f4=False, f5=True, f6=True, f7=False, f8=False, f9=True, f10=False, f11=True, f12=True)",0.9560467326267378
86.28200000000001,"FeatureMask(f0=True, f1=True, f2=True, f3=True, f4=False, f5=True, f6=True, f7=False, f8=False, f9=True, f10=False, f11=True, f12=True)",0.9560467326267378
86.28200000000001,"FeatureMask(f0=True, f1=True, f2=True, f3=True, f4=False, f5=True, f6=True, f7=False, f8=False, f9=True, f10=False, f11=True, f12=True)",0.9560467326267378
86.28200000000001,"FeatureMask(f0=True, f1=True, f2=True, f3=True, f4=False, f5=True, f6=True, f7=False, f8=False, f9=True, f10=False, f11=True, f12=True)",0.9560467326267378
86.28200000000001,"FeatureMask(f0=True, f1=True, f2=True, f3=True, f4=False, f5=True, f6=True, f7=False, f8=False, f9=True, f10=False, f11=True, f12=True)",0.9560467326267378
86.28200000000001,"FeatureMask(f0=True, f1=True, f2=True, f3=True, f4=False, f5=True, f6=True, f7=False, f8=False, f9=True, f10=False, f11=True, f12=True)",0.9560467326267378
86.28200000000001,"FeatureMask(f0=True, f1=True, f2=True, f3=True, f4=False, f5=True, f6=True, f7=False, f8=False, f9=True, f10=False, f11=True, f12=True)",0.9560467326267378
86.28200000000001,"FeatureMask(f0=True, f1=True, f2=True, f3=True, f4=False, f5=True, f6=True, f7=False, f8=False, f9=True, f10=False, f11=True, f12=True)",0.9560467326267378
86.28200000000001,"FeatureMask(f0=True, f1=True, f2=True, f3=True, f4=False, f5=True, f6=True, f7=False, f8=False, f9=True, f10=False, f11=True, f12=True)",0.9560467326267378
86.391,"FeatureMask(f0=True, f1=True, f2=True, f3=True, f4=False, f5=True, f6=True, f7=False, f8=False, f9=True, f10=False, f11=True, f12=True)",0.9560467326267378
86.46900000000001,"FeatureMask(f0=True, f1=True, f2=True, f3=True, f4=False, f5=True, f6=True, f7=False, f8=False, f9=True, f10=False, f11=True, f12=True)",0.9560467326267378
86.46900000000001,"FeatureMask(f0=True, f1=True, f2=True, f3=True, f4=False, f5=True, f6=True, f7=False, f8=False, f9=True, f10=False, f11=True, f12=True)",0.9560467326267378
86.46900000000001,"FeatureMask(f0=True, f1=True, f2=True, f3=True, f4=False, f5=True, f6=True, f7=False, f8=False, f9=True, f10=False, f11=True, f12=True)",0.9560467326267378
86.46900000000001,"FeatureMask(f0=True, f1=True, f2=True, f3=True, f4=False, f5=True, f6=True, f7=False, f8=False, f9=True, f10=False, f11=True, f12=True)",0.9560467326267378
86.46900000000001,"FeatureMask(f0=True, f1=True, f2=True, f3=True, f4=False, f5=True, f6=True, f7=False, f8=False, f9=True, f10=False, f11=True, f12=True)",0.9560467326267378
86.46900000000001,"FeatureMask(f0=True, f1=True, f2=True, f3=True, f4=False, f5=True, f6=True, f7=False, f8=False, f9=True, f10=False, f11=True, f12=True)",0.9560467326267378
86.46900000000001,"FeatureMask(f0=True, f1=True, f2=True, f3=True, f4=False, f5=True, f6=True, f7=False, f8=False, f9=True, f10=False, f11=True, f12=True)",0.9560467326267378
86.46900000000001,"FeatureMask(f0=True, f1=True, f2=True, f3=True, f4=False, f5=True, f6=True, f7=False, f8=False, f9=True, f10=False, f11=True, f12=True)",0.9560467326267378
86.46900000000001,"FeatureMask(f0=True, f1=True, f2=True, f3=True, f4=False, f5=True, f6=True, f7=False, f8=False, f9=True, f10=False, f11=True, f12=True)",0.9560467326267378
86.485,"FeatureMask(f0=True, f1=True, f2=True, f3=True, f4=False, f5=True, f6=True, f7=False, f8=False, f9=True, f10=False, f11=True, f12=True)",0.9560467326267378
86.65700000000001,"FeatureMask(f0=True, f1=True, f2=True, f3=True, f4=False, f5=True, f6=True, f7=False, f8=False, f9=True, f10=False, f11=True, f12=True)",0.9560467326267378
86.65700000000001,"FeatureMask(f0=True, f1=True, f2=True, f3=True, f4=False, f5=True, f6=True, f7=False, f8=False, f9=True, f10=False, f11=True, f12=True)",0.9560467326267378
86.65700000000001,"FeatureMask(f0=True, f1=True, f2=True, f3=True, f4=False, f5=True, f6=True, f7=False, f8=False, f9=True, f10=False, f11=True, f12=True)",0.9560467326267378
86.65700000000001,"FeatureMask(f0=True, f1=True, f2=True, f3=True, f4=False, f5=True, f6=True, f7=False, f8=False, f9=True, f10=False, f11=True, f12=True)",0.9560467326267378
86.65700000000001,"FeatureMask(f0=True, f1=True, f2=True, f3=True, f4=False, f5=True, f6=True, f7=False, f8=False, f9=True, f10=False, f11=True, f12=True)",0.9560467326267378
86.65700000000001,"FeatureMask(f0=True, f1=True, f2=True, f3=True, f4=False, f5=True, f6=True, f7=False, f8=False, f9=True, f10=False, f11=True, f12=True)",0.9560467326267378
86.65700000000001,"FeatureMask(f0=True, f1=True, f2=True, f3=True, f4=False, f5=True, f6=True, f7=False, f8=False, f9=True, f10=False, f11=True, f12=True)",0.9560467326267378
86.65700000000001,"FeatureMask(f0=True, f1=True, f2=True, f3=True, f4=False, f5=True, f6=True, f7=False, f8=False, f9=True, f10=False, f11=True, f12=True)",0.9560467326267378
86.65700000000001,"FeatureMask(f0=True, f1=True, f2=True, f3=True, f4=False, f5=True, f6=True, f7=False, f8=False, f9=True, f10=False, f11=True, f12=True)",0.9560467326267378
86.67200000000001,"FeatureMask(f0=True, f1=True, f2=True, f3=True, f4=False, f5=True, f6=True, f7=False, f8=False, f9=True, f10=False, f11=True, f12=True)",0.9560467326267378
86.75,"FeatureMask(f0=True, f1=True, f2=True, f3=True, f4=False, f5=True, f6=True, f7=False, f8=False, f9=True, f10=False, f11=True, f12=True)",0.9560467326267378
86.828,"FeatureMask(f0=True, f1=True, f2=True, f3=True, f4=False, f5=True, f6=True, f7=False, f8=False, f9=True, f10=False, f11=True, f12=True)",0.9560467326267378
86.828,"FeatureMask(f0=True, f1=True, f2=True, f3=True, f4=False, f5=True, f6=True, f7=False, f8=False, f9=True, f10=False, f11=True, f12=True)",0.9560467326267378
86.828,"FeatureMask(f0=True, f1=True, f2=True, f3=True, f4=False, f5=True, f6=True, f7=False, f8=False, f9=True, f10=False, f11=True, f12=True)",0.9560467326267378
86.828,"FeatureMask(f0=True, f1=True, f2=True, f3=True, f4=False, f5=True, f6=True, f7=False, f8=False, f9=True, f10=False, f11=True, f12=True)",0.9560467326267378
86.828,"FeatureMask(f0=True, f1=True, f2=True, f3=True, f4=False, f5=True, f6=True, f7=False, f8=False, f9=True, f10=False, f11=True, f12=True)",0.9560467326267378
86.828,"FeatureMask(f0=True, f1=True, f2=True, f3=True, f4=False, f5=True, f6=True, f7=False, f8=False, f9=True, f10=False, f11=True, f12=True)",0.9560467326267378
86.828,"FeatureMask(f0=True, f1=True, f2=True, f3=True, f4=False, f5=True, f6=True, f7=False, f8=False, f9=True, f10=False, f11=True, f12=True)",0.9560467326267378
86.828,"FeatureMask(f0=True, f1=True, f2=True, f3=True, f4=False, f5=True, f6=True, f7=False, f8=False, f9=True, f10=False, f11=True, f12=True)",0.9560467326267378
86.828,"FeatureMask(f0=True, f1=True, f2=True, f3=True, f4=False, f5=True, f6=True, f7=False, f8=False, f9=True, f10=False, f11=True, f12=True)",0.9560467326267378
86.828,"FeatureMask(f0=True, f1=True, f2=True, f3=True, f4=False, f5=True, f6=True, f7=False, f8=False, f9=True, f10=False, f11=True, f12=True)",0.9560467326267378
86.92200000000001,"FeatureMask(f0=True, f1=True, f2=True, f3=True, f4=False, f5=True, f6=True, f7=False, f8=False, f9=True, f10=False, f11=True, f12=True)",0.9560467326267378
86.92200000000001,"FeatureMask(f0=True, f1=True, f2=True, f3=True, f4=False, f5=True, f6=True, f7=False, f8=False, f9=True, f10=False, f11=True, f12=True)",0.9560467326267378
86.92200000000001,"FeatureMask(f0=True, f1=True, f2=True, f3=True, f4=False, f5=True, f6=True, f7=False, f8=False, f9=True, f10=False, f11=True, f12=True)",0.9560467326267378
86.92200000000001,"FeatureMask(f0=True, f1=True, f2=True, f3=True, f4=False, f5=True, f6=True, f7=False, f8=False, f9=True, f10=False, f11=True, f12=True)",0.9560467326267378
86.92200000000001,"FeatureMask(f0=True, f1=True, f2=True, f3=True, f4=False, f5=True, f6=True, f7=False, f8=False, f9=True, f10=False, f11=True, f12=True)",0.9560467326267378
86.92200000000001,"FeatureMask(f0=True, f1=True, f2=True, f3=True, f4=False, f5=True, f6=True, f7=False, f8=False, f9=True, f10=False, f11=True, f12=True)",0.9560467326267378
86.92200000000001,"FeatureMask(f0=True, f1=True, f2=True, f3=True, f4=False, f5=True, f6=True, f7=False, f8=False, f9=True, f10=False, f11=True, f12=True)",0.9560467326267378
87.04700000000001,"FeatureMask(f0=True, f1=True, f2=True, f3=True, f4=False, f5=True, f6=True, f7=False, f8=False, f9=True, f10=False, f11=True, f12=True)",0.9560467326267378
87.04700000000001,"FeatureMask(f0=True, f1=True, f2=True, f3=True, f4=False, f5=True, f6=True, f7=False, f8=False, f9=True, f10=False, f11=True, f12=True)",0.9560467326267378
87.04700000000001,"FeatureMask(f0=True, f1=True, f2=True, f3=True, f4=False, f5=True, f6=True, f7=False, f8=False, f9=True, f10=False, f11=True, f12=True)",0.9560467326267378
87.04700000000001,"FeatureMask(f0=True, f1=True, f2=True, f3=True, f4=False, f5=True, f6=True, f7=False, f8=False, f9=True, f10=False, f11=True, f12=True)",0.9560467326267378
87.04700000000001,"FeatureMask(f0=True, f1=True, f2=True, f3=True, f4=False, f5=True, f6=True, f7=False, f8=False, f9=True, f10=False, f11=True, f12=True)",0.9560467326267378
87.04700000000001,"FeatureMask(f0=True, f1=True, f2=True, f3=True, f4=False, f5=True, f6=True, f7=False, f8=False, f9=True, f10=False, f11=True, f12=True)",0.9560467326267378
87.04700000000001,"FeatureMask(f0=True, f1=True, f2=True, f3=True, f4=False, f5=True, f6=True, f7=False, f8=False, f9=True, f10=False, f11=True, f12=True)",0.9560467326267378
87.04700000000001,"FeatureMask(f0=True, f1=True, f2=True, f3=True, f4=False, f5=True, f6=True, f7=False, f8=False, f9=True, f10=False, f11=True, f12=True)",0.9560467326267378
87.04700000000001,"FeatureMask(f0=True, f1=True, f2=True, f3=True, f4=False, f5=True, f6=True, f7=False, f8=False, f9=True, f10=False, f11=True, f12=True)",0.9560467326267378
87.04700000000001,"FeatureMask(f0=True, f1=True, f2=True, f3=True, f4=False, f5=True, f6=True, f7=False, f8=False, f9=True, f10=False, f11=True, f12=True)",0.9560467326267378
87.235,"FeatureMask(f0=True, f1=True, f2=True, f3=True, f4=False, f5=True, f6=True, f7=False, f8=False, f9=True, f10=False, f11=True, f12=True)",0.9560467326267378
87.235,"FeatureMask(f0=True, f1=True, f2=True, f3=True, f4=False, f5=True, f6=True, f7=False, f8=False, f9=True, f10=False, f11=True, f12=True)",0.9560467326267378
87.235,"FeatureMask(f0=True, f1=True, f2=True, f3=True, f4=False, f5=True, f6=True, f7=False, f8=False, f9=True, f10=False, f11=True, f12=True)",0.9560467326267378
87.235,"FeatureMask(f0=True, f1=True, f2=True, f3=True, f4=False, f5=True, f6=True, f7=False, f8=False, f9=True, f10=False, f11=True, f12=True)",0.9560467326267378
87.235,"FeatureMask(f0=True, f1=True, f2=True, f3=True, f4=False, f5=True, f6=True, f7=False, f8=False, f9=True, f10=False, f11=True, f12=True)",0.9560467326267378
87.235,"FeatureMask(f0=True, f1=True, f2=True, f3=True, f4=False, f5=True, f6=True, f7=False, f8=False, f9=True, f10=False, f11=True, f12=True)",0.9560467326267378
87.235,"FeatureMask(f0=True, f1=True, f2=True, f3=True, f4=False, f5=True, f6=True, f7=False, f8=False, f9=True, f10=False, f11=True, f12=True)",0.9560467326267378
87.235,"FeatureMask(f0=True, f1=True, f2=True, f3=True, f4=False, f5=True, f6=True, f7=False, f8=False, f9=True, f10=False, f11=True, f12=True)",0.9560467326267378
87.235,"FeatureMask(f0=True, f1=True, f2=True, f3=True, f4=False, f5=True, f6=True, f7=False, f8=False, f9=True, f10=False, f11=True, f12=True)",0.9560467326267378
87.235,"FeatureMask(f0=True, f1=True, f2=True, f3=True, f4=False, f5=True, f6=True, f7=False, f8=False, f9=True, f10=False, f11=True, f12=True)",0.9560467326267378
87.42200000000001,"FeatureMask(f0=True, f1=True, f2=True, f3=True, f4=False, f5=True, f6=True, f7=False, f8=False, f9=True, f10=False, f11=True, f12=True)",0.9560467326267378
87.42200000000001,"FeatureMask(f0=True, f1=True, f2=True, f3=True, f4=False, f5=True, f6=True, f7=False, f8=False, f9=True, f10=False, f11=True, f12=True)",0.9560467326267378
87.42200000000001,"FeatureMask(f0=True, f1=True, f2=True, f3=True, f4=False, f5=True, f6=True, f7=False, f8=False, f9=True, f10=False, f11=True, f12=True)",0.9560467326267378
87.42200000000001,"FeatureMask(f0=True, f1=True, f2=True, f3=True, f4=False, f5=True, f6=True, f7=False, f8=False, f9=True, f10=False, f11=True, f12=True)",0.9560467326267378
87.42200000000001,"FeatureMask(f0=True, f1=True, f2=True, f3=True, f4=False, f5=True, f6=True, f7=False, f8=False, f9=True, f10=False, f11=True, f12=True)",0.9560467326267378
87.42200000000001,"FeatureMask(f0=True, f1=True, f2=True, f3=True, f4=False, f5=True, f6=True, f7=False, f8=False, f9=True, f10=False, f11=True, f12=True)",0.9560467326267378
87.42200000000001,"FeatureMask(f0=True, f1=True, f2=True, f3=True, f4=False, f5=True, f6=True, f7=False, f8=False, f9=True, f10=False, f11=True, f12=True)",0.9560467326267378
87.42200000000001,"FeatureMask(f0=True, f1=True, f2=True, f3=True, f4=False, f5=True, f6=True, f7=False, f8=False, f9=True, f10=False, f11=True, f12=True)",0.9560467326267378
87.42200000000001,"FeatureMask(f0=True, f1=True, f2=True, f3=True, f4=False, f5=True, f6=True, f7=False, f8=False, f9=True, f10=False, f11=True, f12=True)",0.9560467326267378
87.42200000000001,"FeatureMask(f0=True, f1=True, f2=True, f3=True, f4=False, f5=True, f6=True, f7=False, f8=False, f9=True, f10=False, f11=True, f12=True)",0.9560467326267378
87.641,"FeatureMask(f0=True, f1=True, f2=True, f3=True, f4=False, f5=True, f6=True, f7=False, f8=False, f9=True, f10=False, f11=True, f12=True)",0.9560467326267378
87.641,"FeatureMask(f0=True, f1=True, f2=True, f3=True, f4=False, f5=True, f6=True, f7=False, f8=False, f9=True, f10=False, f11=True, f12=True)",0.9560467326267378
87.641,"FeatureMask(f0=True, f1=True, f2=True, f3=True, f4=False, f5=True, f6=True, f7=False, f8=False, f9=True, f10=False, f11=True, f12=True)",0.9560467326267378
87.641,"FeatureMask(f0=True, f1=True, f2=True, f3=True, f4=False, f5=True, f6=True, f7=False, f8=False, f9=True, f10=False, f11=True, f12=True)",0.9560467326267378
87.641,"FeatureMask(f0=True, f1=True, f2=True, f3=True, f4=False, f5=True, f6=True, f7=False, f8=False, f9=True, f10=False, f11=True, f12=True)",0.9560467326267378
87.641,"FeatureMask(f0=True, f1=True, f2=True, f3=True, f4=False, f5=True, f6=True, f7=False, f8=False, f9=True, f10=False, f11=True, f12=True)",0.9560467326267378
87.641,"FeatureMask(f0=True, f1=True, f2=True, f3=True, f4=False, f5=True, f6=True, f7=False, f8=False, f9=True, f10=False, f11=True, f12=True)",0.9560467326267378
87.641,"FeatureMask(f0=True, f1=True, f2=True, f3=True, f4=False, f5=True, f6=True, f7=False, f8=False, f9=True, f10=False, f11=True, f12=True)",0.9560467326267378
87.641,"FeatureMask(f0=True, f1=True, f2=True, f3=True, f4=False, f5=True, f6=True, f7=False, f8=False, f9=True, f10=False, f11=True, f12=True)",0.9560467326267378
87.641,"FeatureMask(f0=True, f1=True, f2=True, f3=True, f4=False, f5=True, f6=True, f7=False, f8=False, f9=True, f10=False, f11=True, f12=True)",0.9560467326267378
87.735,"FeatureMask(f0=True, f1=True, f2=True, f3=True, f4=False, f5=True, f6=True, f7=False, f8=False, f9=True, f10=False, f11=True, f12=True)",0.9560467326267378
87.84400000000001,"FeatureMask(f0=True, f1=True, f2=True, f3=True, f4=False, f5=True, f6=True, f7=False, f8=False, f9=True, f10=False, f11=True, f12=True)",0.9560467326267378
87.84400000000001,"FeatureMask(f0=True, f1=True, f2=True, f3=True, f4=False, f5=True, f6=True, f7=False, f8=False, f9=True, f10=False, f11=True, f12=True)",0.9560467326267378
87.84400000000001,"FeatureMask(f0=True, f1=True, f2=True, f3=True, f4=False, f5=True, f6=True, f7=False, f8=False, f9=True, f10=False, f11=True, f12=True)",0.9560467326267378
87.84400000000001,"FeatureMask(f0=True, f1=True, f2=True, f3=True, f4=False, f5=True, f6=True, f7=False, f8=False, f9=True, f10=False, f11=True, f12=True)",0.9560467326267378
87.84400000000001,"FeatureMask(f0=True, f1=True, f2=True, f3=True, f4=False, f5=True, f6=True, f7=False, f8=False, f9=True, f10=False, f11=True, f12=True)",0.9560467326267378
87.84400000000001,"FeatureMask(f0=True, f1=True, f2=True, f3=True, f4=False, f5=True, f6=True, f7=False, f8=False, f9=True, f10=False, f11=True, f12=True)",0.9560467326267378
87.84400000000001,"FeatureMask(f0=True, f1=True, f2=True, f3=True, f4=False, f5=True, f6=True, f7=False, f8=False, f9=True, f10=False, f11=True, f12=True)",0.9560467326267378
87.84400000000001,"FeatureMask(f0=True, f1=True, f2=True, f3=True, f4=False, f5=True, f6=True, f7=False, f8=False, f9=True, f10=False, f11=True, f12=True)",0.9560467326267378
87.84400000000001,"FeatureMask(f0=True, f1=True, f2=True, f3=True, f4=False, f5=True, f6=True, f7=False, f8=False, f9=True, f10=False, f11=True, f12=True)",0.9560467326267378
87.84400000000001,"FeatureMask(f0=True, f1=True, f2=True, f3=True, f4=False, f5=True, f6=True, f7=False, f8=False, f9=True, f10=False, f11=True, f12=True)",0.9560467326267378
87.92200000000001,"FeatureMask(f0=True, f1=True, f2=True, f3=True, f4=False, f5=True, f6=True, f7=False, f8=False, f9=True, f10=False, f11=True, f12=True)",0.9560467326267378
87.92200000000001,"FeatureMask(f0=True, f1=True, f2=True, f3=True, f4=False, f5=True, f6=True, f7=False, f8=False, f9=True, f10=False, f11=True, f12=True)",0.9560467326267378
87.92200000000001,"FeatureMask(f0=True, f1=True, f2=True, f3=True, f4=False, f5=True, f6=True, f7=False, f8=False, f9=True, f10=False, f11=True, f12=True)",0.9560467326267378
88.03200000000001,"FeatureMask(f0=True, f1=True, f2=True, f3=True, f4=False, f5=True, f6=True, f7=False, f8=False, f9=True, f10=False, f11=True, f12=True)",0.9560467326267378
88.03200000000001,"FeatureMask(f0=True, f1=True, f2=True, f3=True, f4=False, f5=True, f6=True, f7=False, f8=False, f9=True, f10=False, f11=True, f12=True)",0.9560467326267378
88.03200000000001,"FeatureMask(f0=True, f1=True, f2=True, f3=True, f4=False, f5=True, f6=True, f7=False, f8=False, f9=True, f10=False, f11=True, f12=True)",0.9560467326267378
88.03200000000001,"FeatureMask(f0=True, f1=True, f2=True, f3=True, f4=False, f5=True, f6=True, f7=False, f8=False, f9=True, f10=False, f11=True, f12=True)",0.9560467326267378
88.03200000000001,"FeatureMask(f0=True, f1=True, f2=True, f3=True, f4=False, f5=True, f6=True, f7=False, f8=False, f9=True, f10=False, f11=True, f12=True)",0.9560467326267378
88.03200000000001,"FeatureMask(f0=True, f1=True, f2=True, f3=True, f4=False, f5=True, f6=True, f7=False, f8=False, f9=True, f10=False, f11=True, f12=True)",0.9560467326267378
88.03200000000001,"FeatureMask(f0=True, f1=True, f2=True, f3=True, f4=False, f5=True, f6=True, f7=False, f8=False, f9=True, f10=False, f11=True, f12=True)",0.9560467326267378
88.03200000000001,"FeatureMask(f0=True, f1=True, f2=True, f3=True, f4=False, f5=True, f6=True, f7=False, f8=False, f9=True, f10=False, f11=True, f12=True)",0.9560467326267378
88.03200000000001,"FeatureMask(f0=True, f1=True, f2=True, f3=True, f4=False, f5=True, f6=True, f7=False, f8=False, f9=True, f10=False, f11=True, f12=True)",0.9560467326267378
88.03200000000001,"FeatureMask(f0=True, f1=True, f2=True, f3=True, f4=False, f5=True, f6=True, f7=False, f8=False, f9=True, f10=False, f11=True, f12=True)",0.9560467326267378
88.11,"FeatureMask(f0=True, f1=True, f2=True, f3=True, f4=False, f5=True, f6=True, f7=False, f8=False, f9=True, f10=False, f11=True, f12=True)",0.9560467326267378
88.235,"FeatureMask(f0=True, f1=True, f2=True, f3=True, f4=False, f5=True, f6=True, f7=False, f8=False, f9=True, f10=False, f11=True, f12=True)",0.9560467326267378
88.235,"FeatureMask(f0=True, f1=True, f2=True, f3=True, f4=False, f5=True, f6=True, f7=False, f8=False, f9=True, f10=False, f11=True, f12=True)",0.9560467326267378
88.235,"FeatureMask(f0=True, f1=True, f2=True, f3=True, f4=False, f5=True, f6=True, f7=False, f8=False, f9=True, f10=False, f11=True, f12=True)",0.9560467326267378
88.235,"FeatureMask(f0=True, f1=True, f2=True, f3=True, f4=False, f5=True, f6=True, f7=False, f8=False, f9=True, f10=False, f11=True, f12=True)",0.9560467326267378
88.235,"FeatureMask(f0=True, f1=True, f2=True, f3=True, f4=False, f5=True, f6=True, f7=False, f8=False, f9=True, f10=False, f11=True, f12=True)",0.9560467326267378
88.235,"FeatureMask(f0=True, f1=True, f2=True, f3=True, f4=False, f5=True, f6=True, f7=False, f8=False, f9=True, f10=False, f11=True, f12=True)",0.9560467326267378
88.235,"FeatureMask(f0=True, f1=True, f2=True, f3=True, f4=False, f5=True, f6=True, f7=False, f8=False, f9=True, f10=False, f11=True, f12=True)",0.9560467326267378
88.235,"FeatureMask(f0=True, f1=True, f2=True, f3=True, f4=False, f5=True, f6=True, f7=False, f8=False, f9=True, f10=False, f11=True, f12=True)",0.9560467326267378
88.235,"FeatureMask(f0=True, f1=True, f2=True, f3=True, f4=False, f5=True, f6=True, f7=False, f8=False, f9=True, f10=False, f11=True, f12=True)",0.9560467326267378
88.235,"FeatureMask(f0=True, f1=True, f2=True, f3=True, f4=False, f5=True, f6=True, f7=False, f8=False, f9=True, f10=False, f11=True, f12=True)",0.9560467326267378
88.328,"FeatureMask(f0=True, f1=True, f2=True, f3=True, f4=False, f5=True, f6=True, f7=False, f8=False, f9=True, f10=False, f11=True, f12=True)",0.9560467326267378
