Execution Time,Phenotype,Fitness0
0.016,"FeatureMask(f0=True, f1=False, f2=True, f3=False, f4=True, f5=False, f6=True, f7=True, f8=False, f9=False, f10=True, f11=False, f12=False)",0.7858930228617478
0.031000000000000003,"FeatureMask(f0=True, f1=False, f2=False, f3=False, f4=True, f5=False, f6=True, f7=False, f8=True, f9=False, f10=False, f11=False, f12=True)",0.8717348085305715
0.047,"FeatureMask(f0=False, f1=False, f2=False, f3=False, f4=True, f5=True, f6=True, f7=False, f8=False, f9=True, f10=False, f11=False, f12=True)",0.91944021344943
0.46900000000000003,"FeatureMask(f0=False, f1=False, f2=False, f3=False, f4=True, f5=True, f6=True, f7=False, f8=False, f9=True, f10=False, f11=False, f12=True)",0.91944021344943
0.48500000000000004,"FeatureMask(f0=False, f1=False, f2=False, f3=False, f4=True, f5=True, f6=True, f7=False, f8=False, f9=True, f10=False, f11=False, f12=True)",0.91944021344943
0.48500000000000004,"FeatureMask(f0=False, f1=False, f2=False, f3=False, f4=True, f5=True, f6=True, f7=False, f8=False, f9=True, f10=False, f11=False, f12=True)",0.91944021344943
0.48500000000000004,"FeatureMask(f0=False, f1=False, f2=False, f3=False, f4=True, f5=True, f6=True, f7=False, f8=False, f9=True, f10=False, f11=False, f12=True)",0.91944021344943
0.48500000000000004,"FeatureMask(f0=False, f1=False, f2=False, f3=False, f4=True, f5=True, f6=True, f7=False, f8=False, f9=True, f10=False, f11=False, f12=True)",0.91944021344943
0.48500000000000004,"FeatureMask(f0=False, f1=False, f2=False, f3=False, f4=True, f5=True, f6=True, f7=False, f8=False, f9=True, f10=False, f11=False, f12=True)",0.91944021344943
0.48500000000000004,"FeatureMask(f0=False, f1=False, f2=False, f3=False, f4=True, f5=True, f6=True, f7=False, f8=False, f9=True, f10=False, f11=False, f12=True)",0.91944021344943
0.48500000000000004,"FeatureMask(f0=False, f1=False, f2=False, f3=False, f4=True, f5=True, f6=True, f7=False, f8=False, f9=True, f10=False, f11=False, f12=True)",0.91944021344943
0.48500000000000004,"FeatureMask(f0=False, f1=False, f2=False, f3=False, f4=True, f5=True, f6=True, f7=False, f8=False, f9=True, f10=False, f11=False, f12=True)",0.91944021344943
0.48500000000000004,"FeatureMask(f0=False, f1=False, f2=False, f3=False, f4=True, f5=True, f6=True, f7=False, f8=False, f9=True, f10=False, f11=False, f12=True)",0.91944021344943
0.5,"FeatureMask(f0=False, f1=True, f2=False, f3=False, f4=True, f5=True, f6=True, f7=True, f8=False, f9=True, f10=True, f11=False, f12=True)",0.9349863208858138
0.7030000000000001,"FeatureMask(f0=False, f1=True, f2=False, f3=False, f4=True, f5=True, f6=True, f7=True, f8=False, f9=True, f10=True, f11=False, f12=True)",0.9349863208858138
0.7030000000000001,"FeatureMask(f0=False, f1=True, f2=False, f3=False, f4=True, f5=True, f6=True, f7=True, f8=False, f9=True, f10=True, f11=False, f12=True)",0.9349863208858138
0.7030000000000001,"FeatureMask(f0=False, f1=True, f2=False, f3=False, f4=True, f5=True, f6=True, f7=True, f8=False, f9=True, f10=True, f11=False, f12=True)",0.9349863208858138
0.7030000000000001,"FeatureMask(f0=False, f1=True, f2=False, f3=False, f4=True, f5=True, f6=True, f7=True, f8=False, f9=True, f10=True, f11=False, f12=True)",0.9349863208858138
0.7030000000000001,"FeatureMask(f0=False, f1=True, f2=False, f3=False, f4=True, f5=True, f6=True, f7=True, f8=False, f9=True, f10=True, f11=False, f12=True)",0.9349863208858138
0.7030000000000001,"FeatureMask(f0=False, f1=True, f2=False, f3=False, f4=True, f5=True, f6=True, f7=True, f8=False, f9=True, f10=True, f11=False, f12=True)",0.9349863208858138
0.7030000000000001,"FeatureMask(f0=False, f1=True, f2=False, f3=False, f4=True, f5=True, f6=True, f7=True, f8=False, f9=True, f10=True, f11=False, f12=True)",0.9349863208858138
0.7030000000000001,"FeatureMask(f0=False, f1=True, f2=False, f3=False, f4=True, f5=True, f6=True, f7=True, f8=False, f9=True, f10=True, f11=False, f12=True)",0.9349863208858138
0.7030000000000001,"FeatureMask(f0=False, f1=True, f2=False, f3=False, f4=True, f5=True, f6=True, f7=True, f8=False, f9=True, f10=True, f11=False, f12=True)",0.9349863208858138
0.7030000000000001,"FeatureMask(f0=False, f1=True, f2=False, f3=False, f4=True, f5=True, f6=True, f7=True, f8=False, f9=True, f10=True, f11=False, f12=True)",0.9349863208858138
0.891,"FeatureMask(f0=False, f1=True, f2=False, f3=False, f4=True, f5=True, f6=True, f7=True, f8=False, f9=True, f10=True, f11=False, f12=True)",0.9349863208858138
0.891,"FeatureMask(f0=False, f1=True, f2=False, f3=False, f4=True, f5=True, f6=True, f7=True, f8=False, f9=True, f10=True, f11=False, f12=True)",0.9349863208858138
0.891,"FeatureMask(f0=False, f1=True, f2=False, f3=False, f4=True, f5=True, f6=True, f7=True, f8=False, f9=True, f10=True, f11=False, f12=True)",0.9349863208858138
0.891,"FeatureMask(f0=False, f1=True, f2=False, f3=False, f4=True, f5=True, f6=True, f7=True, f8=False, f9=True, f10=True, f11=False, f12=True)",0.9349863208858138
0.891,"FeatureMask(f0=False, f1=True, f2=False, f3=False, f4=True, f5=True, f6=True, f7=True, f8=False, f9=True, f10=True, f11=False, f12=True)",0.9349863208858138
0.891,"FeatureMask(f0=False, f1=True, f2=False, f3=False, f4=True, f5=True, f6=True, f7=True, f8=False, f9=True, f10=True, f11=False, f12=True)",0.9349863208858138
0.891,"FeatureMask(f0=False, f1=True, f2=False, f3=False, f4=True, f5=True, f6=True, f7=True, f8=False, f9=True, f10=True, f11=False, f12=True)",0.9349863208858138
0.891,"FeatureMask(f0=False, f1=True, f2=False, f3=False, f4=True, f5=True, f6=True, f7=True, f8=False, f9=True, f10=True, f11=False, f12=True)",0.9349863208858138
0.891,"FeatureMask(f0=False, f1=True, f2=False, f3=False, f4=True, f5=True, f6=True, f7=True, f8=False, f9=True, f10=True, f11=False, f12=True)",0.9349863208858138
0.891,"FeatureMask(f0=False, f1=True, f2=False, f3=False, f4=True, f5=True, f6=True, f7=True, f8=False, f9=True, f10=True, f11=False, f12=True)",0.9349863208858138
0.9850000000000001,"FeatureMask(f0=False, f1=True, f2=False, f3=False, f4=True, f5=True, f6=True, f7=True, f8=False, f9=True, f10=True, f11=False, f12=True)",0.9349863208858138
0.9850000000000001,"FeatureMask(f0=False, f1=True, f2=False, f3=False, f4=True, f5=True, f6=True, f7=True, f8=False, f9=True, f10=True, f11=False, f12=True)",0.9349863208858138
0.9850000000000001,"FeatureMask(f0=False, f1=True, f2=False, f3=False, f4=True, f5=True, f6=True, f7=True, f8=False, f9=True, f10=True, f11=False, f12=True)",0.9349863208858138
1.094,"FeatureMask(f0=False, f1=True, f2=False, f3=False, f4=True, f5=True, f6=True, f7=True, f8=False, f9=True, f10=True, f11=False, f12=True)",0.9349863208858138
1.094,"FeatureMask(f0=False, f1=True, f2=False, f3=False, f4=True, f5=True, f6=True, f7=True, f8=False, f9=True, f10=True, f11=False, f12=True)",0.9349863208858138
1.094,"FeatureMask(f0=False, f1=True, f2=False, f3=False, f4=True, f5=True, f6=True, f7=True, f8=False, f9=True, f10=True, f11=False, f12=True)",0.9349863208858138
1.094,"FeatureMask(f0=False, f1=True, f2=False, f3=False, f4=True, f5=True, f6=True, f7=True, f8=False, f9=True, f10=True, f11=False, f12=True)",0.9349863208858138
1.094,"FeatureMask(f0=False, f1=True, f2=False, f3=False, f4=True, f5=True, f6=True, f7=True, f8=False, f9=True, f10=True, f11=False, f12=True)",0.9349863208858138
1.094,"FeatureMask(f0=False, f1=True, f2=False, f3=False, f4=True, f5=True, f6=True, f7=True, f8=False, f9=True, f10=True, f11=False, f12=True)",0.9349863208858138
1.094,"FeatureMask(f0=False, f1=True, f2=False, f3=False, f4=True, f5=True, f6=True, f7=True, f8=False, f9=True, f10=True, f11=False, f12=True)",0.9349863208858138
1.094,"FeatureMask(f0=False, f1=True, f2=False, f3=False, f4=True, f5=True, f6=True, f7=True, f8=False, f9=True, f10=True, f11=False, f12=True)",0.9349863208858138
1.094,"FeatureMask(f0=False, f1=True, f2=False, f3=False, f4=True, f5=True, f6=True, f7=True, f8=False, f9=True, f10=True, f11=False, f12=True)",0.9349863208858138
1.094,"FeatureMask(f0=False, f1=True, f2=False, f3=False, f4=True, f5=True, f6=True, f7=True, f8=False, f9=True, f10=True, f11=False, f12=True)",0.9349863208858138
1.1880000000000002,"FeatureMask(f0=False, f1=True, f2=False, f3=False, f4=True, f5=True, f6=True, f7=True, f8=False, f9=True, f10=True, f11=False, f12=True)",0.9349863208858138
1.2970000000000002,"FeatureMask(f0=False, f1=True, f2=False, f3=False, f4=True, f5=True, f6=True, f7=True, f8=False, f9=True, f10=True, f11=False, f12=True)",0.9349863208858138
1.2970000000000002,"FeatureMask(f0=False, f1=True, f2=False, f3=False, f4=True, f5=True, f6=True, f7=True, f8=False, f9=True, f10=True, f11=False, f12=True)",0.9349863208858138
1.2970000000000002,"FeatureMask(f0=False, f1=True, f2=False, f3=False, f4=True, f5=True, f6=True, f7=True, f8=False, f9=True, f10=True, f11=False, f12=True)",0.9349863208858138
1.2970000000000002,"FeatureMask(f0=False, f1=True, f2=False, f3=False, f4=True, f5=True, f6=True, f7=True, f8=False, f9=True, f10=True, f11=False, f12=True)",0.9349863208858138
1.2970000000000002,"FeatureMask(f0=False, f1=True, f2=False, f3=False, f4=True, f5=True, f6=True, f7=True, f8=False, f9=True, f10=True, f11=False, f12=True)",0.9349863208858138
1.2970000000000002,"FeatureMask(f0=False, f1=True, f2=False, f3=False, f4=True, f5=True, f6=True, f7=True, f8=False, f9=True, f10=True, f11=False, f12=True)",0.9349863208858138
1.2970000000000002,"FeatureMask(f0=False, f1=True, f2=False, f3=False, f4=True, f5=True, f6=True, f7=True, f8=False, f9=True, f10=True, f11=False, f12=True)",0.9349863208858138
1.2970000000000002,"FeatureMask(f0=False, f1=True, f2=False, f3=False, f4=True, f5=True, f6=True, f7=True, f8=False, f9=True, f10=True, f11=False, f12=True)",0.9349863208858138
1.2970000000000002,"FeatureMask(f0=False, f1=True, f2=False, f3=False, f4=True, f5=True, f6=True, f7=True, f8=False, f9=True, f10=True, f11=False, f12=True)",0.9349863208858138
1.2970000000000002,"FeatureMask(f0=False, f1=True, f2=False, f3=False, f4=True, f5=True, f6=True, f7=True, f8=False, f9=True, f10=True, f11=False, f12=True)",0.9349863208858138
1.391,"FeatureMask(f0=False, f1=True, f2=False, f3=False, f4=True, f5=True, f6=True, f7=True, f8=False, f9=True, f10=True, f11=False, f12=True)",0.9349863208858138
1.391,"FeatureMask(f0=False, f1=True, f2=False, f3=False, f4=True, f5=True, f6=True, f7=True, f8=False, f9=True, f10=True, f11=False, f12=True)",0.9349863208858138
1.391,"FeatureMask(f0=False, f1=True, f2=False, f3=False, f4=True, f5=True, f6=True, f7=True, f8=False, f9=True, f10=True, f11=False, f12=True)",0.9349863208858138
1.485,"FeatureMask(f0=False, f1=True, f2=False, f3=False, f4=True, f5=True, f6=True, f7=True, f8=False, f9=True, f10=True, f11=False, f12=True)",0.9349863208858138
1.485,"FeatureMask(f0=False, f1=True, f2=False, f3=False, f4=True, f5=True, f6=True, f7=True, f8=False, f9=True, f10=True, f11=False, f12=True)",0.9349863208858138
1.485,"FeatureMask(f0=False, f1=True, f2=False, f3=False, f4=True, f5=True, f6=True, f7=True, f8=False, f9=True, f10=True, f11=False, f12=True)",0.9349863208858138
1.485,"FeatureMask(f0=False, f1=True, f2=False, f3=False, f4=True, f5=True, f6=True, f7=True, f8=False, f9=True, f10=True, f11=False, f12=True)",0.9349863208858138
1.485,"FeatureMask(f0=False, f1=True, f2=False, f3=False, f4=True, f5=True, f6=True, f7=True, f8=False, f9=True, f10=True, f11=False, f12=True)",0.9349863208858138
1.485,"FeatureMask(f0=False, f1=True, f2=False, f3=False, f4=True, f5=True, f6=True, f7=True, f8=False, f9=True, f10=True, f11=False, f12=True)",0.9349863208858138
1.485,"FeatureMask(f0=False, f1=True, f2=False, f3=False, f4=True, f5=True, f6=True, f7=True, f8=False, f9=True, f10=True, f11=False, f12=True)",0.9349863208858138
1.485,"FeatureMask(f0=False, f1=True, f2=False, f3=False, f4=True, f5=True, f6=True, f7=True, f8=False, f9=True, f10=True, f11=False, f12=True)",0.9349863208858138
1.485,"FeatureMask(f0=False, f1=True, f2=False, f3=False, f4=True, f5=True, f6=True, f7=True, f8=False, f9=True, f10=True, f11=False, f12=True)",0.9349863208858138
1.485,"FeatureMask(f0=False, f1=True, f2=False, f3=False, f4=True, f5=True, f6=True, f7=True, f8=False, f9=True, f10=True, f11=False, f12=True)",0.9349863208858138
1.578,"FeatureMask(f0=False, f1=True, f2=False, f3=False, f4=True, f5=True, f6=True, f7=True, f8=False, f9=True, f10=True, f11=False, f12=True)",0.9349863208858138
1.578,"FeatureMask(f0=False, f1=True, f2=False, f3=False, f4=True, f5=True, f6=True, f7=True, f8=False, f9=True, f10=True, f11=False, f12=True)",0.9349863208858138
1.578,"FeatureMask(f0=False, f1=True, f2=False, f3=False, f4=True, f5=True, f6=True, f7=True, f8=False, f9=True, f10=True, f11=False, f12=True)",0.9349863208858138
1.578,"FeatureMask(f0=False, f1=True, f2=False, f3=False, f4=True, f5=True, f6=True, f7=True, f8=False, f9=True, f10=True, f11=False, f12=True)",0.9349863208858138
1.6720000000000002,"FeatureMask(f0=False, f1=True, f2=False, f3=False, f4=True, f5=True, f6=True, f7=True, f8=False, f9=True, f10=True, f11=False, f12=True)",0.9349863208858138
1.6720000000000002,"FeatureMask(f0=False, f1=True, f2=False, f3=False, f4=True, f5=True, f6=True, f7=True, f8=False, f9=True, f10=True, f11=False, f12=True)",0.9349863208858138
1.6720000000000002,"FeatureMask(f0=False, f1=True, f2=False, f3=False, f4=True, f5=True, f6=True, f7=True, f8=False, f9=True, f10=True, f11=False, f12=True)",0.9349863208858138
1.6720000000000002,"FeatureMask(f0=False, f1=True, f2=False, f3=False, f4=True, f5=True, f6=True, f7=True, f8=False, f9=True, f10=True, f11=False, f12=True)",0.9349863208858138
1.6720000000000002,"FeatureMask(f0=False, f1=True, f2=False, f3=False, f4=True, f5=True, f6=True, f7=True, f8=False, f9=True, f10=True, f11=False, f12=True)",0.9349863208858138
1.6720000000000002,"FeatureMask(f0=False, f1=True, f2=False, f3=False, f4=True, f5=True, f6=True, f7=True, f8=False, f9=True, f10=True, f11=False, f12=True)",0.9349863208858138
1.6720000000000002,"FeatureMask(f0=False, f1=True, f2=False, f3=False, f4=True, f5=True, f6=True, f7=True, f8=False, f9=True, f10=True, f11=False, f12=True)",0.9349863208858138
1.6720000000000002,"FeatureMask(f0=False, f1=True, f2=False, f3=False, f4=True, f5=True, f6=True, f7=True, f8=False, f9=True, f10=True, f11=False, f12=True)",0.9349863208858138
1.6720000000000002,"FeatureMask(f0=False, f1=True, f2=False, f3=False, f4=True, f5=True, f6=True, f7=True, f8=False, f9=True, f10=True, f11=False, f12=True)",0.9349863208858138
1.6720000000000002,"FeatureMask(f0=False, f1=True, f2=False, f3=False, f4=True, f5=True, f6=True, f7=True, f8=False, f9=True, f10=True, f11=False, f12=True)",0.9349863208858138
1.766,"FeatureMask(f0=False, f1=True, f2=False, f3=False, f4=True, f5=True, f6=True, f7=True, f8=False, f9=True, f10=True, f11=False, f12=True)",0.9349863208858138
1.86,"FeatureMask(f0=False, f1=True, f2=False, f3=False, f4=True, f5=True, f6=True, f7=True, f8=False, f9=True, f10=True, f11=False, f12=True)",0.9349863208858138
1.86,"FeatureMask(f0=False, f1=True, f2=False, f3=False, f4=True, f5=True, f6=True, f7=True, f8=False, f9=True, f10=True, f11=False, f12=True)",0.9349863208858138
1.86,"FeatureMask(f0=False, f1=True, f2=False, f3=False, f4=True, f5=True, f6=True, f7=True, f8=False, f9=True, f10=True, f11=False, f12=True)",0.9349863208858138
1.86,"FeatureMask(f0=False, f1=True, f2=False, f3=False, f4=True, f5=True, f6=True, f7=True, f8=False, f9=True, f10=True, f11=False, f12=True)",0.9349863208858138
1.86,"FeatureMask(f0=False, f1=True, f2=False, f3=False, f4=True, f5=True, f6=True, f7=True, f8=False, f9=True, f10=True, f11=False, f12=True)",0.9349863208858138
1.86,"FeatureMask(f0=False, f1=True, f2=False, f3=False, f4=True, f5=True, f6=True, f7=True, f8=False, f9=True, f10=True, f11=False, f12=True)",0.9349863208858138
1.86,"FeatureMask(f0=False, f1=True, f2=False, f3=False, f4=True, f5=True, f6=True, f7=True, f8=False, f9=True, f10=True, f11=False, f12=True)",0.9349863208858138
1.86,"FeatureMask(f0=False, f1=True, f2=False, f3=False, f4=True, f5=True, f6=True, f7=True, f8=False, f9=True, f10=True, f11=False, f12=True)",0.9349863208858138
1.86,"FeatureMask(f0=False, f1=True, f2=False, f3=False, f4=True, f5=True, f6=True, f7=True, f8=False, f9=True, f10=True, f11=False, f12=True)",0.9349863208858138
1.86,"FeatureMask(f0=False, f1=True, f2=False, f3=False, f4=True, f5=True, f6=True, f7=True, f8=False, f9=True, f10=True, f11=False, f12=True)",0.9349863208858138
1.953,"FeatureMask(f0=False, f1=True, f2=False, f3=False, f4=True, f5=True, f6=True, f7=True, f8=False, f9=True, f10=True, f11=False, f12=True)",0.9349863208858138
2.047,"FeatureMask(f0=False, f1=True, f2=False, f3=False, f4=True, f5=True, f6=True, f7=True, f8=False, f9=True, f10=True, f11=False, f12=True)",0.9349863208858138
2.047,"FeatureMask(f0=False, f1=True, f2=False, f3=False, f4=True, f5=True, f6=True, f7=True, f8=False, f9=True, f10=True, f11=False, f12=True)",0.9349863208858138
2.047,"FeatureMask(f0=False, f1=True, f2=False, f3=False, f4=True, f5=True, f6=True, f7=True, f8=False, f9=True, f10=True, f11=False, f12=True)",0.9349863208858138
2.047,"FeatureMask(f0=False, f1=True, f2=False, f3=False, f4=True, f5=True, f6=True, f7=True, f8=False, f9=True, f10=True, f11=False, f12=True)",0.9349863208858138
2.047,"FeatureMask(f0=False, f1=True, f2=False, f3=False, f4=True, f5=True, f6=True, f7=True, f8=False, f9=True, f10=True, f11=False, f12=True)",0.9349863208858138
2.047,"FeatureMask(f0=False, f1=True, f2=False, f3=False, f4=True, f5=True, f6=True, f7=True, f8=False, f9=True, f10=True, f11=False, f12=True)",0.9349863208858138
2.047,"FeatureMask(f0=False, f1=True, f2=False, f3=False, f4=True, f5=True, f6=True, f7=True, f8=False, f9=True, f10=True, f11=False, f12=True)",0.9349863208858138
2.047,"FeatureMask(f0=False, f1=True, f2=False, f3=False, f4=True, f5=True, f6=True, f7=True, f8=False, f9=True, f10=True, f11=False, f12=True)",0.9349863208858138
2.047,"FeatureMask(f0=False, f1=True, f2=False, f3=False, f4=True, f5=True, f6=True, f7=True, f8=False, f9=True, f10=True, f11=False, f12=True)",0.9349863208858138
2.047,"FeatureMask(f0=False, f1=True, f2=False, f3=False, f4=True, f5=True, f6=True, f7=True, f8=False, f9=True, f10=True, f11=False, f12=True)",0.9349863208858138
2.141,"FeatureMask(f0=False, f1=True, f2=False, f3=False, f4=True, f5=True, f6=True, f7=True, f8=False, f9=True, f10=True, f11=False, f12=True)",0.9349863208858138
2.25,"FeatureMask(f0=False, f1=True, f2=False, f3=False, f4=True, f5=True, f6=True, f7=True, f8=False, f9=True, f10=True, f11=False, f12=True)",0.9349863208858138
2.25,"FeatureMask(f0=False, f1=True, f2=False, f3=False, f4=True, f5=True, f6=True, f7=True, f8=False, f9=True, f10=True, f11=False, f12=True)",0.9349863208858138
2.25,"FeatureMask(f0=False, f1=True, f2=False, f3=False, f4=True, f5=True, f6=True, f7=True, f8=False, f9=True, f10=True, f11=False, f12=True)",0.9349863208858138
2.25,"FeatureMask(f0=False, f1=True, f2=False, f3=False, f4=True, f5=True, f6=True, f7=True, f8=False, f9=True, f10=True, f11=False, f12=True)",0.9349863208858138
2.25,"FeatureMask(f0=False, f1=True, f2=False, f3=False, f4=True, f5=True, f6=True, f7=True, f8=False, f9=True, f10=True, f11=False, f12=True)",0.9349863208858138
2.25,"FeatureMask(f0=False, f1=True, f2=False, f3=False, f4=True, f5=True, f6=True, f7=True, f8=False, f9=True, f10=True, f11=False, f12=True)",0.9349863208858138
2.25,"FeatureMask(f0=False, f1=True, f2=False, f3=False, f4=True, f5=True, f6=True, f7=True, f8=False, f9=True, f10=True, f11=False, f12=True)",0.9349863208858138
2.25,"FeatureMask(f0=False, f1=True, f2=False, f3=False, f4=True, f5=True, f6=True, f7=True, f8=False, f9=True, f10=True, f11=False, f12=True)",0.9349863208858138
2.25,"FeatureMask(f0=False, f1=True, f2=False, f3=False, f4=True, f5=True, f6=True, f7=True, f8=False, f9=True, f10=True, f11=False, f12=True)",0.9349863208858138
2.25,"FeatureMask(f0=False, f1=True, f2=False, f3=False, f4=True, f5=True, f6=True, f7=True, f8=False, f9=True, f10=True, f11=False, f12=True)",0.9349863208858138
2.3440000000000003,"FeatureMask(f0=False, f1=True, f2=False, f3=False, f4=True, f5=True, f6=True, f7=True, f8=False, f9=True, f10=True, f11=False, f12=True)",0.9349863208858138
2.3440000000000003,"FeatureMask(f0=False, f1=True, f2=False, f3=False, f4=True, f5=True, f6=True, f7=True, f8=False, f9=True, f10=True, f11=False, f12=True)",0.9349863208858138
2.4850000000000003,"FeatureMask(f0=False, f1=True, f2=False, f3=False, f4=True, f5=True, f6=True, f7=True, f8=False, f9=True, f10=True, f11=False, f12=True)",0.9349863208858138
2.4850000000000003,"FeatureMask(f0=False, f1=True, f2=False, f3=False, f4=True, f5=True, f6=True, f7=True, f8=False, f9=True, f10=True, f11=False, f12=True)",0.9349863208858138
2.4850000000000003,"FeatureMask(f0=False, f1=True, f2=False, f3=False, f4=True, f5=True, f6=True, f7=True, f8=False, f9=True, f10=True, f11=False, f12=True)",0.9349863208858138
2.4850000000000003,"FeatureMask(f0=False, f1=True, f2=False, f3=False, f4=True, f5=True, f6=True, f7=True, f8=False, f9=True, f10=True, f11=False, f12=True)",0.9349863208858138
2.4850000000000003,"FeatureMask(f0=False, f1=True, f2=False, f3=False, f4=True, f5=True, f6=True, f7=True, f8=False, f9=True, f10=True, f11=False, f12=True)",0.9349863208858138
2.4850000000000003,"FeatureMask(f0=False, f1=True, f2=False, f3=False, f4=True, f5=True, f6=True, f7=True, f8=False, f9=True, f10=True, f11=False, f12=True)",0.9349863208858138
2.4850000000000003,"FeatureMask(f0=False, f1=True, f2=False, f3=False, f4=True, f5=True, f6=True, f7=True, f8=False, f9=True, f10=True, f11=False, f12=True)",0.9349863208858138
2.4850000000000003,"FeatureMask(f0=False, f1=True, f2=False, f3=False, f4=True, f5=True, f6=True, f7=True, f8=False, f9=True, f10=True, f11=False, f12=True)",0.9349863208858138
2.4850000000000003,"FeatureMask(f0=False, f1=True, f2=False, f3=False, f4=True, f5=True, f6=True, f7=True, f8=False, f9=True, f10=True, f11=False, f12=True)",0.9349863208858138
2.4850000000000003,"FeatureMask(f0=False, f1=True, f2=False, f3=False, f4=True, f5=True, f6=True, f7=True, f8=False, f9=True, f10=True, f11=False, f12=True)",0.9349863208858138
2.5940000000000003,"FeatureMask(f0=False, f1=True, f2=False, f3=False, f4=True, f5=True, f6=True, f7=True, f8=False, f9=True, f10=True, f11=False, f12=True)",0.9349863208858138
2.5940000000000003,"FeatureMask(f0=False, f1=True, f2=False, f3=False, f4=True, f5=True, f6=True, f7=True, f8=False, f9=True, f10=True, f11=False, f12=True)",0.9349863208858138
2.7030000000000003,"FeatureMask(f0=False, f1=True, f2=False, f3=False, f4=True, f5=True, f6=True, f7=True, f8=False, f9=True, f10=True, f11=False, f12=True)",0.9349863208858138
2.7030000000000003,"FeatureMask(f0=False, f1=True, f2=False, f3=False, f4=True, f5=True, f6=True, f7=True, f8=False, f9=True, f10=True, f11=False, f12=True)",0.9349863208858138
2.7030000000000003,"FeatureMask(f0=False, f1=True, f2=False, f3=False, f4=True, f5=True, f6=True, f7=True, f8=False, f9=True, f10=True, f11=False, f12=True)",0.9349863208858138
2.7030000000000003,"FeatureMask(f0=False, f1=True, f2=False, f3=False, f4=True, f5=True, f6=True, f7=True, f8=False, f9=True, f10=True, f11=False, f12=True)",0.9349863208858138
2.7030000000000003,"FeatureMask(f0=False, f1=True, f2=False, f3=False, f4=True, f5=True, f6=True, f7=True, f8=False, f9=True, f10=True, f11=False, f12=True)",0.9349863208858138
2.7030000000000003,"FeatureMask(f0=False, f1=True, f2=False, f3=False, f4=True, f5=True, f6=True, f7=True, f8=False, f9=True, f10=True, f11=False, f12=True)",0.9349863208858138
2.7030000000000003,"FeatureMask(f0=False, f1=True, f2=False, f3=False, f4=True, f5=True, f6=True, f7=True, f8=False, f9=True, f10=True, f11=False, f12=True)",0.9349863208858138
2.7030000000000003,"FeatureMask(f0=False, f1=True, f2=False, f3=False, f4=True, f5=True, f6=True, f7=True, f8=False, f9=True, f10=True, f11=False, f12=True)",0.9349863208858138
2.7030000000000003,"FeatureMask(f0=False, f1=True, f2=False, f3=False, f4=True, f5=True, f6=True, f7=True, f8=False, f9=True, f10=True, f11=False, f12=True)",0.9349863208858138
2.7030000000000003,"FeatureMask(f0=False, f1=True, f2=False, f3=False, f4=True, f5=True, f6=True, f7=True, f8=False, f9=True, f10=True, f11=False, f12=True)",0.9349863208858138
2.797,"FeatureMask(f0=False, f1=True, f2=False, f3=False, f4=True, f5=True, f6=True, f7=True, f8=False, f9=True, f10=True, f11=False, f12=True)",0.9349863208858138
2.813,"FeatureMask(f0=False, f1=True, f2=False, f3=False, f4=True, f5=True, f6=True, f7=True, f8=False, f9=True, f10=True, f11=False, f12=True)",0.9349863208858138
2.813,"FeatureMask(f0=False, f1=True, f2=False, f3=False, f4=True, f5=True, f6=True, f7=True, f8=False, f9=True, f10=True, f11=False, f12=True)",0.9349863208858138
2.813,"FeatureMask(f0=False, f1=True, f2=False, f3=False, f4=True, f5=True, f6=True, f7=True, f8=False, f9=True, f10=True, f11=False, f12=True)",0.9349863208858138
2.813,"FeatureMask(f0=False, f1=True, f2=False, f3=False, f4=True, f5=True, f6=True, f7=True, f8=False, f9=True, f10=True, f11=False, f12=True)",0.9349863208858138
2.813,"FeatureMask(f0=False, f1=True, f2=False, f3=False, f4=True, f5=True, f6=True, f7=True, f8=False, f9=True, f10=True, f11=False, f12=True)",0.9349863208858138
2.813,"FeatureMask(f0=False, f1=True, f2=False, f3=False, f4=True, f5=True, f6=True, f7=True, f8=False, f9=True, f10=True, f11=False, f12=True)",0.9349863208858138
2.813,"FeatureMask(f0=False, f1=True, f2=False, f3=False, f4=True, f5=True, f6=True, f7=True, f8=False, f9=True, f10=True, f11=False, f12=True)",0.9349863208858138
2.813,"FeatureMask(f0=False, f1=True, f2=False, f3=False, f4=True, f5=True, f6=True, f7=True, f8=False, f9=True, f10=True, f11=False, f12=True)",0.9349863208858138
2.906,"FeatureMask(f0=False, f1=True, f2=False, f3=False, f4=True, f5=True, f6=True, f7=True, f8=False, f9=True, f10=True, f11=False, f12=True)",0.9349863208858138
2.906,"FeatureMask(f0=False, f1=True, f2=False, f3=False, f4=True, f5=True, f6=True, f7=True, f8=False, f9=True, f10=True, f11=False, f12=True)",0.9349863208858138
2.906,"FeatureMask(f0=False, f1=True, f2=False, f3=False, f4=True, f5=True, f6=True, f7=True, f8=False, f9=True, f10=True, f11=False, f12=True)",0.9349863208858138
2.906,"FeatureMask(f0=False, f1=True, f2=False, f3=False, f4=True, f5=True, f6=True, f7=True, f8=False, f9=True, f10=True, f11=False, f12=True)",0.9349863208858138
2.906,"FeatureMask(f0=False, f1=True, f2=False, f3=False, f4=True, f5=True, f6=True, f7=True, f8=False, f9=True, f10=True, f11=False, f12=True)",0.9349863208858138
2.906,"FeatureMask(f0=False, f1=True, f2=False, f3=False, f4=True, f5=True, f6=True, f7=True, f8=False, f9=True, f10=True, f11=False, f12=True)",0.9349863208858138
2.906,"FeatureMask(f0=False, f1=True, f2=False, f3=False, f4=True, f5=True, f6=True, f7=True, f8=False, f9=True, f10=True, f11=False, f12=True)",0.9349863208858138
2.906,"FeatureMask(f0=False, f1=True, f2=False, f3=False, f4=True, f5=True, f6=True, f7=True, f8=False, f9=True, f10=True, f11=False, f12=True)",0.9349863208858138
2.906,"FeatureMask(f0=False, f1=True, f2=False, f3=False, f4=True, f5=True, f6=True, f7=True, f8=False, f9=True, f10=True, f11=False, f12=True)",0.9349863208858138
2.906,"FeatureMask(f0=False, f1=True, f2=False, f3=False, f4=True, f5=True, f6=True, f7=True, f8=False, f9=True, f10=True, f11=False, f12=True)",0.9349863208858138
3.0,"FeatureMask(f0=False, f1=True, f2=False, f3=False, f4=True, f5=True, f6=True, f7=True, f8=False, f9=True, f10=True, f11=False, f12=True)",0.9349863208858138
3.0,"FeatureMask(f0=False, f1=True, f2=False, f3=False, f4=True, f5=True, f6=True, f7=True, f8=False, f9=True, f10=True, f11=False, f12=True)",0.9349863208858138
3.141,"FeatureMask(f0=False, f1=True, f2=False, f3=False, f4=True, f5=True, f6=True, f7=True, f8=False, f9=True, f10=True, f11=False, f12=True)",0.9349863208858138
3.141,"FeatureMask(f0=False, f1=True, f2=False, f3=False, f4=True, f5=True, f6=True, f7=True, f8=False, f9=True, f10=True, f11=False, f12=True)",0.9349863208858138
3.141,"FeatureMask(f0=False, f1=True, f2=False, f3=False, f4=True, f5=True, f6=True, f7=True, f8=False, f9=True, f10=True, f11=False, f12=True)",0.9349863208858138
3.141,"FeatureMask(f0=False, f1=True, f2=False, f3=False, f4=True, f5=True, f6=True, f7=True, f8=False, f9=True, f10=True, f11=False, f12=True)",0.9349863208858138
3.141,"FeatureMask(f0=False, f1=True, f2=False, f3=False, f4=True, f5=True, f6=True, f7=True, f8=False, f9=True, f10=True, f11=False, f12=True)",0.9349863208858138
3.141,"FeatureMask(f0=False, f1=True, f2=False, f3=False, f4=True, f5=True, f6=True, f7=True, f8=False, f9=True, f10=True, f11=False, f12=True)",0.9349863208858138
3.141,"FeatureMask(f0=False, f1=True, f2=False, f3=False, f4=True, f5=True, f6=True, f7=True, f8=False, f9=True, f10=True, f11=False, f12=True)",0.9349863208858138
3.141,"FeatureMask(f0=False, f1=True, f2=False, f3=False, f4=True, f5=True, f6=True, f7=True, f8=False, f9=True, f10=True, f11=False, f12=True)",0.9349863208858138
3.141,"FeatureMask(f0=False, f1=True, f2=False, f3=False, f4=True, f5=True, f6=True, f7=True, f8=False, f9=True, f10=True, f11=False, f12=True)",0.9349863208858138
3.141,"FeatureMask(f0=False, f1=True, f2=False, f3=False, f4=True, f5=True, f6=True, f7=True, f8=False, f9=True, f10=True, f11=False, f12=True)",0.9349863208858138
3.2350000000000003,"FeatureMask(f0=True, f1=True, f2=True, f3=False, f4=False, f5=False, f6=True, f7=True, f8=True, f9=True, f10=False, f11=True, f12=True)",0.9357171714474256
3.3440000000000003,"FeatureMask(f0=True, f1=True, f2=True, f3=False, f4=False, f5=False, f6=True, f7=True, f8=True, f9=True, f10=False, f11=True, f12=True)",0.9357171714474256
3.3440000000000003,"FeatureMask(f0=True, f1=True, f2=True, f3=False, f4=False, f5=False, f6=True, f7=True, f8=True, f9=True, f10=False, f11=True, f12=True)",0.9357171714474256
3.3440000000000003,"FeatureMask(f0=True, f1=True, f2=True, f3=False, f4=False, f5=False, f6=True, f7=True, f8=True, f9=True, f10=False, f11=True, f12=True)",0.9357171714474256
3.3440000000000003,"FeatureMask(f0=True, f1=True, f2=True, f3=False, f4=False, f5=False, f6=True, f7=True, f8=True, f9=True, f10=False, f11=True, f12=True)",0.9357171714474256
3.3440000000000003,"FeatureMask(f0=True, f1=True, f2=True, f3=False, f4=False, f5=False, f6=True, f7=True, f8=True, f9=True, f10=False, f11=True, f12=True)",0.9357171714474256
3.3440000000000003,"FeatureMask(f0=True, f1=True, f2=True, f3=False, f4=False, f5=False, f6=True, f7=True, f8=True, f9=True, f10=False, f11=True, f12=True)",0.9357171714474256
3.3440000000000003,"FeatureMask(f0=True, f1=True, f2=True, f3=False, f4=False, f5=False, f6=True, f7=True, f8=True, f9=True, f10=False, f11=True, f12=True)",0.9357171714474256
3.3440000000000003,"FeatureMask(f0=True, f1=True, f2=True, f3=False, f4=False, f5=False, f6=True, f7=True, f8=True, f9=True, f10=False, f11=True, f12=True)",0.9357171714474256
3.3440000000000003,"FeatureMask(f0=True, f1=True, f2=True, f3=False, f4=False, f5=False, f6=True, f7=True, f8=True, f9=True, f10=False, f11=True, f12=True)",0.9357171714474256
3.3440000000000003,"FeatureMask(f0=True, f1=True, f2=True, f3=False, f4=False, f5=False, f6=True, f7=True, f8=True, f9=True, f10=False, f11=True, f12=True)",0.9357171714474256
3.438,"FeatureMask(f0=True, f1=True, f2=True, f3=False, f4=False, f5=False, f6=True, f7=True, f8=True, f9=True, f10=False, f11=True, f12=True)",0.9357171714474256
3.5780000000000003,"FeatureMask(f0=True, f1=True, f2=True, f3=False, f4=False, f5=False, f6=True, f7=True, f8=True, f9=True, f10=False, f11=True, f12=True)",0.9357171714474256
3.5780000000000003,"FeatureMask(f0=True, f1=True, f2=True, f3=False, f4=False, f5=False, f6=True, f7=True, f8=True, f9=True, f10=False, f11=True, f12=True)",0.9357171714474256
3.5780000000000003,"FeatureMask(f0=True, f1=True, f2=True, f3=False, f4=False, f5=False, f6=True, f7=True, f8=True, f9=True, f10=False, f11=True, f12=True)",0.9357171714474256
3.5780000000000003,"FeatureMask(f0=True, f1=True, f2=True, f3=False, f4=False, f5=False, f6=True, f7=True, f8=True, f9=True, f10=False, f11=True, f12=True)",0.9357171714474256
3.5780000000000003,"FeatureMask(f0=True, f1=True, f2=True, f3=False, f4=False, f5=False, f6=True, f7=True, f8=True, f9=True, f10=False, f11=True, f12=True)",0.9357171714474256
3.5780000000000003,"FeatureMask(f0=True, f1=True, f2=True, f3=False, f4=False, f5=False, f6=True, f7=True, f8=True, f9=True, f10=False, f11=True, f12=True)",0.9357171714474256
3.5780000000000003,"FeatureMask(f0=True, f1=True, f2=True, f3=False, f4=False, f5=False, f6=True, f7=True, f8=True, f9=True, f10=False, f11=True, f12=True)",0.9357171714474256
3.5780000000000003,"FeatureMask(f0=True, f1=True, f2=True, f3=False, f4=False, f5=False, f6=True, f7=True, f8=True, f9=True, f10=False, f11=True, f12=True)",0.9357171714474256
3.5780000000000003,"FeatureMask(f0=True, f1=True, f2=True, f3=False, f4=False, f5=False, f6=True, f7=True, f8=True, f9=True, f10=False, f11=True, f12=True)",0.9357171714474256
3.5780000000000003,"FeatureMask(f0=True, f1=True, f2=True, f3=False, f4=False, f5=False, f6=True, f7=True, f8=True, f9=True, f10=False, f11=True, f12=True)",0.9357171714474256
3.672,"FeatureMask(f0=True, f1=True, f2=True, f3=False, f4=False, f5=False, f6=True, f7=True, f8=True, f9=True, f10=False, f11=True, f12=True)",0.9357171714474256
3.781,"FeatureMask(f0=True, f1=True, f2=True, f3=False, f4=False, f5=False, f6=True, f7=True, f8=True, f9=True, f10=False, f11=True, f12=True)",0.9357171714474256
3.781,"FeatureMask(f0=True, f1=True, f2=True, f3=False, f4=False, f5=False, f6=True, f7=True, f8=True, f9=True, f10=False, f11=True, f12=True)",0.9357171714474256
3.781,"FeatureMask(f0=True, f1=True, f2=True, f3=False, f4=False, f5=False, f6=True, f7=True, f8=True, f9=True, f10=False, f11=True, f12=True)",0.9357171714474256
3.781,"FeatureMask(f0=True, f1=True, f2=True, f3=False, f4=False, f5=False, f6=True, f7=True, f8=True, f9=True, f10=False, f11=True, f12=True)",0.9357171714474256
3.781,"FeatureMask(f0=True, f1=True, f2=True, f3=False, f4=False, f5=False, f6=True, f7=True, f8=True, f9=True, f10=False, f11=True, f12=True)",0.9357171714474256
3.781,"FeatureMask(f0=True, f1=True, f2=True, f3=False, f4=False, f5=False, f6=True, f7=True, f8=True, f9=True, f10=False, f11=True, f12=True)",0.9357171714474256
3.781,"FeatureMask(f0=True, f1=True, f2=True, f3=False, f4=False, f5=False, f6=True, f7=True, f8=True, f9=True, f10=False, f11=True, f12=True)",0.9357171714474256
3.781,"FeatureMask(f0=True, f1=True, f2=True, f3=False, f4=False, f5=False, f6=True, f7=True, f8=True, f9=True, f10=False, f11=True, f12=True)",0.9357171714474256
3.781,"FeatureMask(f0=True, f1=True, f2=True, f3=False, f4=False, f5=False, f6=True, f7=True, f8=True, f9=True, f10=False, f11=True, f12=True)",0.9357171714474256
3.781,"FeatureMask(f0=True, f1=True, f2=True, f3=False, f4=False, f5=False, f6=True, f7=True, f8=True, f9=True, f10=False, f11=True, f12=True)",0.9357171714474256
3.8750000000000004,"FeatureMask(f0=True, f1=True, f2=True, f3=False, f4=False, f5=False, f6=True, f7=True, f8=True, f9=True, f10=False, f11=True, f12=True)",0.9357171714474256
3.9850000000000003,"FeatureMask(f0=True, f1=True, f2=True, f3=False, f4=False, f5=False, f6=True, f7=True, f8=True, f9=True, f10=False, f11=True, f12=True)",0.9357171714474256
3.9850000000000003,"FeatureMask(f0=True, f1=True, f2=True, f3=False, f4=False, f5=False, f6=True, f7=True, f8=True, f9=True, f10=False, f11=True, f12=True)",0.9357171714474256
3.9850000000000003,"FeatureMask(f0=True, f1=True, f2=True, f3=False, f4=False, f5=False, f6=True, f7=True, f8=True, f9=True, f10=False, f11=True, f12=True)",0.9357171714474256
3.9850000000000003,"FeatureMask(f0=True, f1=True, f2=True, f3=False, f4=False, f5=False, f6=True, f7=True, f8=True, f9=True, f10=False, f11=True, f12=True)",0.9357171714474256
3.9850000000000003,"FeatureMask(f0=True, f1=True, f2=True, f3=False, f4=False, f5=False, f6=True, f7=True, f8=True, f9=True, f10=False, f11=True, f12=True)",0.9357171714474256
3.9850000000000003,"FeatureMask(f0=True, f1=True, f2=True, f3=False, f4=False, f5=False, f6=True, f7=True, f8=True, f9=True, f10=False, f11=True, f12=True)",0.9357171714474256
3.9850000000000003,"FeatureMask(f0=True, f1=True, f2=True, f3=False, f4=False, f5=False, f6=True, f7=True, f8=True, f9=True, f10=False, f11=True, f12=True)",0.9357171714474256
3.9850000000000003,"FeatureMask(f0=True, f1=True, f2=True, f3=False, f4=False, f5=False, f6=True, f7=True, f8=True, f9=True, f10=False, f11=True, f12=True)",0.9357171714474256
3.9850000000000003,"FeatureMask(f0=True, f1=True, f2=True, f3=False, f4=False, f5=False, f6=True, f7=True, f8=True, f9=True, f10=False, f11=True, f12=True)",0.9357171714474256
3.9850000000000003,"FeatureMask(f0=True, f1=True, f2=True, f3=False, f4=False, f5=False, f6=True, f7=True, f8=True, f9=True, f10=False, f11=True, f12=True)",0.9357171714474256
4.219,"FeatureMask(f0=True, f1=True, f2=True, f3=False, f4=False, f5=False, f6=True, f7=True, f8=True, f9=True, f10=False, f11=True, f12=True)",0.9357171714474256
4.219,"FeatureMask(f0=True, f1=True, f2=True, f3=False, f4=False, f5=False, f6=True, f7=True, f8=True, f9=True, f10=False, f11=True, f12=True)",0.9357171714474256
4.219,"FeatureMask(f0=True, f1=True, f2=True, f3=False, f4=False, f5=False, f6=True, f7=True, f8=True, f9=True, f10=False, f11=True, f12=True)",0.9357171714474256
4.219,"FeatureMask(f0=True, f1=True, f2=True, f3=False, f4=False, f5=False, f6=True, f7=True, f8=True, f9=True, f10=False, f11=True, f12=True)",0.9357171714474256
4.219,"FeatureMask(f0=True, f1=True, f2=True, f3=False, f4=False, f5=False, f6=True, f7=True, f8=True, f9=True, f10=False, f11=True, f12=True)",0.9357171714474256
4.219,"FeatureMask(f0=True, f1=True, f2=True, f3=False, f4=False, f5=False, f6=True, f7=True, f8=True, f9=True, f10=False, f11=True, f12=True)",0.9357171714474256
4.219,"FeatureMask(f0=True, f1=True, f2=True, f3=False, f4=False, f5=False, f6=True, f7=True, f8=True, f9=True, f10=False, f11=True, f12=True)",0.9357171714474256
4.219,"FeatureMask(f0=True, f1=True, f2=True, f3=False, f4=False, f5=False, f6=True, f7=True, f8=True, f9=True, f10=False, f11=True, f12=True)",0.9357171714474256
4.219,"FeatureMask(f0=True, f1=True, f2=True, f3=False, f4=False, f5=False, f6=True, f7=True, f8=True, f9=True, f10=False, f11=True, f12=True)",0.9357171714474256
4.219,"FeatureMask(f0=True, f1=True, f2=True, f3=False, f4=False, f5=False, f6=True, f7=True, f8=True, f9=True, f10=False, f11=True, f12=True)",0.9357171714474256
4.313000000000001,"FeatureMask(f0=True, f1=True, f2=True, f3=False, f4=False, f5=False, f6=True, f7=True, f8=True, f9=True, f10=False, f11=True, f12=True)",0.9357171714474256
4.422000000000001,"FeatureMask(f0=True, f1=True, f2=True, f3=False, f4=False, f5=False, f6=True, f7=True, f8=True, f9=True, f10=False, f11=True, f12=True)",0.9357171714474256
4.422000000000001,"FeatureMask(f0=True, f1=True, f2=True, f3=False, f4=False, f5=False, f6=True, f7=True, f8=True, f9=True, f10=False, f11=True, f12=True)",0.9357171714474256
4.422000000000001,"FeatureMask(f0=True, f1=True, f2=True, f3=False, f4=False, f5=False, f6=True, f7=True, f8=True, f9=True, f10=False, f11=True, f12=True)",0.9357171714474256
4.422000000000001,"FeatureMask(f0=True, f1=True, f2=True, f3=False, f4=False, f5=False, f6=True, f7=True, f8=True, f9=True, f10=False, f11=True, f12=True)",0.9357171714474256
4.422000000000001,"FeatureMask(f0=True, f1=True, f2=True, f3=False, f4=False, f5=False, f6=True, f7=True, f8=True, f9=True, f10=False, f11=True, f12=True)",0.9357171714474256
4.422000000000001,"FeatureMask(f0=True, f1=True, f2=True, f3=False, f4=False, f5=False, f6=True, f7=True, f8=True, f9=True, f10=False, f11=True, f12=True)",0.9357171714474256
4.422000000000001,"FeatureMask(f0=True, f1=True, f2=True, f3=False, f4=False, f5=False, f6=True, f7=True, f8=True, f9=True, f10=False, f11=True, f12=True)",0.9357171714474256
4.422000000000001,"FeatureMask(f0=True, f1=True, f2=True, f3=False, f4=False, f5=False, f6=True, f7=True, f8=True, f9=True, f10=False, f11=True, f12=True)",0.9357171714474256
4.422000000000001,"FeatureMask(f0=True, f1=True, f2=True, f3=False, f4=False, f5=False, f6=True, f7=True, f8=True, f9=True, f10=False, f11=True, f12=True)",0.9357171714474256
4.422000000000001,"FeatureMask(f0=True, f1=True, f2=True, f3=False, f4=False, f5=False, f6=True, f7=True, f8=True, f9=True, f10=False, f11=True, f12=True)",0.9357171714474256
4.516,"FeatureMask(f0=True, f1=True, f2=True, f3=False, f4=False, f5=False, f6=True, f7=True, f8=True, f9=True, f10=False, f11=True, f12=True)",0.9357171714474256
4.625,"FeatureMask(f0=True, f1=True, f2=True, f3=False, f4=False, f5=False, f6=True, f7=True, f8=True, f9=True, f10=False, f11=True, f12=True)",0.9357171714474256
4.625,"FeatureMask(f0=True, f1=True, f2=True, f3=False, f4=False, f5=False, f6=True, f7=True, f8=True, f9=True, f10=False, f11=True, f12=True)",0.9357171714474256
4.625,"FeatureMask(f0=True, f1=True, f2=True, f3=False, f4=False, f5=False, f6=True, f7=True, f8=True, f9=True, f10=False, f11=True, f12=True)",0.9357171714474256
4.625,"FeatureMask(f0=True, f1=True, f2=True, f3=False, f4=False, f5=False, f6=True, f7=True, f8=True, f9=True, f10=False, f11=True, f12=True)",0.9357171714474256
4.625,"FeatureMask(f0=True, f1=True, f2=True, f3=False, f4=False, f5=False, f6=True, f7=True, f8=True, f9=True, f10=False, f11=True, f12=True)",0.9357171714474256
4.625,"FeatureMask(f0=True, f1=True, f2=True, f3=False, f4=False, f5=False, f6=True, f7=True, f8=True, f9=True, f10=False, f11=True, f12=True)",0.9357171714474256
4.625,"FeatureMask(f0=True, f1=True, f2=True, f3=False, f4=False, f5=False, f6=True, f7=True, f8=True, f9=True, f10=False, f11=True, f12=True)",0.9357171714474256
4.625,"FeatureMask(f0=True, f1=True, f2=True, f3=False, f4=False, f5=False, f6=True, f7=True, f8=True, f9=True, f10=False, f11=True, f12=True)",0.9357171714474256
4.625,"FeatureMask(f0=True, f1=True, f2=True, f3=False, f4=False, f5=False, f6=True, f7=True, f8=True, f9=True, f10=False, f11=True, f12=True)",0.9357171714474256
4.625,"FeatureMask(f0=True, f1=True, f2=True, f3=False, f4=False, f5=False, f6=True, f7=True, f8=True, f9=True, f10=False, f11=True, f12=True)",0.9357171714474256
4.672000000000001,"FeatureMask(f0=True, f1=True, f2=False, f3=True, f4=True, f5=False, f6=True, f7=False, f8=False, f9=True, f10=True, f11=True, f12=True)",0.9394096700224464
4.828,"FeatureMask(f0=True, f1=True, f2=False, f3=True, f4=True, f5=False, f6=True, f7=False, f8=False, f9=True, f10=True, f11=True, f12=True)",0.9394096700224464
4.828,"FeatureMask(f0=True, f1=True, f2=False, f3=True, f4=True, f5=False, f6=True, f7=False, f8=False, f9=True, f10=True, f11=True, f12=True)",0.9394096700224464
4.828,"FeatureMask(f0=True, f1=True, f2=False, f3=True, f4=True, f5=False, f6=True, f7=False, f8=False, f9=True, f10=True, f11=True, f12=True)",0.9394096700224464
4.828,"FeatureMask(f0=True, f1=True, f2=False, f3=True, f4=True, f5=False, f6=True, f7=False, f8=False, f9=True, f10=True, f11=True, f12=True)",0.9394096700224464
4.828,"FeatureMask(f0=True, f1=True, f2=False, f3=True, f4=True, f5=False, f6=True, f7=False, f8=False, f9=True, f10=True, f11=True, f12=True)",0.9394096700224464
4.828,"FeatureMask(f0=True, f1=True, f2=False, f3=True, f4=True, f5=False, f6=True, f7=False, f8=False, f9=True, f10=True, f11=True, f12=True)",0.9394096700224464
4.828,"FeatureMask(f0=True, f1=True, f2=False, f3=True, f4=True, f5=False, f6=True, f7=False, f8=False, f9=True, f10=True, f11=True, f12=True)",0.9394096700224464
4.828,"FeatureMask(f0=True, f1=True, f2=False, f3=True, f4=True, f5=False, f6=True, f7=False, f8=False, f9=True, f10=True, f11=True, f12=True)",0.9394096700224464
4.828,"FeatureMask(f0=True, f1=True, f2=False, f3=True, f4=True, f5=False, f6=True, f7=False, f8=False, f9=True, f10=True, f11=True, f12=True)",0.9394096700224464
4.828,"FeatureMask(f0=True, f1=True, f2=False, f3=True, f4=True, f5=False, f6=True, f7=False, f8=False, f9=True, f10=True, f11=True, f12=True)",0.9394096700224464
5.016,"FeatureMask(f0=True, f1=True, f2=False, f3=True, f4=True, f5=False, f6=True, f7=False, f8=False, f9=True, f10=True, f11=True, f12=True)",0.9394096700224464
5.016,"FeatureMask(f0=True, f1=True, f2=False, f3=True, f4=True, f5=False, f6=True, f7=False, f8=False, f9=True, f10=True, f11=True, f12=True)",0.9394096700224464
5.016,"FeatureMask(f0=True, f1=True, f2=False, f3=True, f4=True, f5=False, f6=True, f7=False, f8=False, f9=True, f10=True, f11=True, f12=True)",0.9394096700224464
5.016,"FeatureMask(f0=True, f1=True, f2=False, f3=True, f4=True, f5=False, f6=True, f7=False, f8=False, f9=True, f10=True, f11=True, f12=True)",0.9394096700224464
5.016,"FeatureMask(f0=True, f1=True, f2=False, f3=True, f4=True, f5=False, f6=True, f7=False, f8=False, f9=True, f10=True, f11=True, f12=True)",0.9394096700224464
5.016,"FeatureMask(f0=True, f1=True, f2=False, f3=True, f4=True, f5=False, f6=True, f7=False, f8=False, f9=True, f10=True, f11=True, f12=True)",0.9394096700224464
5.016,"FeatureMask(f0=True, f1=True, f2=False, f3=True, f4=True, f5=False, f6=True, f7=False, f8=False, f9=True, f10=True, f11=True, f12=True)",0.9394096700224464
5.016,"FeatureMask(f0=True, f1=True, f2=False, f3=True, f4=True, f5=False, f6=True, f7=False, f8=False, f9=True, f10=True, f11=True, f12=True)",0.9394096700224464
5.016,"FeatureMask(f0=True, f1=True, f2=False, f3=True, f4=True, f5=False, f6=True, f7=False, f8=False, f9=True, f10=True, f11=True, f12=True)",0.9394096700224464
5.016,"FeatureMask(f0=True, f1=True, f2=False, f3=True, f4=True, f5=False, f6=True, f7=False, f8=False, f9=True, f10=True, f11=True, f12=True)",0.9394096700224464
5.11,"FeatureMask(f0=True, f1=True, f2=False, f3=True, f4=True, f5=False, f6=True, f7=False, f8=False, f9=True, f10=True, f11=True, f12=True)",0.9394096700224464
5.203,"FeatureMask(f0=True, f1=True, f2=False, f3=True, f4=True, f5=False, f6=True, f7=False, f8=False, f9=True, f10=True, f11=True, f12=True)",0.9394096700224464
5.203,"FeatureMask(f0=True, f1=True, f2=False, f3=True, f4=True, f5=False, f6=True, f7=False, f8=False, f9=True, f10=True, f11=True, f12=True)",0.9394096700224464
5.203,"FeatureMask(f0=True, f1=True, f2=False, f3=True, f4=True, f5=False, f6=True, f7=False, f8=False, f9=True, f10=True, f11=True, f12=True)",0.9394096700224464
5.203,"FeatureMask(f0=True, f1=True, f2=False, f3=True, f4=True, f5=False, f6=True, f7=False, f8=False, f9=True, f10=True, f11=True, f12=True)",0.9394096700224464
5.203,"FeatureMask(f0=True, f1=True, f2=False, f3=True, f4=True, f5=False, f6=True, f7=False, f8=False, f9=True, f10=True, f11=True, f12=True)",0.9394096700224464
5.203,"FeatureMask(f0=True, f1=True, f2=False, f3=True, f4=True, f5=False, f6=True, f7=False, f8=False, f9=True, f10=True, f11=True, f12=True)",0.9394096700224464
5.203,"FeatureMask(f0=True, f1=True, f2=False, f3=True, f4=True, f5=False, f6=True, f7=False, f8=False, f9=True, f10=True, f11=True, f12=True)",0.9394096700224464
5.203,"FeatureMask(f0=True, f1=True, f2=False, f3=True, f4=True, f5=False, f6=True, f7=False, f8=False, f9=True, f10=True, f11=True, f12=True)",0.9394096700224464
5.203,"FeatureMask(f0=True, f1=True, f2=False, f3=True, f4=True, f5=False, f6=True, f7=False, f8=False, f9=True, f10=True, f11=True, f12=True)",0.9394096700224464
5.203,"FeatureMask(f0=True, f1=True, f2=False, f3=True, f4=True, f5=False, f6=True, f7=False, f8=False, f9=True, f10=True, f11=True, f12=True)",0.9394096700224464
5.297000000000001,"FeatureMask(f0=True, f1=True, f2=False, f3=True, f4=True, f5=False, f6=True, f7=False, f8=False, f9=True, f10=True, f11=True, f12=True)",0.9394096700224464
5.391,"FeatureMask(f0=True, f1=True, f2=False, f3=True, f4=True, f5=False, f6=True, f7=False, f8=False, f9=True, f10=True, f11=True, f12=True)",0.9394096700224464
5.391,"FeatureMask(f0=True, f1=True, f2=False, f3=True, f4=True, f5=False, f6=True, f7=False, f8=False, f9=True, f10=True, f11=True, f12=True)",0.9394096700224464
5.391,"FeatureMask(f0=True, f1=True, f2=False, f3=True, f4=True, f5=False, f6=True, f7=False, f8=False, f9=True, f10=True, f11=True, f12=True)",0.9394096700224464
5.391,"FeatureMask(f0=True, f1=True, f2=False, f3=True, f4=True, f5=False, f6=True, f7=False, f8=False, f9=True, f10=True, f11=True, f12=True)",0.9394096700224464
5.391,"FeatureMask(f0=True, f1=True, f2=False, f3=True, f4=True, f5=False, f6=True, f7=False, f8=False, f9=True, f10=True, f11=True, f12=True)",0.9394096700224464
5.391,"FeatureMask(f0=True, f1=True, f2=False, f3=True, f4=True, f5=False, f6=True, f7=False, f8=False, f9=True, f10=True, f11=True, f12=True)",0.9394096700224464
5.391,"FeatureMask(f0=True, f1=True, f2=False, f3=True, f4=True, f5=False, f6=True, f7=False, f8=False, f9=True, f10=True, f11=True, f12=True)",0.9394096700224464
5.391,"FeatureMask(f0=True, f1=True, f2=False, f3=True, f4=True, f5=False, f6=True, f7=False, f8=False, f9=True, f10=True, f11=True, f12=True)",0.9394096700224464
5.391,"FeatureMask(f0=True, f1=True, f2=False, f3=True, f4=True, f5=False, f6=True, f7=False, f8=False, f9=True, f10=True, f11=True, f12=True)",0.9394096700224464
5.391,"FeatureMask(f0=True, f1=True, f2=False, f3=True, f4=True, f5=False, f6=True, f7=False, f8=False, f9=True, f10=True, f11=True, f12=True)",0.9394096700224464
5.485,"FeatureMask(f0=True, f1=True, f2=False, f3=True, f4=True, f5=False, f6=True, f7=False, f8=False, f9=True, f10=True, f11=True, f12=True)",0.9394096700224464
5.485,"FeatureMask(f0=True, f1=True, f2=False, f3=True, f4=True, f5=False, f6=True, f7=False, f8=False, f9=True, f10=True, f11=True, f12=True)",0.9394096700224464
5.485,"FeatureMask(f0=True, f1=True, f2=False, f3=True, f4=True, f5=False, f6=True, f7=False, f8=False, f9=True, f10=True, f11=True, f12=True)",0.9394096700224464
5.594,"FeatureMask(f0=True, f1=True, f2=False, f3=True, f4=True, f5=False, f6=True, f7=False, f8=False, f9=True, f10=True, f11=True, f12=True)",0.9394096700224464
5.594,"FeatureMask(f0=True, f1=True, f2=False, f3=True, f4=True, f5=False, f6=True, f7=False, f8=False, f9=True, f10=True, f11=True, f12=True)",0.9394096700224464
5.594,"FeatureMask(f0=True, f1=True, f2=False, f3=True, f4=True, f5=False, f6=True, f7=False, f8=False, f9=True, f10=True, f11=True, f12=True)",0.9394096700224464
5.594,"FeatureMask(f0=True, f1=True, f2=False, f3=True, f4=True, f5=False, f6=True, f7=False, f8=False, f9=True, f10=True, f11=True, f12=True)",0.9394096700224464
5.594,"FeatureMask(f0=True, f1=True, f2=False, f3=True, f4=True, f5=False, f6=True, f7=False, f8=False, f9=True, f10=True, f11=True, f12=True)",0.9394096700224464
5.594,"FeatureMask(f0=True, f1=True, f2=False, f3=True, f4=True, f5=False, f6=True, f7=False, f8=False, f9=True, f10=True, f11=True, f12=True)",0.9394096700224464
5.594,"FeatureMask(f0=True, f1=True, f2=False, f3=True, f4=True, f5=False, f6=True, f7=False, f8=False, f9=True, f10=True, f11=True, f12=True)",0.9394096700224464
5.594,"FeatureMask(f0=True, f1=True, f2=False, f3=True, f4=True, f5=False, f6=True, f7=False, f8=False, f9=True, f10=True, f11=True, f12=True)",0.9394096700224464
5.594,"FeatureMask(f0=True, f1=True, f2=False, f3=True, f4=True, f5=False, f6=True, f7=False, f8=False, f9=True, f10=True, f11=True, f12=True)",0.9394096700224464
5.594,"FeatureMask(f0=True, f1=True, f2=False, f3=True, f4=True, f5=False, f6=True, f7=False, f8=False, f9=True, f10=True, f11=True, f12=True)",0.9394096700224464
5.688000000000001,"FeatureMask(f0=True, f1=True, f2=False, f3=True, f4=True, f5=False, f6=True, f7=False, f8=False, f9=True, f10=True, f11=True, f12=True)",0.9394096700224464
5.797000000000001,"FeatureMask(f0=True, f1=True, f2=False, f3=True, f4=True, f5=False, f6=True, f7=False, f8=False, f9=True, f10=True, f11=True, f12=True)",0.9394096700224464
5.797000000000001,"FeatureMask(f0=True, f1=True, f2=False, f3=True, f4=True, f5=False, f6=True, f7=False, f8=False, f9=True, f10=True, f11=True, f12=True)",0.9394096700224464
5.797000000000001,"FeatureMask(f0=True, f1=True, f2=False, f3=True, f4=True, f5=False, f6=True, f7=False, f8=False, f9=True, f10=True, f11=True, f12=True)",0.9394096700224464
5.797000000000001,"FeatureMask(f0=True, f1=True, f2=False, f3=True, f4=True, f5=False, f6=True, f7=False, f8=False, f9=True, f10=True, f11=True, f12=True)",0.9394096700224464
5.797000000000001,"FeatureMask(f0=True, f1=True, f2=False, f3=True, f4=True, f5=False, f6=True, f7=False, f8=False, f9=True, f10=True, f11=True, f12=True)",0.9394096700224464
5.797000000000001,"FeatureMask(f0=True, f1=True, f2=False, f3=True, f4=True, f5=False, f6=True, f7=False, f8=False, f9=True, f10=True, f11=True, f12=True)",0.9394096700224464
5.797000000000001,"FeatureMask(f0=True, f1=True, f2=False, f3=True, f4=True, f5=False, f6=True, f7=False, f8=False, f9=True, f10=True, f11=True, f12=True)",0.9394096700224464
5.797000000000001,"FeatureMask(f0=True, f1=True, f2=False, f3=True, f4=True, f5=False, f6=True, f7=False, f8=False, f9=True, f10=True, f11=True, f12=True)",0.9394096700224464
5.797000000000001,"FeatureMask(f0=True, f1=True, f2=False, f3=True, f4=True, f5=False, f6=True, f7=False, f8=False, f9=True, f10=True, f11=True, f12=True)",0.9394096700224464
5.797000000000001,"FeatureMask(f0=True, f1=True, f2=False, f3=True, f4=True, f5=False, f6=True, f7=False, f8=False, f9=True, f10=True, f11=True, f12=True)",0.9394096700224464
6.0,"FeatureMask(f0=True, f1=True, f2=False, f3=True, f4=True, f5=False, f6=True, f7=False, f8=False, f9=True, f10=True, f11=True, f12=True)",0.9394096700224464
6.0,"FeatureMask(f0=True, f1=True, f2=False, f3=True, f4=True, f5=False, f6=True, f7=False, f8=False, f9=True, f10=True, f11=True, f12=True)",0.9394096700224464
6.0,"FeatureMask(f0=True, f1=True, f2=False, f3=True, f4=True, f5=False, f6=True, f7=False, f8=False, f9=True, f10=True, f11=True, f12=True)",0.9394096700224464
6.0,"FeatureMask(f0=True, f1=True, f2=False, f3=True, f4=True, f5=False, f6=True, f7=False, f8=False, f9=True, f10=True, f11=True, f12=True)",0.9394096700224464
6.0,"FeatureMask(f0=True, f1=True, f2=False, f3=True, f4=True, f5=False, f6=True, f7=False, f8=False, f9=True, f10=True, f11=True, f12=True)",0.9394096700224464
6.0,"FeatureMask(f0=True, f1=True, f2=False, f3=True, f4=True, f5=False, f6=True, f7=False, f8=False, f9=True, f10=True, f11=True, f12=True)",0.9394096700224464
6.0,"FeatureMask(f0=True, f1=True, f2=False, f3=True, f4=True, f5=False, f6=True, f7=False, f8=False, f9=True, f10=True, f11=True, f12=True)",0.9394096700224464
6.0,"FeatureMask(f0=True, f1=True, f2=False, f3=True, f4=True, f5=False, f6=True, f7=False, f8=False, f9=True, f10=True, f11=True, f12=True)",0.9394096700224464
6.0,"FeatureMask(f0=True, f1=True, f2=False, f3=True, f4=True, f5=False, f6=True, f7=False, f8=False, f9=True, f10=True, f11=True, f12=True)",0.9394096700224464
6.0,"FeatureMask(f0=True, f1=True, f2=False, f3=True, f4=True, f5=False, f6=True, f7=False, f8=False, f9=True, f10=True, f11=True, f12=True)",0.9394096700224464
6.078,"FeatureMask(f0=True, f1=True, f2=False, f3=True, f4=True, f5=False, f6=True, f7=False, f8=False, f9=True, f10=True, f11=True, f12=True)",0.9394096700224464
6.188000000000001,"FeatureMask(f0=True, f1=True, f2=False, f3=True, f4=True, f5=False, f6=True, f7=False, f8=False, f9=True, f10=True, f11=True, f12=True)",0.9394096700224464
6.188000000000001,"FeatureMask(f0=True, f1=True, f2=False, f3=True, f4=True, f5=False, f6=True, f7=False, f8=False, f9=True, f10=True, f11=True, f12=True)",0.9394096700224464
6.188000000000001,"FeatureMask(f0=True, f1=True, f2=False, f3=True, f4=True, f5=False, f6=True, f7=False, f8=False, f9=True, f10=True, f11=True, f12=True)",0.9394096700224464
6.188000000000001,"FeatureMask(f0=True, f1=True, f2=False, f3=True, f4=True, f5=False, f6=True, f7=False, f8=False, f9=True, f10=True, f11=True, f12=True)",0.9394096700224464
6.188000000000001,"FeatureMask(f0=True, f1=True, f2=False, f3=True, f4=True, f5=False, f6=True, f7=False, f8=False, f9=True, f10=True, f11=True, f12=True)",0.9394096700224464
6.188000000000001,"FeatureMask(f0=True, f1=True, f2=False, f3=True, f4=True, f5=False, f6=True, f7=False, f8=False, f9=True, f10=True, f11=True, f12=True)",0.9394096700224464
6.188000000000001,"FeatureMask(f0=True, f1=True, f2=False, f3=True, f4=True, f5=False, f6=True, f7=False, f8=False, f9=True, f10=True, f11=True, f12=True)",0.9394096700224464
6.188000000000001,"FeatureMask(f0=True, f1=True, f2=False, f3=True, f4=True, f5=False, f6=True, f7=False, f8=False, f9=True, f10=True, f11=True, f12=True)",0.9394096700224464
6.188000000000001,"FeatureMask(f0=True, f1=True, f2=False, f3=True, f4=True, f5=False, f6=True, f7=False, f8=False, f9=True, f10=True, f11=True, f12=True)",0.9394096700224464
6.188000000000001,"FeatureMask(f0=True, f1=True, f2=False, f3=True, f4=True, f5=False, f6=True, f7=False, f8=False, f9=True, f10=True, f11=True, f12=True)",0.9394096700224464
6.36,"FeatureMask(f0=True, f1=True, f2=False, f3=True, f4=True, f5=False, f6=True, f7=False, f8=False, f9=True, f10=True, f11=True, f12=True)",0.9394096700224464
6.375,"FeatureMask(f0=True, f1=True, f2=False, f3=True, f4=True, f5=False, f6=True, f7=False, f8=False, f9=True, f10=True, f11=True, f12=True)",0.9394096700224464
6.375,"FeatureMask(f0=True, f1=True, f2=False, f3=True, f4=True, f5=False, f6=True, f7=False, f8=False, f9=True, f10=True, f11=True, f12=True)",0.9394096700224464
6.375,"FeatureMask(f0=True, f1=True, f2=False, f3=True, f4=True, f5=False, f6=True, f7=False, f8=False, f9=True, f10=True, f11=True, f12=True)",0.9394096700224464
6.375,"FeatureMask(f0=True, f1=True, f2=False, f3=True, f4=True, f5=False, f6=True, f7=False, f8=False, f9=True, f10=True, f11=True, f12=True)",0.9394096700224464
6.375,"FeatureMask(f0=True, f1=True, f2=False, f3=True, f4=True, f5=False, f6=True, f7=False, f8=False, f9=True, f10=True, f11=True, f12=True)",0.9394096700224464
6.375,"FeatureMask(f0=True, f1=True, f2=False, f3=True, f4=True, f5=False, f6=True, f7=False, f8=False, f9=True, f10=True, f11=True, f12=True)",0.9394096700224464
6.375,"FeatureMask(f0=True, f1=True, f2=False, f3=True, f4=True, f5=False, f6=True, f7=False, f8=False, f9=True, f10=True, f11=True, f12=True)",0.9394096700224464
6.375,"FeatureMask(f0=True, f1=True, f2=False, f3=True, f4=True, f5=False, f6=True, f7=False, f8=False, f9=True, f10=True, f11=True, f12=True)",0.9394096700224464
6.375,"FeatureMask(f0=True, f1=True, f2=False, f3=True, f4=True, f5=False, f6=True, f7=False, f8=False, f9=True, f10=True, f11=True, f12=True)",0.9394096700224464
6.547000000000001,"FeatureMask(f0=True, f1=True, f2=False, f3=True, f4=True, f5=False, f6=True, f7=False, f8=False, f9=True, f10=True, f11=True, f12=True)",0.9394096700224464
6.547000000000001,"FeatureMask(f0=True, f1=True, f2=False, f3=True, f4=True, f5=False, f6=True, f7=False, f8=False, f9=True, f10=True, f11=True, f12=True)",0.9394096700224464
6.547000000000001,"FeatureMask(f0=True, f1=True, f2=False, f3=True, f4=True, f5=False, f6=True, f7=False, f8=False, f9=True, f10=True, f11=True, f12=True)",0.9394096700224464
6.547000000000001,"FeatureMask(f0=True, f1=True, f2=False, f3=True, f4=True, f5=False, f6=True, f7=False, f8=False, f9=True, f10=True, f11=True, f12=True)",0.9394096700224464
6.547000000000001,"FeatureMask(f0=True, f1=True, f2=False, f3=True, f4=True, f5=False, f6=True, f7=False, f8=False, f9=True, f10=True, f11=True, f12=True)",0.9394096700224464
6.547000000000001,"FeatureMask(f0=True, f1=True, f2=False, f3=True, f4=True, f5=False, f6=True, f7=False, f8=False, f9=True, f10=True, f11=True, f12=True)",0.9394096700224464
6.547000000000001,"FeatureMask(f0=True, f1=True, f2=False, f3=True, f4=True, f5=False, f6=True, f7=False, f8=False, f9=True, f10=True, f11=True, f12=True)",0.9394096700224464
6.547000000000001,"FeatureMask(f0=True, f1=True, f2=False, f3=True, f4=True, f5=False, f6=True, f7=False, f8=False, f9=True, f10=True, f11=True, f12=True)",0.9394096700224464
6.547000000000001,"FeatureMask(f0=True, f1=True, f2=False, f3=True, f4=True, f5=False, f6=True, f7=False, f8=False, f9=True, f10=True, f11=True, f12=True)",0.9394096700224464
6.547000000000001,"FeatureMask(f0=True, f1=True, f2=False, f3=True, f4=True, f5=False, f6=True, f7=False, f8=False, f9=True, f10=True, f11=True, f12=True)",0.9394096700224464
6.625,"FeatureMask(f0=True, f1=True, f2=False, f3=True, f4=True, f5=False, f6=True, f7=False, f8=False, f9=True, f10=True, f11=True, f12=True)",0.9394096700224464
6.735,"FeatureMask(f0=True, f1=True, f2=False, f3=True, f4=True, f5=False, f6=True, f7=False, f8=False, f9=True, f10=True, f11=True, f12=True)",0.9394096700224464
6.735,"FeatureMask(f0=True, f1=True, f2=False, f3=True, f4=True, f5=False, f6=True, f7=False, f8=False, f9=True, f10=True, f11=True, f12=True)",0.9394096700224464
6.735,"FeatureMask(f0=True, f1=True, f2=False, f3=True, f4=True, f5=False, f6=True, f7=False, f8=False, f9=True, f10=True, f11=True, f12=True)",0.9394096700224464
6.735,"FeatureMask(f0=True, f1=True, f2=False, f3=True, f4=True, f5=False, f6=True, f7=False, f8=False, f9=True, f10=True, f11=True, f12=True)",0.9394096700224464
6.735,"FeatureMask(f0=True, f1=True, f2=False, f3=True, f4=True, f5=False, f6=True, f7=False, f8=False, f9=True, f10=True, f11=True, f12=True)",0.9394096700224464
6.735,"FeatureMask(f0=True, f1=True, f2=False, f3=True, f4=True, f5=False, f6=True, f7=False, f8=False, f9=True, f10=True, f11=True, f12=True)",0.9394096700224464
6.735,"FeatureMask(f0=True, f1=True, f2=False, f3=True, f4=True, f5=False, f6=True, f7=False, f8=False, f9=True, f10=True, f11=True, f12=True)",0.9394096700224464
6.735,"FeatureMask(f0=True, f1=True, f2=False, f3=True, f4=True, f5=False, f6=True, f7=False, f8=False, f9=True, f10=True, f11=True, f12=True)",0.9394096700224464
6.75,"FeatureMask(f0=True, f1=True, f2=False, f3=True, f4=True, f5=False, f6=True, f7=False, f8=False, f9=True, f10=True, f11=True, f12=True)",0.9394096700224464
6.75,"FeatureMask(f0=True, f1=True, f2=False, f3=True, f4=True, f5=False, f6=True, f7=False, f8=False, f9=True, f10=True, f11=True, f12=True)",0.9394096700224464
6.828,"FeatureMask(f0=True, f1=True, f2=False, f3=True, f4=True, f5=False, f6=True, f7=False, f8=False, f9=True, f10=True, f11=True, f12=True)",0.9394096700224464
6.938000000000001,"FeatureMask(f0=True, f1=True, f2=False, f3=True, f4=True, f5=False, f6=True, f7=False, f8=False, f9=True, f10=True, f11=True, f12=True)",0.9394096700224464
6.938000000000001,"FeatureMask(f0=True, f1=True, f2=False, f3=True, f4=True, f5=False, f6=True, f7=False, f8=False, f9=True, f10=True, f11=True, f12=True)",0.9394096700224464
6.938000000000001,"FeatureMask(f0=True, f1=True, f2=False, f3=True, f4=True, f5=False, f6=True, f7=False, f8=False, f9=True, f10=True, f11=True, f12=True)",0.9394096700224464
6.938000000000001,"FeatureMask(f0=True, f1=True, f2=False, f3=True, f4=True, f5=False, f6=True, f7=False, f8=False, f9=True, f10=True, f11=True, f12=True)",0.9394096700224464
6.938000000000001,"FeatureMask(f0=True, f1=True, f2=False, f3=True, f4=True, f5=False, f6=True, f7=False, f8=False, f9=True, f10=True, f11=True, f12=True)",0.9394096700224464
6.938000000000001,"FeatureMask(f0=True, f1=True, f2=False, f3=True, f4=True, f5=False, f6=True, f7=False, f8=False, f9=True, f10=True, f11=True, f12=True)",0.9394096700224464
6.938000000000001,"FeatureMask(f0=True, f1=True, f2=False, f3=True, f4=True, f5=False, f6=True, f7=False, f8=False, f9=True, f10=True, f11=True, f12=True)",0.9394096700224464
6.938000000000001,"FeatureMask(f0=True, f1=True, f2=False, f3=True, f4=True, f5=False, f6=True, f7=False, f8=False, f9=True, f10=True, f11=True, f12=True)",0.9394096700224464
6.938000000000001,"FeatureMask(f0=True, f1=True, f2=False, f3=True, f4=True, f5=False, f6=True, f7=False, f8=False, f9=True, f10=True, f11=True, f12=True)",0.9394096700224464
6.938000000000001,"FeatureMask(f0=True, f1=True, f2=False, f3=True, f4=True, f5=False, f6=True, f7=False, f8=False, f9=True, f10=True, f11=True, f12=True)",0.9394096700224464
6.985,"FeatureMask(f0=True, f1=True, f2=False, f3=True, f4=True, f5=True, f6=True, f7=False, f8=False, f9=True, f10=False, f11=True, f12=True)",0.9458096827240344
7.156000000000001,"FeatureMask(f0=True, f1=True, f2=False, f3=True, f4=True, f5=True, f6=True, f7=False, f8=False, f9=True, f10=False, f11=True, f12=True)",0.9458096827240344
7.156000000000001,"FeatureMask(f0=True, f1=True, f2=False, f3=True, f4=True, f5=True, f6=True, f7=False, f8=False, f9=True, f10=False, f11=True, f12=True)",0.9458096827240344
7.156000000000001,"FeatureMask(f0=True, f1=True, f2=False, f3=True, f4=True, f5=True, f6=True, f7=False, f8=False, f9=True, f10=False, f11=True, f12=True)",0.9458096827240344
7.156000000000001,"FeatureMask(f0=True, f1=True, f2=False, f3=True, f4=True, f5=True, f6=True, f7=False, f8=False, f9=True, f10=False, f11=True, f12=True)",0.9458096827240344
7.156000000000001,"FeatureMask(f0=True, f1=True, f2=False, f3=True, f4=True, f5=True, f6=True, f7=False, f8=False, f9=True, f10=False, f11=True, f12=True)",0.9458096827240344
7.156000000000001,"FeatureMask(f0=True, f1=True, f2=False, f3=True, f4=True, f5=True, f6=True, f7=False, f8=False, f9=True, f10=False, f11=True, f12=True)",0.9458096827240344
7.156000000000001,"FeatureMask(f0=True, f1=True, f2=False, f3=True, f4=True, f5=True, f6=True, f7=False, f8=False, f9=True, f10=False, f11=True, f12=True)",0.9458096827240344
7.156000000000001,"FeatureMask(f0=True, f1=True, f2=False, f3=True, f4=True, f5=True, f6=True, f7=False, f8=False, f9=True, f10=False, f11=True, f12=True)",0.9458096827240344
7.156000000000001,"FeatureMask(f0=True, f1=True, f2=False, f3=True, f4=True, f5=True, f6=True, f7=False, f8=False, f9=True, f10=False, f11=True, f12=True)",0.9458096827240344
7.156000000000001,"FeatureMask(f0=True, f1=True, f2=False, f3=True, f4=True, f5=True, f6=True, f7=False, f8=False, f9=True, f10=False, f11=True, f12=True)",0.9458096827240344
7.250000000000001,"FeatureMask(f0=True, f1=True, f2=False, f3=True, f4=True, f5=True, f6=True, f7=False, f8=False, f9=True, f10=False, f11=True, f12=True)",0.9458096827240344
7.328,"FeatureMask(f0=True, f1=True, f2=False, f3=True, f4=True, f5=True, f6=True, f7=False, f8=False, f9=True, f10=False, f11=True, f12=True)",0.9458096827240344
7.328,"FeatureMask(f0=True, f1=True, f2=False, f3=True, f4=True, f5=True, f6=True, f7=False, f8=False, f9=True, f10=False, f11=True, f12=True)",0.9458096827240344
7.328,"FeatureMask(f0=True, f1=True, f2=False, f3=True, f4=True, f5=True, f6=True, f7=False, f8=False, f9=True, f10=False, f11=True, f12=True)",0.9458096827240344
7.328,"FeatureMask(f0=True, f1=True, f2=False, f3=True, f4=True, f5=True, f6=True, f7=False, f8=False, f9=True, f10=False, f11=True, f12=True)",0.9458096827240344
7.328,"FeatureMask(f0=True, f1=True, f2=False, f3=True, f4=True, f5=True, f6=True, f7=False, f8=False, f9=True, f10=False, f11=True, f12=True)",0.9458096827240344
7.328,"FeatureMask(f0=True, f1=True, f2=False, f3=True, f4=True, f5=True, f6=True, f7=False, f8=False, f9=True, f10=False, f11=True, f12=True)",0.9458096827240344
7.328,"FeatureMask(f0=True, f1=True, f2=False, f3=True, f4=True, f5=True, f6=True, f7=False, f8=False, f9=True, f10=False, f11=True, f12=True)",0.9458096827240344
7.328,"FeatureMask(f0=True, f1=True, f2=False, f3=True, f4=True, f5=True, f6=True, f7=False, f8=False, f9=True, f10=False, f11=True, f12=True)",0.9458096827240344
7.328,"FeatureMask(f0=True, f1=True, f2=False, f3=True, f4=True, f5=True, f6=True, f7=False, f8=False, f9=True, f10=False, f11=True, f12=True)",0.9458096827240344
7.328,"FeatureMask(f0=True, f1=True, f2=False, f3=True, f4=True, f5=True, f6=True, f7=False, f8=False, f9=True, f10=False, f11=True, f12=True)",0.9458096827240344
7.422000000000001,"FeatureMask(f0=True, f1=True, f2=False, f3=True, f4=True, f5=True, f6=True, f7=False, f8=False, f9=True, f10=False, f11=True, f12=True)",0.9458096827240344
7.516000000000001,"FeatureMask(f0=True, f1=True, f2=False, f3=True, f4=True, f5=True, f6=True, f7=False, f8=False, f9=True, f10=False, f11=True, f12=True)",0.9458096827240344
7.516000000000001,"FeatureMask(f0=True, f1=True, f2=False, f3=True, f4=True, f5=True, f6=True, f7=False, f8=False, f9=True, f10=False, f11=True, f12=True)",0.9458096827240344
7.516000000000001,"FeatureMask(f0=True, f1=True, f2=False, f3=True, f4=True, f5=True, f6=True, f7=False, f8=False, f9=True, f10=False, f11=True, f12=True)",0.9458096827240344
7.516000000000001,"FeatureMask(f0=True, f1=True, f2=False, f3=True, f4=True, f5=True, f6=True, f7=False, f8=False, f9=True, f10=False, f11=True, f12=True)",0.9458096827240344
7.516000000000001,"FeatureMask(f0=True, f1=True, f2=False, f3=True, f4=True, f5=True, f6=True, f7=False, f8=False, f9=True, f10=False, f11=True, f12=True)",0.9458096827240344
7.516000000000001,"FeatureMask(f0=True, f1=True, f2=False, f3=True, f4=True, f5=True, f6=True, f7=False, f8=False, f9=True, f10=False, f11=True, f12=True)",0.9458096827240344
7.516000000000001,"FeatureMask(f0=True, f1=True, f2=False, f3=True, f4=True, f5=True, f6=True, f7=False, f8=False, f9=True, f10=False, f11=True, f12=True)",0.9458096827240344
7.516000000000001,"FeatureMask(f0=True, f1=True, f2=False, f3=True, f4=True, f5=True, f6=True, f7=False, f8=False, f9=True, f10=False, f11=True, f12=True)",0.9458096827240344
7.516000000000001,"FeatureMask(f0=True, f1=True, f2=False, f3=True, f4=True, f5=True, f6=True, f7=False, f8=False, f9=True, f10=False, f11=True, f12=True)",0.9458096827240344
7.516000000000001,"FeatureMask(f0=True, f1=True, f2=False, f3=True, f4=True, f5=True, f6=True, f7=False, f8=False, f9=True, f10=False, f11=True, f12=True)",0.9458096827240344
7.625000000000001,"FeatureMask(f0=True, f1=True, f2=False, f3=True, f4=True, f5=True, f6=True, f7=False, f8=False, f9=True, f10=False, f11=True, f12=True)",0.9458096827240344
7.719,"FeatureMask(f0=True, f1=True, f2=False, f3=True, f4=True, f5=True, f6=True, f7=False, f8=False, f9=True, f10=False, f11=True, f12=True)",0.9458096827240344
7.719,"FeatureMask(f0=True, f1=True, f2=False, f3=True, f4=True, f5=True, f6=True, f7=False, f8=False, f9=True, f10=False, f11=True, f12=True)",0.9458096827240344
7.719,"FeatureMask(f0=True, f1=True, f2=False, f3=True, f4=True, f5=True, f6=True, f7=False, f8=False, f9=True, f10=False, f11=True, f12=True)",0.9458096827240344
7.719,"FeatureMask(f0=True, f1=True, f2=False, f3=True, f4=True, f5=True, f6=True, f7=False, f8=False, f9=True, f10=False, f11=True, f12=True)",0.9458096827240344
7.719,"FeatureMask(f0=True, f1=True, f2=False, f3=True, f4=True, f5=True, f6=True, f7=False, f8=False, f9=True, f10=False, f11=True, f12=True)",0.9458096827240344
7.719,"FeatureMask(f0=True, f1=True, f2=False, f3=True, f4=True, f5=True, f6=True, f7=False, f8=False, f9=True, f10=False, f11=True, f12=True)",0.9458096827240344
7.719,"FeatureMask(f0=True, f1=True, f2=False, f3=True, f4=True, f5=True, f6=True, f7=False, f8=False, f9=True, f10=False, f11=True, f12=True)",0.9458096827240344
7.719,"FeatureMask(f0=True, f1=True, f2=False, f3=True, f4=True, f5=True, f6=True, f7=False, f8=False, f9=True, f10=False, f11=True, f12=True)",0.9458096827240344
7.719,"FeatureMask(f0=True, f1=True, f2=False, f3=True, f4=True, f5=True, f6=True, f7=False, f8=False, f9=True, f10=False, f11=True, f12=True)",0.9458096827240344
7.719,"FeatureMask(f0=True, f1=True, f2=False, f3=True, f4=True, f5=True, f6=True, f7=False, f8=False, f9=True, f10=False, f11=True, f12=True)",0.9458096827240344
7.922000000000001,"FeatureMask(f0=True, f1=True, f2=False, f3=True, f4=True, f5=True, f6=True, f7=False, f8=False, f9=True, f10=False, f11=True, f12=True)",0.9458096827240344
7.922000000000001,"FeatureMask(f0=True, f1=True, f2=False, f3=True, f4=True, f5=True, f6=True, f7=False, f8=False, f9=True, f10=False, f11=True, f12=True)",0.9458096827240344
7.922000000000001,"FeatureMask(f0=True, f1=True, f2=False, f3=True, f4=True, f5=True, f6=True, f7=False, f8=False, f9=True, f10=False, f11=True, f12=True)",0.9458096827240344
7.922000000000001,"FeatureMask(f0=True, f1=True, f2=False, f3=True, f4=True, f5=True, f6=True, f7=False, f8=False, f9=True, f10=False, f11=True, f12=True)",0.9458096827240344
7.922000000000001,"FeatureMask(f0=True, f1=True, f2=False, f3=True, f4=True, f5=True, f6=True, f7=False, f8=False, f9=True, f10=False, f11=True, f12=True)",0.9458096827240344
7.922000000000001,"FeatureMask(f0=True, f1=True, f2=False, f3=True, f4=True, f5=True, f6=True, f7=False, f8=False, f9=True, f10=False, f11=True, f12=True)",0.9458096827240344
7.922000000000001,"FeatureMask(f0=True, f1=True, f2=False, f3=True, f4=True, f5=True, f6=True, f7=False, f8=False, f9=True, f10=False, f11=True, f12=True)",0.9458096827240344
7.922000000000001,"FeatureMask(f0=True, f1=True, f2=False, f3=True, f4=True, f5=True, f6=True, f7=False, f8=False, f9=True, f10=False, f11=True, f12=True)",0.9458096827240344
7.922000000000001,"FeatureMask(f0=True, f1=True, f2=False, f3=True, f4=True, f5=True, f6=True, f7=False, f8=False, f9=True, f10=False, f11=True, f12=True)",0.9458096827240344
7.922000000000001,"FeatureMask(f0=True, f1=True, f2=False, f3=True, f4=True, f5=True, f6=True, f7=False, f8=False, f9=True, f10=False, f11=True, f12=True)",0.9458096827240344
8.110000000000001,"FeatureMask(f0=True, f1=True, f2=False, f3=True, f4=True, f5=True, f6=True, f7=False, f8=False, f9=True, f10=False, f11=True, f12=True)",0.9458096827240344
8.110000000000001,"FeatureMask(f0=True, f1=True, f2=False, f3=True, f4=True, f5=True, f6=True, f7=False, f8=False, f9=True, f10=False, f11=True, f12=True)",0.9458096827240344
8.110000000000001,"FeatureMask(f0=True, f1=True, f2=False, f3=True, f4=True, f5=True, f6=True, f7=False, f8=False, f9=True, f10=False, f11=True, f12=True)",0.9458096827240344
8.110000000000001,"FeatureMask(f0=True, f1=True, f2=False, f3=True, f4=True, f5=True, f6=True, f7=False, f8=False, f9=True, f10=False, f11=True, f12=True)",0.9458096827240344
8.110000000000001,"FeatureMask(f0=True, f1=True, f2=False, f3=True, f4=True, f5=True, f6=True, f7=False, f8=False, f9=True, f10=False, f11=True, f12=True)",0.9458096827240344
8.110000000000001,"FeatureMask(f0=True, f1=True, f2=False, f3=True, f4=True, f5=True, f6=True, f7=False, f8=False, f9=True, f10=False, f11=True, f12=True)",0.9458096827240344
8.110000000000001,"FeatureMask(f0=True, f1=True, f2=False, f3=True, f4=True, f5=True, f6=True, f7=False, f8=False, f9=True, f10=False, f11=True, f12=True)",0.9458096827240344
8.110000000000001,"FeatureMask(f0=True, f1=True, f2=False, f3=True, f4=True, f5=True, f6=True, f7=False, f8=False, f9=True, f10=False, f11=True, f12=True)",0.9458096827240344
8.110000000000001,"FeatureMask(f0=True, f1=True, f2=False, f3=True, f4=True, f5=True, f6=True, f7=False, f8=False, f9=True, f10=False, f11=True, f12=True)",0.9458096827240344
8.110000000000001,"FeatureMask(f0=True, f1=True, f2=False, f3=True, f4=True, f5=True, f6=True, f7=False, f8=False, f9=True, f10=False, f11=True, f12=True)",0.9458096827240344
8.203000000000001,"FeatureMask(f0=True, f1=True, f2=False, f3=True, f4=True, f5=True, f6=True, f7=False, f8=False, f9=True, f10=False, f11=True, f12=True)",0.9458096827240344
8.313,"FeatureMask(f0=True, f1=True, f2=False, f3=True, f4=True, f5=True, f6=True, f7=False, f8=False, f9=True, f10=False, f11=True, f12=True)",0.9458096827240344
8.313,"FeatureMask(f0=True, f1=True, f2=False, f3=True, f4=True, f5=True, f6=True, f7=False, f8=False, f9=True, f10=False, f11=True, f12=True)",0.9458096827240344
8.313,"FeatureMask(f0=True, f1=True, f2=False, f3=True, f4=True, f5=True, f6=True, f7=False, f8=False, f9=True, f10=False, f11=True, f12=True)",0.9458096827240344
8.313,"FeatureMask(f0=True, f1=True, f2=False, f3=True, f4=True, f5=True, f6=True, f7=False, f8=False, f9=True, f10=False, f11=True, f12=True)",0.9458096827240344
8.313,"FeatureMask(f0=True, f1=True, f2=False, f3=True, f4=True, f5=True, f6=True, f7=False, f8=False, f9=True, f10=False, f11=True, f12=True)",0.9458096827240344
8.313,"FeatureMask(f0=True, f1=True, f2=False, f3=True, f4=True, f5=True, f6=True, f7=False, f8=False, f9=True, f10=False, f11=True, f12=True)",0.9458096827240344
8.313,"FeatureMask(f0=True, f1=True, f2=False, f3=True, f4=True, f5=True, f6=True, f7=False, f8=False, f9=True, f10=False, f11=True, f12=True)",0.9458096827240344
8.313,"FeatureMask(f0=True, f1=True, f2=False, f3=True, f4=True, f5=True, f6=True, f7=False, f8=False, f9=True, f10=False, f11=True, f12=True)",0.9458096827240344
8.313,"FeatureMask(f0=True, f1=True, f2=False, f3=True, f4=True, f5=True, f6=True, f7=False, f8=False, f9=True, f10=False, f11=True, f12=True)",0.9458096827240344
8.313,"FeatureMask(f0=True, f1=True, f2=False, f3=True, f4=True, f5=True, f6=True, f7=False, f8=False, f9=True, f10=False, f11=True, f12=True)",0.9458096827240344
8.406,"FeatureMask(f0=True, f1=True, f2=False, f3=True, f4=True, f5=True, f6=True, f7=False, f8=False, f9=True, f10=False, f11=True, f12=True)",0.9458096827240344
8.406,"FeatureMask(f0=True, f1=True, f2=False, f3=True, f4=True, f5=True, f6=True, f7=False, f8=False, f9=True, f10=False, f11=True, f12=True)",0.9458096827240344
8.406,"FeatureMask(f0=True, f1=True, f2=False, f3=True, f4=True, f5=True, f6=True, f7=False, f8=False, f9=True, f10=False, f11=True, f12=True)",0.9458096827240344
8.406,"FeatureMask(f0=True, f1=True, f2=False, f3=True, f4=True, f5=True, f6=True, f7=False, f8=False, f9=True, f10=False, f11=True, f12=True)",0.9458096827240344
8.406,"FeatureMask(f0=True, f1=True, f2=False, f3=True, f4=True, f5=True, f6=True, f7=False, f8=False, f9=True, f10=False, f11=True, f12=True)",0.9458096827240344
8.406,"FeatureMask(f0=True, f1=True, f2=False, f3=True, f4=True, f5=True, f6=True, f7=False, f8=False, f9=True, f10=False, f11=True, f12=True)",0.9458096827240344
8.406,"FeatureMask(f0=True, f1=True, f2=False, f3=True, f4=True, f5=True, f6=True, f7=False, f8=False, f9=True, f10=False, f11=True, f12=True)",0.9458096827240344
8.406,"FeatureMask(f0=True, f1=True, f2=False, f3=True, f4=True, f5=True, f6=True, f7=False, f8=False, f9=True, f10=False, f11=True, f12=True)",0.9458096827240344
8.406,"FeatureMask(f0=True, f1=True, f2=False, f3=True, f4=True, f5=True, f6=True, f7=False, f8=False, f9=True, f10=False, f11=True, f12=True)",0.9458096827240344
8.406,"FeatureMask(f0=True, f1=True, f2=False, f3=True, f4=True, f5=True, f6=True, f7=False, f8=False, f9=True, f10=False, f11=True, f12=True)",0.9458096827240344
8.406,"FeatureMask(f0=True, f1=True, f2=False, f3=True, f4=True, f5=True, f6=True, f7=False, f8=False, f9=True, f10=False, f11=True, f12=True)",0.9458096827240344
8.406,"FeatureMask(f0=True, f1=True, f2=False, f3=True, f4=True, f5=True, f6=True, f7=False, f8=False, f9=True, f10=False, f11=True, f12=True)",0.9458096827240344
8.406,"FeatureMask(f0=True, f1=True, f2=False, f3=True, f4=True, f5=True, f6=True, f7=False, f8=False, f9=True, f10=False, f11=True, f12=True)",0.9458096827240344
8.406,"FeatureMask(f0=True, f1=True, f2=False, f3=True, f4=True, f5=True, f6=True, f7=False, f8=False, f9=True, f10=False, f11=True, f12=True)",0.9458096827240344
8.406,"FeatureMask(f0=True, f1=True, f2=False, f3=True, f4=True, f5=True, f6=True, f7=False, f8=False, f9=True, f10=False, f11=True, f12=True)",0.9458096827240344
8.422,"FeatureMask(f0=True, f1=True, f2=False, f3=True, f4=True, f5=True, f6=True, f7=False, f8=False, f9=True, f10=False, f11=True, f12=True)",0.9458096827240344
8.438,"FeatureMask(f0=True, f1=True, f2=False, f3=True, f4=True, f5=True, f6=True, f7=False, f8=False, f9=True, f10=False, f11=True, f12=True)",0.9458096827240344
8.438,"FeatureMask(f0=True, f1=True, f2=False, f3=True, f4=True, f5=True, f6=True, f7=False, f8=False, f9=True, f10=False, f11=True, f12=True)",0.9458096827240344
8.453000000000001,"FeatureMask(f0=True, f1=True, f2=False, f3=True, f4=True, f5=True, f6=True, f7=False, f8=False, f9=True, f10=False, f11=True, f12=True)",0.9458096827240344
8.453000000000001,"FeatureMask(f0=True, f1=True, f2=False, f3=True, f4=True, f5=True, f6=True, f7=False, f8=False, f9=True, f10=False, f11=True, f12=True)",0.9458096827240344
8.453000000000001,"FeatureMask(f0=True, f1=True, f2=False, f3=True, f4=True, f5=True, f6=True, f7=False, f8=False, f9=True, f10=False, f11=True, f12=True)",0.9458096827240344
8.453000000000001,"FeatureMask(f0=True, f1=True, f2=False, f3=True, f4=True, f5=True, f6=True, f7=False, f8=False, f9=True, f10=False, f11=True, f12=True)",0.9458096827240344
8.469000000000001,"FeatureMask(f0=True, f1=True, f2=False, f3=True, f4=True, f5=True, f6=True, f7=False, f8=False, f9=True, f10=False, f11=True, f12=True)",0.9458096827240344
8.469000000000001,"FeatureMask(f0=True, f1=True, f2=False, f3=True, f4=True, f5=True, f6=True, f7=False, f8=False, f9=True, f10=False, f11=True, f12=True)",0.9458096827240344
8.469000000000001,"FeatureMask(f0=True, f1=True, f2=False, f3=True, f4=True, f5=True, f6=True, f7=False, f8=False, f9=True, f10=False, f11=True, f12=True)",0.9458096827240344
8.485000000000001,"FeatureMask(f0=True, f1=True, f2=False, f3=True, f4=True, f5=True, f6=True, f7=False, f8=False, f9=True, f10=False, f11=True, f12=True)",0.9458096827240344
8.485000000000001,"FeatureMask(f0=True, f1=True, f2=False, f3=True, f4=True, f5=True, f6=True, f7=False, f8=False, f9=True, f10=False, f11=True, f12=True)",0.9458096827240344
8.5,"FeatureMask(f0=True, f1=True, f2=False, f3=True, f4=True, f5=True, f6=True, f7=False, f8=False, f9=True, f10=False, f11=True, f12=True)",0.9458096827240344
8.5,"FeatureMask(f0=True, f1=True, f2=False, f3=True, f4=True, f5=True, f6=True, f7=False, f8=False, f9=True, f10=False, f11=True, f12=True)",0.9458096827240344
8.5,"FeatureMask(f0=True, f1=True, f2=False, f3=True, f4=True, f5=True, f6=True, f7=False, f8=False, f9=True, f10=False, f11=True, f12=True)",0.9458096827240344
8.5,"FeatureMask(f0=True, f1=True, f2=False, f3=True, f4=True, f5=True, f6=True, f7=False, f8=False, f9=True, f10=False, f11=True, f12=True)",0.9458096827240344
8.5,"FeatureMask(f0=True, f1=True, f2=False, f3=True, f4=True, f5=True, f6=True, f7=False, f8=False, f9=True, f10=False, f11=True, f12=True)",0.9458096827240344
8.5,"FeatureMask(f0=True, f1=True, f2=False, f3=True, f4=True, f5=True, f6=True, f7=False, f8=False, f9=True, f10=False, f11=True, f12=True)",0.9458096827240344
8.5,"FeatureMask(f0=True, f1=True, f2=False, f3=True, f4=True, f5=True, f6=True, f7=False, f8=False, f9=True, f10=False, f11=True, f12=True)",0.9458096827240344
8.5,"FeatureMask(f0=True, f1=True, f2=False, f3=True, f4=True, f5=True, f6=True, f7=False, f8=False, f9=True, f10=False, f11=True, f12=True)",0.9458096827240344
8.516,"FeatureMask(f0=True, f1=True, f2=False, f3=True, f4=True, f5=True, f6=True, f7=False, f8=False, f9=True, f10=False, f11=True, f12=True)",0.9458096827240344
8.516,"FeatureMask(f0=True, f1=True, f2=False, f3=True, f4=True, f5=True, f6=True, f7=False, f8=False, f9=True, f10=False, f11=True, f12=True)",0.9458096827240344
8.516,"FeatureMask(f0=True, f1=True, f2=False, f3=True, f4=True, f5=True, f6=True, f7=False, f8=False, f9=True, f10=False, f11=True, f12=True)",0.9458096827240344
8.516,"FeatureMask(f0=True, f1=True, f2=False, f3=True, f4=True, f5=True, f6=True, f7=False, f8=False, f9=True, f10=False, f11=True, f12=True)",0.9458096827240344
8.516,"FeatureMask(f0=True, f1=True, f2=False, f3=True, f4=True, f5=True, f6=True, f7=False, f8=False, f9=True, f10=False, f11=True, f12=True)",0.9458096827240344
8.594000000000001,"FeatureMask(f0=True, f1=True, f2=False, f3=True, f4=True, f5=True, f6=True, f7=False, f8=False, f9=True, f10=False, f11=True, f12=True)",0.9458096827240344
8.594000000000001,"FeatureMask(f0=True, f1=True, f2=False, f3=True, f4=True, f5=True, f6=True, f7=False, f8=False, f9=True, f10=False, f11=True, f12=True)",0.9458096827240344
8.594000000000001,"FeatureMask(f0=True, f1=True, f2=False, f3=True, f4=True, f5=True, f6=True, f7=False, f8=False, f9=True, f10=False, f11=True, f12=True)",0.9458096827240344
8.594000000000001,"FeatureMask(f0=True, f1=True, f2=False, f3=True, f4=True, f5=True, f6=True, f7=False, f8=False, f9=True, f10=False, f11=True, f12=True)",0.9458096827240344
8.594000000000001,"FeatureMask(f0=True, f1=True, f2=False, f3=True, f4=True, f5=True, f6=True, f7=False, f8=False, f9=True, f10=False, f11=True, f12=True)",0.9458096827240344
8.594000000000001,"FeatureMask(f0=True, f1=True, f2=False, f3=True, f4=True, f5=True, f6=True, f7=False, f8=False, f9=True, f10=False, f11=True, f12=True)",0.9458096827240344
8.594000000000001,"FeatureMask(f0=True, f1=True, f2=False, f3=True, f4=True, f5=True, f6=True, f7=False, f8=False, f9=True, f10=False, f11=True, f12=True)",0.9458096827240344
8.594000000000001,"FeatureMask(f0=True, f1=True, f2=False, f3=True, f4=True, f5=True, f6=True, f7=False, f8=False, f9=True, f10=False, f11=True, f12=True)",0.9458096827240344
8.594000000000001,"FeatureMask(f0=True, f1=True, f2=False, f3=True, f4=True, f5=True, f6=True, f7=False, f8=False, f9=True, f10=False, f11=True, f12=True)",0.9458096827240344
8.594000000000001,"FeatureMask(f0=True, f1=True, f2=False, f3=True, f4=True, f5=True, f6=True, f7=False, f8=False, f9=True, f10=False, f11=True, f12=True)",0.9458096827240344
8.594000000000001,"FeatureMask(f0=True, f1=True, f2=False, f3=True, f4=True, f5=True, f6=True, f7=False, f8=False, f9=True, f10=False, f11=True, f12=True)",0.9458096827240344
8.594000000000001,"FeatureMask(f0=True, f1=True, f2=False, f3=True, f4=True, f5=True, f6=True, f7=False, f8=False, f9=True, f10=False, f11=True, f12=True)",0.9458096827240344
8.594000000000001,"FeatureMask(f0=True, f1=True, f2=False, f3=True, f4=True, f5=True, f6=True, f7=False, f8=False, f9=True, f10=False, f11=True, f12=True)",0.9458096827240344
8.594000000000001,"FeatureMask(f0=True, f1=True, f2=False, f3=True, f4=True, f5=True, f6=True, f7=False, f8=False, f9=True, f10=False, f11=True, f12=True)",0.9458096827240344
8.594000000000001,"FeatureMask(f0=True, f1=True, f2=False, f3=True, f4=True, f5=True, f6=True, f7=False, f8=False, f9=True, f10=False, f11=True, f12=True)",0.9458096827240344
8.610000000000001,"FeatureMask(f0=True, f1=True, f2=False, f3=True, f4=True, f5=True, f6=True, f7=False, f8=False, f9=True, f10=False, f11=True, f12=True)",0.9458096827240344
8.610000000000001,"FeatureMask(f0=True, f1=True, f2=False, f3=True, f4=True, f5=True, f6=True, f7=False, f8=False, f9=True, f10=False, f11=True, f12=True)",0.9458096827240344
8.625,"FeatureMask(f0=True, f1=True, f2=False, f3=True, f4=True, f5=True, f6=True, f7=False, f8=False, f9=True, f10=False, f11=True, f12=True)",0.9458096827240344
8.625,"FeatureMask(f0=True, f1=True, f2=False, f3=True, f4=True, f5=True, f6=True, f7=False, f8=False, f9=True, f10=False, f11=True, f12=True)",0.9458096827240344
8.641,"FeatureMask(f0=True, f1=True, f2=False, f3=True, f4=True, f5=True, f6=True, f7=False, f8=False, f9=True, f10=False, f11=True, f12=True)",0.9458096827240344
8.656,"FeatureMask(f0=True, f1=True, f2=False, f3=True, f4=True, f5=True, f6=True, f7=False, f8=False, f9=True, f10=False, f11=True, f12=True)",0.9458096827240344
8.672,"FeatureMask(f0=True, f1=True, f2=False, f3=True, f4=True, f5=True, f6=True, f7=False, f8=False, f9=True, f10=False, f11=True, f12=True)",0.9458096827240344
8.672,"FeatureMask(f0=True, f1=True, f2=False, f3=True, f4=True, f5=True, f6=True, f7=False, f8=False, f9=True, f10=False, f11=True, f12=True)",0.9458096827240344
8.672,"FeatureMask(f0=True, f1=True, f2=False, f3=True, f4=True, f5=True, f6=True, f7=False, f8=False, f9=True, f10=False, f11=True, f12=True)",0.9458096827240344
8.672,"FeatureMask(f0=True, f1=True, f2=False, f3=True, f4=True, f5=True, f6=True, f7=False, f8=False, f9=True, f10=False, f11=True, f12=True)",0.9458096827240344
8.688,"FeatureMask(f0=True, f1=True, f2=False, f3=True, f4=True, f5=True, f6=True, f7=False, f8=False, f9=True, f10=False, f11=True, f12=True)",0.9458096827240344
8.703000000000001,"FeatureMask(f0=True, f1=True, f2=False, f3=True, f4=True, f5=True, f6=True, f7=False, f8=False, f9=True, f10=False, f11=True, f12=True)",0.9458096827240344
8.703000000000001,"FeatureMask(f0=True, f1=True, f2=False, f3=True, f4=True, f5=True, f6=True, f7=False, f8=False, f9=True, f10=False, f11=True, f12=True)",0.9458096827240344
8.719000000000001,"FeatureMask(f0=True, f1=True, f2=False, f3=True, f4=True, f5=True, f6=True, f7=False, f8=False, f9=True, f10=False, f11=True, f12=True)",0.9458096827240344
8.719000000000001,"FeatureMask(f0=True, f1=True, f2=False, f3=True, f4=True, f5=True, f6=True, f7=False, f8=False, f9=True, f10=False, f11=True, f12=True)",0.9458096827240344
8.719000000000001,"FeatureMask(f0=True, f1=True, f2=False, f3=True, f4=True, f5=True, f6=True, f7=False, f8=False, f9=True, f10=False, f11=True, f12=True)",0.9458096827240344
8.719000000000001,"FeatureMask(f0=True, f1=True, f2=False, f3=True, f4=True, f5=True, f6=True, f7=False, f8=False, f9=True, f10=False, f11=True, f12=True)",0.9458096827240344
8.719000000000001,"FeatureMask(f0=True, f1=True, f2=False, f3=True, f4=True, f5=True, f6=True, f7=False, f8=False, f9=True, f10=False, f11=True, f12=True)",0.9458096827240344
8.719000000000001,"FeatureMask(f0=True, f1=True, f2=False, f3=True, f4=True, f5=True, f6=True, f7=False, f8=False, f9=True, f10=False, f11=True, f12=True)",0.9458096827240344
8.719000000000001,"FeatureMask(f0=True, f1=True, f2=False, f3=True, f4=True, f5=True, f6=True, f7=False, f8=False, f9=True, f10=False, f11=True, f12=True)",0.9458096827240344
8.719000000000001,"FeatureMask(f0=True, f1=True, f2=False, f3=True, f4=True, f5=True, f6=True, f7=False, f8=False, f9=True, f10=False, f11=True, f12=True)",0.9458096827240344
8.719000000000001,"FeatureMask(f0=True, f1=True, f2=False, f3=True, f4=True, f5=True, f6=True, f7=False, f8=False, f9=True, f10=False, f11=True, f12=True)",0.9458096827240344
8.719000000000001,"FeatureMask(f0=True, f1=True, f2=False, f3=True, f4=True, f5=True, f6=True, f7=False, f8=False, f9=True, f10=False, f11=True, f12=True)",0.9458096827240344
8.719000000000001,"FeatureMask(f0=True, f1=True, f2=False, f3=True, f4=True, f5=True, f6=True, f7=False, f8=False, f9=True, f10=False, f11=True, f12=True)",0.9458096827240344
8.719000000000001,"FeatureMask(f0=True, f1=True, f2=False, f3=True, f4=True, f5=True, f6=True, f7=False, f8=False, f9=True, f10=False, f11=True, f12=True)",0.9458096827240344
8.813,"FeatureMask(f0=True, f1=True, f2=False, f3=True, f4=True, f5=True, f6=True, f7=False, f8=False, f9=True, f10=False, f11=True, f12=True)",0.9458096827240344
8.813,"FeatureMask(f0=True, f1=True, f2=False, f3=True, f4=True, f5=True, f6=True, f7=False, f8=False, f9=True, f10=False, f11=True, f12=True)",0.9458096827240344
8.813,"FeatureMask(f0=True, f1=True, f2=False, f3=True, f4=True, f5=True, f6=True, f7=False, f8=False, f9=True, f10=False, f11=True, f12=True)",0.9458096827240344
8.813,"FeatureMask(f0=True, f1=True, f2=False, f3=True, f4=True, f5=True, f6=True, f7=False, f8=False, f9=True, f10=False, f11=True, f12=True)",0.9458096827240344
8.813,"FeatureMask(f0=True, f1=True, f2=False, f3=True, f4=True, f5=True, f6=True, f7=False, f8=False, f9=True, f10=False, f11=True, f12=True)",0.9458096827240344
8.813,"FeatureMask(f0=True, f1=True, f2=False, f3=True, f4=True, f5=True, f6=True, f7=False, f8=False, f9=True, f10=False, f11=True, f12=True)",0.9458096827240344
8.813,"FeatureMask(f0=True, f1=True, f2=False, f3=True, f4=True, f5=True, f6=True, f7=False, f8=False, f9=True, f10=False, f11=True, f12=True)",0.9458096827240344
8.813,"FeatureMask(f0=True, f1=True, f2=False, f3=True, f4=True, f5=True, f6=True, f7=False, f8=False, f9=True, f10=False, f11=True, f12=True)",0.9458096827240344
8.813,"FeatureMask(f0=True, f1=True, f2=False, f3=True, f4=True, f5=True, f6=True, f7=False, f8=False, f9=True, f10=False, f11=True, f12=True)",0.9458096827240344
8.813,"FeatureMask(f0=True, f1=True, f2=False, f3=True, f4=True, f5=True, f6=True, f7=False, f8=False, f9=True, f10=False, f11=True, f12=True)",0.9458096827240344
8.813,"FeatureMask(f0=True, f1=True, f2=False, f3=True, f4=True, f5=True, f6=True, f7=False, f8=False, f9=True, f10=False, f11=True, f12=True)",0.9458096827240344
8.813,"FeatureMask(f0=True, f1=True, f2=False, f3=True, f4=True, f5=True, f6=True, f7=False, f8=False, f9=True, f10=False, f11=True, f12=True)",0.9458096827240344
8.813,"FeatureMask(f0=True, f1=True, f2=False, f3=True, f4=True, f5=True, f6=True, f7=False, f8=False, f9=True, f10=False, f11=True, f12=True)",0.9458096827240344
8.813,"FeatureMask(f0=True, f1=True, f2=False, f3=True, f4=True, f5=True, f6=True, f7=False, f8=False, f9=True, f10=False, f11=True, f12=True)",0.9458096827240344
8.813,"FeatureMask(f0=True, f1=True, f2=False, f3=True, f4=True, f5=True, f6=True, f7=False, f8=False, f9=True, f10=False, f11=True, f12=True)",0.9458096827240344
8.813,"FeatureMask(f0=True, f1=True, f2=False, f3=True, f4=True, f5=True, f6=True, f7=False, f8=False, f9=True, f10=False, f11=True, f12=True)",0.9458096827240344
8.828000000000001,"FeatureMask(f0=True, f1=True, f2=False, f3=True, f4=True, f5=True, f6=True, f7=False, f8=False, f9=True, f10=False, f11=True, f12=True)",0.9458096827240344
8.844000000000001,"FeatureMask(f0=True, f1=True, f2=False, f3=True, f4=True, f5=True, f6=True, f7=False, f8=False, f9=True, f10=False, f11=True, f12=True)",0.9458096827240344
8.844000000000001,"FeatureMask(f0=True, f1=True, f2=False, f3=True, f4=True, f5=True, f6=True, f7=False, f8=False, f9=True, f10=False, f11=True, f12=True)",0.9458096827240344
8.860000000000001,"FeatureMask(f0=True, f1=True, f2=False, f3=True, f4=True, f5=True, f6=True, f7=False, f8=False, f9=True, f10=False, f11=True, f12=True)",0.9458096827240344
8.875,"FeatureMask(f0=True, f1=True, f2=False, f3=True, f4=True, f5=True, f6=True, f7=False, f8=False, f9=True, f10=False, f11=True, f12=True)",0.9458096827240344
8.875,"FeatureMask(f0=True, f1=True, f2=False, f3=True, f4=True, f5=True, f6=True, f7=False, f8=False, f9=True, f10=False, f11=True, f12=True)",0.9458096827240344
8.891,"FeatureMask(f0=True, f1=True, f2=False, f3=True, f4=True, f5=True, f6=True, f7=False, f8=False, f9=True, f10=False, f11=True, f12=True)",0.9458096827240344
8.891,"FeatureMask(f0=True, f1=True, f2=False, f3=True, f4=True, f5=True, f6=True, f7=False, f8=False, f9=True, f10=False, f11=True, f12=True)",0.9458096827240344
8.891,"FeatureMask(f0=True, f1=True, f2=False, f3=True, f4=True, f5=True, f6=True, f7=False, f8=False, f9=True, f10=False, f11=True, f12=True)",0.9458096827240344
8.891,"FeatureMask(f0=True, f1=True, f2=False, f3=True, f4=True, f5=True, f6=True, f7=False, f8=False, f9=True, f10=False, f11=True, f12=True)",0.9458096827240344
8.906,"FeatureMask(f0=True, f1=True, f2=False, f3=True, f4=True, f5=True, f6=True, f7=False, f8=False, f9=True, f10=False, f11=True, f12=True)",0.9458096827240344
8.906,"FeatureMask(f0=True, f1=True, f2=False, f3=True, f4=True, f5=True, f6=True, f7=False, f8=False, f9=True, f10=False, f11=True, f12=True)",0.9458096827240344
8.922,"FeatureMask(f0=True, f1=True, f2=False, f3=True, f4=True, f5=True, f6=True, f7=False, f8=False, f9=True, f10=False, f11=True, f12=True)",0.9458096827240344
8.922,"FeatureMask(f0=True, f1=True, f2=False, f3=True, f4=True, f5=True, f6=True, f7=False, f8=False, f9=True, f10=False, f11=True, f12=True)",0.9458096827240344
8.922,"FeatureMask(f0=True, f1=True, f2=False, f3=True, f4=True, f5=True, f6=True, f7=False, f8=False, f9=True, f10=False, f11=True, f12=True)",0.9458096827240344
8.922,"FeatureMask(f0=True, f1=True, f2=False, f3=True, f4=True, f5=True, f6=True, f7=False, f8=False, f9=True, f10=False, f11=True, f12=True)",0.9458096827240344
8.922,"FeatureMask(f0=True, f1=True, f2=False, f3=True, f4=True, f5=True, f6=True, f7=False, f8=False, f9=True, f10=False, f11=True, f12=True)",0.9458096827240344
8.922,"FeatureMask(f0=True, f1=True, f2=False, f3=True, f4=True, f5=True, f6=True, f7=False, f8=False, f9=True, f10=False, f11=True, f12=True)",0.9458096827240344
8.922,"FeatureMask(f0=True, f1=True, f2=False, f3=True, f4=True, f5=True, f6=True, f7=False, f8=False, f9=True, f10=False, f11=True, f12=True)",0.9458096827240344
8.922,"FeatureMask(f0=True, f1=True, f2=False, f3=True, f4=True, f5=True, f6=True, f7=False, f8=False, f9=True, f10=False, f11=True, f12=True)",0.9458096827240344
8.922,"FeatureMask(f0=True, f1=True, f2=False, f3=True, f4=True, f5=True, f6=True, f7=False, f8=False, f9=True, f10=False, f11=True, f12=True)",0.9458096827240344
8.922,"FeatureMask(f0=True, f1=True, f2=False, f3=True, f4=True, f5=True, f6=True, f7=False, f8=False, f9=True, f10=False, f11=True, f12=True)",0.9458096827240344
8.922,"FeatureMask(f0=True, f1=True, f2=False, f3=True, f4=True, f5=True, f6=True, f7=False, f8=False, f9=True, f10=False, f11=True, f12=True)",0.9458096827240344
8.922,"FeatureMask(f0=True, f1=True, f2=False, f3=True, f4=True, f5=True, f6=True, f7=False, f8=False, f9=True, f10=False, f11=True, f12=True)",0.9458096827240344
9.016,"FeatureMask(f0=True, f1=True, f2=False, f3=True, f4=True, f5=True, f6=True, f7=False, f8=False, f9=True, f10=False, f11=True, f12=True)",0.9458096827240344
9.016,"FeatureMask(f0=True, f1=True, f2=False, f3=True, f4=True, f5=True, f6=True, f7=False, f8=False, f9=True, f10=False, f11=True, f12=True)",0.9458096827240344
9.016,"FeatureMask(f0=True, f1=True, f2=False, f3=True, f4=True, f5=True, f6=True, f7=False, f8=False, f9=True, f10=False, f11=True, f12=True)",0.9458096827240344
9.016,"FeatureMask(f0=True, f1=True, f2=False, f3=True, f4=True, f5=True, f6=True, f7=False, f8=False, f9=True, f10=False, f11=True, f12=True)",0.9458096827240344
9.016,"FeatureMask(f0=True, f1=True, f2=False, f3=True, f4=True, f5=True, f6=True, f7=False, f8=False, f9=True, f10=False, f11=True, f12=True)",0.9458096827240344
9.016,"FeatureMask(f0=True, f1=True, f2=False, f3=True, f4=True, f5=True, f6=True, f7=False, f8=False, f9=True, f10=False, f11=True, f12=True)",0.9458096827240344
9.016,"FeatureMask(f0=True, f1=True, f2=False, f3=True, f4=True, f5=True, f6=True, f7=False, f8=False, f9=True, f10=False, f11=True, f12=True)",0.9458096827240344
9.016,"FeatureMask(f0=True, f1=True, f2=False, f3=True, f4=True, f5=True, f6=True, f7=False, f8=False, f9=True, f10=False, f11=True, f12=True)",0.9458096827240344
9.016,"FeatureMask(f0=True, f1=True, f2=False, f3=True, f4=True, f5=True, f6=True, f7=False, f8=False, f9=True, f10=False, f11=True, f12=True)",0.9458096827240344
9.016,"FeatureMask(f0=True, f1=True, f2=False, f3=True, f4=True, f5=True, f6=True, f7=False, f8=False, f9=True, f10=False, f11=True, f12=True)",0.9458096827240344
9.016,"FeatureMask(f0=True, f1=True, f2=False, f3=True, f4=True, f5=True, f6=True, f7=False, f8=False, f9=True, f10=False, f11=True, f12=True)",0.9458096827240344
9.016,"FeatureMask(f0=True, f1=True, f2=False, f3=True, f4=True, f5=True, f6=True, f7=False, f8=False, f9=True, f10=False, f11=True, f12=True)",0.9458096827240344
9.016,"FeatureMask(f0=True, f1=True, f2=False, f3=True, f4=True, f5=True, f6=True, f7=False, f8=False, f9=True, f10=False, f11=True, f12=True)",0.9458096827240344
9.016,"FeatureMask(f0=True, f1=True, f2=False, f3=True, f4=True, f5=True, f6=True, f7=False, f8=False, f9=True, f10=False, f11=True, f12=True)",0.9458096827240344
9.016,"FeatureMask(f0=True, f1=True, f2=False, f3=True, f4=True, f5=True, f6=True, f7=False, f8=False, f9=True, f10=False, f11=True, f12=True)",0.9458096827240344
9.016,"FeatureMask(f0=True, f1=True, f2=False, f3=True, f4=True, f5=True, f6=True, f7=False, f8=False, f9=True, f10=False, f11=True, f12=True)",0.9458096827240344
9.016,"FeatureMask(f0=True, f1=True, f2=False, f3=True, f4=True, f5=True, f6=True, f7=False, f8=False, f9=True, f10=False, f11=True, f12=True)",0.9458096827240344
9.016,"FeatureMask(f0=True, f1=True, f2=False, f3=True, f4=True, f5=True, f6=True, f7=False, f8=False, f9=True, f10=False, f11=True, f12=True)",0.9458096827240344
9.031,"FeatureMask(f0=True, f1=True, f2=False, f3=True, f4=True, f5=True, f6=True, f7=False, f8=False, f9=True, f10=False, f11=True, f12=True)",0.9458096827240344
9.031,"FeatureMask(f0=True, f1=True, f2=False, f3=True, f4=True, f5=True, f6=True, f7=False, f8=False, f9=True, f10=False, f11=True, f12=True)",0.9458096827240344
9.031,"FeatureMask(f0=True, f1=True, f2=False, f3=True, f4=True, f5=True, f6=True, f7=False, f8=False, f9=True, f10=False, f11=True, f12=True)",0.9458096827240344
9.031,"FeatureMask(f0=True, f1=True, f2=False, f3=True, f4=True, f5=True, f6=True, f7=False, f8=False, f9=True, f10=False, f11=True, f12=True)",0.9458096827240344
9.031,"FeatureMask(f0=True, f1=True, f2=False, f3=True, f4=True, f5=True, f6=True, f7=False, f8=False, f9=True, f10=False, f11=True, f12=True)",0.9458096827240344
9.047,"FeatureMask(f0=True, f1=True, f2=False, f3=True, f4=True, f5=True, f6=True, f7=False, f8=False, f9=True, f10=False, f11=True, f12=True)",0.9458096827240344
9.047,"FeatureMask(f0=True, f1=True, f2=False, f3=True, f4=True, f5=True, f6=True, f7=False, f8=False, f9=True, f10=False, f11=True, f12=True)",0.9458096827240344
9.063,"FeatureMask(f0=True, f1=True, f2=False, f3=True, f4=True, f5=True, f6=True, f7=False, f8=False, f9=True, f10=False, f11=True, f12=True)",0.9458096827240344
9.063,"FeatureMask(f0=True, f1=True, f2=False, f3=True, f4=True, f5=True, f6=True, f7=False, f8=False, f9=True, f10=False, f11=True, f12=True)",0.9458096827240344
9.078000000000001,"FeatureMask(f0=True, f1=True, f2=False, f3=True, f4=True, f5=True, f6=True, f7=False, f8=False, f9=True, f10=False, f11=True, f12=True)",0.9458096827240344
9.094000000000001,"FeatureMask(f0=True, f1=True, f2=False, f3=True, f4=True, f5=True, f6=True, f7=False, f8=False, f9=True, f10=False, f11=True, f12=True)",0.9458096827240344
9.094000000000001,"FeatureMask(f0=True, f1=True, f2=False, f3=True, f4=True, f5=True, f6=True, f7=False, f8=False, f9=True, f10=False, f11=True, f12=True)",0.9458096827240344
9.094000000000001,"FeatureMask(f0=True, f1=True, f2=False, f3=True, f4=True, f5=True, f6=True, f7=False, f8=False, f9=True, f10=False, f11=True, f12=True)",0.9458096827240344
9.094000000000001,"FeatureMask(f0=True, f1=True, f2=False, f3=True, f4=True, f5=True, f6=True, f7=False, f8=False, f9=True, f10=False, f11=True, f12=True)",0.9458096827240344
9.094000000000001,"FeatureMask(f0=True, f1=True, f2=False, f3=True, f4=True, f5=True, f6=True, f7=False, f8=False, f9=True, f10=False, f11=True, f12=True)",0.9458096827240344
9.094000000000001,"FeatureMask(f0=True, f1=True, f2=False, f3=True, f4=True, f5=True, f6=True, f7=False, f8=False, f9=True, f10=False, f11=True, f12=True)",0.9458096827240344
9.094000000000001,"FeatureMask(f0=True, f1=True, f2=False, f3=True, f4=True, f5=True, f6=True, f7=False, f8=False, f9=True, f10=False, f11=True, f12=True)",0.9458096827240344
9.094000000000001,"FeatureMask(f0=True, f1=True, f2=False, f3=True, f4=True, f5=True, f6=True, f7=False, f8=False, f9=True, f10=False, f11=True, f12=True)",0.9458096827240344
9.094000000000001,"FeatureMask(f0=True, f1=True, f2=False, f3=True, f4=True, f5=True, f6=True, f7=False, f8=False, f9=True, f10=False, f11=True, f12=True)",0.9458096827240344
9.094000000000001,"FeatureMask(f0=True, f1=True, f2=False, f3=True, f4=True, f5=True, f6=True, f7=False, f8=False, f9=True, f10=False, f11=True, f12=True)",0.9458096827240344
9.094000000000001,"FeatureMask(f0=True, f1=True, f2=False, f3=True, f4=True, f5=True, f6=True, f7=False, f8=False, f9=True, f10=False, f11=True, f12=True)",0.9458096827240344
9.094000000000001,"FeatureMask(f0=True, f1=True, f2=False, f3=True, f4=True, f5=True, f6=True, f7=False, f8=False, f9=True, f10=False, f11=True, f12=True)",0.9458096827240344
9.188,"FeatureMask(f0=True, f1=True, f2=False, f3=True, f4=True, f5=True, f6=True, f7=False, f8=False, f9=True, f10=False, f11=True, f12=True)",0.9458096827240344
9.188,"FeatureMask(f0=True, f1=True, f2=False, f3=True, f4=True, f5=True, f6=True, f7=False, f8=False, f9=True, f10=False, f11=True, f12=True)",0.9458096827240344
9.188,"FeatureMask(f0=True, f1=True, f2=False, f3=True, f4=True, f5=True, f6=True, f7=False, f8=False, f9=True, f10=False, f11=True, f12=True)",0.9458096827240344
9.188,"FeatureMask(f0=True, f1=True, f2=False, f3=True, f4=True, f5=True, f6=True, f7=False, f8=False, f9=True, f10=False, f11=True, f12=True)",0.9458096827240344
9.188,"FeatureMask(f0=True, f1=True, f2=False, f3=True, f4=True, f5=True, f6=True, f7=False, f8=False, f9=True, f10=False, f11=True, f12=True)",0.9458096827240344
9.188,"FeatureMask(f0=True, f1=True, f2=False, f3=True, f4=True, f5=True, f6=True, f7=False, f8=False, f9=True, f10=False, f11=True, f12=True)",0.9458096827240344
9.188,"FeatureMask(f0=True, f1=True, f2=False, f3=True, f4=True, f5=True, f6=True, f7=False, f8=False, f9=True, f10=False, f11=True, f12=True)",0.9458096827240344
9.188,"FeatureMask(f0=True, f1=True, f2=False, f3=True, f4=True, f5=True, f6=True, f7=False, f8=False, f9=True, f10=False, f11=True, f12=True)",0.9458096827240344
9.188,"FeatureMask(f0=True, f1=True, f2=False, f3=True, f4=True, f5=True, f6=True, f7=False, f8=False, f9=True, f10=False, f11=True, f12=True)",0.9458096827240344
9.188,"FeatureMask(f0=True, f1=True, f2=False, f3=True, f4=True, f5=True, f6=True, f7=False, f8=False, f9=True, f10=False, f11=True, f12=True)",0.9458096827240344
9.188,"FeatureMask(f0=True, f1=True, f2=False, f3=True, f4=True, f5=True, f6=True, f7=False, f8=False, f9=True, f10=False, f11=True, f12=True)",0.9458096827240344
9.188,"FeatureMask(f0=True, f1=True, f2=False, f3=True, f4=True, f5=True, f6=True, f7=False, f8=False, f9=True, f10=False, f11=True, f12=True)",0.9458096827240344
9.188,"FeatureMask(f0=True, f1=True, f2=False, f3=True, f4=True, f5=True, f6=True, f7=False, f8=False, f9=True, f10=False, f11=True, f12=True)",0.9458096827240344
9.188,"FeatureMask(f0=True, f1=True, f2=False, f3=True, f4=True, f5=True, f6=True, f7=False, f8=False, f9=True, f10=False, f11=True, f12=True)",0.9458096827240344
9.188,"FeatureMask(f0=True, f1=True, f2=False, f3=True, f4=True, f5=True, f6=True, f7=False, f8=False, f9=True, f10=False, f11=True, f12=True)",0.9458096827240344
9.188,"FeatureMask(f0=True, f1=True, f2=False, f3=True, f4=True, f5=True, f6=True, f7=False, f8=False, f9=True, f10=False, f11=True, f12=True)",0.9458096827240344
9.203000000000001,"FeatureMask(f0=True, f1=True, f2=False, f3=True, f4=True, f5=True, f6=True, f7=False, f8=False, f9=True, f10=False, f11=True, f12=True)",0.9458096827240344
9.219000000000001,"FeatureMask(f0=True, f1=True, f2=False, f3=True, f4=True, f5=True, f6=True, f7=False, f8=False, f9=True, f10=False, f11=True, f12=True)",0.9458096827240344
9.219000000000001,"FeatureMask(f0=True, f1=True, f2=False, f3=True, f4=True, f5=True, f6=True, f7=False, f8=False, f9=True, f10=False, f11=True, f12=True)",0.9458096827240344
9.235000000000001,"FeatureMask(f0=True, f1=True, f2=False, f3=True, f4=True, f5=True, f6=True, f7=False, f8=False, f9=True, f10=False, f11=True, f12=True)",0.9458096827240344
9.25,"FeatureMask(f0=True, f1=True, f2=False, f3=True, f4=True, f5=True, f6=True, f7=False, f8=False, f9=True, f10=False, f11=True, f12=True)",0.9458096827240344
9.25,"FeatureMask(f0=True, f1=True, f2=False, f3=True, f4=True, f5=True, f6=True, f7=False, f8=False, f9=True, f10=False, f11=True, f12=True)",0.9458096827240344
9.266,"FeatureMask(f0=True, f1=True, f2=False, f3=True, f4=True, f5=True, f6=True, f7=False, f8=False, f9=True, f10=False, f11=True, f12=True)",0.9458096827240344
9.266,"FeatureMask(f0=True, f1=True, f2=False, f3=True, f4=True, f5=True, f6=True, f7=False, f8=False, f9=True, f10=False, f11=True, f12=True)",0.9458096827240344
9.281,"FeatureMask(f0=True, f1=True, f2=False, f3=True, f4=True, f5=True, f6=True, f7=False, f8=False, f9=True, f10=False, f11=True, f12=True)",0.9458096827240344
9.297,"FeatureMask(f0=True, f1=True, f2=False, f3=True, f4=True, f5=True, f6=True, f7=False, f8=False, f9=True, f10=False, f11=True, f12=True)",0.9458096827240344
9.297,"FeatureMask(f0=True, f1=True, f2=False, f3=True, f4=True, f5=True, f6=True, f7=False, f8=False, f9=True, f10=False, f11=True, f12=True)",0.9458096827240344
9.313,"FeatureMask(f0=True, f1=True, f2=False, f3=True, f4=True, f5=True, f6=True, f7=False, f8=False, f9=True, f10=False, f11=True, f12=True)",0.9458096827240344
9.313,"FeatureMask(f0=True, f1=True, f2=False, f3=True, f4=True, f5=True, f6=True, f7=False, f8=False, f9=True, f10=False, f11=True, f12=True)",0.9458096827240344
9.313,"FeatureMask(f0=True, f1=True, f2=False, f3=True, f4=True, f5=True, f6=True, f7=False, f8=False, f9=True, f10=False, f11=True, f12=True)",0.9458096827240344
9.313,"FeatureMask(f0=True, f1=True, f2=False, f3=True, f4=True, f5=True, f6=True, f7=False, f8=False, f9=True, f10=False, f11=True, f12=True)",0.9458096827240344
9.313,"FeatureMask(f0=True, f1=True, f2=False, f3=True, f4=True, f5=True, f6=True, f7=False, f8=False, f9=True, f10=False, f11=True, f12=True)",0.9458096827240344
9.313,"FeatureMask(f0=True, f1=True, f2=False, f3=True, f4=True, f5=True, f6=True, f7=False, f8=False, f9=True, f10=False, f11=True, f12=True)",0.9458096827240344
9.313,"FeatureMask(f0=True, f1=True, f2=False, f3=True, f4=True, f5=True, f6=True, f7=False, f8=False, f9=True, f10=False, f11=True, f12=True)",0.9458096827240344
9.313,"FeatureMask(f0=True, f1=True, f2=False, f3=True, f4=True, f5=True, f6=True, f7=False, f8=False, f9=True, f10=False, f11=True, f12=True)",0.9458096827240344
9.313,"FeatureMask(f0=True, f1=True, f2=False, f3=True, f4=True, f5=True, f6=True, f7=False, f8=False, f9=True, f10=False, f11=True, f12=True)",0.9458096827240344
9.313,"FeatureMask(f0=True, f1=True, f2=False, f3=True, f4=True, f5=True, f6=True, f7=False, f8=False, f9=True, f10=False, f11=True, f12=True)",0.9458096827240344
9.313,"FeatureMask(f0=True, f1=True, f2=False, f3=True, f4=True, f5=True, f6=True, f7=False, f8=False, f9=True, f10=False, f11=True, f12=True)",0.9458096827240344
9.313,"FeatureMask(f0=True, f1=True, f2=False, f3=True, f4=True, f5=True, f6=True, f7=False, f8=False, f9=True, f10=False, f11=True, f12=True)",0.9458096827240344
9.313,"FeatureMask(f0=True, f1=True, f2=False, f3=True, f4=True, f5=True, f6=True, f7=False, f8=False, f9=True, f10=False, f11=True, f12=True)",0.9458096827240344
9.406,"FeatureMask(f0=True, f1=True, f2=False, f3=True, f4=True, f5=True, f6=True, f7=False, f8=False, f9=True, f10=False, f11=True, f12=True)",0.9458096827240344
9.406,"FeatureMask(f0=True, f1=True, f2=False, f3=True, f4=True, f5=True, f6=True, f7=False, f8=False, f9=True, f10=False, f11=True, f12=True)",0.9458096827240344
9.406,"FeatureMask(f0=True, f1=True, f2=False, f3=True, f4=True, f5=True, f6=True, f7=False, f8=False, f9=True, f10=False, f11=True, f12=True)",0.9458096827240344
9.406,"FeatureMask(f0=True, f1=True, f2=False, f3=True, f4=True, f5=True, f6=True, f7=False, f8=False, f9=True, f10=False, f11=True, f12=True)",0.9458096827240344
9.406,"FeatureMask(f0=True, f1=True, f2=False, f3=True, f4=True, f5=True, f6=True, f7=False, f8=False, f9=True, f10=False, f11=True, f12=True)",0.9458096827240344
9.406,"FeatureMask(f0=True, f1=True, f2=False, f3=True, f4=True, f5=True, f6=True, f7=False, f8=False, f9=True, f10=False, f11=True, f12=True)",0.9458096827240344
9.406,"FeatureMask(f0=True, f1=True, f2=False, f3=True, f4=True, f5=True, f6=True, f7=False, f8=False, f9=True, f10=False, f11=True, f12=True)",0.9458096827240344
9.406,"FeatureMask(f0=True, f1=True, f2=False, f3=True, f4=True, f5=True, f6=True, f7=False, f8=False, f9=True, f10=False, f11=True, f12=True)",0.9458096827240344
9.406,"FeatureMask(f0=True, f1=True, f2=False, f3=True, f4=True, f5=True, f6=True, f7=False, f8=False, f9=True, f10=False, f11=True, f12=True)",0.9458096827240344
9.406,"FeatureMask(f0=True, f1=True, f2=False, f3=True, f4=True, f5=True, f6=True, f7=False, f8=False, f9=True, f10=False, f11=True, f12=True)",0.9458096827240344
9.406,"FeatureMask(f0=True, f1=True, f2=False, f3=True, f4=True, f5=True, f6=True, f7=False, f8=False, f9=True, f10=False, f11=True, f12=True)",0.9458096827240344
9.406,"FeatureMask(f0=True, f1=True, f2=False, f3=True, f4=True, f5=True, f6=True, f7=False, f8=False, f9=True, f10=False, f11=True, f12=True)",0.9458096827240344
9.406,"FeatureMask(f0=True, f1=True, f2=False, f3=True, f4=True, f5=True, f6=True, f7=False, f8=False, f9=True, f10=False, f11=True, f12=True)",0.9458096827240344
9.406,"FeatureMask(f0=True, f1=True, f2=False, f3=True, f4=True, f5=True, f6=True, f7=False, f8=False, f9=True, f10=False, f11=True, f12=True)",0.9458096827240344
9.406,"FeatureMask(f0=True, f1=True, f2=False, f3=True, f4=True, f5=True, f6=True, f7=False, f8=False, f9=True, f10=False, f11=True, f12=True)",0.9458096827240344
9.422,"FeatureMask(f0=True, f1=True, f2=False, f3=True, f4=True, f5=True, f6=True, f7=False, f8=False, f9=True, f10=False, f11=True, f12=True)",0.9458096827240344
9.422,"FeatureMask(f0=True, f1=True, f2=False, f3=True, f4=True, f5=True, f6=True, f7=False, f8=False, f9=True, f10=False, f11=True, f12=True)",0.9458096827240344
9.438,"FeatureMask(f0=True, f1=True, f2=False, f3=True, f4=True, f5=True, f6=True, f7=False, f8=False, f9=True, f10=False, f11=True, f12=True)",0.9458096827240344
9.453000000000001,"FeatureMask(f0=True, f1=True, f2=False, f3=True, f4=True, f5=True, f6=True, f7=False, f8=False, f9=True, f10=False, f11=True, f12=True)",0.9458096827240344
9.453000000000001,"FeatureMask(f0=True, f1=True, f2=False, f3=True, f4=True, f5=True, f6=True, f7=False, f8=False, f9=True, f10=False, f11=True, f12=True)",0.9458096827240344
9.469000000000001,"FeatureMask(f0=True, f1=True, f2=False, f3=True, f4=True, f5=True, f6=True, f7=False, f8=False, f9=True, f10=False, f11=True, f12=True)",0.9458096827240344
9.469000000000001,"FeatureMask(f0=True, f1=True, f2=False, f3=True, f4=True, f5=True, f6=True, f7=False, f8=False, f9=True, f10=False, f11=True, f12=True)",0.9458096827240344
9.485000000000001,"FeatureMask(f0=True, f1=True, f2=False, f3=True, f4=True, f5=True, f6=True, f7=False, f8=False, f9=True, f10=False, f11=True, f12=True)",0.9458096827240344
9.5,"FeatureMask(f0=True, f1=True, f2=False, f3=True, f4=True, f5=True, f6=True, f7=False, f8=False, f9=True, f10=False, f11=True, f12=True)",0.9458096827240344
9.5,"FeatureMask(f0=True, f1=True, f2=False, f3=True, f4=True, f5=True, f6=True, f7=False, f8=False, f9=True, f10=False, f11=True, f12=True)",0.9458096827240344
9.516,"FeatureMask(f0=True, f1=True, f2=False, f3=True, f4=True, f5=True, f6=True, f7=False, f8=False, f9=True, f10=False, f11=True, f12=True)",0.9458096827240344
9.516,"FeatureMask(f0=True, f1=True, f2=False, f3=True, f4=True, f5=True, f6=True, f7=False, f8=False, f9=True, f10=False, f11=True, f12=True)",0.9458096827240344
9.531,"FeatureMask(f0=True, f1=True, f2=False, f3=True, f4=True, f5=True, f6=True, f7=False, f8=False, f9=True, f10=False, f11=True, f12=True)",0.9458096827240344
9.547,"FeatureMask(f0=True, f1=True, f2=False, f3=True, f4=True, f5=True, f6=True, f7=False, f8=False, f9=True, f10=False, f11=True, f12=True)",0.9458096827240344
9.547,"FeatureMask(f0=True, f1=True, f2=False, f3=True, f4=True, f5=True, f6=True, f7=False, f8=False, f9=True, f10=False, f11=True, f12=True)",0.9458096827240344
9.547,"FeatureMask(f0=True, f1=True, f2=False, f3=True, f4=True, f5=True, f6=True, f7=False, f8=False, f9=True, f10=False, f11=True, f12=True)",0.9458096827240344
9.547,"FeatureMask(f0=True, f1=True, f2=False, f3=True, f4=True, f5=True, f6=True, f7=False, f8=False, f9=True, f10=False, f11=True, f12=True)",0.9458096827240344
9.547,"FeatureMask(f0=True, f1=True, f2=False, f3=True, f4=True, f5=True, f6=True, f7=False, f8=False, f9=True, f10=False, f11=True, f12=True)",0.9458096827240344
9.547,"FeatureMask(f0=True, f1=True, f2=False, f3=True, f4=True, f5=True, f6=True, f7=False, f8=False, f9=True, f10=False, f11=True, f12=True)",0.9458096827240344
9.547,"FeatureMask(f0=True, f1=True, f2=False, f3=True, f4=True, f5=True, f6=True, f7=False, f8=False, f9=True, f10=False, f11=True, f12=True)",0.9458096827240344
9.547,"FeatureMask(f0=True, f1=True, f2=False, f3=True, f4=True, f5=True, f6=True, f7=False, f8=False, f9=True, f10=False, f11=True, f12=True)",0.9458096827240344
9.547,"FeatureMask(f0=True, f1=True, f2=False, f3=True, f4=True, f5=True, f6=True, f7=False, f8=False, f9=True, f10=False, f11=True, f12=True)",0.9458096827240344
9.547,"FeatureMask(f0=True, f1=True, f2=False, f3=True, f4=True, f5=True, f6=True, f7=False, f8=False, f9=True, f10=False, f11=True, f12=True)",0.9458096827240344
9.547,"FeatureMask(f0=True, f1=True, f2=False, f3=True, f4=True, f5=True, f6=True, f7=False, f8=False, f9=True, f10=False, f11=True, f12=True)",0.9458096827240344
9.547,"FeatureMask(f0=True, f1=True, f2=False, f3=True, f4=True, f5=True, f6=True, f7=False, f8=False, f9=True, f10=False, f11=True, f12=True)",0.9458096827240344
9.625,"FeatureMask(f0=True, f1=True, f2=False, f3=True, f4=True, f5=True, f6=True, f7=False, f8=False, f9=True, f10=False, f11=True, f12=True)",0.9458096827240344
9.625,"FeatureMask(f0=True, f1=True, f2=False, f3=True, f4=True, f5=True, f6=True, f7=False, f8=False, f9=True, f10=False, f11=True, f12=True)",0.9458096827240344
9.625,"FeatureMask(f0=True, f1=True, f2=False, f3=True, f4=True, f5=True, f6=True, f7=False, f8=False, f9=True, f10=False, f11=True, f12=True)",0.9458096827240344
9.625,"FeatureMask(f0=True, f1=True, f2=False, f3=True, f4=True, f5=True, f6=True, f7=False, f8=False, f9=True, f10=False, f11=True, f12=True)",0.9458096827240344
9.625,"FeatureMask(f0=True, f1=True, f2=False, f3=True, f4=True, f5=True, f6=True, f7=False, f8=False, f9=True, f10=False, f11=True, f12=True)",0.9458096827240344
9.625,"FeatureMask(f0=True, f1=True, f2=False, f3=True, f4=True, f5=True, f6=True, f7=False, f8=False, f9=True, f10=False, f11=True, f12=True)",0.9458096827240344
9.625,"FeatureMask(f0=True, f1=True, f2=False, f3=True, f4=True, f5=True, f6=True, f7=False, f8=False, f9=True, f10=False, f11=True, f12=True)",0.9458096827240344
9.625,"FeatureMask(f0=True, f1=True, f2=False, f3=True, f4=True, f5=True, f6=True, f7=False, f8=False, f9=True, f10=False, f11=True, f12=True)",0.9458096827240344
9.75,"FeatureMask(f0=True, f1=True, f2=False, f3=True, f4=True, f5=True, f6=True, f7=False, f8=False, f9=True, f10=False, f11=True, f12=True)",0.9458096827240344
9.75,"FeatureMask(f0=True, f1=True, f2=False, f3=True, f4=True, f5=True, f6=True, f7=False, f8=False, f9=True, f10=False, f11=True, f12=True)",0.9458096827240344
9.75,"FeatureMask(f0=True, f1=True, f2=False, f3=True, f4=True, f5=True, f6=True, f7=False, f8=False, f9=True, f10=False, f11=True, f12=True)",0.9458096827240344
9.75,"FeatureMask(f0=True, f1=True, f2=False, f3=True, f4=True, f5=True, f6=True, f7=False, f8=False, f9=True, f10=False, f11=True, f12=True)",0.9458096827240344
9.75,"FeatureMask(f0=True, f1=True, f2=False, f3=True, f4=True, f5=True, f6=True, f7=False, f8=False, f9=True, f10=False, f11=True, f12=True)",0.9458096827240344
9.75,"FeatureMask(f0=True, f1=True, f2=False, f3=True, f4=True, f5=True, f6=True, f7=False, f8=False, f9=True, f10=False, f11=True, f12=True)",0.9458096827240344
9.75,"FeatureMask(f0=True, f1=True, f2=False, f3=True, f4=True, f5=True, f6=True, f7=False, f8=False, f9=True, f10=False, f11=True, f12=True)",0.9458096827240344
9.75,"FeatureMask(f0=True, f1=True, f2=False, f3=True, f4=True, f5=True, f6=True, f7=False, f8=False, f9=True, f10=False, f11=True, f12=True)",0.9458096827240344
9.75,"FeatureMask(f0=True, f1=True, f2=False, f3=True, f4=True, f5=True, f6=True, f7=False, f8=False, f9=True, f10=False, f11=True, f12=True)",0.9458096827240344
9.75,"FeatureMask(f0=True, f1=True, f2=False, f3=True, f4=True, f5=True, f6=True, f7=False, f8=False, f9=True, f10=False, f11=True, f12=True)",0.9458096827240344
9.844000000000001,"FeatureMask(f0=True, f1=True, f2=False, f3=True, f4=True, f5=True, f6=True, f7=False, f8=False, f9=True, f10=False, f11=True, f12=True)",0.9458096827240344
9.844000000000001,"FeatureMask(f0=True, f1=True, f2=False, f3=True, f4=True, f5=True, f6=True, f7=False, f8=False, f9=True, f10=False, f11=True, f12=True)",0.9458096827240344
9.844000000000001,"FeatureMask(f0=True, f1=True, f2=False, f3=True, f4=True, f5=True, f6=True, f7=False, f8=False, f9=True, f10=False, f11=True, f12=True)",0.9458096827240344
9.953000000000001,"FeatureMask(f0=True, f1=True, f2=False, f3=True, f4=True, f5=True, f6=True, f7=False, f8=False, f9=True, f10=False, f11=True, f12=True)",0.9458096827240344
9.953000000000001,"FeatureMask(f0=True, f1=True, f2=False, f3=True, f4=True, f5=True, f6=True, f7=False, f8=False, f9=True, f10=False, f11=True, f12=True)",0.9458096827240344
9.953000000000001,"FeatureMask(f0=True, f1=True, f2=False, f3=True, f4=True, f5=True, f6=True, f7=False, f8=False, f9=True, f10=False, f11=True, f12=True)",0.9458096827240344
9.953000000000001,"FeatureMask(f0=True, f1=True, f2=False, f3=True, f4=True, f5=True, f6=True, f7=False, f8=False, f9=True, f10=False, f11=True, f12=True)",0.9458096827240344
9.953000000000001,"FeatureMask(f0=True, f1=True, f2=False, f3=True, f4=True, f5=True, f6=True, f7=False, f8=False, f9=True, f10=False, f11=True, f12=True)",0.9458096827240344
9.953000000000001,"FeatureMask(f0=True, f1=True, f2=False, f3=True, f4=True, f5=True, f6=True, f7=False, f8=False, f9=True, f10=False, f11=True, f12=True)",0.9458096827240344
9.953000000000001,"FeatureMask(f0=True, f1=True, f2=False, f3=True, f4=True, f5=True, f6=True, f7=False, f8=False, f9=True, f10=False, f11=True, f12=True)",0.9458096827240344
9.953000000000001,"FeatureMask(f0=True, f1=True, f2=False, f3=True, f4=True, f5=True, f6=True, f7=False, f8=False, f9=True, f10=False, f11=True, f12=True)",0.9458096827240344
9.953000000000001,"FeatureMask(f0=True, f1=True, f2=False, f3=True, f4=True, f5=True, f6=True, f7=False, f8=False, f9=True, f10=False, f11=True, f12=True)",0.9458096827240344
9.953000000000001,"FeatureMask(f0=True, f1=True, f2=False, f3=True, f4=True, f5=True, f6=True, f7=False, f8=False, f9=True, f10=False, f11=True, f12=True)",0.9458096827240344
10.047,"FeatureMask(f0=True, f1=True, f2=False, f3=True, f4=True, f5=True, f6=True, f7=False, f8=False, f9=True, f10=False, f11=True, f12=True)",0.9458096827240344
10.047,"FeatureMask(f0=True, f1=True, f2=False, f3=True, f4=True, f5=True, f6=True, f7=False, f8=False, f9=True, f10=False, f11=True, f12=True)",0.9458096827240344
10.047,"FeatureMask(f0=True, f1=True, f2=False, f3=True, f4=True, f5=True, f6=True, f7=False, f8=False, f9=True, f10=False, f11=True, f12=True)",0.9458096827240344
10.156,"FeatureMask(f0=True, f1=True, f2=False, f3=True, f4=True, f5=True, f6=True, f7=False, f8=False, f9=True, f10=False, f11=True, f12=True)",0.9458096827240344
10.156,"FeatureMask(f0=True, f1=True, f2=False, f3=True, f4=True, f5=True, f6=True, f7=False, f8=False, f9=True, f10=False, f11=True, f12=True)",0.9458096827240344
10.156,"FeatureMask(f0=True, f1=True, f2=False, f3=True, f4=True, f5=True, f6=True, f7=False, f8=False, f9=True, f10=False, f11=True, f12=True)",0.9458096827240344
10.156,"FeatureMask(f0=True, f1=True, f2=False, f3=True, f4=True, f5=True, f6=True, f7=False, f8=False, f9=True, f10=False, f11=True, f12=True)",0.9458096827240344
10.156,"FeatureMask(f0=True, f1=True, f2=False, f3=True, f4=True, f5=True, f6=True, f7=False, f8=False, f9=True, f10=False, f11=True, f12=True)",0.9458096827240344
10.156,"FeatureMask(f0=True, f1=True, f2=False, f3=True, f4=True, f5=True, f6=True, f7=False, f8=False, f9=True, f10=False, f11=True, f12=True)",0.9458096827240344
10.156,"FeatureMask(f0=True, f1=True, f2=False, f3=True, f4=True, f5=True, f6=True, f7=False, f8=False, f9=True, f10=False, f11=True, f12=True)",0.9458096827240344
10.156,"FeatureMask(f0=True, f1=True, f2=False, f3=True, f4=True, f5=True, f6=True, f7=False, f8=False, f9=True, f10=False, f11=True, f12=True)",0.9458096827240344
10.156,"FeatureMask(f0=True, f1=True, f2=False, f3=True, f4=True, f5=True, f6=True, f7=False, f8=False, f9=True, f10=False, f11=True, f12=True)",0.9458096827240344
10.156,"FeatureMask(f0=True, f1=True, f2=False, f3=True, f4=True, f5=True, f6=True, f7=False, f8=False, f9=True, f10=False, f11=True, f12=True)",0.9458096827240344
10.235000000000001,"FeatureMask(f0=True, f1=True, f2=False, f3=True, f4=True, f5=True, f6=True, f7=False, f8=False, f9=True, f10=False, f11=True, f12=True)",0.9458096827240344
10.360000000000001,"FeatureMask(f0=True, f1=True, f2=False, f3=True, f4=True, f5=True, f6=True, f7=False, f8=False, f9=True, f10=False, f11=True, f12=True)",0.9458096827240344
10.360000000000001,"FeatureMask(f0=True, f1=True, f2=False, f3=True, f4=True, f5=True, f6=True, f7=False, f8=False, f9=True, f10=False, f11=True, f12=True)",0.9458096827240344
10.360000000000001,"FeatureMask(f0=True, f1=True, f2=False, f3=True, f4=True, f5=True, f6=True, f7=False, f8=False, f9=True, f10=False, f11=True, f12=True)",0.9458096827240344
10.360000000000001,"FeatureMask(f0=True, f1=True, f2=False, f3=True, f4=True, f5=True, f6=True, f7=False, f8=False, f9=True, f10=False, f11=True, f12=True)",0.9458096827240344
10.360000000000001,"FeatureMask(f0=True, f1=True, f2=False, f3=True, f4=True, f5=True, f6=True, f7=False, f8=False, f9=True, f10=False, f11=True, f12=True)",0.9458096827240344
10.360000000000001,"FeatureMask(f0=True, f1=True, f2=False, f3=True, f4=True, f5=True, f6=True, f7=False, f8=False, f9=True, f10=False, f11=True, f12=True)",0.9458096827240344
10.360000000000001,"FeatureMask(f0=True, f1=True, f2=False, f3=True, f4=True, f5=True, f6=True, f7=False, f8=False, f9=True, f10=False, f11=True, f12=True)",0.9458096827240344
10.360000000000001,"FeatureMask(f0=True, f1=True, f2=False, f3=True, f4=True, f5=True, f6=True, f7=False, f8=False, f9=True, f10=False, f11=True, f12=True)",0.9458096827240344
10.360000000000001,"FeatureMask(f0=True, f1=True, f2=False, f3=True, f4=True, f5=True, f6=True, f7=False, f8=False, f9=True, f10=False, f11=True, f12=True)",0.9458096827240344
10.360000000000001,"FeatureMask(f0=True, f1=True, f2=False, f3=True, f4=True, f5=True, f6=True, f7=False, f8=False, f9=True, f10=False, f11=True, f12=True)",0.9458096827240344
10.453000000000001,"FeatureMask(f0=True, f1=True, f2=False, f3=True, f4=True, f5=True, f6=True, f7=False, f8=False, f9=True, f10=False, f11=True, f12=True)",0.9458096827240344
10.453000000000001,"FeatureMask(f0=True, f1=True, f2=False, f3=True, f4=True, f5=True, f6=True, f7=False, f8=False, f9=True, f10=False, f11=True, f12=True)",0.9458096827240344
10.453000000000001,"FeatureMask(f0=True, f1=True, f2=False, f3=True, f4=True, f5=True, f6=True, f7=False, f8=False, f9=True, f10=False, f11=True, f12=True)",0.9458096827240344
10.453000000000001,"FeatureMask(f0=True, f1=True, f2=False, f3=True, f4=True, f5=True, f6=True, f7=False, f8=False, f9=True, f10=False, f11=True, f12=True)",0.9458096827240344
10.453000000000001,"FeatureMask(f0=True, f1=True, f2=False, f3=True, f4=True, f5=True, f6=True, f7=False, f8=False, f9=True, f10=False, f11=True, f12=True)",0.9458096827240344
10.453000000000001,"FeatureMask(f0=True, f1=True, f2=False, f3=True, f4=True, f5=True, f6=True, f7=False, f8=False, f9=True, f10=False, f11=True, f12=True)",0.9458096827240344
10.453000000000001,"FeatureMask(f0=True, f1=True, f2=False, f3=True, f4=True, f5=True, f6=True, f7=False, f8=False, f9=True, f10=False, f11=True, f12=True)",0.9458096827240344
10.453000000000001,"FeatureMask(f0=True, f1=True, f2=False, f3=True, f4=True, f5=True, f6=True, f7=False, f8=False, f9=True, f10=False, f11=True, f12=True)",0.9458096827240344
10.453000000000001,"FeatureMask(f0=True, f1=True, f2=False, f3=True, f4=True, f5=True, f6=True, f7=False, f8=False, f9=True, f10=False, f11=True, f12=True)",0.9458096827240344
10.453000000000001,"FeatureMask(f0=True, f1=True, f2=False, f3=True, f4=True, f5=True, f6=True, f7=False, f8=False, f9=True, f10=False, f11=True, f12=True)",0.9458096827240344
10.453000000000001,"FeatureMask(f0=True, f1=True, f2=False, f3=True, f4=True, f5=True, f6=True, f7=False, f8=False, f9=True, f10=False, f11=True, f12=True)",0.9458096827240344
10.453000000000001,"FeatureMask(f0=True, f1=True, f2=False, f3=True, f4=True, f5=True, f6=True, f7=False, f8=False, f9=True, f10=False, f11=True, f12=True)",0.9458096827240344
10.453000000000001,"FeatureMask(f0=True, f1=True, f2=False, f3=True, f4=True, f5=True, f6=True, f7=False, f8=False, f9=True, f10=False, f11=True, f12=True)",0.9458096827240344
10.453000000000001,"FeatureMask(f0=True, f1=True, f2=False, f3=True, f4=True, f5=True, f6=True, f7=False, f8=False, f9=True, f10=False, f11=True, f12=True)",0.9458096827240344
10.453000000000001,"FeatureMask(f0=True, f1=True, f2=False, f3=True, f4=True, f5=True, f6=True, f7=False, f8=False, f9=True, f10=False, f11=True, f12=True)",0.9458096827240344
10.469000000000001,"FeatureMask(f0=True, f1=True, f2=False, f3=True, f4=True, f5=True, f6=True, f7=False, f8=False, f9=True, f10=False, f11=True, f12=True)",0.9458096827240344
10.485000000000001,"FeatureMask(f0=True, f1=True, f2=False, f3=True, f4=True, f5=True, f6=True, f7=False, f8=False, f9=True, f10=False, f11=True, f12=True)",0.9458096827240344
10.485000000000001,"FeatureMask(f0=True, f1=True, f2=False, f3=True, f4=True, f5=True, f6=True, f7=False, f8=False, f9=True, f10=False, f11=True, f12=True)",0.9458096827240344
10.5,"FeatureMask(f0=True, f1=True, f2=False, f3=True, f4=True, f5=True, f6=True, f7=False, f8=False, f9=True, f10=False, f11=True, f12=True)",0.9458096827240344
10.5,"FeatureMask(f0=True, f1=True, f2=False, f3=True, f4=True, f5=True, f6=True, f7=False, f8=False, f9=True, f10=False, f11=True, f12=True)",0.9458096827240344
10.516,"FeatureMask(f0=True, f1=True, f2=False, f3=True, f4=True, f5=True, f6=True, f7=False, f8=False, f9=True, f10=False, f11=True, f12=True)",0.9458096827240344
10.531,"FeatureMask(f0=True, f1=True, f2=False, f3=True, f4=True, f5=True, f6=True, f7=False, f8=False, f9=True, f10=False, f11=True, f12=True)",0.9458096827240344
10.531,"FeatureMask(f0=True, f1=True, f2=False, f3=True, f4=True, f5=True, f6=True, f7=False, f8=False, f9=True, f10=False, f11=True, f12=True)",0.9458096827240344
10.547,"FeatureMask(f0=True, f1=True, f2=False, f3=True, f4=True, f5=True, f6=True, f7=False, f8=False, f9=True, f10=False, f11=True, f12=True)",0.9458096827240344
10.563,"FeatureMask(f0=True, f1=True, f2=False, f3=True, f4=True, f5=True, f6=True, f7=False, f8=False, f9=True, f10=False, f11=True, f12=True)",0.9458096827240344
10.563,"FeatureMask(f0=True, f1=True, f2=False, f3=True, f4=True, f5=True, f6=True, f7=False, f8=False, f9=True, f10=False, f11=True, f12=True)",0.9458096827240344
10.578000000000001,"FeatureMask(f0=True, f1=True, f2=False, f3=True, f4=True, f5=True, f6=True, f7=False, f8=False, f9=True, f10=False, f11=True, f12=True)",0.9458096827240344
10.578000000000001,"FeatureMask(f0=True, f1=True, f2=False, f3=True, f4=True, f5=True, f6=True, f7=False, f8=False, f9=True, f10=False, f11=True, f12=True)",0.9458096827240344
10.594000000000001,"FeatureMask(f0=True, f1=True, f2=False, f3=True, f4=True, f5=True, f6=True, f7=False, f8=False, f9=True, f10=False, f11=True, f12=True)",0.9458096827240344
10.594000000000001,"FeatureMask(f0=True, f1=True, f2=False, f3=True, f4=True, f5=True, f6=True, f7=False, f8=False, f9=True, f10=False, f11=True, f12=True)",0.9458096827240344
10.594000000000001,"FeatureMask(f0=True, f1=True, f2=False, f3=True, f4=True, f5=True, f6=True, f7=False, f8=False, f9=True, f10=False, f11=True, f12=True)",0.9458096827240344
10.594000000000001,"FeatureMask(f0=True, f1=True, f2=False, f3=True, f4=True, f5=True, f6=True, f7=False, f8=False, f9=True, f10=False, f11=True, f12=True)",0.9458096827240344
10.594000000000001,"FeatureMask(f0=True, f1=True, f2=False, f3=True, f4=True, f5=True, f6=True, f7=False, f8=False, f9=True, f10=False, f11=True, f12=True)",0.9458096827240344
10.594000000000001,"FeatureMask(f0=True, f1=True, f2=False, f3=True, f4=True, f5=True, f6=True, f7=False, f8=False, f9=True, f10=False, f11=True, f12=True)",0.9458096827240344
10.594000000000001,"FeatureMask(f0=True, f1=True, f2=False, f3=True, f4=True, f5=True, f6=True, f7=False, f8=False, f9=True, f10=False, f11=True, f12=True)",0.9458096827240344
10.594000000000001,"FeatureMask(f0=True, f1=True, f2=False, f3=True, f4=True, f5=True, f6=True, f7=False, f8=False, f9=True, f10=False, f11=True, f12=True)",0.9458096827240344
10.594000000000001,"FeatureMask(f0=True, f1=True, f2=False, f3=True, f4=True, f5=True, f6=True, f7=False, f8=False, f9=True, f10=False, f11=True, f12=True)",0.9458096827240344
10.594000000000001,"FeatureMask(f0=True, f1=True, f2=False, f3=True, f4=True, f5=True, f6=True, f7=False, f8=False, f9=True, f10=False, f11=True, f12=True)",0.9458096827240344
10.594000000000001,"FeatureMask(f0=True, f1=True, f2=False, f3=True, f4=True, f5=True, f6=True, f7=False, f8=False, f9=True, f10=False, f11=True, f12=True)",0.9458096827240344
10.594000000000001,"FeatureMask(f0=True, f1=True, f2=False, f3=True, f4=True, f5=True, f6=True, f7=False, f8=False, f9=True, f10=False, f11=True, f12=True)",0.9458096827240344
10.688,"FeatureMask(f0=True, f1=True, f2=False, f3=True, f4=True, f5=True, f6=True, f7=False, f8=False, f9=True, f10=False, f11=True, f12=True)",0.9458096827240344
10.688,"FeatureMask(f0=True, f1=True, f2=False, f3=True, f4=True, f5=True, f6=True, f7=False, f8=False, f9=True, f10=False, f11=True, f12=True)",0.9458096827240344
10.688,"FeatureMask(f0=True, f1=True, f2=False, f3=True, f4=True, f5=True, f6=True, f7=False, f8=False, f9=True, f10=False, f11=True, f12=True)",0.9458096827240344
10.688,"FeatureMask(f0=True, f1=True, f2=False, f3=True, f4=True, f5=True, f6=True, f7=False, f8=False, f9=True, f10=False, f11=True, f12=True)",0.9458096827240344
10.688,"FeatureMask(f0=True, f1=True, f2=False, f3=True, f4=True, f5=True, f6=True, f7=False, f8=False, f9=True, f10=False, f11=True, f12=True)",0.9458096827240344
10.781,"FeatureMask(f0=True, f1=True, f2=False, f3=True, f4=True, f5=True, f6=True, f7=False, f8=False, f9=True, f10=False, f11=True, f12=True)",0.9458096827240344
10.781,"FeatureMask(f0=True, f1=True, f2=False, f3=True, f4=True, f5=True, f6=True, f7=False, f8=False, f9=True, f10=False, f11=True, f12=True)",0.9458096827240344
10.781,"FeatureMask(f0=True, f1=True, f2=False, f3=True, f4=True, f5=True, f6=True, f7=False, f8=False, f9=True, f10=False, f11=True, f12=True)",0.9458096827240344
10.781,"FeatureMask(f0=True, f1=True, f2=False, f3=True, f4=True, f5=True, f6=True, f7=False, f8=False, f9=True, f10=False, f11=True, f12=True)",0.9458096827240344
10.781,"FeatureMask(f0=True, f1=True, f2=False, f3=True, f4=True, f5=True, f6=True, f7=False, f8=False, f9=True, f10=False, f11=True, f12=True)",0.9458096827240344
10.781,"FeatureMask(f0=True, f1=True, f2=False, f3=True, f4=True, f5=True, f6=True, f7=False, f8=False, f9=True, f10=False, f11=True, f12=True)",0.9458096827240344
10.781,"FeatureMask(f0=True, f1=True, f2=False, f3=True, f4=True, f5=True, f6=True, f7=False, f8=False, f9=True, f10=False, f11=True, f12=True)",0.9458096827240344
10.781,"FeatureMask(f0=True, f1=True, f2=False, f3=True, f4=True, f5=True, f6=True, f7=False, f8=False, f9=True, f10=False, f11=True, f12=True)",0.9458096827240344
10.781,"FeatureMask(f0=True, f1=True, f2=False, f3=True, f4=True, f5=True, f6=True, f7=False, f8=False, f9=True, f10=False, f11=True, f12=True)",0.9458096827240344
10.781,"FeatureMask(f0=True, f1=True, f2=False, f3=True, f4=True, f5=True, f6=True, f7=False, f8=False, f9=True, f10=False, f11=True, f12=True)",0.9458096827240344
10.844000000000001,"FeatureMask(f0=True, f1=True, f2=True, f3=True, f4=False, f5=False, f6=True, f7=True, f8=False, f9=True, f10=False, f11=True, f12=True)",0.9509211864733172
10.985000000000001,"FeatureMask(f0=True, f1=True, f2=True, f3=True, f4=False, f5=False, f6=True, f7=True, f8=False, f9=True, f10=False, f11=True, f12=True)",0.9509211864733172
10.985000000000001,"FeatureMask(f0=True, f1=True, f2=True, f3=True, f4=False, f5=False, f6=True, f7=True, f8=False, f9=True, f10=False, f11=True, f12=True)",0.9509211864733172
10.985000000000001,"FeatureMask(f0=True, f1=True, f2=True, f3=True, f4=False, f5=False, f6=True, f7=True, f8=False, f9=True, f10=False, f11=True, f12=True)",0.9509211864733172
10.985000000000001,"FeatureMask(f0=True, f1=True, f2=True, f3=True, f4=False, f5=False, f6=True, f7=True, f8=False, f9=True, f10=False, f11=True, f12=True)",0.9509211864733172
10.985000000000001,"FeatureMask(f0=True, f1=True, f2=True, f3=True, f4=False, f5=False, f6=True, f7=True, f8=False, f9=True, f10=False, f11=True, f12=True)",0.9509211864733172
10.985000000000001,"FeatureMask(f0=True, f1=True, f2=True, f3=True, f4=False, f5=False, f6=True, f7=True, f8=False, f9=True, f10=False, f11=True, f12=True)",0.9509211864733172
10.985000000000001,"FeatureMask(f0=True, f1=True, f2=True, f3=True, f4=False, f5=False, f6=True, f7=True, f8=False, f9=True, f10=False, f11=True, f12=True)",0.9509211864733172
10.985000000000001,"FeatureMask(f0=True, f1=True, f2=True, f3=True, f4=False, f5=False, f6=True, f7=True, f8=False, f9=True, f10=False, f11=True, f12=True)",0.9509211864733172
10.985000000000001,"FeatureMask(f0=True, f1=True, f2=True, f3=True, f4=False, f5=False, f6=True, f7=True, f8=False, f9=True, f10=False, f11=True, f12=True)",0.9509211864733172
10.985000000000001,"FeatureMask(f0=True, f1=True, f2=True, f3=True, f4=False, f5=False, f6=True, f7=True, f8=False, f9=True, f10=False, f11=True, f12=True)",0.9509211864733172
11.203000000000001,"FeatureMask(f0=True, f1=True, f2=True, f3=True, f4=False, f5=False, f6=True, f7=True, f8=False, f9=True, f10=False, f11=True, f12=True)",0.9509211864733172
11.203000000000001,"FeatureMask(f0=True, f1=True, f2=True, f3=True, f4=False, f5=False, f6=True, f7=True, f8=False, f9=True, f10=False, f11=True, f12=True)",0.9509211864733172
11.203000000000001,"FeatureMask(f0=True, f1=True, f2=True, f3=True, f4=False, f5=False, f6=True, f7=True, f8=False, f9=True, f10=False, f11=True, f12=True)",0.9509211864733172
11.203000000000001,"FeatureMask(f0=True, f1=True, f2=True, f3=True, f4=False, f5=False, f6=True, f7=True, f8=False, f9=True, f10=False, f11=True, f12=True)",0.9509211864733172
11.203000000000001,"FeatureMask(f0=True, f1=True, f2=True, f3=True, f4=False, f5=False, f6=True, f7=True, f8=False, f9=True, f10=False, f11=True, f12=True)",0.9509211864733172
11.203000000000001,"FeatureMask(f0=True, f1=True, f2=True, f3=True, f4=False, f5=False, f6=True, f7=True, f8=False, f9=True, f10=False, f11=True, f12=True)",0.9509211864733172
11.203000000000001,"FeatureMask(f0=True, f1=True, f2=True, f3=True, f4=False, f5=False, f6=True, f7=True, f8=False, f9=True, f10=False, f11=True, f12=True)",0.9509211864733172
11.203000000000001,"FeatureMask(f0=True, f1=True, f2=True, f3=True, f4=False, f5=False, f6=True, f7=True, f8=False, f9=True, f10=False, f11=True, f12=True)",0.9509211864733172
11.203000000000001,"FeatureMask(f0=True, f1=True, f2=True, f3=True, f4=False, f5=False, f6=True, f7=True, f8=False, f9=True, f10=False, f11=True, f12=True)",0.9509211864733172
11.203000000000001,"FeatureMask(f0=True, f1=True, f2=True, f3=True, f4=False, f5=False, f6=True, f7=True, f8=False, f9=True, f10=False, f11=True, f12=True)",0.9509211864733172
11.297,"FeatureMask(f0=True, f1=True, f2=True, f3=True, f4=False, f5=False, f6=True, f7=True, f8=False, f9=True, f10=False, f11=True, f12=True)",0.9509211864733172
11.438,"FeatureMask(f0=True, f1=True, f2=True, f3=True, f4=False, f5=False, f6=True, f7=True, f8=False, f9=True, f10=False, f11=True, f12=True)",0.9509211864733172
11.438,"FeatureMask(f0=True, f1=True, f2=True, f3=True, f4=False, f5=False, f6=True, f7=True, f8=False, f9=True, f10=False, f11=True, f12=True)",0.9509211864733172
11.438,"FeatureMask(f0=True, f1=True, f2=True, f3=True, f4=False, f5=False, f6=True, f7=True, f8=False, f9=True, f10=False, f11=True, f12=True)",0.9509211864733172
11.438,"FeatureMask(f0=True, f1=True, f2=True, f3=True, f4=False, f5=False, f6=True, f7=True, f8=False, f9=True, f10=False, f11=True, f12=True)",0.9509211864733172
11.438,"FeatureMask(f0=True, f1=True, f2=True, f3=True, f4=False, f5=False, f6=True, f7=True, f8=False, f9=True, f10=False, f11=True, f12=True)",0.9509211864733172
11.438,"FeatureMask(f0=True, f1=True, f2=True, f3=True, f4=False, f5=False, f6=True, f7=True, f8=False, f9=True, f10=False, f11=True, f12=True)",0.9509211864733172
11.438,"FeatureMask(f0=True, f1=True, f2=True, f3=True, f4=False, f5=False, f6=True, f7=True, f8=False, f9=True, f10=False, f11=True, f12=True)",0.9509211864733172
11.438,"FeatureMask(f0=True, f1=True, f2=True, f3=True, f4=False, f5=False, f6=True, f7=True, f8=False, f9=True, f10=False, f11=True, f12=True)",0.9509211864733172
11.438,"FeatureMask(f0=True, f1=True, f2=True, f3=True, f4=False, f5=False, f6=True, f7=True, f8=False, f9=True, f10=False, f11=True, f12=True)",0.9509211864733172
11.438,"FeatureMask(f0=True, f1=True, f2=True, f3=True, f4=False, f5=False, f6=True, f7=True, f8=False, f9=True, f10=False, f11=True, f12=True)",0.9509211864733172
11.563,"FeatureMask(f0=True, f1=True, f2=True, f3=True, f4=False, f5=False, f6=True, f7=True, f8=False, f9=True, f10=False, f11=True, f12=True)",0.9509211864733172
11.563,"FeatureMask(f0=True, f1=True, f2=True, f3=True, f4=False, f5=False, f6=True, f7=True, f8=False, f9=True, f10=False, f11=True, f12=True)",0.9509211864733172
11.563,"FeatureMask(f0=True, f1=True, f2=True, f3=True, f4=False, f5=False, f6=True, f7=True, f8=False, f9=True, f10=False, f11=True, f12=True)",0.9509211864733172
11.563,"FeatureMask(f0=True, f1=True, f2=True, f3=True, f4=False, f5=False, f6=True, f7=True, f8=False, f9=True, f10=False, f11=True, f12=True)",0.9509211864733172
11.563,"FeatureMask(f0=True, f1=True, f2=True, f3=True, f4=False, f5=False, f6=True, f7=True, f8=False, f9=True, f10=False, f11=True, f12=True)",0.9509211864733172
11.563,"FeatureMask(f0=True, f1=True, f2=True, f3=True, f4=False, f5=False, f6=True, f7=True, f8=False, f9=True, f10=False, f11=True, f12=True)",0.9509211864733172
11.656,"FeatureMask(f0=True, f1=True, f2=True, f3=True, f4=False, f5=False, f6=True, f7=True, f8=False, f9=True, f10=False, f11=True, f12=True)",0.9509211864733172
11.656,"FeatureMask(f0=True, f1=True, f2=True, f3=True, f4=False, f5=False, f6=True, f7=True, f8=False, f9=True, f10=False, f11=True, f12=True)",0.9509211864733172
11.656,"FeatureMask(f0=True, f1=True, f2=True, f3=True, f4=False, f5=False, f6=True, f7=True, f8=False, f9=True, f10=False, f11=True, f12=True)",0.9509211864733172
11.656,"FeatureMask(f0=True, f1=True, f2=True, f3=True, f4=False, f5=False, f6=True, f7=True, f8=False, f9=True, f10=False, f11=True, f12=True)",0.9509211864733172
11.656,"FeatureMask(f0=True, f1=True, f2=True, f3=True, f4=False, f5=False, f6=True, f7=True, f8=False, f9=True, f10=False, f11=True, f12=True)",0.9509211864733172
11.656,"FeatureMask(f0=True, f1=True, f2=True, f3=True, f4=False, f5=False, f6=True, f7=True, f8=False, f9=True, f10=False, f11=True, f12=True)",0.9509211864733172
11.656,"FeatureMask(f0=True, f1=True, f2=True, f3=True, f4=False, f5=False, f6=True, f7=True, f8=False, f9=True, f10=False, f11=True, f12=True)",0.9509211864733172
11.656,"FeatureMask(f0=True, f1=True, f2=True, f3=True, f4=False, f5=False, f6=True, f7=True, f8=False, f9=True, f10=False, f11=True, f12=True)",0.9509211864733172
11.656,"FeatureMask(f0=True, f1=True, f2=True, f3=True, f4=False, f5=False, f6=True, f7=True, f8=False, f9=True, f10=False, f11=True, f12=True)",0.9509211864733172
11.656,"FeatureMask(f0=True, f1=True, f2=True, f3=True, f4=False, f5=False, f6=True, f7=True, f8=False, f9=True, f10=False, f11=True, f12=True)",0.9509211864733172
11.75,"FeatureMask(f0=True, f1=True, f2=True, f3=True, f4=False, f5=False, f6=True, f7=True, f8=False, f9=True, f10=False, f11=True, f12=True)",0.9509211864733172
11.844000000000001,"FeatureMask(f0=True, f1=True, f2=True, f3=True, f4=False, f5=False, f6=True, f7=True, f8=False, f9=True, f10=False, f11=True, f12=True)",0.9509211864733172
11.844000000000001,"FeatureMask(f0=True, f1=True, f2=True, f3=True, f4=False, f5=False, f6=True, f7=True, f8=False, f9=True, f10=False, f11=True, f12=True)",0.9509211864733172
11.844000000000001,"FeatureMask(f0=True, f1=True, f2=True, f3=True, f4=False, f5=False, f6=True, f7=True, f8=False, f9=True, f10=False, f11=True, f12=True)",0.9509211864733172
11.844000000000001,"FeatureMask(f0=True, f1=True, f2=True, f3=True, f4=False, f5=False, f6=True, f7=True, f8=False, f9=True, f10=False, f11=True, f12=True)",0.9509211864733172
11.844000000000001,"FeatureMask(f0=True, f1=True, f2=True, f3=True, f4=False, f5=False, f6=True, f7=True, f8=False, f9=True, f10=False, f11=True, f12=True)",0.9509211864733172
11.844000000000001,"FeatureMask(f0=True, f1=True, f2=True, f3=True, f4=False, f5=False, f6=True, f7=True, f8=False, f9=True, f10=False, f11=True, f12=True)",0.9509211864733172
11.844000000000001,"FeatureMask(f0=True, f1=True, f2=True, f3=True, f4=False, f5=False, f6=True, f7=True, f8=False, f9=True, f10=False, f11=True, f12=True)",0.9509211864733172
11.844000000000001,"FeatureMask(f0=True, f1=True, f2=True, f3=True, f4=False, f5=False, f6=True, f7=True, f8=False, f9=True, f10=False, f11=True, f12=True)",0.9509211864733172
11.844000000000001,"FeatureMask(f0=True, f1=True, f2=True, f3=True, f4=False, f5=False, f6=True, f7=True, f8=False, f9=True, f10=False, f11=True, f12=True)",0.9509211864733172
11.844000000000001,"FeatureMask(f0=True, f1=True, f2=True, f3=True, f4=False, f5=False, f6=True, f7=True, f8=False, f9=True, f10=False, f11=True, f12=True)",0.9509211864733172
11.938,"FeatureMask(f0=True, f1=True, f2=True, f3=True, f4=False, f5=False, f6=True, f7=True, f8=False, f9=True, f10=False, f11=True, f12=True)",0.9509211864733172
12.031,"FeatureMask(f0=True, f1=True, f2=True, f3=True, f4=False, f5=False, f6=True, f7=True, f8=False, f9=True, f10=False, f11=True, f12=True)",0.9509211864733172
12.031,"FeatureMask(f0=True, f1=True, f2=True, f3=True, f4=False, f5=False, f6=True, f7=True, f8=False, f9=True, f10=False, f11=True, f12=True)",0.9509211864733172
12.031,"FeatureMask(f0=True, f1=True, f2=True, f3=True, f4=False, f5=False, f6=True, f7=True, f8=False, f9=True, f10=False, f11=True, f12=True)",0.9509211864733172
12.031,"FeatureMask(f0=True, f1=True, f2=True, f3=True, f4=False, f5=False, f6=True, f7=True, f8=False, f9=True, f10=False, f11=True, f12=True)",0.9509211864733172
12.031,"FeatureMask(f0=True, f1=True, f2=True, f3=True, f4=False, f5=False, f6=True, f7=True, f8=False, f9=True, f10=False, f11=True, f12=True)",0.9509211864733172
12.031,"FeatureMask(f0=True, f1=True, f2=True, f3=True, f4=False, f5=False, f6=True, f7=True, f8=False, f9=True, f10=False, f11=True, f12=True)",0.9509211864733172
12.031,"FeatureMask(f0=True, f1=True, f2=True, f3=True, f4=False, f5=False, f6=True, f7=True, f8=False, f9=True, f10=False, f11=True, f12=True)",0.9509211864733172
12.031,"FeatureMask(f0=True, f1=True, f2=True, f3=True, f4=False, f5=False, f6=True, f7=True, f8=False, f9=True, f10=False, f11=True, f12=True)",0.9509211864733172
12.031,"FeatureMask(f0=True, f1=True, f2=True, f3=True, f4=False, f5=False, f6=True, f7=True, f8=False, f9=True, f10=False, f11=True, f12=True)",0.9509211864733172
12.031,"FeatureMask(f0=True, f1=True, f2=True, f3=True, f4=False, f5=False, f6=True, f7=True, f8=False, f9=True, f10=False, f11=True, f12=True)",0.9509211864733172
12.219000000000001,"FeatureMask(f0=True, f1=True, f2=True, f3=True, f4=False, f5=False, f6=True, f7=True, f8=False, f9=True, f10=False, f11=True, f12=True)",0.9509211864733172
12.219000000000001,"FeatureMask(f0=True, f1=True, f2=True, f3=True, f4=False, f5=False, f6=True, f7=True, f8=False, f9=True, f10=False, f11=True, f12=True)",0.9509211864733172
12.219000000000001,"FeatureMask(f0=True, f1=True, f2=True, f3=True, f4=False, f5=False, f6=True, f7=True, f8=False, f9=True, f10=False, f11=True, f12=True)",0.9509211864733172
12.219000000000001,"FeatureMask(f0=True, f1=True, f2=True, f3=True, f4=False, f5=False, f6=True, f7=True, f8=False, f9=True, f10=False, f11=True, f12=True)",0.9509211864733172
12.219000000000001,"FeatureMask(f0=True, f1=True, f2=True, f3=True, f4=False, f5=False, f6=True, f7=True, f8=False, f9=True, f10=False, f11=True, f12=True)",0.9509211864733172
12.219000000000001,"FeatureMask(f0=True, f1=True, f2=True, f3=True, f4=False, f5=False, f6=True, f7=True, f8=False, f9=True, f10=False, f11=True, f12=True)",0.9509211864733172
12.219000000000001,"FeatureMask(f0=True, f1=True, f2=True, f3=True, f4=False, f5=False, f6=True, f7=True, f8=False, f9=True, f10=False, f11=True, f12=True)",0.9509211864733172
12.219000000000001,"FeatureMask(f0=True, f1=True, f2=True, f3=True, f4=False, f5=False, f6=True, f7=True, f8=False, f9=True, f10=False, f11=True, f12=True)",0.9509211864733172
12.219000000000001,"FeatureMask(f0=True, f1=True, f2=True, f3=True, f4=False, f5=False, f6=True, f7=True, f8=False, f9=True, f10=False, f11=True, f12=True)",0.9509211864733172
12.219000000000001,"FeatureMask(f0=True, f1=True, f2=True, f3=True, f4=False, f5=False, f6=True, f7=True, f8=False, f9=True, f10=False, f11=True, f12=True)",0.9509211864733172
12.391,"FeatureMask(f0=True, f1=True, f2=True, f3=True, f4=False, f5=False, f6=True, f7=True, f8=False, f9=True, f10=False, f11=True, f12=True)",0.9509211864733172
12.406,"FeatureMask(f0=True, f1=True, f2=True, f3=True, f4=False, f5=False, f6=True, f7=True, f8=False, f9=True, f10=False, f11=True, f12=True)",0.9509211864733172
12.406,"FeatureMask(f0=True, f1=True, f2=True, f3=True, f4=False, f5=False, f6=True, f7=True, f8=False, f9=True, f10=False, f11=True, f12=True)",0.9509211864733172
12.406,"FeatureMask(f0=True, f1=True, f2=True, f3=True, f4=False, f5=False, f6=True, f7=True, f8=False, f9=True, f10=False, f11=True, f12=True)",0.9509211864733172
12.406,"FeatureMask(f0=True, f1=True, f2=True, f3=True, f4=False, f5=False, f6=True, f7=True, f8=False, f9=True, f10=False, f11=True, f12=True)",0.9509211864733172
12.406,"FeatureMask(f0=True, f1=True, f2=True, f3=True, f4=False, f5=False, f6=True, f7=True, f8=False, f9=True, f10=False, f11=True, f12=True)",0.9509211864733172
12.406,"FeatureMask(f0=True, f1=True, f2=True, f3=True, f4=False, f5=False, f6=True, f7=True, f8=False, f9=True, f10=False, f11=True, f12=True)",0.9509211864733172
12.406,"FeatureMask(f0=True, f1=True, f2=True, f3=True, f4=False, f5=False, f6=True, f7=True, f8=False, f9=True, f10=False, f11=True, f12=True)",0.9509211864733172
12.406,"FeatureMask(f0=True, f1=True, f2=True, f3=True, f4=False, f5=False, f6=True, f7=True, f8=False, f9=True, f10=False, f11=True, f12=True)",0.9509211864733172
12.406,"FeatureMask(f0=True, f1=True, f2=True, f3=True, f4=False, f5=False, f6=True, f7=True, f8=False, f9=True, f10=False, f11=True, f12=True)",0.9509211864733172
12.5,"FeatureMask(f0=True, f1=True, f2=True, f3=True, f4=False, f5=False, f6=True, f7=True, f8=False, f9=True, f10=False, f11=True, f12=True)",0.9509211864733172
12.610000000000001,"FeatureMask(f0=True, f1=True, f2=True, f3=True, f4=False, f5=False, f6=True, f7=True, f8=False, f9=True, f10=False, f11=True, f12=True)",0.9509211864733172
12.610000000000001,"FeatureMask(f0=True, f1=True, f2=True, f3=True, f4=False, f5=False, f6=True, f7=True, f8=False, f9=True, f10=False, f11=True, f12=True)",0.9509211864733172
12.610000000000001,"FeatureMask(f0=True, f1=True, f2=True, f3=True, f4=False, f5=False, f6=True, f7=True, f8=False, f9=True, f10=False, f11=True, f12=True)",0.9509211864733172
12.610000000000001,"FeatureMask(f0=True, f1=True, f2=True, f3=True, f4=False, f5=False, f6=True, f7=True, f8=False, f9=True, f10=False, f11=True, f12=True)",0.9509211864733172
12.610000000000001,"FeatureMask(f0=True, f1=True, f2=True, f3=True, f4=False, f5=False, f6=True, f7=True, f8=False, f9=True, f10=False, f11=True, f12=True)",0.9509211864733172
12.610000000000001,"FeatureMask(f0=True, f1=True, f2=True, f3=True, f4=False, f5=False, f6=True, f7=True, f8=False, f9=True, f10=False, f11=True, f12=True)",0.9509211864733172
12.610000000000001,"FeatureMask(f0=True, f1=True, f2=True, f3=True, f4=False, f5=False, f6=True, f7=True, f8=False, f9=True, f10=False, f11=True, f12=True)",0.9509211864733172
12.610000000000001,"FeatureMask(f0=True, f1=True, f2=True, f3=True, f4=False, f5=False, f6=True, f7=True, f8=False, f9=True, f10=False, f11=True, f12=True)",0.9509211864733172
12.610000000000001,"FeatureMask(f0=True, f1=True, f2=True, f3=True, f4=False, f5=False, f6=True, f7=True, f8=False, f9=True, f10=False, f11=True, f12=True)",0.9509211864733172
12.610000000000001,"FeatureMask(f0=True, f1=True, f2=True, f3=True, f4=False, f5=False, f6=True, f7=True, f8=False, f9=True, f10=False, f11=True, f12=True)",0.9509211864733172
12.688,"FeatureMask(f0=True, f1=True, f2=True, f3=True, f4=False, f5=False, f6=True, f7=True, f8=False, f9=True, f10=False, f11=True, f12=True)",0.9509211864733172
12.688,"FeatureMask(f0=True, f1=True, f2=True, f3=True, f4=False, f5=False, f6=True, f7=True, f8=False, f9=True, f10=False, f11=True, f12=True)",0.9509211864733172
12.688,"FeatureMask(f0=True, f1=True, f2=True, f3=True, f4=False, f5=False, f6=True, f7=True, f8=False, f9=True, f10=False, f11=True, f12=True)",0.9509211864733172
12.813,"FeatureMask(f0=True, f1=True, f2=True, f3=True, f4=False, f5=False, f6=True, f7=True, f8=False, f9=True, f10=False, f11=True, f12=True)",0.9509211864733172
12.813,"FeatureMask(f0=True, f1=True, f2=True, f3=True, f4=False, f5=False, f6=True, f7=True, f8=False, f9=True, f10=False, f11=True, f12=True)",0.9509211864733172
12.813,"FeatureMask(f0=True, f1=True, f2=True, f3=True, f4=False, f5=False, f6=True, f7=True, f8=False, f9=True, f10=False, f11=True, f12=True)",0.9509211864733172
12.813,"FeatureMask(f0=True, f1=True, f2=True, f3=True, f4=False, f5=False, f6=True, f7=True, f8=False, f9=True, f10=False, f11=True, f12=True)",0.9509211864733172
12.813,"FeatureMask(f0=True, f1=True, f2=True, f3=True, f4=False, f5=False, f6=True, f7=True, f8=False, f9=True, f10=False, f11=True, f12=True)",0.9509211864733172
12.813,"FeatureMask(f0=True, f1=True, f2=True, f3=True, f4=False, f5=False, f6=True, f7=True, f8=False, f9=True, f10=False, f11=True, f12=True)",0.9509211864733172
12.813,"FeatureMask(f0=True, f1=True, f2=True, f3=True, f4=False, f5=False, f6=True, f7=True, f8=False, f9=True, f10=False, f11=True, f12=True)",0.9509211864733172
12.813,"FeatureMask(f0=True, f1=True, f2=True, f3=True, f4=False, f5=False, f6=True, f7=True, f8=False, f9=True, f10=False, f11=True, f12=True)",0.9509211864733172
12.813,"FeatureMask(f0=True, f1=True, f2=True, f3=True, f4=False, f5=False, f6=True, f7=True, f8=False, f9=True, f10=False, f11=True, f12=True)",0.9509211864733172
12.813,"FeatureMask(f0=True, f1=True, f2=True, f3=True, f4=False, f5=False, f6=True, f7=True, f8=False, f9=True, f10=False, f11=True, f12=True)",0.9509211864733172
12.906,"FeatureMask(f0=True, f1=True, f2=True, f3=True, f4=False, f5=False, f6=True, f7=True, f8=False, f9=True, f10=False, f11=True, f12=True)",0.9509211864733172
13.031,"FeatureMask(f0=True, f1=True, f2=True, f3=True, f4=False, f5=False, f6=True, f7=True, f8=False, f9=True, f10=False, f11=True, f12=True)",0.9509211864733172
13.031,"FeatureMask(f0=True, f1=True, f2=True, f3=True, f4=False, f5=False, f6=True, f7=True, f8=False, f9=True, f10=False, f11=True, f12=True)",0.9509211864733172
13.031,"FeatureMask(f0=True, f1=True, f2=True, f3=True, f4=False, f5=False, f6=True, f7=True, f8=False, f9=True, f10=False, f11=True, f12=True)",0.9509211864733172
13.031,"FeatureMask(f0=True, f1=True, f2=True, f3=True, f4=False, f5=False, f6=True, f7=True, f8=False, f9=True, f10=False, f11=True, f12=True)",0.9509211864733172
13.031,"FeatureMask(f0=True, f1=True, f2=True, f3=True, f4=False, f5=False, f6=True, f7=True, f8=False, f9=True, f10=False, f11=True, f12=True)",0.9509211864733172
13.031,"FeatureMask(f0=True, f1=True, f2=True, f3=True, f4=False, f5=False, f6=True, f7=True, f8=False, f9=True, f10=False, f11=True, f12=True)",0.9509211864733172
13.031,"FeatureMask(f0=True, f1=True, f2=True, f3=True, f4=False, f5=False, f6=True, f7=True, f8=False, f9=True, f10=False, f11=True, f12=True)",0.9509211864733172
13.031,"FeatureMask(f0=True, f1=True, f2=True, f3=True, f4=False, f5=False, f6=True, f7=True, f8=False, f9=True, f10=False, f11=True, f12=True)",0.9509211864733172
13.031,"FeatureMask(f0=True, f1=True, f2=True, f3=True, f4=False, f5=False, f6=True, f7=True, f8=False, f9=True, f10=False, f11=True, f12=True)",0.9509211864733172
13.031,"FeatureMask(f0=True, f1=True, f2=True, f3=True, f4=False, f5=False, f6=True, f7=True, f8=False, f9=True, f10=False, f11=True, f12=True)",0.9509211864733172
13.125,"FeatureMask(f0=True, f1=True, f2=True, f3=True, f4=False, f5=False, f6=True, f7=True, f8=False, f9=True, f10=False, f11=True, f12=True)",0.9509211864733172
13.219000000000001,"FeatureMask(f0=True, f1=True, f2=True, f3=True, f4=False, f5=False, f6=True, f7=True, f8=False, f9=True, f10=False, f11=True, f12=True)",0.9509211864733172
13.219000000000001,"FeatureMask(f0=True, f1=True, f2=True, f3=True, f4=False, f5=False, f6=True, f7=True, f8=False, f9=True, f10=False, f11=True, f12=True)",0.9509211864733172
13.219000000000001,"FeatureMask(f0=True, f1=True, f2=True, f3=True, f4=False, f5=False, f6=True, f7=True, f8=False, f9=True, f10=False, f11=True, f12=True)",0.9509211864733172
13.219000000000001,"FeatureMask(f0=True, f1=True, f2=True, f3=True, f4=False, f5=False, f6=True, f7=True, f8=False, f9=True, f10=False, f11=True, f12=True)",0.9509211864733172
13.219000000000001,"FeatureMask(f0=True, f1=True, f2=True, f3=True, f4=False, f5=False, f6=True, f7=True, f8=False, f9=True, f10=False, f11=True, f12=True)",0.9509211864733172
13.219000000000001,"FeatureMask(f0=True, f1=True, f2=True, f3=True, f4=False, f5=False, f6=True, f7=True, f8=False, f9=True, f10=False, f11=True, f12=True)",0.9509211864733172
13.219000000000001,"FeatureMask(f0=True, f1=True, f2=True, f3=True, f4=False, f5=False, f6=True, f7=True, f8=False, f9=True, f10=False, f11=True, f12=True)",0.9509211864733172
13.219000000000001,"FeatureMask(f0=True, f1=True, f2=True, f3=True, f4=False, f5=False, f6=True, f7=True, f8=False, f9=True, f10=False, f11=True, f12=True)",0.9509211864733172
13.219000000000001,"FeatureMask(f0=True, f1=True, f2=True, f3=True, f4=False, f5=False, f6=True, f7=True, f8=False, f9=True, f10=False, f11=True, f12=True)",0.9509211864733172
13.219000000000001,"FeatureMask(f0=True, f1=True, f2=True, f3=True, f4=False, f5=False, f6=True, f7=True, f8=False, f9=True, f10=False, f11=True, f12=True)",0.9509211864733172
13.313,"FeatureMask(f0=True, f1=True, f2=True, f3=True, f4=False, f5=False, f6=True, f7=True, f8=False, f9=True, f10=False, f11=True, f12=True)",0.9509211864733172
13.438,"FeatureMask(f0=True, f1=True, f2=True, f3=True, f4=False, f5=False, f6=True, f7=True, f8=False, f9=True, f10=False, f11=True, f12=True)",0.9509211864733172
13.438,"FeatureMask(f0=True, f1=True, f2=True, f3=True, f4=False, f5=False, f6=True, f7=True, f8=False, f9=True, f10=False, f11=True, f12=True)",0.9509211864733172
13.438,"FeatureMask(f0=True, f1=True, f2=True, f3=True, f4=False, f5=False, f6=True, f7=True, f8=False, f9=True, f10=False, f11=True, f12=True)",0.9509211864733172
13.438,"FeatureMask(f0=True, f1=True, f2=True, f3=True, f4=False, f5=False, f6=True, f7=True, f8=False, f9=True, f10=False, f11=True, f12=True)",0.9509211864733172
13.438,"FeatureMask(f0=True, f1=True, f2=True, f3=True, f4=False, f5=False, f6=True, f7=True, f8=False, f9=True, f10=False, f11=True, f12=True)",0.9509211864733172
13.438,"FeatureMask(f0=True, f1=True, f2=True, f3=True, f4=False, f5=False, f6=True, f7=True, f8=False, f9=True, f10=False, f11=True, f12=True)",0.9509211864733172
13.438,"FeatureMask(f0=True, f1=True, f2=True, f3=True, f4=False, f5=False, f6=True, f7=True, f8=False, f9=True, f10=False, f11=True, f12=True)",0.9509211864733172
13.438,"FeatureMask(f0=True, f1=True, f2=True, f3=True, f4=False, f5=False, f6=True, f7=True, f8=False, f9=True, f10=False, f11=True, f12=True)",0.9509211864733172
13.438,"FeatureMask(f0=True, f1=True, f2=True, f3=True, f4=False, f5=False, f6=True, f7=True, f8=False, f9=True, f10=False, f11=True, f12=True)",0.9509211864733172
13.438,"FeatureMask(f0=True, f1=True, f2=True, f3=True, f4=False, f5=False, f6=True, f7=True, f8=False, f9=True, f10=False, f11=True, f12=True)",0.9509211864733172
13.656,"FeatureMask(f0=True, f1=True, f2=True, f3=True, f4=False, f5=False, f6=True, f7=True, f8=False, f9=True, f10=False, f11=True, f12=True)",0.9509211864733172
13.656,"FeatureMask(f0=True, f1=True, f2=True, f3=True, f4=False, f5=False, f6=True, f7=True, f8=False, f9=True, f10=False, f11=True, f12=True)",0.9509211864733172
13.656,"FeatureMask(f0=True, f1=True, f2=True, f3=True, f4=False, f5=False, f6=True, f7=True, f8=False, f9=True, f10=False, f11=True, f12=True)",0.9509211864733172
13.656,"FeatureMask(f0=True, f1=True, f2=True, f3=True, f4=False, f5=False, f6=True, f7=True, f8=False, f9=True, f10=False, f11=True, f12=True)",0.9509211864733172
13.656,"FeatureMask(f0=True, f1=True, f2=True, f3=True, f4=False, f5=False, f6=True, f7=True, f8=False, f9=True, f10=False, f11=True, f12=True)",0.9509211864733172
13.656,"FeatureMask(f0=True, f1=True, f2=True, f3=True, f4=False, f5=False, f6=True, f7=True, f8=False, f9=True, f10=False, f11=True, f12=True)",0.9509211864733172
13.656,"FeatureMask(f0=True, f1=True, f2=True, f3=True, f4=False, f5=False, f6=True, f7=True, f8=False, f9=True, f10=False, f11=True, f12=True)",0.9509211864733172
13.656,"FeatureMask(f0=True, f1=True, f2=True, f3=True, f4=False, f5=False, f6=True, f7=True, f8=False, f9=True, f10=False, f11=True, f12=True)",0.9509211864733172
13.656,"FeatureMask(f0=True, f1=True, f2=True, f3=True, f4=False, f5=False, f6=True, f7=True, f8=False, f9=True, f10=False, f11=True, f12=True)",0.9509211864733172
13.656,"FeatureMask(f0=True, f1=True, f2=True, f3=True, f4=False, f5=False, f6=True, f7=True, f8=False, f9=True, f10=False, f11=True, f12=True)",0.9509211864733172
13.75,"FeatureMask(f0=True, f1=True, f2=True, f3=True, f4=False, f5=False, f6=True, f7=True, f8=False, f9=True, f10=False, f11=True, f12=True)",0.9509211864733172
13.75,"FeatureMask(f0=True, f1=True, f2=True, f3=True, f4=False, f5=False, f6=True, f7=True, f8=False, f9=True, f10=False, f11=True, f12=True)",0.9509211864733172
13.75,"FeatureMask(f0=True, f1=True, f2=True, f3=True, f4=False, f5=False, f6=True, f7=True, f8=False, f9=True, f10=False, f11=True, f12=True)",0.9509211864733172
13.75,"FeatureMask(f0=True, f1=True, f2=True, f3=True, f4=False, f5=False, f6=True, f7=True, f8=False, f9=True, f10=False, f11=True, f12=True)",0.9509211864733172
13.75,"FeatureMask(f0=True, f1=True, f2=True, f3=True, f4=False, f5=False, f6=True, f7=True, f8=False, f9=True, f10=False, f11=True, f12=True)",0.9509211864733172
13.75,"FeatureMask(f0=True, f1=True, f2=True, f3=True, f4=False, f5=False, f6=True, f7=True, f8=False, f9=True, f10=False, f11=True, f12=True)",0.9509211864733172
13.828000000000001,"FeatureMask(f0=True, f1=True, f2=True, f3=True, f4=False, f5=False, f6=True, f7=True, f8=False, f9=True, f10=False, f11=True, f12=True)",0.9509211864733172
13.828000000000001,"FeatureMask(f0=True, f1=True, f2=True, f3=True, f4=False, f5=False, f6=True, f7=True, f8=False, f9=True, f10=False, f11=True, f12=True)",0.9509211864733172
13.828000000000001,"FeatureMask(f0=True, f1=True, f2=True, f3=True, f4=False, f5=False, f6=True, f7=True, f8=False, f9=True, f10=False, f11=True, f12=True)",0.9509211864733172
13.844000000000001,"FeatureMask(f0=True, f1=True, f2=True, f3=True, f4=False, f5=False, f6=True, f7=True, f8=False, f9=True, f10=False, f11=True, f12=True)",0.9509211864733172
13.844000000000001,"FeatureMask(f0=True, f1=True, f2=True, f3=True, f4=False, f5=False, f6=True, f7=True, f8=False, f9=True, f10=False, f11=True, f12=True)",0.9509211864733172
13.844000000000001,"FeatureMask(f0=True, f1=True, f2=True, f3=True, f4=False, f5=False, f6=True, f7=True, f8=False, f9=True, f10=False, f11=True, f12=True)",0.9509211864733172
13.844000000000001,"FeatureMask(f0=True, f1=True, f2=True, f3=True, f4=False, f5=False, f6=True, f7=True, f8=False, f9=True, f10=False, f11=True, f12=True)",0.9509211864733172
13.844000000000001,"FeatureMask(f0=True, f1=True, f2=True, f3=True, f4=False, f5=False, f6=True, f7=True, f8=False, f9=True, f10=False, f11=True, f12=True)",0.9509211864733172
13.844000000000001,"FeatureMask(f0=True, f1=True, f2=True, f3=True, f4=False, f5=False, f6=True, f7=True, f8=False, f9=True, f10=False, f11=True, f12=True)",0.9509211864733172
13.844000000000001,"FeatureMask(f0=True, f1=True, f2=True, f3=True, f4=False, f5=False, f6=True, f7=True, f8=False, f9=True, f10=False, f11=True, f12=True)",0.9509211864733172
13.922,"FeatureMask(f0=True, f1=True, f2=True, f3=True, f4=False, f5=False, f6=True, f7=True, f8=False, f9=True, f10=False, f11=True, f12=True)",0.9509211864733172
13.922,"FeatureMask(f0=True, f1=True, f2=True, f3=True, f4=False, f5=False, f6=True, f7=True, f8=False, f9=True, f10=False, f11=True, f12=True)",0.9509211864733172
14.047,"FeatureMask(f0=True, f1=True, f2=True, f3=True, f4=False, f5=False, f6=True, f7=True, f8=False, f9=True, f10=False, f11=True, f12=True)",0.9509211864733172
14.047,"FeatureMask(f0=True, f1=True, f2=True, f3=True, f4=False, f5=False, f6=True, f7=True, f8=False, f9=True, f10=False, f11=True, f12=True)",0.9509211864733172
14.047,"FeatureMask(f0=True, f1=True, f2=True, f3=True, f4=False, f5=False, f6=True, f7=True, f8=False, f9=True, f10=False, f11=True, f12=True)",0.9509211864733172
14.047,"FeatureMask(f0=True, f1=True, f2=True, f3=True, f4=False, f5=False, f6=True, f7=True, f8=False, f9=True, f10=False, f11=True, f12=True)",0.9509211864733172
14.047,"FeatureMask(f0=True, f1=True, f2=True, f3=True, f4=False, f5=False, f6=True, f7=True, f8=False, f9=True, f10=False, f11=True, f12=True)",0.9509211864733172
14.047,"FeatureMask(f0=True, f1=True, f2=True, f3=True, f4=False, f5=False, f6=True, f7=True, f8=False, f9=True, f10=False, f11=True, f12=True)",0.9509211864733172
14.047,"FeatureMask(f0=True, f1=True, f2=True, f3=True, f4=False, f5=False, f6=True, f7=True, f8=False, f9=True, f10=False, f11=True, f12=True)",0.9509211864733172
14.047,"FeatureMask(f0=True, f1=True, f2=True, f3=True, f4=False, f5=False, f6=True, f7=True, f8=False, f9=True, f10=False, f11=True, f12=True)",0.9509211864733172
14.047,"FeatureMask(f0=True, f1=True, f2=True, f3=True, f4=False, f5=False, f6=True, f7=True, f8=False, f9=True, f10=False, f11=True, f12=True)",0.9509211864733172
14.047,"FeatureMask(f0=True, f1=True, f2=True, f3=True, f4=False, f5=False, f6=True, f7=True, f8=False, f9=True, f10=False, f11=True, f12=True)",0.9509211864733172
14.141,"FeatureMask(f0=True, f1=True, f2=True, f3=True, f4=False, f5=False, f6=True, f7=True, f8=False, f9=True, f10=False, f11=True, f12=True)",0.9509211864733172
14.266,"FeatureMask(f0=True, f1=True, f2=True, f3=True, f4=False, f5=False, f6=True, f7=True, f8=False, f9=True, f10=False, f11=True, f12=True)",0.9509211864733172
14.266,"FeatureMask(f0=True, f1=True, f2=True, f3=True, f4=False, f5=False, f6=True, f7=True, f8=False, f9=True, f10=False, f11=True, f12=True)",0.9509211864733172
14.266,"FeatureMask(f0=True, f1=True, f2=True, f3=True, f4=False, f5=False, f6=True, f7=True, f8=False, f9=True, f10=False, f11=True, f12=True)",0.9509211864733172
14.266,"FeatureMask(f0=True, f1=True, f2=True, f3=True, f4=False, f5=False, f6=True, f7=True, f8=False, f9=True, f10=False, f11=True, f12=True)",0.9509211864733172
14.266,"FeatureMask(f0=True, f1=True, f2=True, f3=True, f4=False, f5=False, f6=True, f7=True, f8=False, f9=True, f10=False, f11=True, f12=True)",0.9509211864733172
14.266,"FeatureMask(f0=True, f1=True, f2=True, f3=True, f4=False, f5=False, f6=True, f7=True, f8=False, f9=True, f10=False, f11=True, f12=True)",0.9509211864733172
14.266,"FeatureMask(f0=True, f1=True, f2=True, f3=True, f4=False, f5=False, f6=True, f7=True, f8=False, f9=True, f10=False, f11=True, f12=True)",0.9509211864733172
14.266,"FeatureMask(f0=True, f1=True, f2=True, f3=True, f4=False, f5=False, f6=True, f7=True, f8=False, f9=True, f10=False, f11=True, f12=True)",0.9509211864733172
14.266,"FeatureMask(f0=True, f1=True, f2=True, f3=True, f4=False, f5=False, f6=True, f7=True, f8=False, f9=True, f10=False, f11=True, f12=True)",0.9509211864733172
14.266,"FeatureMask(f0=True, f1=True, f2=True, f3=True, f4=False, f5=False, f6=True, f7=True, f8=False, f9=True, f10=False, f11=True, f12=True)",0.9509211864733172
14.469000000000001,"FeatureMask(f0=True, f1=True, f2=True, f3=True, f4=False, f5=False, f6=True, f7=True, f8=False, f9=True, f10=False, f11=True, f12=True)",0.9509211864733172
14.469000000000001,"FeatureMask(f0=True, f1=True, f2=True, f3=True, f4=False, f5=False, f6=True, f7=True, f8=False, f9=True, f10=False, f11=True, f12=True)",0.9509211864733172
14.469000000000001,"FeatureMask(f0=True, f1=True, f2=True, f3=True, f4=False, f5=False, f6=True, f7=True, f8=False, f9=True, f10=False, f11=True, f12=True)",0.9509211864733172
14.469000000000001,"FeatureMask(f0=True, f1=True, f2=True, f3=True, f4=False, f5=False, f6=True, f7=True, f8=False, f9=True, f10=False, f11=True, f12=True)",0.9509211864733172
14.469000000000001,"FeatureMask(f0=True, f1=True, f2=True, f3=True, f4=False, f5=False, f6=True, f7=True, f8=False, f9=True, f10=False, f11=True, f12=True)",0.9509211864733172
14.469000000000001,"FeatureMask(f0=True, f1=True, f2=True, f3=True, f4=False, f5=False, f6=True, f7=True, f8=False, f9=True, f10=False, f11=True, f12=True)",0.9509211864733172
14.469000000000001,"FeatureMask(f0=True, f1=True, f2=True, f3=True, f4=False, f5=False, f6=True, f7=True, f8=False, f9=True, f10=False, f11=True, f12=True)",0.9509211864733172
14.469000000000001,"FeatureMask(f0=True, f1=True, f2=True, f3=True, f4=False, f5=False, f6=True, f7=True, f8=False, f9=True, f10=False, f11=True, f12=True)",0.9509211864733172
14.469000000000001,"FeatureMask(f0=True, f1=True, f2=True, f3=True, f4=False, f5=False, f6=True, f7=True, f8=False, f9=True, f10=False, f11=True, f12=True)",0.9509211864733172
14.469000000000001,"FeatureMask(f0=True, f1=True, f2=True, f3=True, f4=False, f5=False, f6=True, f7=True, f8=False, f9=True, f10=False, f11=True, f12=True)",0.9509211864733172
14.563,"FeatureMask(f0=True, f1=True, f2=True, f3=True, f4=False, f5=False, f6=True, f7=True, f8=False, f9=True, f10=False, f11=True, f12=True)",0.9509211864733172
14.563,"FeatureMask(f0=True, f1=True, f2=True, f3=True, f4=False, f5=False, f6=True, f7=True, f8=False, f9=True, f10=False, f11=True, f12=True)",0.9509211864733172
14.688,"FeatureMask(f0=True, f1=True, f2=True, f3=True, f4=False, f5=False, f6=True, f7=True, f8=False, f9=True, f10=False, f11=True, f12=True)",0.9509211864733172
14.688,"FeatureMask(f0=True, f1=True, f2=True, f3=True, f4=False, f5=False, f6=True, f7=True, f8=False, f9=True, f10=False, f11=True, f12=True)",0.9509211864733172
14.688,"FeatureMask(f0=True, f1=True, f2=True, f3=True, f4=False, f5=False, f6=True, f7=True, f8=False, f9=True, f10=False, f11=True, f12=True)",0.9509211864733172
14.688,"FeatureMask(f0=True, f1=True, f2=True, f3=True, f4=False, f5=False, f6=True, f7=True, f8=False, f9=True, f10=False, f11=True, f12=True)",0.9509211864733172
14.688,"FeatureMask(f0=True, f1=True, f2=True, f3=True, f4=False, f5=False, f6=True, f7=True, f8=False, f9=True, f10=False, f11=True, f12=True)",0.9509211864733172
14.688,"FeatureMask(f0=True, f1=True, f2=True, f3=True, f4=False, f5=False, f6=True, f7=True, f8=False, f9=True, f10=False, f11=True, f12=True)",0.9509211864733172
14.688,"FeatureMask(f0=True, f1=True, f2=True, f3=True, f4=False, f5=False, f6=True, f7=True, f8=False, f9=True, f10=False, f11=True, f12=True)",0.9509211864733172
14.688,"FeatureMask(f0=True, f1=True, f2=True, f3=True, f4=False, f5=False, f6=True, f7=True, f8=False, f9=True, f10=False, f11=True, f12=True)",0.9509211864733172
14.688,"FeatureMask(f0=True, f1=True, f2=True, f3=True, f4=False, f5=False, f6=True, f7=True, f8=False, f9=True, f10=False, f11=True, f12=True)",0.9509211864733172
14.688,"FeatureMask(f0=True, f1=True, f2=True, f3=True, f4=False, f5=False, f6=True, f7=True, f8=False, f9=True, f10=False, f11=True, f12=True)",0.9509211864733172
14.781,"FeatureMask(f0=True, f1=True, f2=True, f3=True, f4=False, f5=False, f6=True, f7=True, f8=False, f9=True, f10=False, f11=True, f12=True)",0.9509211864733172
14.922,"FeatureMask(f0=True, f1=True, f2=True, f3=True, f4=False, f5=False, f6=True, f7=True, f8=False, f9=True, f10=False, f11=True, f12=True)",0.9509211864733172
14.922,"FeatureMask(f0=True, f1=True, f2=True, f3=True, f4=False, f5=False, f6=True, f7=True, f8=False, f9=True, f10=False, f11=True, f12=True)",0.9509211864733172
14.922,"FeatureMask(f0=True, f1=True, f2=True, f3=True, f4=False, f5=False, f6=True, f7=True, f8=False, f9=True, f10=False, f11=True, f12=True)",0.9509211864733172
14.922,"FeatureMask(f0=True, f1=True, f2=True, f3=True, f4=False, f5=False, f6=True, f7=True, f8=False, f9=True, f10=False, f11=True, f12=True)",0.9509211864733172
14.922,"FeatureMask(f0=True, f1=True, f2=True, f3=True, f4=False, f5=False, f6=True, f7=True, f8=False, f9=True, f10=False, f11=True, f12=True)",0.9509211864733172
14.922,"FeatureMask(f0=True, f1=True, f2=True, f3=True, f4=False, f5=False, f6=True, f7=True, f8=False, f9=True, f10=False, f11=True, f12=True)",0.9509211864733172
14.922,"FeatureMask(f0=True, f1=True, f2=True, f3=True, f4=False, f5=False, f6=True, f7=True, f8=False, f9=True, f10=False, f11=True, f12=True)",0.9509211864733172
14.922,"FeatureMask(f0=True, f1=True, f2=True, f3=True, f4=False, f5=False, f6=True, f7=True, f8=False, f9=True, f10=False, f11=True, f12=True)",0.9509211864733172
14.922,"FeatureMask(f0=True, f1=True, f2=True, f3=True, f4=False, f5=False, f6=True, f7=True, f8=False, f9=True, f10=False, f11=True, f12=True)",0.9509211864733172
14.922,"FeatureMask(f0=True, f1=True, f2=True, f3=True, f4=False, f5=False, f6=True, f7=True, f8=False, f9=True, f10=False, f11=True, f12=True)",0.9509211864733172
15.016000000000002,"FeatureMask(f0=True, f1=True, f2=True, f3=True, f4=False, f5=False, f6=True, f7=True, f8=False, f9=True, f10=False, f11=True, f12=True)",0.9509211864733172
15.016000000000002,"FeatureMask(f0=True, f1=True, f2=True, f3=True, f4=False, f5=False, f6=True, f7=True, f8=False, f9=True, f10=False, f11=True, f12=True)",0.9509211864733172
15.125000000000002,"FeatureMask(f0=True, f1=True, f2=True, f3=True, f4=False, f5=False, f6=True, f7=True, f8=False, f9=True, f10=False, f11=True, f12=True)",0.9509211864733172
15.125000000000002,"FeatureMask(f0=True, f1=True, f2=True, f3=True, f4=False, f5=False, f6=True, f7=True, f8=False, f9=True, f10=False, f11=True, f12=True)",0.9509211864733172
15.125000000000002,"FeatureMask(f0=True, f1=True, f2=True, f3=True, f4=False, f5=False, f6=True, f7=True, f8=False, f9=True, f10=False, f11=True, f12=True)",0.9509211864733172
15.125000000000002,"FeatureMask(f0=True, f1=True, f2=True, f3=True, f4=False, f5=False, f6=True, f7=True, f8=False, f9=True, f10=False, f11=True, f12=True)",0.9509211864733172
15.125000000000002,"FeatureMask(f0=True, f1=True, f2=True, f3=True, f4=False, f5=False, f6=True, f7=True, f8=False, f9=True, f10=False, f11=True, f12=True)",0.9509211864733172
15.125000000000002,"FeatureMask(f0=True, f1=True, f2=True, f3=True, f4=False, f5=False, f6=True, f7=True, f8=False, f9=True, f10=False, f11=True, f12=True)",0.9509211864733172
15.125000000000002,"FeatureMask(f0=True, f1=True, f2=True, f3=True, f4=False, f5=False, f6=True, f7=True, f8=False, f9=True, f10=False, f11=True, f12=True)",0.9509211864733172
15.125000000000002,"FeatureMask(f0=True, f1=True, f2=True, f3=True, f4=False, f5=False, f6=True, f7=True, f8=False, f9=True, f10=False, f11=True, f12=True)",0.9509211864733172
15.125000000000002,"FeatureMask(f0=True, f1=True, f2=True, f3=True, f4=False, f5=False, f6=True, f7=True, f8=False, f9=True, f10=False, f11=True, f12=True)",0.9509211864733172
15.125000000000002,"FeatureMask(f0=True, f1=True, f2=True, f3=True, f4=False, f5=False, f6=True, f7=True, f8=False, f9=True, f10=False, f11=True, f12=True)",0.9509211864733172
15.219000000000001,"FeatureMask(f0=True, f1=True, f2=True, f3=True, f4=False, f5=False, f6=True, f7=True, f8=False, f9=True, f10=False, f11=True, f12=True)",0.9509211864733172
15.219000000000001,"FeatureMask(f0=True, f1=True, f2=True, f3=True, f4=False, f5=False, f6=True, f7=True, f8=False, f9=True, f10=False, f11=True, f12=True)",0.9509211864733172
15.313,"FeatureMask(f0=True, f1=True, f2=True, f3=True, f4=False, f5=False, f6=True, f7=True, f8=False, f9=True, f10=False, f11=True, f12=True)",0.9509211864733172
15.313,"FeatureMask(f0=True, f1=True, f2=True, f3=True, f4=False, f5=False, f6=True, f7=True, f8=False, f9=True, f10=False, f11=True, f12=True)",0.9509211864733172
15.313,"FeatureMask(f0=True, f1=True, f2=True, f3=True, f4=False, f5=False, f6=True, f7=True, f8=False, f9=True, f10=False, f11=True, f12=True)",0.9509211864733172
15.313,"FeatureMask(f0=True, f1=True, f2=True, f3=True, f4=False, f5=False, f6=True, f7=True, f8=False, f9=True, f10=False, f11=True, f12=True)",0.9509211864733172
15.313,"FeatureMask(f0=True, f1=True, f2=True, f3=True, f4=False, f5=False, f6=True, f7=True, f8=False, f9=True, f10=False, f11=True, f12=True)",0.9509211864733172
15.313,"FeatureMask(f0=True, f1=True, f2=True, f3=True, f4=False, f5=False, f6=True, f7=True, f8=False, f9=True, f10=False, f11=True, f12=True)",0.9509211864733172
15.313,"FeatureMask(f0=True, f1=True, f2=True, f3=True, f4=False, f5=False, f6=True, f7=True, f8=False, f9=True, f10=False, f11=True, f12=True)",0.9509211864733172
15.313,"FeatureMask(f0=True, f1=True, f2=True, f3=True, f4=False, f5=False, f6=True, f7=True, f8=False, f9=True, f10=False, f11=True, f12=True)",0.9509211864733172
15.313,"FeatureMask(f0=True, f1=True, f2=True, f3=True, f4=False, f5=False, f6=True, f7=True, f8=False, f9=True, f10=False, f11=True, f12=True)",0.9509211864733172
15.313,"FeatureMask(f0=True, f1=True, f2=True, f3=True, f4=False, f5=False, f6=True, f7=True, f8=False, f9=True, f10=False, f11=True, f12=True)",0.9509211864733172
15.406,"FeatureMask(f0=True, f1=True, f2=True, f3=True, f4=False, f5=False, f6=True, f7=True, f8=False, f9=True, f10=False, f11=True, f12=True)",0.9509211864733172
15.500000000000002,"FeatureMask(f0=True, f1=True, f2=True, f3=True, f4=False, f5=False, f6=True, f7=True, f8=False, f9=True, f10=False, f11=True, f12=True)",0.9509211864733172
15.500000000000002,"FeatureMask(f0=True, f1=True, f2=True, f3=True, f4=False, f5=False, f6=True, f7=True, f8=False, f9=True, f10=False, f11=True, f12=True)",0.9509211864733172
15.500000000000002,"FeatureMask(f0=True, f1=True, f2=True, f3=True, f4=False, f5=False, f6=True, f7=True, f8=False, f9=True, f10=False, f11=True, f12=True)",0.9509211864733172
15.500000000000002,"FeatureMask(f0=True, f1=True, f2=True, f3=True, f4=False, f5=False, f6=True, f7=True, f8=False, f9=True, f10=False, f11=True, f12=True)",0.9509211864733172
15.500000000000002,"FeatureMask(f0=True, f1=True, f2=True, f3=True, f4=False, f5=False, f6=True, f7=True, f8=False, f9=True, f10=False, f11=True, f12=True)",0.9509211864733172
15.500000000000002,"FeatureMask(f0=True, f1=True, f2=True, f3=True, f4=False, f5=False, f6=True, f7=True, f8=False, f9=True, f10=False, f11=True, f12=True)",0.9509211864733172
15.500000000000002,"FeatureMask(f0=True, f1=True, f2=True, f3=True, f4=False, f5=False, f6=True, f7=True, f8=False, f9=True, f10=False, f11=True, f12=True)",0.9509211864733172
15.500000000000002,"FeatureMask(f0=True, f1=True, f2=True, f3=True, f4=False, f5=False, f6=True, f7=True, f8=False, f9=True, f10=False, f11=True, f12=True)",0.9509211864733172
15.500000000000002,"FeatureMask(f0=True, f1=True, f2=True, f3=True, f4=False, f5=False, f6=True, f7=True, f8=False, f9=True, f10=False, f11=True, f12=True)",0.9509211864733172
15.500000000000002,"FeatureMask(f0=True, f1=True, f2=True, f3=True, f4=False, f5=False, f6=True, f7=True, f8=False, f9=True, f10=False, f11=True, f12=True)",0.9509211864733172
15.578000000000001,"FeatureMask(f0=True, f1=True, f2=True, f3=True, f4=False, f5=False, f6=True, f7=True, f8=False, f9=True, f10=False, f11=True, f12=True)",0.9509211864733172
15.672,"FeatureMask(f0=True, f1=True, f2=True, f3=True, f4=False, f5=False, f6=True, f7=True, f8=False, f9=True, f10=False, f11=True, f12=True)",0.9509211864733172
15.672,"FeatureMask(f0=True, f1=True, f2=True, f3=True, f4=False, f5=False, f6=True, f7=True, f8=False, f9=True, f10=False, f11=True, f12=True)",0.9509211864733172
15.672,"FeatureMask(f0=True, f1=True, f2=True, f3=True, f4=False, f5=False, f6=True, f7=True, f8=False, f9=True, f10=False, f11=True, f12=True)",0.9509211864733172
15.672,"FeatureMask(f0=True, f1=True, f2=True, f3=True, f4=False, f5=False, f6=True, f7=True, f8=False, f9=True, f10=False, f11=True, f12=True)",0.9509211864733172
15.672,"FeatureMask(f0=True, f1=True, f2=True, f3=True, f4=False, f5=False, f6=True, f7=True, f8=False, f9=True, f10=False, f11=True, f12=True)",0.9509211864733172
15.672,"FeatureMask(f0=True, f1=True, f2=True, f3=True, f4=False, f5=False, f6=True, f7=True, f8=False, f9=True, f10=False, f11=True, f12=True)",0.9509211864733172
15.672,"FeatureMask(f0=True, f1=True, f2=True, f3=True, f4=False, f5=False, f6=True, f7=True, f8=False, f9=True, f10=False, f11=True, f12=True)",0.9509211864733172
15.672,"FeatureMask(f0=True, f1=True, f2=True, f3=True, f4=False, f5=False, f6=True, f7=True, f8=False, f9=True, f10=False, f11=True, f12=True)",0.9509211864733172
15.672,"FeatureMask(f0=True, f1=True, f2=True, f3=True, f4=False, f5=False, f6=True, f7=True, f8=False, f9=True, f10=False, f11=True, f12=True)",0.9509211864733172
15.672,"FeatureMask(f0=True, f1=True, f2=True, f3=True, f4=False, f5=False, f6=True, f7=True, f8=False, f9=True, f10=False, f11=True, f12=True)",0.9509211864733172
15.766000000000002,"FeatureMask(f0=True, f1=True, f2=True, f3=True, f4=False, f5=False, f6=True, f7=True, f8=False, f9=True, f10=False, f11=True, f12=True)",0.9509211864733172
15.828000000000001,"FeatureMask(f0=True, f1=True, f2=True, f3=True, f4=False, f5=False, f6=True, f7=True, f8=False, f9=True, f10=False, f11=True, f12=True)",0.9509211864733172
15.828000000000001,"FeatureMask(f0=True, f1=True, f2=True, f3=True, f4=False, f5=False, f6=True, f7=True, f8=False, f9=True, f10=False, f11=True, f12=True)",0.9509211864733172
15.828000000000001,"FeatureMask(f0=True, f1=True, f2=True, f3=True, f4=False, f5=False, f6=True, f7=True, f8=False, f9=True, f10=False, f11=True, f12=True)",0.9509211864733172
15.828000000000001,"FeatureMask(f0=True, f1=True, f2=True, f3=True, f4=False, f5=False, f6=True, f7=True, f8=False, f9=True, f10=False, f11=True, f12=True)",0.9509211864733172
15.828000000000001,"FeatureMask(f0=True, f1=True, f2=True, f3=True, f4=False, f5=False, f6=True, f7=True, f8=False, f9=True, f10=False, f11=True, f12=True)",0.9509211864733172
15.828000000000001,"FeatureMask(f0=True, f1=True, f2=True, f3=True, f4=False, f5=False, f6=True, f7=True, f8=False, f9=True, f10=False, f11=True, f12=True)",0.9509211864733172
15.828000000000001,"FeatureMask(f0=True, f1=True, f2=True, f3=True, f4=False, f5=False, f6=True, f7=True, f8=False, f9=True, f10=False, f11=True, f12=True)",0.9509211864733172
15.828000000000001,"FeatureMask(f0=True, f1=True, f2=True, f3=True, f4=False, f5=False, f6=True, f7=True, f8=False, f9=True, f10=False, f11=True, f12=True)",0.9509211864733172
15.828000000000001,"FeatureMask(f0=True, f1=True, f2=True, f3=True, f4=False, f5=False, f6=True, f7=True, f8=False, f9=True, f10=False, f11=True, f12=True)",0.9509211864733172
15.828000000000001,"FeatureMask(f0=True, f1=True, f2=True, f3=True, f4=False, f5=False, f6=True, f7=True, f8=False, f9=True, f10=False, f11=True, f12=True)",0.9509211864733172
15.922,"FeatureMask(f0=True, f1=True, f2=True, f3=True, f4=False, f5=False, f6=True, f7=True, f8=False, f9=True, f10=False, f11=True, f12=True)",0.9509211864733172
15.922,"FeatureMask(f0=True, f1=True, f2=True, f3=True, f4=False, f5=False, f6=True, f7=True, f8=False, f9=True, f10=False, f11=True, f12=True)",0.9509211864733172
15.922,"FeatureMask(f0=True, f1=True, f2=True, f3=True, f4=False, f5=False, f6=True, f7=True, f8=False, f9=True, f10=False, f11=True, f12=True)",0.9509211864733172
15.922,"FeatureMask(f0=True, f1=True, f2=True, f3=True, f4=False, f5=False, f6=True, f7=True, f8=False, f9=True, f10=False, f11=True, f12=True)",0.9509211864733172
15.922,"FeatureMask(f0=True, f1=True, f2=True, f3=True, f4=False, f5=False, f6=True, f7=True, f8=False, f9=True, f10=False, f11=True, f12=True)",0.9509211864733172
15.922,"FeatureMask(f0=True, f1=True, f2=True, f3=True, f4=False, f5=False, f6=True, f7=True, f8=False, f9=True, f10=False, f11=True, f12=True)",0.9509211864733172
15.922,"FeatureMask(f0=True, f1=True, f2=True, f3=True, f4=False, f5=False, f6=True, f7=True, f8=False, f9=True, f10=False, f11=True, f12=True)",0.9509211864733172
15.922,"FeatureMask(f0=True, f1=True, f2=True, f3=True, f4=False, f5=False, f6=True, f7=True, f8=False, f9=True, f10=False, f11=True, f12=True)",0.9509211864733172
15.922,"FeatureMask(f0=True, f1=True, f2=True, f3=True, f4=False, f5=False, f6=True, f7=True, f8=False, f9=True, f10=False, f11=True, f12=True)",0.9509211864733172
15.922,"FeatureMask(f0=True, f1=True, f2=True, f3=True, f4=False, f5=False, f6=True, f7=True, f8=False, f9=True, f10=False, f11=True, f12=True)",0.9509211864733172
15.922,"FeatureMask(f0=True, f1=True, f2=True, f3=True, f4=False, f5=False, f6=True, f7=True, f8=False, f9=True, f10=False, f11=True, f12=True)",0.9509211864733172
15.922,"FeatureMask(f0=True, f1=True, f2=True, f3=True, f4=False, f5=False, f6=True, f7=True, f8=False, f9=True, f10=False, f11=True, f12=True)",0.9509211864733172
15.922,"FeatureMask(f0=True, f1=True, f2=True, f3=True, f4=False, f5=False, f6=True, f7=True, f8=False, f9=True, f10=False, f11=True, f12=True)",0.9509211864733172
15.922,"FeatureMask(f0=True, f1=True, f2=True, f3=True, f4=False, f5=False, f6=True, f7=True, f8=False, f9=True, f10=False, f11=True, f12=True)",0.9509211864733172
15.938,"FeatureMask(f0=True, f1=True, f2=True, f3=True, f4=False, f5=False, f6=True, f7=True, f8=False, f9=True, f10=False, f11=True, f12=True)",0.9509211864733172
15.938,"FeatureMask(f0=True, f1=True, f2=True, f3=True, f4=False, f5=False, f6=True, f7=True, f8=False, f9=True, f10=False, f11=True, f12=True)",0.9509211864733172
15.953000000000001,"FeatureMask(f0=True, f1=True, f2=True, f3=True, f4=False, f5=False, f6=True, f7=True, f8=False, f9=True, f10=False, f11=True, f12=True)",0.9509211864733172
15.969000000000001,"FeatureMask(f0=True, f1=True, f2=True, f3=True, f4=False, f5=False, f6=True, f7=True, f8=False, f9=True, f10=False, f11=True, f12=True)",0.9509211864733172
15.969000000000001,"FeatureMask(f0=True, f1=True, f2=True, f3=True, f4=False, f5=False, f6=True, f7=True, f8=False, f9=True, f10=False, f11=True, f12=True)",0.9509211864733172
15.985000000000001,"FeatureMask(f0=True, f1=True, f2=True, f3=True, f4=False, f5=False, f6=True, f7=True, f8=False, f9=True, f10=False, f11=True, f12=True)",0.9509211864733172
15.985000000000001,"FeatureMask(f0=True, f1=True, f2=True, f3=True, f4=False, f5=False, f6=True, f7=True, f8=False, f9=True, f10=False, f11=True, f12=True)",0.9509211864733172
16.0,"FeatureMask(f0=True, f1=True, f2=True, f3=True, f4=False, f5=False, f6=True, f7=True, f8=False, f9=True, f10=False, f11=True, f12=True)",0.9509211864733172
16.0,"FeatureMask(f0=True, f1=True, f2=True, f3=True, f4=False, f5=False, f6=True, f7=True, f8=False, f9=True, f10=False, f11=True, f12=True)",0.9509211864733172
16.016000000000002,"FeatureMask(f0=True, f1=True, f2=True, f3=True, f4=False, f5=False, f6=True, f7=True, f8=False, f9=True, f10=False, f11=True, f12=True)",0.9509211864733172
16.016000000000002,"FeatureMask(f0=True, f1=True, f2=True, f3=True, f4=False, f5=False, f6=True, f7=True, f8=False, f9=True, f10=False, f11=True, f12=True)",0.9509211864733172
16.031000000000002,"FeatureMask(f0=True, f1=True, f2=True, f3=True, f4=False, f5=False, f6=True, f7=True, f8=False, f9=True, f10=False, f11=True, f12=True)",0.9509211864733172
16.047,"FeatureMask(f0=True, f1=True, f2=True, f3=True, f4=False, f5=False, f6=True, f7=True, f8=False, f9=True, f10=False, f11=True, f12=True)",0.9509211864733172
16.047,"FeatureMask(f0=True, f1=True, f2=True, f3=True, f4=False, f5=False, f6=True, f7=True, f8=False, f9=True, f10=False, f11=True, f12=True)",0.9509211864733172
16.047,"FeatureMask(f0=True, f1=True, f2=True, f3=True, f4=False, f5=False, f6=True, f7=True, f8=False, f9=True, f10=False, f11=True, f12=True)",0.9509211864733172
16.047,"FeatureMask(f0=True, f1=True, f2=True, f3=True, f4=False, f5=False, f6=True, f7=True, f8=False, f9=True, f10=False, f11=True, f12=True)",0.9509211864733172
16.047,"FeatureMask(f0=True, f1=True, f2=True, f3=True, f4=False, f5=False, f6=True, f7=True, f8=False, f9=True, f10=False, f11=True, f12=True)",0.9509211864733172
16.047,"FeatureMask(f0=True, f1=True, f2=True, f3=True, f4=False, f5=False, f6=True, f7=True, f8=False, f9=True, f10=False, f11=True, f12=True)",0.9509211864733172
16.047,"FeatureMask(f0=True, f1=True, f2=True, f3=True, f4=False, f5=False, f6=True, f7=True, f8=False, f9=True, f10=False, f11=True, f12=True)",0.9509211864733172
16.047,"FeatureMask(f0=True, f1=True, f2=True, f3=True, f4=False, f5=False, f6=True, f7=True, f8=False, f9=True, f10=False, f11=True, f12=True)",0.9509211864733172
16.047,"FeatureMask(f0=True, f1=True, f2=True, f3=True, f4=False, f5=False, f6=True, f7=True, f8=False, f9=True, f10=False, f11=True, f12=True)",0.9509211864733172
16.047,"FeatureMask(f0=True, f1=True, f2=True, f3=True, f4=False, f5=False, f6=True, f7=True, f8=False, f9=True, f10=False, f11=True, f12=True)",0.9509211864733172
16.047,"FeatureMask(f0=True, f1=True, f2=True, f3=True, f4=False, f5=False, f6=True, f7=True, f8=False, f9=True, f10=False, f11=True, f12=True)",0.9509211864733172
16.047,"FeatureMask(f0=True, f1=True, f2=True, f3=True, f4=False, f5=False, f6=True, f7=True, f8=False, f9=True, f10=False, f11=True, f12=True)",0.9509211864733172
16.047,"FeatureMask(f0=True, f1=True, f2=True, f3=True, f4=False, f5=False, f6=True, f7=True, f8=False, f9=True, f10=False, f11=True, f12=True)",0.9509211864733172
16.141000000000002,"FeatureMask(f0=True, f1=True, f2=True, f3=True, f4=False, f5=False, f6=True, f7=True, f8=False, f9=True, f10=False, f11=True, f12=True)",0.9509211864733172
16.141000000000002,"FeatureMask(f0=True, f1=True, f2=True, f3=True, f4=False, f5=False, f6=True, f7=True, f8=False, f9=True, f10=False, f11=True, f12=True)",0.9509211864733172
16.141000000000002,"FeatureMask(f0=True, f1=True, f2=True, f3=True, f4=False, f5=False, f6=True, f7=True, f8=False, f9=True, f10=False, f11=True, f12=True)",0.9509211864733172
16.141000000000002,"FeatureMask(f0=True, f1=True, f2=True, f3=True, f4=False, f5=False, f6=True, f7=True, f8=False, f9=True, f10=False, f11=True, f12=True)",0.9509211864733172
16.141000000000002,"FeatureMask(f0=True, f1=True, f2=True, f3=True, f4=False, f5=False, f6=True, f7=True, f8=False, f9=True, f10=False, f11=True, f12=True)",0.9509211864733172
16.141000000000002,"FeatureMask(f0=True, f1=True, f2=True, f3=True, f4=False, f5=False, f6=True, f7=True, f8=False, f9=True, f10=False, f11=True, f12=True)",0.9509211864733172
16.141000000000002,"FeatureMask(f0=True, f1=True, f2=True, f3=True, f4=False, f5=False, f6=True, f7=True, f8=False, f9=True, f10=False, f11=True, f12=True)",0.9509211864733172
16.141000000000002,"FeatureMask(f0=True, f1=True, f2=True, f3=True, f4=False, f5=False, f6=True, f7=True, f8=False, f9=True, f10=False, f11=True, f12=True)",0.9509211864733172
16.141000000000002,"FeatureMask(f0=True, f1=True, f2=True, f3=True, f4=False, f5=False, f6=True, f7=True, f8=False, f9=True, f10=False, f11=True, f12=True)",0.9509211864733172
16.141000000000002,"FeatureMask(f0=True, f1=True, f2=True, f3=True, f4=False, f5=False, f6=True, f7=True, f8=False, f9=True, f10=False, f11=True, f12=True)",0.9509211864733172
16.141000000000002,"FeatureMask(f0=True, f1=True, f2=True, f3=True, f4=False, f5=False, f6=True, f7=True, f8=False, f9=True, f10=False, f11=True, f12=True)",0.9509211864733172
16.141000000000002,"FeatureMask(f0=True, f1=True, f2=True, f3=True, f4=False, f5=False, f6=True, f7=True, f8=False, f9=True, f10=False, f11=True, f12=True)",0.9509211864733172
16.141000000000002,"FeatureMask(f0=True, f1=True, f2=True, f3=True, f4=False, f5=False, f6=True, f7=True, f8=False, f9=True, f10=False, f11=True, f12=True)",0.9509211864733172
16.141000000000002,"FeatureMask(f0=True, f1=True, f2=True, f3=True, f4=False, f5=False, f6=True, f7=True, f8=False, f9=True, f10=False, f11=True, f12=True)",0.9509211864733172
16.141000000000002,"FeatureMask(f0=True, f1=True, f2=True, f3=True, f4=False, f5=False, f6=True, f7=True, f8=False, f9=True, f10=False, f11=True, f12=True)",0.9509211864733172
16.156000000000002,"FeatureMask(f0=True, f1=True, f2=True, f3=True, f4=False, f5=False, f6=True, f7=True, f8=False, f9=True, f10=False, f11=True, f12=True)",0.9509211864733172
16.172,"FeatureMask(f0=True, f1=True, f2=True, f3=True, f4=False, f5=False, f6=True, f7=True, f8=False, f9=True, f10=False, f11=True, f12=True)",0.9509211864733172
16.172,"FeatureMask(f0=True, f1=True, f2=True, f3=True, f4=False, f5=False, f6=True, f7=True, f8=False, f9=True, f10=False, f11=True, f12=True)",0.9509211864733172
16.188000000000002,"FeatureMask(f0=True, f1=True, f2=True, f3=True, f4=False, f5=False, f6=True, f7=True, f8=False, f9=True, f10=False, f11=True, f12=True)",0.9509211864733172
16.188000000000002,"FeatureMask(f0=True, f1=True, f2=True, f3=True, f4=False, f5=False, f6=True, f7=True, f8=False, f9=True, f10=False, f11=True, f12=True)",0.9509211864733172
16.188000000000002,"FeatureMask(f0=True, f1=True, f2=True, f3=True, f4=False, f5=False, f6=True, f7=True, f8=False, f9=True, f10=False, f11=True, f12=True)",0.9509211864733172
16.188000000000002,"FeatureMask(f0=True, f1=True, f2=True, f3=True, f4=False, f5=False, f6=True, f7=True, f8=False, f9=True, f10=False, f11=True, f12=True)",0.9509211864733172
16.203,"FeatureMask(f0=True, f1=True, f2=True, f3=True, f4=False, f5=False, f6=True, f7=True, f8=False, f9=True, f10=False, f11=True, f12=True)",0.9509211864733172
16.219,"FeatureMask(f0=True, f1=True, f2=True, f3=True, f4=False, f5=False, f6=True, f7=True, f8=False, f9=True, f10=False, f11=True, f12=True)",0.9509211864733172
16.235,"FeatureMask(f0=True, f1=True, f2=True, f3=True, f4=False, f5=False, f6=True, f7=True, f8=False, f9=True, f10=False, f11=True, f12=True)",0.9509211864733172
16.25,"FeatureMask(f0=True, f1=True, f2=True, f3=True, f4=False, f5=False, f6=True, f7=True, f8=False, f9=True, f10=False, f11=True, f12=True)",0.9509211864733172
16.266000000000002,"FeatureMask(f0=True, f1=True, f2=True, f3=True, f4=False, f5=False, f6=True, f7=True, f8=False, f9=True, f10=False, f11=True, f12=True)",0.9509211864733172
16.266000000000002,"FeatureMask(f0=True, f1=True, f2=True, f3=True, f4=False, f5=False, f6=True, f7=True, f8=False, f9=True, f10=False, f11=True, f12=True)",0.9509211864733172
16.281000000000002,"FeatureMask(f0=True, f1=True, f2=True, f3=True, f4=False, f5=False, f6=True, f7=True, f8=False, f9=True, f10=False, f11=True, f12=True)",0.9509211864733172
16.281000000000002,"FeatureMask(f0=True, f1=True, f2=True, f3=True, f4=False, f5=False, f6=True, f7=True, f8=False, f9=True, f10=False, f11=True, f12=True)",0.9509211864733172
16.281000000000002,"FeatureMask(f0=True, f1=True, f2=True, f3=True, f4=False, f5=False, f6=True, f7=True, f8=False, f9=True, f10=False, f11=True, f12=True)",0.9509211864733172
16.281000000000002,"FeatureMask(f0=True, f1=True, f2=True, f3=True, f4=False, f5=False, f6=True, f7=True, f8=False, f9=True, f10=False, f11=True, f12=True)",0.9509211864733172
16.281000000000002,"FeatureMask(f0=True, f1=True, f2=True, f3=True, f4=False, f5=False, f6=True, f7=True, f8=False, f9=True, f10=False, f11=True, f12=True)",0.9509211864733172
16.281000000000002,"FeatureMask(f0=True, f1=True, f2=True, f3=True, f4=False, f5=False, f6=True, f7=True, f8=False, f9=True, f10=False, f11=True, f12=True)",0.9509211864733172
16.281000000000002,"FeatureMask(f0=True, f1=True, f2=True, f3=True, f4=False, f5=False, f6=True, f7=True, f8=False, f9=True, f10=False, f11=True, f12=True)",0.9509211864733172
16.281000000000002,"FeatureMask(f0=True, f1=True, f2=True, f3=True, f4=False, f5=False, f6=True, f7=True, f8=False, f9=True, f10=False, f11=True, f12=True)",0.9509211864733172
16.281000000000002,"FeatureMask(f0=True, f1=True, f2=True, f3=True, f4=False, f5=False, f6=True, f7=True, f8=False, f9=True, f10=False, f11=True, f12=True)",0.9509211864733172
16.281000000000002,"FeatureMask(f0=True, f1=True, f2=True, f3=True, f4=False, f5=False, f6=True, f7=True, f8=False, f9=True, f10=False, f11=True, f12=True)",0.9509211864733172
16.281000000000002,"FeatureMask(f0=True, f1=True, f2=True, f3=True, f4=False, f5=False, f6=True, f7=True, f8=False, f9=True, f10=False, f11=True, f12=True)",0.9509211864733172
16.281000000000002,"FeatureMask(f0=True, f1=True, f2=True, f3=True, f4=False, f5=False, f6=True, f7=True, f8=False, f9=True, f10=False, f11=True, f12=True)",0.9509211864733172
16.375,"FeatureMask(f0=True, f1=True, f2=True, f3=True, f4=False, f5=False, f6=True, f7=True, f8=False, f9=True, f10=False, f11=True, f12=True)",0.9509211864733172
16.375,"FeatureMask(f0=True, f1=True, f2=True, f3=True, f4=False, f5=False, f6=True, f7=True, f8=False, f9=True, f10=False, f11=True, f12=True)",0.9509211864733172
16.375,"FeatureMask(f0=True, f1=True, f2=True, f3=True, f4=False, f5=False, f6=True, f7=True, f8=False, f9=True, f10=False, f11=True, f12=True)",0.9509211864733172
16.485,"FeatureMask(f0=True, f1=True, f2=True, f3=True, f4=False, f5=False, f6=True, f7=True, f8=False, f9=True, f10=False, f11=True, f12=True)",0.9509211864733172
16.485,"FeatureMask(f0=True, f1=True, f2=True, f3=True, f4=False, f5=False, f6=True, f7=True, f8=False, f9=True, f10=False, f11=True, f12=True)",0.9509211864733172
16.485,"FeatureMask(f0=True, f1=True, f2=True, f3=True, f4=False, f5=False, f6=True, f7=True, f8=False, f9=True, f10=False, f11=True, f12=True)",0.9509211864733172
16.485,"FeatureMask(f0=True, f1=True, f2=True, f3=True, f4=False, f5=False, f6=True, f7=True, f8=False, f9=True, f10=False, f11=True, f12=True)",0.9509211864733172
16.485,"FeatureMask(f0=True, f1=True, f2=True, f3=True, f4=False, f5=False, f6=True, f7=True, f8=False, f9=True, f10=False, f11=True, f12=True)",0.9509211864733172
16.485,"FeatureMask(f0=True, f1=True, f2=True, f3=True, f4=False, f5=False, f6=True, f7=True, f8=False, f9=True, f10=False, f11=True, f12=True)",0.9509211864733172
16.485,"FeatureMask(f0=True, f1=True, f2=True, f3=True, f4=False, f5=False, f6=True, f7=True, f8=False, f9=True, f10=False, f11=True, f12=True)",0.9509211864733172
16.485,"FeatureMask(f0=True, f1=True, f2=True, f3=True, f4=False, f5=False, f6=True, f7=True, f8=False, f9=True, f10=False, f11=True, f12=True)",0.9509211864733172
16.485,"FeatureMask(f0=True, f1=True, f2=True, f3=True, f4=False, f5=False, f6=True, f7=True, f8=False, f9=True, f10=False, f11=True, f12=True)",0.9509211864733172
16.485,"FeatureMask(f0=True, f1=True, f2=True, f3=True, f4=False, f5=False, f6=True, f7=True, f8=False, f9=True, f10=False, f11=True, f12=True)",0.9509211864733172
16.656000000000002,"FeatureMask(f0=True, f1=True, f2=True, f3=True, f4=False, f5=False, f6=True, f7=True, f8=False, f9=True, f10=False, f11=True, f12=True)",0.9509211864733172
16.656000000000002,"FeatureMask(f0=True, f1=True, f2=True, f3=True, f4=False, f5=False, f6=True, f7=True, f8=False, f9=True, f10=False, f11=True, f12=True)",0.9509211864733172
16.656000000000002,"FeatureMask(f0=True, f1=True, f2=True, f3=True, f4=False, f5=False, f6=True, f7=True, f8=False, f9=True, f10=False, f11=True, f12=True)",0.9509211864733172
16.656000000000002,"FeatureMask(f0=True, f1=True, f2=True, f3=True, f4=False, f5=False, f6=True, f7=True, f8=False, f9=True, f10=False, f11=True, f12=True)",0.9509211864733172
16.656000000000002,"FeatureMask(f0=True, f1=True, f2=True, f3=True, f4=False, f5=False, f6=True, f7=True, f8=False, f9=True, f10=False, f11=True, f12=True)",0.9509211864733172
16.656000000000002,"FeatureMask(f0=True, f1=True, f2=True, f3=True, f4=False, f5=False, f6=True, f7=True, f8=False, f9=True, f10=False, f11=True, f12=True)",0.9509211864733172
16.656000000000002,"FeatureMask(f0=True, f1=True, f2=True, f3=True, f4=False, f5=False, f6=True, f7=True, f8=False, f9=True, f10=False, f11=True, f12=True)",0.9509211864733172
16.656000000000002,"FeatureMask(f0=True, f1=True, f2=True, f3=True, f4=False, f5=False, f6=True, f7=True, f8=False, f9=True, f10=False, f11=True, f12=True)",0.9509211864733172
16.656000000000002,"FeatureMask(f0=True, f1=True, f2=True, f3=True, f4=False, f5=False, f6=True, f7=True, f8=False, f9=True, f10=False, f11=True, f12=True)",0.9509211864733172
16.656000000000002,"FeatureMask(f0=True, f1=True, f2=True, f3=True, f4=False, f5=False, f6=True, f7=True, f8=False, f9=True, f10=False, f11=True, f12=True)",0.9509211864733172
16.719,"FeatureMask(f0=True, f1=True, f2=True, f3=True, f4=False, f5=False, f6=True, f7=False, f8=False, f9=True, f10=True, f11=True, f12=True)",0.9509211864733172
16.906000000000002,"FeatureMask(f0=True, f1=True, f2=True, f3=True, f4=False, f5=False, f6=True, f7=True, f8=False, f9=True, f10=False, f11=True, f12=True)",0.9509211864733172
16.906000000000002,"FeatureMask(f0=True, f1=True, f2=True, f3=True, f4=False, f5=False, f6=True, f7=True, f8=False, f9=True, f10=False, f11=True, f12=True)",0.9509211864733172
16.906000000000002,"FeatureMask(f0=True, f1=True, f2=True, f3=True, f4=False, f5=False, f6=True, f7=True, f8=False, f9=True, f10=False, f11=True, f12=True)",0.9509211864733172
16.906000000000002,"FeatureMask(f0=True, f1=True, f2=True, f3=True, f4=False, f5=False, f6=True, f7=True, f8=False, f9=True, f10=False, f11=True, f12=True)",0.9509211864733172
16.906000000000002,"FeatureMask(f0=True, f1=True, f2=True, f3=True, f4=False, f5=False, f6=True, f7=True, f8=False, f9=True, f10=False, f11=True, f12=True)",0.9509211864733172
16.906000000000002,"FeatureMask(f0=True, f1=True, f2=True, f3=True, f4=False, f5=False, f6=True, f7=True, f8=False, f9=True, f10=False, f11=True, f12=True)",0.9509211864733172
16.906000000000002,"FeatureMask(f0=True, f1=True, f2=True, f3=True, f4=False, f5=False, f6=True, f7=True, f8=False, f9=True, f10=False, f11=True, f12=True)",0.9509211864733172
16.906000000000002,"FeatureMask(f0=True, f1=True, f2=True, f3=True, f4=False, f5=False, f6=True, f7=True, f8=False, f9=True, f10=False, f11=True, f12=True)",0.9509211864733172
16.906000000000002,"FeatureMask(f0=True, f1=True, f2=True, f3=True, f4=False, f5=False, f6=True, f7=True, f8=False, f9=True, f10=False, f11=True, f12=True)",0.9509211864733172
16.906000000000002,"FeatureMask(f0=True, f1=True, f2=True, f3=True, f4=False, f5=False, f6=True, f7=True, f8=False, f9=True, f10=False, f11=True, f12=True)",0.9509211864733172
17.078,"FeatureMask(f0=True, f1=True, f2=True, f3=True, f4=False, f5=False, f6=True, f7=True, f8=False, f9=True, f10=False, f11=True, f12=True)",0.9509211864733172
17.078,"FeatureMask(f0=True, f1=True, f2=True, f3=True, f4=False, f5=False, f6=True, f7=True, f8=False, f9=True, f10=False, f11=True, f12=True)",0.9509211864733172
17.078,"FeatureMask(f0=True, f1=True, f2=True, f3=True, f4=False, f5=False, f6=True, f7=True, f8=False, f9=True, f10=False, f11=True, f12=True)",0.9509211864733172
17.078,"FeatureMask(f0=True, f1=True, f2=True, f3=True, f4=False, f5=False, f6=True, f7=True, f8=False, f9=True, f10=False, f11=True, f12=True)",0.9509211864733172
17.078,"FeatureMask(f0=True, f1=True, f2=True, f3=True, f4=False, f5=False, f6=True, f7=True, f8=False, f9=True, f10=False, f11=True, f12=True)",0.9509211864733172
17.078,"FeatureMask(f0=True, f1=True, f2=True, f3=True, f4=False, f5=False, f6=True, f7=True, f8=False, f9=True, f10=False, f11=True, f12=True)",0.9509211864733172
17.078,"FeatureMask(f0=True, f1=True, f2=True, f3=True, f4=False, f5=False, f6=True, f7=True, f8=False, f9=True, f10=False, f11=True, f12=True)",0.9509211864733172
17.078,"FeatureMask(f0=True, f1=True, f2=True, f3=True, f4=False, f5=False, f6=True, f7=True, f8=False, f9=True, f10=False, f11=True, f12=True)",0.9509211864733172
17.078,"FeatureMask(f0=True, f1=True, f2=True, f3=True, f4=False, f5=False, f6=True, f7=True, f8=False, f9=True, f10=False, f11=True, f12=True)",0.9509211864733172
17.078,"FeatureMask(f0=True, f1=True, f2=True, f3=True, f4=False, f5=False, f6=True, f7=True, f8=False, f9=True, f10=False, f11=True, f12=True)",0.9509211864733172
17.172,"FeatureMask(f0=True, f1=True, f2=True, f3=True, f4=False, f5=False, f6=True, f7=True, f8=False, f9=True, f10=False, f11=True, f12=True)",0.9509211864733172
17.281000000000002,"FeatureMask(f0=True, f1=True, f2=True, f3=True, f4=False, f5=False, f6=True, f7=True, f8=False, f9=True, f10=False, f11=True, f12=True)",0.9509211864733172
17.281000000000002,"FeatureMask(f0=True, f1=True, f2=True, f3=True, f4=False, f5=False, f6=True, f7=True, f8=False, f9=True, f10=False, f11=True, f12=True)",0.9509211864733172
17.281000000000002,"FeatureMask(f0=True, f1=True, f2=True, f3=True, f4=False, f5=False, f6=True, f7=True, f8=False, f9=True, f10=False, f11=True, f12=True)",0.9509211864733172
17.281000000000002,"FeatureMask(f0=True, f1=True, f2=True, f3=True, f4=False, f5=False, f6=True, f7=True, f8=False, f9=True, f10=False, f11=True, f12=True)",0.9509211864733172
17.281000000000002,"FeatureMask(f0=True, f1=True, f2=True, f3=True, f4=False, f5=False, f6=True, f7=True, f8=False, f9=True, f10=False, f11=True, f12=True)",0.9509211864733172
17.281000000000002,"FeatureMask(f0=True, f1=True, f2=True, f3=True, f4=False, f5=False, f6=True, f7=True, f8=False, f9=True, f10=False, f11=True, f12=True)",0.9509211864733172
17.281000000000002,"FeatureMask(f0=True, f1=True, f2=True, f3=True, f4=False, f5=False, f6=True, f7=True, f8=False, f9=True, f10=False, f11=True, f12=True)",0.9509211864733172
17.281000000000002,"FeatureMask(f0=True, f1=True, f2=True, f3=True, f4=False, f5=False, f6=True, f7=True, f8=False, f9=True, f10=False, f11=True, f12=True)",0.9509211864733172
17.281000000000002,"FeatureMask(f0=True, f1=True, f2=True, f3=True, f4=False, f5=False, f6=True, f7=True, f8=False, f9=True, f10=False, f11=True, f12=True)",0.9509211864733172
17.281000000000002,"FeatureMask(f0=True, f1=True, f2=True, f3=True, f4=False, f5=False, f6=True, f7=True, f8=False, f9=True, f10=False, f11=True, f12=True)",0.9509211864733172
17.485,"FeatureMask(f0=True, f1=True, f2=True, f3=True, f4=False, f5=False, f6=True, f7=True, f8=False, f9=True, f10=False, f11=True, f12=True)",0.9509211864733172
17.485,"FeatureMask(f0=True, f1=True, f2=True, f3=True, f4=False, f5=False, f6=True, f7=True, f8=False, f9=True, f10=False, f11=True, f12=True)",0.9509211864733172
17.485,"FeatureMask(f0=True, f1=True, f2=True, f3=True, f4=False, f5=False, f6=True, f7=True, f8=False, f9=True, f10=False, f11=True, f12=True)",0.9509211864733172
17.485,"FeatureMask(f0=True, f1=True, f2=True, f3=True, f4=False, f5=False, f6=True, f7=True, f8=False, f9=True, f10=False, f11=True, f12=True)",0.9509211864733172
17.485,"FeatureMask(f0=True, f1=True, f2=True, f3=True, f4=False, f5=False, f6=True, f7=True, f8=False, f9=True, f10=False, f11=True, f12=True)",0.9509211864733172
17.485,"FeatureMask(f0=True, f1=True, f2=True, f3=True, f4=False, f5=False, f6=True, f7=True, f8=False, f9=True, f10=False, f11=True, f12=True)",0.9509211864733172
17.485,"FeatureMask(f0=True, f1=True, f2=True, f3=True, f4=False, f5=False, f6=True, f7=True, f8=False, f9=True, f10=False, f11=True, f12=True)",0.9509211864733172
17.485,"FeatureMask(f0=True, f1=True, f2=True, f3=True, f4=False, f5=False, f6=True, f7=True, f8=False, f9=True, f10=False, f11=True, f12=True)",0.9509211864733172
17.485,"FeatureMask(f0=True, f1=True, f2=True, f3=True, f4=False, f5=False, f6=True, f7=True, f8=False, f9=True, f10=False, f11=True, f12=True)",0.9509211864733172
17.485,"FeatureMask(f0=True, f1=True, f2=True, f3=True, f4=False, f5=False, f6=True, f7=True, f8=False, f9=True, f10=False, f11=True, f12=True)",0.9509211864733172
17.594,"FeatureMask(f0=True, f1=True, f2=True, f3=True, f4=False, f5=False, f6=True, f7=True, f8=False, f9=True, f10=False, f11=True, f12=True)",0.9509211864733172
17.719,"FeatureMask(f0=True, f1=True, f2=True, f3=True, f4=False, f5=False, f6=True, f7=True, f8=False, f9=True, f10=False, f11=True, f12=True)",0.9509211864733172
17.719,"FeatureMask(f0=True, f1=True, f2=True, f3=True, f4=False, f5=False, f6=True, f7=True, f8=False, f9=True, f10=False, f11=True, f12=True)",0.9509211864733172
17.719,"FeatureMask(f0=True, f1=True, f2=True, f3=True, f4=False, f5=False, f6=True, f7=True, f8=False, f9=True, f10=False, f11=True, f12=True)",0.9509211864733172
17.719,"FeatureMask(f0=True, f1=True, f2=True, f3=True, f4=False, f5=False, f6=True, f7=True, f8=False, f9=True, f10=False, f11=True, f12=True)",0.9509211864733172
17.719,"FeatureMask(f0=True, f1=True, f2=True, f3=True, f4=False, f5=False, f6=True, f7=True, f8=False, f9=True, f10=False, f11=True, f12=True)",0.9509211864733172
17.719,"FeatureMask(f0=True, f1=True, f2=True, f3=True, f4=False, f5=False, f6=True, f7=True, f8=False, f9=True, f10=False, f11=True, f12=True)",0.9509211864733172
17.719,"FeatureMask(f0=True, f1=True, f2=True, f3=True, f4=False, f5=False, f6=True, f7=True, f8=False, f9=True, f10=False, f11=True, f12=True)",0.9509211864733172
17.719,"FeatureMask(f0=True, f1=True, f2=True, f3=True, f4=False, f5=False, f6=True, f7=True, f8=False, f9=True, f10=False, f11=True, f12=True)",0.9509211864733172
17.719,"FeatureMask(f0=True, f1=True, f2=True, f3=True, f4=False, f5=False, f6=True, f7=True, f8=False, f9=True, f10=False, f11=True, f12=True)",0.9509211864733172
17.719,"FeatureMask(f0=True, f1=True, f2=True, f3=True, f4=False, f5=False, f6=True, f7=True, f8=False, f9=True, f10=False, f11=True, f12=True)",0.9509211864733172
17.797,"FeatureMask(f0=True, f1=True, f2=True, f3=True, f4=False, f5=False, f6=True, f7=True, f8=False, f9=True, f10=False, f11=True, f12=True)",0.9509211864733172
17.922,"FeatureMask(f0=True, f1=True, f2=True, f3=True, f4=False, f5=False, f6=True, f7=True, f8=False, f9=True, f10=False, f11=True, f12=True)",0.9509211864733172
17.922,"FeatureMask(f0=True, f1=True, f2=True, f3=True, f4=False, f5=False, f6=True, f7=True, f8=False, f9=True, f10=False, f11=True, f12=True)",0.9509211864733172
17.922,"FeatureMask(f0=True, f1=True, f2=True, f3=True, f4=False, f5=False, f6=True, f7=True, f8=False, f9=True, f10=False, f11=True, f12=True)",0.9509211864733172
17.922,"FeatureMask(f0=True, f1=True, f2=True, f3=True, f4=False, f5=False, f6=True, f7=True, f8=False, f9=True, f10=False, f11=True, f12=True)",0.9509211864733172
17.922,"FeatureMask(f0=True, f1=True, f2=True, f3=True, f4=False, f5=False, f6=True, f7=True, f8=False, f9=True, f10=False, f11=True, f12=True)",0.9509211864733172
17.922,"FeatureMask(f0=True, f1=True, f2=True, f3=True, f4=False, f5=False, f6=True, f7=True, f8=False, f9=True, f10=False, f11=True, f12=True)",0.9509211864733172
17.922,"FeatureMask(f0=True, f1=True, f2=True, f3=True, f4=False, f5=False, f6=True, f7=True, f8=False, f9=True, f10=False, f11=True, f12=True)",0.9509211864733172
17.922,"FeatureMask(f0=True, f1=True, f2=True, f3=True, f4=False, f5=False, f6=True, f7=True, f8=False, f9=True, f10=False, f11=True, f12=True)",0.9509211864733172
17.922,"FeatureMask(f0=True, f1=True, f2=True, f3=True, f4=False, f5=False, f6=True, f7=True, f8=False, f9=True, f10=False, f11=True, f12=True)",0.9509211864733172
17.922,"FeatureMask(f0=True, f1=True, f2=True, f3=True, f4=False, f5=False, f6=True, f7=True, f8=False, f9=True, f10=False, f11=True, f12=True)",0.9509211864733172
18.11,"FeatureMask(f0=True, f1=True, f2=True, f3=True, f4=False, f5=False, f6=True, f7=True, f8=False, f9=True, f10=False, f11=True, f12=True)",0.9509211864733172
18.11,"FeatureMask(f0=True, f1=True, f2=True, f3=True, f4=False, f5=False, f6=True, f7=True, f8=False, f9=True, f10=False, f11=True, f12=True)",0.9509211864733172
18.11,"FeatureMask(f0=True, f1=True, f2=True, f3=True, f4=False, f5=False, f6=True, f7=True, f8=False, f9=True, f10=False, f11=True, f12=True)",0.9509211864733172
18.11,"FeatureMask(f0=True, f1=True, f2=True, f3=True, f4=False, f5=False, f6=True, f7=True, f8=False, f9=True, f10=False, f11=True, f12=True)",0.9509211864733172
18.11,"FeatureMask(f0=True, f1=True, f2=True, f3=True, f4=False, f5=False, f6=True, f7=True, f8=False, f9=True, f10=False, f11=True, f12=True)",0.9509211864733172
18.11,"FeatureMask(f0=True, f1=True, f2=True, f3=True, f4=False, f5=False, f6=True, f7=True, f8=False, f9=True, f10=False, f11=True, f12=True)",0.9509211864733172
18.11,"FeatureMask(f0=True, f1=True, f2=True, f3=True, f4=False, f5=False, f6=True, f7=True, f8=False, f9=True, f10=False, f11=True, f12=True)",0.9509211864733172
18.11,"FeatureMask(f0=True, f1=True, f2=True, f3=True, f4=False, f5=False, f6=True, f7=True, f8=False, f9=True, f10=False, f11=True, f12=True)",0.9509211864733172
18.11,"FeatureMask(f0=True, f1=True, f2=True, f3=True, f4=False, f5=False, f6=True, f7=True, f8=False, f9=True, f10=False, f11=True, f12=True)",0.9509211864733172
18.11,"FeatureMask(f0=True, f1=True, f2=True, f3=True, f4=False, f5=False, f6=True, f7=True, f8=False, f9=True, f10=False, f11=True, f12=True)",0.9509211864733172
18.203,"FeatureMask(f0=True, f1=True, f2=True, f3=True, f4=False, f5=False, f6=True, f7=True, f8=False, f9=True, f10=False, f11=True, f12=True)",0.9509211864733172
18.203,"FeatureMask(f0=True, f1=True, f2=True, f3=True, f4=False, f5=False, f6=True, f7=True, f8=False, f9=True, f10=False, f11=True, f12=True)",0.9509211864733172
18.203,"FeatureMask(f0=True, f1=True, f2=True, f3=True, f4=False, f5=False, f6=True, f7=True, f8=False, f9=True, f10=False, f11=True, f12=True)",0.9509211864733172
18.328,"FeatureMask(f0=True, f1=True, f2=True, f3=True, f4=False, f5=False, f6=True, f7=True, f8=False, f9=True, f10=False, f11=True, f12=True)",0.9509211864733172
18.328,"FeatureMask(f0=True, f1=True, f2=True, f3=True, f4=False, f5=False, f6=True, f7=True, f8=False, f9=True, f10=False, f11=True, f12=True)",0.9509211864733172
18.328,"FeatureMask(f0=True, f1=True, f2=True, f3=True, f4=False, f5=False, f6=True, f7=True, f8=False, f9=True, f10=False, f11=True, f12=True)",0.9509211864733172
18.328,"FeatureMask(f0=True, f1=True, f2=True, f3=True, f4=False, f5=False, f6=True, f7=True, f8=False, f9=True, f10=False, f11=True, f12=True)",0.9509211864733172
18.328,"FeatureMask(f0=True, f1=True, f2=True, f3=True, f4=False, f5=False, f6=True, f7=True, f8=False, f9=True, f10=False, f11=True, f12=True)",0.9509211864733172
18.328,"FeatureMask(f0=True, f1=True, f2=True, f3=True, f4=False, f5=False, f6=True, f7=True, f8=False, f9=True, f10=False, f11=True, f12=True)",0.9509211864733172
18.328,"FeatureMask(f0=True, f1=True, f2=True, f3=True, f4=False, f5=False, f6=True, f7=True, f8=False, f9=True, f10=False, f11=True, f12=True)",0.9509211864733172
18.328,"FeatureMask(f0=True, f1=True, f2=True, f3=True, f4=False, f5=False, f6=True, f7=True, f8=False, f9=True, f10=False, f11=True, f12=True)",0.9509211864733172
18.328,"FeatureMask(f0=True, f1=True, f2=True, f3=True, f4=False, f5=False, f6=True, f7=True, f8=False, f9=True, f10=False, f11=True, f12=True)",0.9509211864733172
18.328,"FeatureMask(f0=True, f1=True, f2=True, f3=True, f4=False, f5=False, f6=True, f7=True, f8=False, f9=True, f10=False, f11=True, f12=True)",0.9509211864733172
18.516000000000002,"FeatureMask(f0=True, f1=True, f2=True, f3=True, f4=False, f5=False, f6=True, f7=True, f8=False, f9=True, f10=False, f11=True, f12=True)",0.9509211864733172
18.516000000000002,"FeatureMask(f0=True, f1=True, f2=True, f3=True, f4=False, f5=False, f6=True, f7=True, f8=False, f9=True, f10=False, f11=True, f12=True)",0.9509211864733172
18.516000000000002,"FeatureMask(f0=True, f1=True, f2=True, f3=True, f4=False, f5=False, f6=True, f7=True, f8=False, f9=True, f10=False, f11=True, f12=True)",0.9509211864733172
18.516000000000002,"FeatureMask(f0=True, f1=True, f2=True, f3=True, f4=False, f5=False, f6=True, f7=True, f8=False, f9=True, f10=False, f11=True, f12=True)",0.9509211864733172
18.516000000000002,"FeatureMask(f0=True, f1=True, f2=True, f3=True, f4=False, f5=False, f6=True, f7=True, f8=False, f9=True, f10=False, f11=True, f12=True)",0.9509211864733172
18.516000000000002,"FeatureMask(f0=True, f1=True, f2=True, f3=True, f4=False, f5=False, f6=True, f7=True, f8=False, f9=True, f10=False, f11=True, f12=True)",0.9509211864733172
18.516000000000002,"FeatureMask(f0=True, f1=True, f2=True, f3=True, f4=False, f5=False, f6=True, f7=True, f8=False, f9=True, f10=False, f11=True, f12=True)",0.9509211864733172
18.516000000000002,"FeatureMask(f0=True, f1=True, f2=True, f3=True, f4=False, f5=False, f6=True, f7=True, f8=False, f9=True, f10=False, f11=True, f12=True)",0.9509211864733172
18.516000000000002,"FeatureMask(f0=True, f1=True, f2=True, f3=True, f4=False, f5=False, f6=True, f7=True, f8=False, f9=True, f10=False, f11=True, f12=True)",0.9509211864733172
18.516000000000002,"FeatureMask(f0=True, f1=True, f2=True, f3=True, f4=False, f5=False, f6=True, f7=True, f8=False, f9=True, f10=False, f11=True, f12=True)",0.9509211864733172
18.61,"FeatureMask(f0=True, f1=True, f2=True, f3=True, f4=False, f5=False, f6=True, f7=True, f8=False, f9=True, f10=False, f11=True, f12=True)",0.9509211864733172
18.735,"FeatureMask(f0=True, f1=True, f2=True, f3=True, f4=False, f5=False, f6=True, f7=True, f8=False, f9=True, f10=False, f11=True, f12=True)",0.9509211864733172
18.735,"FeatureMask(f0=True, f1=True, f2=True, f3=True, f4=False, f5=False, f6=True, f7=True, f8=False, f9=True, f10=False, f11=True, f12=True)",0.9509211864733172
18.735,"FeatureMask(f0=True, f1=True, f2=True, f3=True, f4=False, f5=False, f6=True, f7=True, f8=False, f9=True, f10=False, f11=True, f12=True)",0.9509211864733172
18.735,"FeatureMask(f0=True, f1=True, f2=True, f3=True, f4=False, f5=False, f6=True, f7=True, f8=False, f9=True, f10=False, f11=True, f12=True)",0.9509211864733172
18.735,"FeatureMask(f0=True, f1=True, f2=True, f3=True, f4=False, f5=False, f6=True, f7=True, f8=False, f9=True, f10=False, f11=True, f12=True)",0.9509211864733172
18.735,"FeatureMask(f0=True, f1=True, f2=True, f3=True, f4=False, f5=False, f6=True, f7=True, f8=False, f9=True, f10=False, f11=True, f12=True)",0.9509211864733172
18.735,"FeatureMask(f0=True, f1=True, f2=True, f3=True, f4=False, f5=False, f6=True, f7=True, f8=False, f9=True, f10=False, f11=True, f12=True)",0.9509211864733172
18.735,"FeatureMask(f0=True, f1=True, f2=True, f3=True, f4=False, f5=False, f6=True, f7=True, f8=False, f9=True, f10=False, f11=True, f12=True)",0.9509211864733172
18.735,"FeatureMask(f0=True, f1=True, f2=True, f3=True, f4=False, f5=False, f6=True, f7=True, f8=False, f9=True, f10=False, f11=True, f12=True)",0.9509211864733172
18.735,"FeatureMask(f0=True, f1=True, f2=True, f3=True, f4=False, f5=False, f6=True, f7=True, f8=False, f9=True, f10=False, f11=True, f12=True)",0.9509211864733172
18.828,"FeatureMask(f0=True, f1=True, f2=True, f3=True, f4=False, f5=False, f6=True, f7=True, f8=False, f9=True, f10=False, f11=True, f12=True)",0.9509211864733172
18.922,"FeatureMask(f0=True, f1=True, f2=True, f3=True, f4=False, f5=False, f6=True, f7=True, f8=False, f9=True, f10=False, f11=True, f12=True)",0.9509211864733172
18.922,"FeatureMask(f0=True, f1=True, f2=True, f3=True, f4=False, f5=False, f6=True, f7=True, f8=False, f9=True, f10=False, f11=True, f12=True)",0.9509211864733172
18.922,"FeatureMask(f0=True, f1=True, f2=True, f3=True, f4=False, f5=False, f6=True, f7=True, f8=False, f9=True, f10=False, f11=True, f12=True)",0.9509211864733172
18.922,"FeatureMask(f0=True, f1=True, f2=True, f3=True, f4=False, f5=False, f6=True, f7=True, f8=False, f9=True, f10=False, f11=True, f12=True)",0.9509211864733172
18.922,"FeatureMask(f0=True, f1=True, f2=True, f3=True, f4=False, f5=False, f6=True, f7=True, f8=False, f9=True, f10=False, f11=True, f12=True)",0.9509211864733172
18.922,"FeatureMask(f0=True, f1=True, f2=True, f3=True, f4=False, f5=False, f6=True, f7=True, f8=False, f9=True, f10=False, f11=True, f12=True)",0.9509211864733172
18.922,"FeatureMask(f0=True, f1=True, f2=True, f3=True, f4=False, f5=False, f6=True, f7=True, f8=False, f9=True, f10=False, f11=True, f12=True)",0.9509211864733172
18.922,"FeatureMask(f0=True, f1=True, f2=True, f3=True, f4=False, f5=False, f6=True, f7=True, f8=False, f9=True, f10=False, f11=True, f12=True)",0.9509211864733172
18.922,"FeatureMask(f0=True, f1=True, f2=True, f3=True, f4=False, f5=False, f6=True, f7=True, f8=False, f9=True, f10=False, f11=True, f12=True)",0.9509211864733172
18.922,"FeatureMask(f0=True, f1=True, f2=True, f3=True, f4=False, f5=False, f6=True, f7=True, f8=False, f9=True, f10=False, f11=True, f12=True)",0.9509211864733172
19.016000000000002,"FeatureMask(f0=True, f1=True, f2=True, f3=True, f4=False, f5=False, f6=True, f7=True, f8=False, f9=True, f10=False, f11=True, f12=True)",0.9509211864733172
19.125,"FeatureMask(f0=True, f1=True, f2=True, f3=True, f4=False, f5=False, f6=True, f7=True, f8=False, f9=True, f10=False, f11=True, f12=True)",0.9509211864733172
19.125,"FeatureMask(f0=True, f1=True, f2=True, f3=True, f4=False, f5=False, f6=True, f7=True, f8=False, f9=True, f10=False, f11=True, f12=True)",0.9509211864733172
19.125,"FeatureMask(f0=True, f1=True, f2=True, f3=True, f4=False, f5=False, f6=True, f7=True, f8=False, f9=True, f10=False, f11=True, f12=True)",0.9509211864733172
19.125,"FeatureMask(f0=True, f1=True, f2=True, f3=True, f4=False, f5=False, f6=True, f7=True, f8=False, f9=True, f10=False, f11=True, f12=True)",0.9509211864733172
19.125,"FeatureMask(f0=True, f1=True, f2=True, f3=True, f4=False, f5=False, f6=True, f7=True, f8=False, f9=True, f10=False, f11=True, f12=True)",0.9509211864733172
19.125,"FeatureMask(f0=True, f1=True, f2=True, f3=True, f4=False, f5=False, f6=True, f7=True, f8=False, f9=True, f10=False, f11=True, f12=True)",0.9509211864733172
19.125,"FeatureMask(f0=True, f1=True, f2=True, f3=True, f4=False, f5=False, f6=True, f7=True, f8=False, f9=True, f10=False, f11=True, f12=True)",0.9509211864733172
19.125,"FeatureMask(f0=True, f1=True, f2=True, f3=True, f4=False, f5=False, f6=True, f7=True, f8=False, f9=True, f10=False, f11=True, f12=True)",0.9509211864733172
19.125,"FeatureMask(f0=True, f1=True, f2=True, f3=True, f4=False, f5=False, f6=True, f7=True, f8=False, f9=True, f10=False, f11=True, f12=True)",0.9509211864733172
19.125,"FeatureMask(f0=True, f1=True, f2=True, f3=True, f4=False, f5=False, f6=True, f7=True, f8=False, f9=True, f10=False, f11=True, f12=True)",0.9509211864733172
19.188000000000002,"FeatureMask(f0=True, f1=True, f2=True, f3=True, f4=False, f5=False, f6=True, f7=True, f8=False, f9=True, f10=False, f11=True, f12=True)",0.9509211864733172
19.328000000000003,"FeatureMask(f0=True, f1=True, f2=True, f3=True, f4=False, f5=False, f6=True, f7=True, f8=False, f9=True, f10=False, f11=True, f12=True)",0.9509211864733172
19.328000000000003,"FeatureMask(f0=True, f1=True, f2=True, f3=True, f4=False, f5=False, f6=True, f7=True, f8=False, f9=True, f10=False, f11=True, f12=True)",0.9509211864733172
19.328000000000003,"FeatureMask(f0=True, f1=True, f2=True, f3=True, f4=False, f5=False, f6=True, f7=True, f8=False, f9=True, f10=False, f11=True, f12=True)",0.9509211864733172
19.328000000000003,"FeatureMask(f0=True, f1=True, f2=True, f3=True, f4=False, f5=False, f6=True, f7=True, f8=False, f9=True, f10=False, f11=True, f12=True)",0.9509211864733172
19.328000000000003,"FeatureMask(f0=True, f1=True, f2=True, f3=True, f4=False, f5=False, f6=True, f7=True, f8=False, f9=True, f10=False, f11=True, f12=True)",0.9509211864733172
19.328000000000003,"FeatureMask(f0=True, f1=True, f2=True, f3=True, f4=False, f5=False, f6=True, f7=True, f8=False, f9=True, f10=False, f11=True, f12=True)",0.9509211864733172
19.328000000000003,"FeatureMask(f0=True, f1=True, f2=True, f3=True, f4=False, f5=False, f6=True, f7=True, f8=False, f9=True, f10=False, f11=True, f12=True)",0.9509211864733172
19.328000000000003,"FeatureMask(f0=True, f1=True, f2=True, f3=True, f4=False, f5=False, f6=True, f7=True, f8=False, f9=True, f10=False, f11=True, f12=True)",0.9509211864733172
19.328000000000003,"FeatureMask(f0=True, f1=True, f2=True, f3=True, f4=False, f5=False, f6=True, f7=True, f8=False, f9=True, f10=False, f11=True, f12=True)",0.9509211864733172
19.328000000000003,"FeatureMask(f0=True, f1=True, f2=True, f3=True, f4=False, f5=False, f6=True, f7=True, f8=False, f9=True, f10=False, f11=True, f12=True)",0.9509211864733172
19.438000000000002,"FeatureMask(f0=True, f1=True, f2=True, f3=True, f4=False, f5=False, f6=True, f7=True, f8=False, f9=True, f10=False, f11=True, f12=True)",0.9509211864733172
19.547,"FeatureMask(f0=True, f1=True, f2=True, f3=True, f4=False, f5=False, f6=True, f7=True, f8=False, f9=True, f10=False, f11=True, f12=True)",0.9509211864733172
19.547,"FeatureMask(f0=True, f1=True, f2=True, f3=True, f4=False, f5=False, f6=True, f7=True, f8=False, f9=True, f10=False, f11=True, f12=True)",0.9509211864733172
19.547,"FeatureMask(f0=True, f1=True, f2=True, f3=True, f4=False, f5=False, f6=True, f7=True, f8=False, f9=True, f10=False, f11=True, f12=True)",0.9509211864733172
19.547,"FeatureMask(f0=True, f1=True, f2=True, f3=True, f4=False, f5=False, f6=True, f7=True, f8=False, f9=True, f10=False, f11=True, f12=True)",0.9509211864733172
19.547,"FeatureMask(f0=True, f1=True, f2=True, f3=True, f4=False, f5=False, f6=True, f7=True, f8=False, f9=True, f10=False, f11=True, f12=True)",0.9509211864733172
19.547,"FeatureMask(f0=True, f1=True, f2=True, f3=True, f4=False, f5=False, f6=True, f7=True, f8=False, f9=True, f10=False, f11=True, f12=True)",0.9509211864733172
19.547,"FeatureMask(f0=True, f1=True, f2=True, f3=True, f4=False, f5=False, f6=True, f7=True, f8=False, f9=True, f10=False, f11=True, f12=True)",0.9509211864733172
19.547,"FeatureMask(f0=True, f1=True, f2=True, f3=True, f4=False, f5=False, f6=True, f7=True, f8=False, f9=True, f10=False, f11=True, f12=True)",0.9509211864733172
19.547,"FeatureMask(f0=True, f1=True, f2=True, f3=True, f4=False, f5=False, f6=True, f7=True, f8=False, f9=True, f10=False, f11=True, f12=True)",0.9509211864733172
19.547,"FeatureMask(f0=True, f1=True, f2=True, f3=True, f4=False, f5=False, f6=True, f7=True, f8=False, f9=True, f10=False, f11=True, f12=True)",0.9509211864733172
19.766000000000002,"FeatureMask(f0=True, f1=True, f2=True, f3=True, f4=False, f5=False, f6=True, f7=True, f8=False, f9=True, f10=False, f11=True, f12=True)",0.9509211864733172
19.766000000000002,"FeatureMask(f0=True, f1=True, f2=True, f3=True, f4=False, f5=False, f6=True, f7=True, f8=False, f9=True, f10=False, f11=True, f12=True)",0.9509211864733172
19.766000000000002,"FeatureMask(f0=True, f1=True, f2=True, f3=True, f4=False, f5=False, f6=True, f7=True, f8=False, f9=True, f10=False, f11=True, f12=True)",0.9509211864733172
19.766000000000002,"FeatureMask(f0=True, f1=True, f2=True, f3=True, f4=False, f5=False, f6=True, f7=True, f8=False, f9=True, f10=False, f11=True, f12=True)",0.9509211864733172
19.766000000000002,"FeatureMask(f0=True, f1=True, f2=True, f3=True, f4=False, f5=False, f6=True, f7=True, f8=False, f9=True, f10=False, f11=True, f12=True)",0.9509211864733172
19.766000000000002,"FeatureMask(f0=True, f1=True, f2=True, f3=True, f4=False, f5=False, f6=True, f7=True, f8=False, f9=True, f10=False, f11=True, f12=True)",0.9509211864733172
19.766000000000002,"FeatureMask(f0=True, f1=True, f2=True, f3=True, f4=False, f5=False, f6=True, f7=True, f8=False, f9=True, f10=False, f11=True, f12=True)",0.9509211864733172
19.766000000000002,"FeatureMask(f0=True, f1=True, f2=True, f3=True, f4=False, f5=False, f6=True, f7=True, f8=False, f9=True, f10=False, f11=True, f12=True)",0.9509211864733172
19.766000000000002,"FeatureMask(f0=True, f1=True, f2=True, f3=True, f4=False, f5=False, f6=True, f7=True, f8=False, f9=True, f10=False, f11=True, f12=True)",0.9509211864733172
19.766000000000002,"FeatureMask(f0=True, f1=True, f2=True, f3=True, f4=False, f5=False, f6=True, f7=True, f8=False, f9=True, f10=False, f11=True, f12=True)",0.9509211864733172
19.860000000000003,"FeatureMask(f0=True, f1=True, f2=True, f3=True, f4=False, f5=False, f6=True, f7=True, f8=False, f9=True, f10=False, f11=True, f12=True)",0.9509211864733172
19.969,"FeatureMask(f0=True, f1=True, f2=True, f3=True, f4=False, f5=False, f6=True, f7=True, f8=False, f9=True, f10=False, f11=True, f12=True)",0.9509211864733172
19.969,"FeatureMask(f0=True, f1=True, f2=True, f3=True, f4=False, f5=False, f6=True, f7=True, f8=False, f9=True, f10=False, f11=True, f12=True)",0.9509211864733172
19.969,"FeatureMask(f0=True, f1=True, f2=True, f3=True, f4=False, f5=False, f6=True, f7=True, f8=False, f9=True, f10=False, f11=True, f12=True)",0.9509211864733172
19.969,"FeatureMask(f0=True, f1=True, f2=True, f3=True, f4=False, f5=False, f6=True, f7=True, f8=False, f9=True, f10=False, f11=True, f12=True)",0.9509211864733172
19.969,"FeatureMask(f0=True, f1=True, f2=True, f3=True, f4=False, f5=False, f6=True, f7=True, f8=False, f9=True, f10=False, f11=True, f12=True)",0.9509211864733172
19.969,"FeatureMask(f0=True, f1=True, f2=True, f3=True, f4=False, f5=False, f6=True, f7=True, f8=False, f9=True, f10=False, f11=True, f12=True)",0.9509211864733172
19.969,"FeatureMask(f0=True, f1=True, f2=True, f3=True, f4=False, f5=False, f6=True, f7=True, f8=False, f9=True, f10=False, f11=True, f12=True)",0.9509211864733172
19.969,"FeatureMask(f0=True, f1=True, f2=True, f3=True, f4=False, f5=False, f6=True, f7=True, f8=False, f9=True, f10=False, f11=True, f12=True)",0.9509211864733172
19.969,"FeatureMask(f0=True, f1=True, f2=True, f3=True, f4=False, f5=False, f6=True, f7=True, f8=False, f9=True, f10=False, f11=True, f12=True)",0.9509211864733172
19.969,"FeatureMask(f0=True, f1=True, f2=True, f3=True, f4=False, f5=False, f6=True, f7=True, f8=False, f9=True, f10=False, f11=True, f12=True)",0.9509211864733172
20.063000000000002,"FeatureMask(f0=True, f1=True, f2=True, f3=True, f4=False, f5=False, f6=True, f7=True, f8=False, f9=True, f10=False, f11=True, f12=True)",0.9509211864733172
20.063000000000002,"FeatureMask(f0=True, f1=True, f2=True, f3=True, f4=False, f5=False, f6=True, f7=True, f8=False, f9=True, f10=False, f11=True, f12=True)",0.9509211864733172
20.172,"FeatureMask(f0=True, f1=True, f2=True, f3=True, f4=False, f5=False, f6=True, f7=True, f8=False, f9=True, f10=False, f11=True, f12=True)",0.9509211864733172
20.172,"FeatureMask(f0=True, f1=True, f2=True, f3=True, f4=False, f5=False, f6=True, f7=True, f8=False, f9=True, f10=False, f11=True, f12=True)",0.9509211864733172
20.172,"FeatureMask(f0=True, f1=True, f2=True, f3=True, f4=False, f5=False, f6=True, f7=True, f8=False, f9=True, f10=False, f11=True, f12=True)",0.9509211864733172
20.172,"FeatureMask(f0=True, f1=True, f2=True, f3=True, f4=False, f5=False, f6=True, f7=True, f8=False, f9=True, f10=False, f11=True, f12=True)",0.9509211864733172
20.172,"FeatureMask(f0=True, f1=True, f2=True, f3=True, f4=False, f5=False, f6=True, f7=True, f8=False, f9=True, f10=False, f11=True, f12=True)",0.9509211864733172
20.172,"FeatureMask(f0=True, f1=True, f2=True, f3=True, f4=False, f5=False, f6=True, f7=True, f8=False, f9=True, f10=False, f11=True, f12=True)",0.9509211864733172
20.172,"FeatureMask(f0=True, f1=True, f2=True, f3=True, f4=False, f5=False, f6=True, f7=True, f8=False, f9=True, f10=False, f11=True, f12=True)",0.9509211864733172
20.172,"FeatureMask(f0=True, f1=True, f2=True, f3=True, f4=False, f5=False, f6=True, f7=True, f8=False, f9=True, f10=False, f11=True, f12=True)",0.9509211864733172
20.172,"FeatureMask(f0=True, f1=True, f2=True, f3=True, f4=False, f5=False, f6=True, f7=True, f8=False, f9=True, f10=False, f11=True, f12=True)",0.9509211864733172
20.172,"FeatureMask(f0=True, f1=True, f2=True, f3=True, f4=False, f5=False, f6=True, f7=True, f8=False, f9=True, f10=False, f11=True, f12=True)",0.9509211864733172
20.188000000000002,"FeatureMask(f0=True, f1=True, f2=True, f3=True, f4=False, f5=False, f6=True, f7=False, f8=False, f9=True, f10=False, f11=True, f12=True)",0.9509211864733172
20.266000000000002,"FeatureMask(f0=True, f1=True, f2=True, f3=True, f4=False, f5=False, f6=True, f7=True, f8=False, f9=True, f10=False, f11=True, f12=True)",0.9509211864733172
20.391000000000002,"FeatureMask(f0=True, f1=True, f2=True, f3=True, f4=False, f5=False, f6=True, f7=True, f8=False, f9=True, f10=False, f11=True, f12=True)",0.9509211864733172
20.391000000000002,"FeatureMask(f0=True, f1=True, f2=True, f3=True, f4=False, f5=False, f6=True, f7=True, f8=False, f9=True, f10=False, f11=True, f12=True)",0.9509211864733172
20.391000000000002,"FeatureMask(f0=True, f1=True, f2=True, f3=True, f4=False, f5=False, f6=True, f7=True, f8=False, f9=True, f10=False, f11=True, f12=True)",0.9509211864733172
20.391000000000002,"FeatureMask(f0=True, f1=True, f2=True, f3=True, f4=False, f5=False, f6=True, f7=True, f8=False, f9=True, f10=False, f11=True, f12=True)",0.9509211864733172
20.391000000000002,"FeatureMask(f0=True, f1=True, f2=True, f3=True, f4=False, f5=False, f6=True, f7=True, f8=False, f9=True, f10=False, f11=True, f12=True)",0.9509211864733172
20.391000000000002,"FeatureMask(f0=True, f1=True, f2=True, f3=True, f4=False, f5=False, f6=True, f7=True, f8=False, f9=True, f10=False, f11=True, f12=True)",0.9509211864733172
20.391000000000002,"FeatureMask(f0=True, f1=True, f2=True, f3=True, f4=False, f5=False, f6=True, f7=True, f8=False, f9=True, f10=False, f11=True, f12=True)",0.9509211864733172
20.391000000000002,"FeatureMask(f0=True, f1=True, f2=True, f3=True, f4=False, f5=False, f6=True, f7=True, f8=False, f9=True, f10=False, f11=True, f12=True)",0.9509211864733172
20.391000000000002,"FeatureMask(f0=True, f1=True, f2=True, f3=True, f4=False, f5=False, f6=True, f7=True, f8=False, f9=True, f10=False, f11=True, f12=True)",0.9509211864733172
20.391000000000002,"FeatureMask(f0=True, f1=True, f2=True, f3=True, f4=False, f5=False, f6=True, f7=True, f8=False, f9=True, f10=False, f11=True, f12=True)",0.9509211864733172
20.485000000000003,"FeatureMask(f0=True, f1=True, f2=True, f3=True, f4=False, f5=False, f6=True, f7=True, f8=False, f9=True, f10=False, f11=True, f12=True)",0.9509211864733172
20.594,"FeatureMask(f0=True, f1=True, f2=True, f3=True, f4=False, f5=False, f6=True, f7=True, f8=False, f9=True, f10=False, f11=True, f12=True)",0.9509211864733172
20.594,"FeatureMask(f0=True, f1=True, f2=True, f3=True, f4=False, f5=False, f6=True, f7=True, f8=False, f9=True, f10=False, f11=True, f12=True)",0.9509211864733172
20.594,"FeatureMask(f0=True, f1=True, f2=True, f3=True, f4=False, f5=False, f6=True, f7=True, f8=False, f9=True, f10=False, f11=True, f12=True)",0.9509211864733172
20.594,"FeatureMask(f0=True, f1=True, f2=True, f3=True, f4=False, f5=False, f6=True, f7=True, f8=False, f9=True, f10=False, f11=True, f12=True)",0.9509211864733172
20.594,"FeatureMask(f0=True, f1=True, f2=True, f3=True, f4=False, f5=False, f6=True, f7=True, f8=False, f9=True, f10=False, f11=True, f12=True)",0.9509211864733172
20.594,"FeatureMask(f0=True, f1=True, f2=True, f3=True, f4=False, f5=False, f6=True, f7=True, f8=False, f9=True, f10=False, f11=True, f12=True)",0.9509211864733172
20.594,"FeatureMask(f0=True, f1=True, f2=True, f3=True, f4=False, f5=False, f6=True, f7=True, f8=False, f9=True, f10=False, f11=True, f12=True)",0.9509211864733172
20.594,"FeatureMask(f0=True, f1=True, f2=True, f3=True, f4=False, f5=False, f6=True, f7=True, f8=False, f9=True, f10=False, f11=True, f12=True)",0.9509211864733172
20.594,"FeatureMask(f0=True, f1=True, f2=True, f3=True, f4=False, f5=False, f6=True, f7=True, f8=False, f9=True, f10=False, f11=True, f12=True)",0.9509211864733172
20.594,"FeatureMask(f0=True, f1=True, f2=True, f3=True, f4=False, f5=False, f6=True, f7=True, f8=False, f9=True, f10=False, f11=True, f12=True)",0.9509211864733172
20.688000000000002,"FeatureMask(f0=True, f1=True, f2=True, f3=True, f4=False, f5=False, f6=True, f7=True, f8=False, f9=True, f10=False, f11=True, f12=True)",0.9509211864733172
20.781000000000002,"FeatureMask(f0=True, f1=True, f2=True, f3=True, f4=False, f5=False, f6=True, f7=True, f8=False, f9=True, f10=False, f11=True, f12=True)",0.9509211864733172
20.781000000000002,"FeatureMask(f0=True, f1=True, f2=True, f3=True, f4=False, f5=False, f6=True, f7=True, f8=False, f9=True, f10=False, f11=True, f12=True)",0.9509211864733172
20.781000000000002,"FeatureMask(f0=True, f1=True, f2=True, f3=True, f4=False, f5=False, f6=True, f7=True, f8=False, f9=True, f10=False, f11=True, f12=True)",0.9509211864733172
20.781000000000002,"FeatureMask(f0=True, f1=True, f2=True, f3=True, f4=False, f5=False, f6=True, f7=True, f8=False, f9=True, f10=False, f11=True, f12=True)",0.9509211864733172
20.781000000000002,"FeatureMask(f0=True, f1=True, f2=True, f3=True, f4=False, f5=False, f6=True, f7=True, f8=False, f9=True, f10=False, f11=True, f12=True)",0.9509211864733172
20.781000000000002,"FeatureMask(f0=True, f1=True, f2=True, f3=True, f4=False, f5=False, f6=True, f7=True, f8=False, f9=True, f10=False, f11=True, f12=True)",0.9509211864733172
20.781000000000002,"FeatureMask(f0=True, f1=True, f2=True, f3=True, f4=False, f5=False, f6=True, f7=True, f8=False, f9=True, f10=False, f11=True, f12=True)",0.9509211864733172
20.781000000000002,"FeatureMask(f0=True, f1=True, f2=True, f3=True, f4=False, f5=False, f6=True, f7=True, f8=False, f9=True, f10=False, f11=True, f12=True)",0.9509211864733172
20.781000000000002,"FeatureMask(f0=True, f1=True, f2=True, f3=True, f4=False, f5=False, f6=True, f7=True, f8=False, f9=True, f10=False, f11=True, f12=True)",0.9509211864733172
20.781000000000002,"FeatureMask(f0=True, f1=True, f2=True, f3=True, f4=False, f5=False, f6=True, f7=True, f8=False, f9=True, f10=False, f11=True, f12=True)",0.9509211864733172
20.860000000000003,"FeatureMask(f0=True, f1=True, f2=True, f3=True, f4=False, f5=False, f6=True, f7=True, f8=False, f9=True, f10=False, f11=True, f12=True)",0.9509211864733172
20.969,"FeatureMask(f0=True, f1=True, f2=True, f3=True, f4=False, f5=False, f6=True, f7=True, f8=False, f9=True, f10=False, f11=True, f12=True)",0.9509211864733172
20.969,"FeatureMask(f0=True, f1=True, f2=True, f3=True, f4=False, f5=False, f6=True, f7=True, f8=False, f9=True, f10=False, f11=True, f12=True)",0.9509211864733172
20.969,"FeatureMask(f0=True, f1=True, f2=True, f3=True, f4=False, f5=False, f6=True, f7=True, f8=False, f9=True, f10=False, f11=True, f12=True)",0.9509211864733172
20.969,"FeatureMask(f0=True, f1=True, f2=True, f3=True, f4=False, f5=False, f6=True, f7=True, f8=False, f9=True, f10=False, f11=True, f12=True)",0.9509211864733172
20.969,"FeatureMask(f0=True, f1=True, f2=True, f3=True, f4=False, f5=False, f6=True, f7=True, f8=False, f9=True, f10=False, f11=True, f12=True)",0.9509211864733172
20.969,"FeatureMask(f0=True, f1=True, f2=True, f3=True, f4=False, f5=False, f6=True, f7=True, f8=False, f9=True, f10=False, f11=True, f12=True)",0.9509211864733172
20.969,"FeatureMask(f0=True, f1=True, f2=True, f3=True, f4=False, f5=False, f6=True, f7=True, f8=False, f9=True, f10=False, f11=True, f12=True)",0.9509211864733172
20.969,"FeatureMask(f0=True, f1=True, f2=True, f3=True, f4=False, f5=False, f6=True, f7=True, f8=False, f9=True, f10=False, f11=True, f12=True)",0.9509211864733172
20.969,"FeatureMask(f0=True, f1=True, f2=True, f3=True, f4=False, f5=False, f6=True, f7=True, f8=False, f9=True, f10=False, f11=True, f12=True)",0.9509211864733172
20.969,"FeatureMask(f0=True, f1=True, f2=True, f3=True, f4=False, f5=False, f6=True, f7=True, f8=False, f9=True, f10=False, f11=True, f12=True)",0.9509211864733172
21.063000000000002,"FeatureMask(f0=True, f1=True, f2=True, f3=True, f4=False, f5=False, f6=True, f7=True, f8=False, f9=True, f10=False, f11=True, f12=True)",0.9509211864733172
21.156000000000002,"FeatureMask(f0=True, f1=True, f2=True, f3=True, f4=False, f5=False, f6=True, f7=True, f8=False, f9=True, f10=False, f11=True, f12=True)",0.9509211864733172
21.156000000000002,"FeatureMask(f0=True, f1=True, f2=True, f3=True, f4=False, f5=False, f6=True, f7=True, f8=False, f9=True, f10=False, f11=True, f12=True)",0.9509211864733172
21.156000000000002,"FeatureMask(f0=True, f1=True, f2=True, f3=True, f4=False, f5=False, f6=True, f7=True, f8=False, f9=True, f10=False, f11=True, f12=True)",0.9509211864733172
21.156000000000002,"FeatureMask(f0=True, f1=True, f2=True, f3=True, f4=False, f5=False, f6=True, f7=True, f8=False, f9=True, f10=False, f11=True, f12=True)",0.9509211864733172
21.156000000000002,"FeatureMask(f0=True, f1=True, f2=True, f3=True, f4=False, f5=False, f6=True, f7=True, f8=False, f9=True, f10=False, f11=True, f12=True)",0.9509211864733172
21.156000000000002,"FeatureMask(f0=True, f1=True, f2=True, f3=True, f4=False, f5=False, f6=True, f7=True, f8=False, f9=True, f10=False, f11=True, f12=True)",0.9509211864733172
21.156000000000002,"FeatureMask(f0=True, f1=True, f2=True, f3=True, f4=False, f5=False, f6=True, f7=True, f8=False, f9=True, f10=False, f11=True, f12=True)",0.9509211864733172
21.156000000000002,"FeatureMask(f0=True, f1=True, f2=True, f3=True, f4=False, f5=False, f6=True, f7=True, f8=False, f9=True, f10=False, f11=True, f12=True)",0.9509211864733172
21.156000000000002,"FeatureMask(f0=True, f1=True, f2=True, f3=True, f4=False, f5=False, f6=True, f7=True, f8=False, f9=True, f10=False, f11=True, f12=True)",0.9509211864733172
21.156000000000002,"FeatureMask(f0=True, f1=True, f2=True, f3=True, f4=False, f5=False, f6=True, f7=True, f8=False, f9=True, f10=False, f11=True, f12=True)",0.9509211864733172
21.25,"FeatureMask(f0=True, f1=True, f2=True, f3=True, f4=False, f5=False, f6=True, f7=True, f8=False, f9=True, f10=False, f11=True, f12=True)",0.9509211864733172
21.375,"FeatureMask(f0=True, f1=True, f2=True, f3=True, f4=False, f5=False, f6=True, f7=True, f8=False, f9=True, f10=False, f11=True, f12=True)",0.9509211864733172
21.375,"FeatureMask(f0=True, f1=True, f2=True, f3=True, f4=False, f5=False, f6=True, f7=True, f8=False, f9=True, f10=False, f11=True, f12=True)",0.9509211864733172
21.375,"FeatureMask(f0=True, f1=True, f2=True, f3=True, f4=False, f5=False, f6=True, f7=True, f8=False, f9=True, f10=False, f11=True, f12=True)",0.9509211864733172
21.375,"FeatureMask(f0=True, f1=True, f2=True, f3=True, f4=False, f5=False, f6=True, f7=True, f8=False, f9=True, f10=False, f11=True, f12=True)",0.9509211864733172
21.375,"FeatureMask(f0=True, f1=True, f2=True, f3=True, f4=False, f5=False, f6=True, f7=True, f8=False, f9=True, f10=False, f11=True, f12=True)",0.9509211864733172
21.375,"FeatureMask(f0=True, f1=True, f2=True, f3=True, f4=False, f5=False, f6=True, f7=True, f8=False, f9=True, f10=False, f11=True, f12=True)",0.9509211864733172
21.375,"FeatureMask(f0=True, f1=True, f2=True, f3=True, f4=False, f5=False, f6=True, f7=True, f8=False, f9=True, f10=False, f11=True, f12=True)",0.9509211864733172
21.375,"FeatureMask(f0=True, f1=True, f2=True, f3=True, f4=False, f5=False, f6=True, f7=True, f8=False, f9=True, f10=False, f11=True, f12=True)",0.9509211864733172
21.375,"FeatureMask(f0=True, f1=True, f2=True, f3=True, f4=False, f5=False, f6=True, f7=True, f8=False, f9=True, f10=False, f11=True, f12=True)",0.9509211864733172
21.375,"FeatureMask(f0=True, f1=True, f2=True, f3=True, f4=False, f5=False, f6=True, f7=True, f8=False, f9=True, f10=False, f11=True, f12=True)",0.9509211864733172
21.578000000000003,"FeatureMask(f0=True, f1=True, f2=True, f3=True, f4=False, f5=False, f6=True, f7=True, f8=False, f9=True, f10=False, f11=True, f12=True)",0.9509211864733172
21.578000000000003,"FeatureMask(f0=True, f1=True, f2=True, f3=True, f4=False, f5=False, f6=True, f7=True, f8=False, f9=True, f10=False, f11=True, f12=True)",0.9509211864733172
21.578000000000003,"FeatureMask(f0=True, f1=True, f2=True, f3=True, f4=False, f5=False, f6=True, f7=True, f8=False, f9=True, f10=False, f11=True, f12=True)",0.9509211864733172
21.578000000000003,"FeatureMask(f0=True, f1=True, f2=True, f3=True, f4=False, f5=False, f6=True, f7=True, f8=False, f9=True, f10=False, f11=True, f12=True)",0.9509211864733172
21.578000000000003,"FeatureMask(f0=True, f1=True, f2=True, f3=True, f4=False, f5=False, f6=True, f7=True, f8=False, f9=True, f10=False, f11=True, f12=True)",0.9509211864733172
21.578000000000003,"FeatureMask(f0=True, f1=True, f2=True, f3=True, f4=False, f5=False, f6=True, f7=True, f8=False, f9=True, f10=False, f11=True, f12=True)",0.9509211864733172
21.578000000000003,"FeatureMask(f0=True, f1=True, f2=True, f3=True, f4=False, f5=False, f6=True, f7=True, f8=False, f9=True, f10=False, f11=True, f12=True)",0.9509211864733172
21.578000000000003,"FeatureMask(f0=True, f1=True, f2=True, f3=True, f4=False, f5=False, f6=True, f7=True, f8=False, f9=True, f10=False, f11=True, f12=True)",0.9509211864733172
21.578000000000003,"FeatureMask(f0=True, f1=True, f2=True, f3=True, f4=False, f5=False, f6=True, f7=True, f8=False, f9=True, f10=False, f11=True, f12=True)",0.9509211864733172
21.578000000000003,"FeatureMask(f0=True, f1=True, f2=True, f3=True, f4=False, f5=False, f6=True, f7=True, f8=False, f9=True, f10=False, f11=True, f12=True)",0.9509211864733172
21.672,"FeatureMask(f0=True, f1=True, f2=True, f3=True, f4=False, f5=False, f6=True, f7=True, f8=False, f9=True, f10=False, f11=True, f12=True)",0.9509211864733172
21.797,"FeatureMask(f0=True, f1=True, f2=True, f3=True, f4=False, f5=False, f6=True, f7=True, f8=False, f9=True, f10=False, f11=True, f12=True)",0.9509211864733172
21.797,"FeatureMask(f0=True, f1=True, f2=True, f3=True, f4=False, f5=False, f6=True, f7=True, f8=False, f9=True, f10=False, f11=True, f12=True)",0.9509211864733172
21.797,"FeatureMask(f0=True, f1=True, f2=True, f3=True, f4=False, f5=False, f6=True, f7=True, f8=False, f9=True, f10=False, f11=True, f12=True)",0.9509211864733172
21.797,"FeatureMask(f0=True, f1=True, f2=True, f3=True, f4=False, f5=False, f6=True, f7=True, f8=False, f9=True, f10=False, f11=True, f12=True)",0.9509211864733172
21.797,"FeatureMask(f0=True, f1=True, f2=True, f3=True, f4=False, f5=False, f6=True, f7=True, f8=False, f9=True, f10=False, f11=True, f12=True)",0.9509211864733172
21.797,"FeatureMask(f0=True, f1=True, f2=True, f3=True, f4=False, f5=False, f6=True, f7=True, f8=False, f9=True, f10=False, f11=True, f12=True)",0.9509211864733172
21.797,"FeatureMask(f0=True, f1=True, f2=True, f3=True, f4=False, f5=False, f6=True, f7=True, f8=False, f9=True, f10=False, f11=True, f12=True)",0.9509211864733172
21.797,"FeatureMask(f0=True, f1=True, f2=True, f3=True, f4=False, f5=False, f6=True, f7=True, f8=False, f9=True, f10=False, f11=True, f12=True)",0.9509211864733172
21.797,"FeatureMask(f0=True, f1=True, f2=True, f3=True, f4=False, f5=False, f6=True, f7=True, f8=False, f9=True, f10=False, f11=True, f12=True)",0.9509211864733172
21.797,"FeatureMask(f0=True, f1=True, f2=True, f3=True, f4=False, f5=False, f6=True, f7=True, f8=False, f9=True, f10=False, f11=True, f12=True)",0.9509211864733172
21.875,"FeatureMask(f0=True, f1=True, f2=True, f3=True, f4=False, f5=False, f6=True, f7=True, f8=False, f9=True, f10=False, f11=True, f12=True)",0.9509211864733172
21.969,"FeatureMask(f0=True, f1=True, f2=True, f3=True, f4=False, f5=False, f6=True, f7=True, f8=False, f9=True, f10=False, f11=True, f12=True)",0.9509211864733172
21.969,"FeatureMask(f0=True, f1=True, f2=True, f3=True, f4=False, f5=False, f6=True, f7=True, f8=False, f9=True, f10=False, f11=True, f12=True)",0.9509211864733172
21.969,"FeatureMask(f0=True, f1=True, f2=True, f3=True, f4=False, f5=False, f6=True, f7=True, f8=False, f9=True, f10=False, f11=True, f12=True)",0.9509211864733172
21.969,"FeatureMask(f0=True, f1=True, f2=True, f3=True, f4=False, f5=False, f6=True, f7=True, f8=False, f9=True, f10=False, f11=True, f12=True)",0.9509211864733172
21.969,"FeatureMask(f0=True, f1=True, f2=True, f3=True, f4=False, f5=False, f6=True, f7=True, f8=False, f9=True, f10=False, f11=True, f12=True)",0.9509211864733172
21.969,"FeatureMask(f0=True, f1=True, f2=True, f3=True, f4=False, f5=False, f6=True, f7=True, f8=False, f9=True, f10=False, f11=True, f12=True)",0.9509211864733172
21.969,"FeatureMask(f0=True, f1=True, f2=True, f3=True, f4=False, f5=False, f6=True, f7=True, f8=False, f9=True, f10=False, f11=True, f12=True)",0.9509211864733172
21.969,"FeatureMask(f0=True, f1=True, f2=True, f3=True, f4=False, f5=False, f6=True, f7=True, f8=False, f9=True, f10=False, f11=True, f12=True)",0.9509211864733172
21.969,"FeatureMask(f0=True, f1=True, f2=True, f3=True, f4=False, f5=False, f6=True, f7=True, f8=False, f9=True, f10=False, f11=True, f12=True)",0.9509211864733172
21.969,"FeatureMask(f0=True, f1=True, f2=True, f3=True, f4=False, f5=False, f6=True, f7=True, f8=False, f9=True, f10=False, f11=True, f12=True)",0.9509211864733172
22.047,"FeatureMask(f0=True, f1=True, f2=True, f3=True, f4=False, f5=False, f6=True, f7=True, f8=False, f9=True, f10=False, f11=True, f12=True)",0.9509211864733172
22.047,"FeatureMask(f0=True, f1=True, f2=True, f3=True, f4=False, f5=False, f6=True, f7=True, f8=False, f9=True, f10=False, f11=True, f12=True)",0.9509211864733172
22.047,"FeatureMask(f0=True, f1=True, f2=True, f3=True, f4=False, f5=False, f6=True, f7=True, f8=False, f9=True, f10=False, f11=True, f12=True)",0.9509211864733172
22.047,"FeatureMask(f0=True, f1=True, f2=True, f3=True, f4=False, f5=False, f6=True, f7=True, f8=False, f9=True, f10=False, f11=True, f12=True)",0.9509211864733172
22.047,"FeatureMask(f0=True, f1=True, f2=True, f3=True, f4=False, f5=False, f6=True, f7=True, f8=False, f9=True, f10=False, f11=True, f12=True)",0.9509211864733172
22.047,"FeatureMask(f0=True, f1=True, f2=True, f3=True, f4=False, f5=False, f6=True, f7=True, f8=False, f9=True, f10=False, f11=True, f12=True)",0.9509211864733172
22.047,"FeatureMask(f0=True, f1=True, f2=True, f3=True, f4=False, f5=False, f6=True, f7=True, f8=False, f9=True, f10=False, f11=True, f12=True)",0.9509211864733172
22.047,"FeatureMask(f0=True, f1=True, f2=True, f3=True, f4=False, f5=False, f6=True, f7=True, f8=False, f9=True, f10=False, f11=True, f12=True)",0.9509211864733172
22.047,"FeatureMask(f0=True, f1=True, f2=True, f3=True, f4=False, f5=False, f6=True, f7=True, f8=False, f9=True, f10=False, f11=True, f12=True)",0.9509211864733172
22.047,"FeatureMask(f0=True, f1=True, f2=True, f3=True, f4=False, f5=False, f6=True, f7=True, f8=False, f9=True, f10=False, f11=True, f12=True)",0.9509211864733172
22.156000000000002,"FeatureMask(f0=True, f1=True, f2=True, f3=True, f4=False, f5=False, f6=True, f7=True, f8=False, f9=True, f10=False, f11=True, f12=True)",0.9509211864733172
22.156000000000002,"FeatureMask(f0=True, f1=True, f2=True, f3=True, f4=False, f5=False, f6=True, f7=True, f8=False, f9=True, f10=False, f11=True, f12=True)",0.9509211864733172
22.156000000000002,"FeatureMask(f0=True, f1=True, f2=True, f3=True, f4=False, f5=False, f6=True, f7=True, f8=False, f9=True, f10=False, f11=True, f12=True)",0.9509211864733172
22.156000000000002,"FeatureMask(f0=True, f1=True, f2=True, f3=True, f4=False, f5=False, f6=True, f7=True, f8=False, f9=True, f10=False, f11=True, f12=True)",0.9509211864733172
22.156000000000002,"FeatureMask(f0=True, f1=True, f2=True, f3=True, f4=False, f5=False, f6=True, f7=True, f8=False, f9=True, f10=False, f11=True, f12=True)",0.9509211864733172
22.156000000000002,"FeatureMask(f0=True, f1=True, f2=True, f3=True, f4=False, f5=False, f6=True, f7=True, f8=False, f9=True, f10=False, f11=True, f12=True)",0.9509211864733172
22.156000000000002,"FeatureMask(f0=True, f1=True, f2=True, f3=True, f4=False, f5=False, f6=True, f7=True, f8=False, f9=True, f10=False, f11=True, f12=True)",0.9509211864733172
22.156000000000002,"FeatureMask(f0=True, f1=True, f2=True, f3=True, f4=False, f5=False, f6=True, f7=True, f8=False, f9=True, f10=False, f11=True, f12=True)",0.9509211864733172
22.156000000000002,"FeatureMask(f0=True, f1=True, f2=True, f3=True, f4=False, f5=False, f6=True, f7=True, f8=False, f9=True, f10=False, f11=True, f12=True)",0.9509211864733172
22.156000000000002,"FeatureMask(f0=True, f1=True, f2=True, f3=True, f4=False, f5=False, f6=True, f7=True, f8=False, f9=True, f10=False, f11=True, f12=True)",0.9509211864733172
22.25,"FeatureMask(f0=True, f1=True, f2=True, f3=True, f4=False, f5=False, f6=True, f7=True, f8=False, f9=True, f10=False, f11=True, f12=True)",0.9509211864733172
22.360000000000003,"FeatureMask(f0=True, f1=True, f2=True, f3=True, f4=False, f5=False, f6=True, f7=True, f8=False, f9=True, f10=False, f11=True, f12=True)",0.9509211864733172
22.360000000000003,"FeatureMask(f0=True, f1=True, f2=True, f3=True, f4=False, f5=False, f6=True, f7=True, f8=False, f9=True, f10=False, f11=True, f12=True)",0.9509211864733172
22.360000000000003,"FeatureMask(f0=True, f1=True, f2=True, f3=True, f4=False, f5=False, f6=True, f7=True, f8=False, f9=True, f10=False, f11=True, f12=True)",0.9509211864733172
22.360000000000003,"FeatureMask(f0=True, f1=True, f2=True, f3=True, f4=False, f5=False, f6=True, f7=True, f8=False, f9=True, f10=False, f11=True, f12=True)",0.9509211864733172
22.360000000000003,"FeatureMask(f0=True, f1=True, f2=True, f3=True, f4=False, f5=False, f6=True, f7=True, f8=False, f9=True, f10=False, f11=True, f12=True)",0.9509211864733172
22.360000000000003,"FeatureMask(f0=True, f1=True, f2=True, f3=True, f4=False, f5=False, f6=True, f7=True, f8=False, f9=True, f10=False, f11=True, f12=True)",0.9509211864733172
22.360000000000003,"FeatureMask(f0=True, f1=True, f2=True, f3=True, f4=False, f5=False, f6=True, f7=True, f8=False, f9=True, f10=False, f11=True, f12=True)",0.9509211864733172
22.360000000000003,"FeatureMask(f0=True, f1=True, f2=True, f3=True, f4=False, f5=False, f6=True, f7=True, f8=False, f9=True, f10=False, f11=True, f12=True)",0.9509211864733172
22.360000000000003,"FeatureMask(f0=True, f1=True, f2=True, f3=True, f4=False, f5=False, f6=True, f7=True, f8=False, f9=True, f10=False, f11=True, f12=True)",0.9509211864733172
22.360000000000003,"FeatureMask(f0=True, f1=True, f2=True, f3=True, f4=False, f5=False, f6=True, f7=True, f8=False, f9=True, f10=False, f11=True, f12=True)",0.9509211864733172
22.469,"FeatureMask(f0=True, f1=True, f2=True, f3=True, f4=False, f5=False, f6=True, f7=True, f8=False, f9=True, f10=False, f11=True, f12=True)",0.9509211864733172
22.563000000000002,"FeatureMask(f0=True, f1=True, f2=True, f3=True, f4=False, f5=False, f6=True, f7=True, f8=False, f9=True, f10=False, f11=True, f12=True)",0.9509211864733172
22.563000000000002,"FeatureMask(f0=True, f1=True, f2=True, f3=True, f4=False, f5=False, f6=True, f7=True, f8=False, f9=True, f10=False, f11=True, f12=True)",0.9509211864733172
22.563000000000002,"FeatureMask(f0=True, f1=True, f2=True, f3=True, f4=False, f5=False, f6=True, f7=True, f8=False, f9=True, f10=False, f11=True, f12=True)",0.9509211864733172
22.563000000000002,"FeatureMask(f0=True, f1=True, f2=True, f3=True, f4=False, f5=False, f6=True, f7=True, f8=False, f9=True, f10=False, f11=True, f12=True)",0.9509211864733172
22.563000000000002,"FeatureMask(f0=True, f1=True, f2=True, f3=True, f4=False, f5=False, f6=True, f7=True, f8=False, f9=True, f10=False, f11=True, f12=True)",0.9509211864733172
22.563000000000002,"FeatureMask(f0=True, f1=True, f2=True, f3=True, f4=False, f5=False, f6=True, f7=True, f8=False, f9=True, f10=False, f11=True, f12=True)",0.9509211864733172
22.563000000000002,"FeatureMask(f0=True, f1=True, f2=True, f3=True, f4=False, f5=False, f6=True, f7=True, f8=False, f9=True, f10=False, f11=True, f12=True)",0.9509211864733172
22.563000000000002,"FeatureMask(f0=True, f1=True, f2=True, f3=True, f4=False, f5=False, f6=True, f7=True, f8=False, f9=True, f10=False, f11=True, f12=True)",0.9509211864733172
22.563000000000002,"FeatureMask(f0=True, f1=True, f2=True, f3=True, f4=False, f5=False, f6=True, f7=True, f8=False, f9=True, f10=False, f11=True, f12=True)",0.9509211864733172
22.563000000000002,"FeatureMask(f0=True, f1=True, f2=True, f3=True, f4=False, f5=False, f6=True, f7=True, f8=False, f9=True, f10=False, f11=True, f12=True)",0.9509211864733172
22.781000000000002,"FeatureMask(f0=True, f1=True, f2=True, f3=True, f4=False, f5=False, f6=True, f7=True, f8=False, f9=True, f10=False, f11=True, f12=True)",0.9509211864733172
22.781000000000002,"FeatureMask(f0=True, f1=True, f2=True, f3=True, f4=False, f5=False, f6=True, f7=True, f8=False, f9=True, f10=False, f11=True, f12=True)",0.9509211864733172
22.781000000000002,"FeatureMask(f0=True, f1=True, f2=True, f3=True, f4=False, f5=False, f6=True, f7=True, f8=False, f9=True, f10=False, f11=True, f12=True)",0.9509211864733172
22.781000000000002,"FeatureMask(f0=True, f1=True, f2=True, f3=True, f4=False, f5=False, f6=True, f7=True, f8=False, f9=True, f10=False, f11=True, f12=True)",0.9509211864733172
22.781000000000002,"FeatureMask(f0=True, f1=True, f2=True, f3=True, f4=False, f5=False, f6=True, f7=True, f8=False, f9=True, f10=False, f11=True, f12=True)",0.9509211864733172
22.781000000000002,"FeatureMask(f0=True, f1=True, f2=True, f3=True, f4=False, f5=False, f6=True, f7=True, f8=False, f9=True, f10=False, f11=True, f12=True)",0.9509211864733172
22.781000000000002,"FeatureMask(f0=True, f1=True, f2=True, f3=True, f4=False, f5=False, f6=True, f7=True, f8=False, f9=True, f10=False, f11=True, f12=True)",0.9509211864733172
22.781000000000002,"FeatureMask(f0=True, f1=True, f2=True, f3=True, f4=False, f5=False, f6=True, f7=True, f8=False, f9=True, f10=False, f11=True, f12=True)",0.9509211864733172
22.781000000000002,"FeatureMask(f0=True, f1=True, f2=True, f3=True, f4=False, f5=False, f6=True, f7=True, f8=False, f9=True, f10=False, f11=True, f12=True)",0.9509211864733172
22.781000000000002,"FeatureMask(f0=True, f1=True, f2=True, f3=True, f4=False, f5=False, f6=True, f7=True, f8=False, f9=True, f10=False, f11=True, f12=True)",0.9509211864733172
23.0,"FeatureMask(f0=True, f1=True, f2=True, f3=True, f4=False, f5=False, f6=True, f7=True, f8=False, f9=True, f10=False, f11=True, f12=True)",0.9509211864733172
23.0,"FeatureMask(f0=True, f1=True, f2=True, f3=True, f4=False, f5=False, f6=True, f7=True, f8=False, f9=True, f10=False, f11=True, f12=True)",0.9509211864733172
23.0,"FeatureMask(f0=True, f1=True, f2=True, f3=True, f4=False, f5=False, f6=True, f7=True, f8=False, f9=True, f10=False, f11=True, f12=True)",0.9509211864733172
23.0,"FeatureMask(f0=True, f1=True, f2=True, f3=True, f4=False, f5=False, f6=True, f7=True, f8=False, f9=True, f10=False, f11=True, f12=True)",0.9509211864733172
23.0,"FeatureMask(f0=True, f1=True, f2=True, f3=True, f4=False, f5=False, f6=True, f7=True, f8=False, f9=True, f10=False, f11=True, f12=True)",0.9509211864733172
23.0,"FeatureMask(f0=True, f1=True, f2=True, f3=True, f4=False, f5=False, f6=True, f7=True, f8=False, f9=True, f10=False, f11=True, f12=True)",0.9509211864733172
23.0,"FeatureMask(f0=True, f1=True, f2=True, f3=True, f4=False, f5=False, f6=True, f7=True, f8=False, f9=True, f10=False, f11=True, f12=True)",0.9509211864733172
23.0,"FeatureMask(f0=True, f1=True, f2=True, f3=True, f4=False, f5=False, f6=True, f7=True, f8=False, f9=True, f10=False, f11=True, f12=True)",0.9509211864733172
23.0,"FeatureMask(f0=True, f1=True, f2=True, f3=True, f4=False, f5=False, f6=True, f7=True, f8=False, f9=True, f10=False, f11=True, f12=True)",0.9509211864733172
23.0,"FeatureMask(f0=True, f1=True, f2=True, f3=True, f4=False, f5=False, f6=True, f7=True, f8=False, f9=True, f10=False, f11=True, f12=True)",0.9509211864733172
23.235000000000003,"FeatureMask(f0=True, f1=True, f2=True, f3=True, f4=False, f5=False, f6=True, f7=True, f8=False, f9=True, f10=False, f11=True, f12=True)",0.9509211864733172
23.235000000000003,"FeatureMask(f0=True, f1=True, f2=True, f3=True, f4=False, f5=False, f6=True, f7=True, f8=False, f9=True, f10=False, f11=True, f12=True)",0.9509211864733172
23.235000000000003,"FeatureMask(f0=True, f1=True, f2=True, f3=True, f4=False, f5=False, f6=True, f7=True, f8=False, f9=True, f10=False, f11=True, f12=True)",0.9509211864733172
23.235000000000003,"FeatureMask(f0=True, f1=True, f2=True, f3=True, f4=False, f5=False, f6=True, f7=True, f8=False, f9=True, f10=False, f11=True, f12=True)",0.9509211864733172
23.235000000000003,"FeatureMask(f0=True, f1=True, f2=True, f3=True, f4=False, f5=False, f6=True, f7=True, f8=False, f9=True, f10=False, f11=True, f12=True)",0.9509211864733172
23.235000000000003,"FeatureMask(f0=True, f1=True, f2=True, f3=True, f4=False, f5=False, f6=True, f7=True, f8=False, f9=True, f10=False, f11=True, f12=True)",0.9509211864733172
23.235000000000003,"FeatureMask(f0=True, f1=True, f2=True, f3=True, f4=False, f5=False, f6=True, f7=True, f8=False, f9=True, f10=False, f11=True, f12=True)",0.9509211864733172
23.235000000000003,"FeatureMask(f0=True, f1=True, f2=True, f3=True, f4=False, f5=False, f6=True, f7=True, f8=False, f9=True, f10=False, f11=True, f12=True)",0.9509211864733172
23.235000000000003,"FeatureMask(f0=True, f1=True, f2=True, f3=True, f4=False, f5=False, f6=True, f7=True, f8=False, f9=True, f10=False, f11=True, f12=True)",0.9509211864733172
23.235000000000003,"FeatureMask(f0=True, f1=True, f2=True, f3=True, f4=False, f5=False, f6=True, f7=True, f8=False, f9=True, f10=False, f11=True, f12=True)",0.9509211864733172
23.422,"FeatureMask(f0=True, f1=True, f2=True, f3=True, f4=False, f5=False, f6=True, f7=True, f8=False, f9=True, f10=False, f11=True, f12=True)",0.9509211864733172
23.422,"FeatureMask(f0=True, f1=True, f2=True, f3=True, f4=False, f5=False, f6=True, f7=True, f8=False, f9=True, f10=False, f11=True, f12=True)",0.9509211864733172
23.422,"FeatureMask(f0=True, f1=True, f2=True, f3=True, f4=False, f5=False, f6=True, f7=True, f8=False, f9=True, f10=False, f11=True, f12=True)",0.9509211864733172
23.422,"FeatureMask(f0=True, f1=True, f2=True, f3=True, f4=False, f5=False, f6=True, f7=True, f8=False, f9=True, f10=False, f11=True, f12=True)",0.9509211864733172
23.422,"FeatureMask(f0=True, f1=True, f2=True, f3=True, f4=False, f5=False, f6=True, f7=True, f8=False, f9=True, f10=False, f11=True, f12=True)",0.9509211864733172
23.422,"FeatureMask(f0=True, f1=True, f2=True, f3=True, f4=False, f5=False, f6=True, f7=True, f8=False, f9=True, f10=False, f11=True, f12=True)",0.9509211864733172
23.422,"FeatureMask(f0=True, f1=True, f2=True, f3=True, f4=False, f5=False, f6=True, f7=True, f8=False, f9=True, f10=False, f11=True, f12=True)",0.9509211864733172
23.422,"FeatureMask(f0=True, f1=True, f2=True, f3=True, f4=False, f5=False, f6=True, f7=True, f8=False, f9=True, f10=False, f11=True, f12=True)",0.9509211864733172
23.422,"FeatureMask(f0=True, f1=True, f2=True, f3=True, f4=False, f5=False, f6=True, f7=True, f8=False, f9=True, f10=False, f11=True, f12=True)",0.9509211864733172
23.422,"FeatureMask(f0=True, f1=True, f2=True, f3=True, f4=False, f5=False, f6=True, f7=True, f8=False, f9=True, f10=False, f11=True, f12=True)",0.9509211864733172
23.641000000000002,"FeatureMask(f0=True, f1=True, f2=True, f3=True, f4=False, f5=False, f6=True, f7=True, f8=False, f9=True, f10=False, f11=True, f12=True)",0.9509211864733172
23.641000000000002,"FeatureMask(f0=True, f1=True, f2=True, f3=True, f4=False, f5=False, f6=True, f7=True, f8=False, f9=True, f10=False, f11=True, f12=True)",0.9509211864733172
23.641000000000002,"FeatureMask(f0=True, f1=True, f2=True, f3=True, f4=False, f5=False, f6=True, f7=True, f8=False, f9=True, f10=False, f11=True, f12=True)",0.9509211864733172
23.641000000000002,"FeatureMask(f0=True, f1=True, f2=True, f3=True, f4=False, f5=False, f6=True, f7=True, f8=False, f9=True, f10=False, f11=True, f12=True)",0.9509211864733172
23.641000000000002,"FeatureMask(f0=True, f1=True, f2=True, f3=True, f4=False, f5=False, f6=True, f7=True, f8=False, f9=True, f10=False, f11=True, f12=True)",0.9509211864733172
23.641000000000002,"FeatureMask(f0=True, f1=True, f2=True, f3=True, f4=False, f5=False, f6=True, f7=True, f8=False, f9=True, f10=False, f11=True, f12=True)",0.9509211864733172
23.641000000000002,"FeatureMask(f0=True, f1=True, f2=True, f3=True, f4=False, f5=False, f6=True, f7=True, f8=False, f9=True, f10=False, f11=True, f12=True)",0.9509211864733172
23.641000000000002,"FeatureMask(f0=True, f1=True, f2=True, f3=True, f4=False, f5=False, f6=True, f7=True, f8=False, f9=True, f10=False, f11=True, f12=True)",0.9509211864733172
23.641000000000002,"FeatureMask(f0=True, f1=True, f2=True, f3=True, f4=False, f5=False, f6=True, f7=True, f8=False, f9=True, f10=False, f11=True, f12=True)",0.9509211864733172
23.641000000000002,"FeatureMask(f0=True, f1=True, f2=True, f3=True, f4=False, f5=False, f6=True, f7=True, f8=False, f9=True, f10=False, f11=True, f12=True)",0.9509211864733172
23.735000000000003,"FeatureMask(f0=True, f1=True, f2=True, f3=True, f4=False, f5=False, f6=True, f7=True, f8=False, f9=True, f10=False, f11=True, f12=True)",0.9509211864733172
23.860000000000003,"FeatureMask(f0=True, f1=True, f2=True, f3=True, f4=False, f5=False, f6=True, f7=True, f8=False, f9=True, f10=False, f11=True, f12=True)",0.9509211864733172
23.860000000000003,"FeatureMask(f0=True, f1=True, f2=True, f3=True, f4=False, f5=False, f6=True, f7=True, f8=False, f9=True, f10=False, f11=True, f12=True)",0.9509211864733172
23.860000000000003,"FeatureMask(f0=True, f1=True, f2=True, f3=True, f4=False, f5=False, f6=True, f7=True, f8=False, f9=True, f10=False, f11=True, f12=True)",0.9509211864733172
23.860000000000003,"FeatureMask(f0=True, f1=True, f2=True, f3=True, f4=False, f5=False, f6=True, f7=True, f8=False, f9=True, f10=False, f11=True, f12=True)",0.9509211864733172
23.860000000000003,"FeatureMask(f0=True, f1=True, f2=True, f3=True, f4=False, f5=False, f6=True, f7=True, f8=False, f9=True, f10=False, f11=True, f12=True)",0.9509211864733172
23.860000000000003,"FeatureMask(f0=True, f1=True, f2=True, f3=True, f4=False, f5=False, f6=True, f7=True, f8=False, f9=True, f10=False, f11=True, f12=True)",0.9509211864733172
23.860000000000003,"FeatureMask(f0=True, f1=True, f2=True, f3=True, f4=False, f5=False, f6=True, f7=True, f8=False, f9=True, f10=False, f11=True, f12=True)",0.9509211864733172
23.860000000000003,"FeatureMask(f0=True, f1=True, f2=True, f3=True, f4=False, f5=False, f6=True, f7=True, f8=False, f9=True, f10=False, f11=True, f12=True)",0.9509211864733172
23.860000000000003,"FeatureMask(f0=True, f1=True, f2=True, f3=True, f4=False, f5=False, f6=True, f7=True, f8=False, f9=True, f10=False, f11=True, f12=True)",0.9509211864733172
23.860000000000003,"FeatureMask(f0=True, f1=True, f2=True, f3=True, f4=False, f5=False, f6=True, f7=True, f8=False, f9=True, f10=False, f11=True, f12=True)",0.9509211864733172
23.953000000000003,"FeatureMask(f0=True, f1=True, f2=True, f3=True, f4=False, f5=False, f6=True, f7=True, f8=False, f9=True, f10=False, f11=True, f12=True)",0.9509211864733172
24.047,"FeatureMask(f0=True, f1=True, f2=True, f3=True, f4=False, f5=False, f6=True, f7=True, f8=False, f9=True, f10=False, f11=True, f12=True)",0.9509211864733172
24.047,"FeatureMask(f0=True, f1=True, f2=True, f3=True, f4=False, f5=False, f6=True, f7=True, f8=False, f9=True, f10=False, f11=True, f12=True)",0.9509211864733172
24.047,"FeatureMask(f0=True, f1=True, f2=True, f3=True, f4=False, f5=False, f6=True, f7=True, f8=False, f9=True, f10=False, f11=True, f12=True)",0.9509211864733172
24.047,"FeatureMask(f0=True, f1=True, f2=True, f3=True, f4=False, f5=False, f6=True, f7=True, f8=False, f9=True, f10=False, f11=True, f12=True)",0.9509211864733172
24.047,"FeatureMask(f0=True, f1=True, f2=True, f3=True, f4=False, f5=False, f6=True, f7=True, f8=False, f9=True, f10=False, f11=True, f12=True)",0.9509211864733172
24.047,"FeatureMask(f0=True, f1=True, f2=True, f3=True, f4=False, f5=False, f6=True, f7=True, f8=False, f9=True, f10=False, f11=True, f12=True)",0.9509211864733172
24.047,"FeatureMask(f0=True, f1=True, f2=True, f3=True, f4=False, f5=False, f6=True, f7=True, f8=False, f9=True, f10=False, f11=True, f12=True)",0.9509211864733172
24.047,"FeatureMask(f0=True, f1=True, f2=True, f3=True, f4=False, f5=False, f6=True, f7=True, f8=False, f9=True, f10=False, f11=True, f12=True)",0.9509211864733172
24.047,"FeatureMask(f0=True, f1=True, f2=True, f3=True, f4=False, f5=False, f6=True, f7=True, f8=False, f9=True, f10=False, f11=True, f12=True)",0.9509211864733172
24.047,"FeatureMask(f0=True, f1=True, f2=True, f3=True, f4=False, f5=False, f6=True, f7=True, f8=False, f9=True, f10=False, f11=True, f12=True)",0.9509211864733172
24.156000000000002,"FeatureMask(f0=True, f1=True, f2=True, f3=True, f4=False, f5=False, f6=True, f7=True, f8=False, f9=True, f10=False, f11=True, f12=True)",0.9509211864733172
24.281000000000002,"FeatureMask(f0=True, f1=True, f2=True, f3=True, f4=False, f5=False, f6=True, f7=True, f8=False, f9=True, f10=False, f11=True, f12=True)",0.9509211864733172
24.281000000000002,"FeatureMask(f0=True, f1=True, f2=True, f3=True, f4=False, f5=False, f6=True, f7=True, f8=False, f9=True, f10=False, f11=True, f12=True)",0.9509211864733172
24.281000000000002,"FeatureMask(f0=True, f1=True, f2=True, f3=True, f4=False, f5=False, f6=True, f7=True, f8=False, f9=True, f10=False, f11=True, f12=True)",0.9509211864733172
24.281000000000002,"FeatureMask(f0=True, f1=True, f2=True, f3=True, f4=False, f5=False, f6=True, f7=True, f8=False, f9=True, f10=False, f11=True, f12=True)",0.9509211864733172
24.281000000000002,"FeatureMask(f0=True, f1=True, f2=True, f3=True, f4=False, f5=False, f6=True, f7=True, f8=False, f9=True, f10=False, f11=True, f12=True)",0.9509211864733172
24.281000000000002,"FeatureMask(f0=True, f1=True, f2=True, f3=True, f4=False, f5=False, f6=True, f7=True, f8=False, f9=True, f10=False, f11=True, f12=True)",0.9509211864733172
24.281000000000002,"FeatureMask(f0=True, f1=True, f2=True, f3=True, f4=False, f5=False, f6=True, f7=True, f8=False, f9=True, f10=False, f11=True, f12=True)",0.9509211864733172
24.281000000000002,"FeatureMask(f0=True, f1=True, f2=True, f3=True, f4=False, f5=False, f6=True, f7=True, f8=False, f9=True, f10=False, f11=True, f12=True)",0.9509211864733172
24.281000000000002,"FeatureMask(f0=True, f1=True, f2=True, f3=True, f4=False, f5=False, f6=True, f7=True, f8=False, f9=True, f10=False, f11=True, f12=True)",0.9509211864733172
24.281000000000002,"FeatureMask(f0=True, f1=True, f2=True, f3=True, f4=False, f5=False, f6=True, f7=True, f8=False, f9=True, f10=False, f11=True, f12=True)",0.9509211864733172
24.375,"FeatureMask(f0=True, f1=True, f2=True, f3=True, f4=False, f5=False, f6=True, f7=True, f8=False, f9=True, f10=False, f11=True, f12=True)",0.9509211864733172
24.375,"FeatureMask(f0=True, f1=True, f2=True, f3=True, f4=False, f5=False, f6=True, f7=True, f8=False, f9=True, f10=False, f11=True, f12=True)",0.9509211864733172
24.375,"FeatureMask(f0=True, f1=True, f2=True, f3=True, f4=False, f5=False, f6=True, f7=True, f8=False, f9=True, f10=False, f11=True, f12=True)",0.9509211864733172
24.375,"FeatureMask(f0=True, f1=True, f2=True, f3=True, f4=False, f5=False, f6=True, f7=True, f8=False, f9=True, f10=False, f11=True, f12=True)",0.9509211864733172
24.485000000000003,"FeatureMask(f0=True, f1=True, f2=True, f3=True, f4=False, f5=False, f6=True, f7=True, f8=False, f9=True, f10=False, f11=True, f12=True)",0.9509211864733172
24.485000000000003,"FeatureMask(f0=True, f1=True, f2=True, f3=True, f4=False, f5=False, f6=True, f7=True, f8=False, f9=True, f10=False, f11=True, f12=True)",0.9509211864733172
24.485000000000003,"FeatureMask(f0=True, f1=True, f2=True, f3=True, f4=False, f5=False, f6=True, f7=True, f8=False, f9=True, f10=False, f11=True, f12=True)",0.9509211864733172
24.485000000000003,"FeatureMask(f0=True, f1=True, f2=True, f3=True, f4=False, f5=False, f6=True, f7=True, f8=False, f9=True, f10=False, f11=True, f12=True)",0.9509211864733172
24.485000000000003,"FeatureMask(f0=True, f1=True, f2=True, f3=True, f4=False, f5=False, f6=True, f7=True, f8=False, f9=True, f10=False, f11=True, f12=True)",0.9509211864733172
24.485000000000003,"FeatureMask(f0=True, f1=True, f2=True, f3=True, f4=False, f5=False, f6=True, f7=True, f8=False, f9=True, f10=False, f11=True, f12=True)",0.9509211864733172
24.485000000000003,"FeatureMask(f0=True, f1=True, f2=True, f3=True, f4=False, f5=False, f6=True, f7=True, f8=False, f9=True, f10=False, f11=True, f12=True)",0.9509211864733172
24.485000000000003,"FeatureMask(f0=True, f1=True, f2=True, f3=True, f4=False, f5=False, f6=True, f7=True, f8=False, f9=True, f10=False, f11=True, f12=True)",0.9509211864733172
24.485000000000003,"FeatureMask(f0=True, f1=True, f2=True, f3=True, f4=False, f5=False, f6=True, f7=True, f8=False, f9=True, f10=False, f11=True, f12=True)",0.9509211864733172
24.485000000000003,"FeatureMask(f0=True, f1=True, f2=True, f3=True, f4=False, f5=False, f6=True, f7=True, f8=False, f9=True, f10=False, f11=True, f12=True)",0.9509211864733172
24.547,"FeatureMask(f0=True, f1=True, f2=True, f3=True, f4=False, f5=True, f6=True, f7=True, f8=False, f9=True, f10=True, f11=True, f12=True)",0.9509211864733172
24.578000000000003,"FeatureMask(f0=True, f1=True, f2=True, f3=True, f4=False, f5=False, f6=True, f7=True, f8=False, f9=True, f10=False, f11=True, f12=True)",0.9509211864733172
24.641000000000002,"FeatureMask(f0=True, f1=True, f2=True, f3=True, f4=False, f5=False, f6=True, f7=True, f8=False, f9=True, f10=False, f11=True, f12=True)",0.9509211864733172
24.641000000000002,"FeatureMask(f0=True, f1=True, f2=True, f3=True, f4=False, f5=False, f6=True, f7=True, f8=False, f9=True, f10=False, f11=True, f12=True)",0.9509211864733172
24.641000000000002,"FeatureMask(f0=True, f1=True, f2=True, f3=True, f4=False, f5=False, f6=True, f7=True, f8=False, f9=True, f10=False, f11=True, f12=True)",0.9509211864733172
24.641000000000002,"FeatureMask(f0=True, f1=True, f2=True, f3=True, f4=False, f5=False, f6=True, f7=True, f8=False, f9=True, f10=False, f11=True, f12=True)",0.9509211864733172
24.641000000000002,"FeatureMask(f0=True, f1=True, f2=True, f3=True, f4=False, f5=False, f6=True, f7=True, f8=False, f9=True, f10=False, f11=True, f12=True)",0.9509211864733172
24.641000000000002,"FeatureMask(f0=True, f1=True, f2=True, f3=True, f4=False, f5=False, f6=True, f7=True, f8=False, f9=True, f10=False, f11=True, f12=True)",0.9509211864733172
24.641000000000002,"FeatureMask(f0=True, f1=True, f2=True, f3=True, f4=False, f5=False, f6=True, f7=True, f8=False, f9=True, f10=False, f11=True, f12=True)",0.9509211864733172
24.641000000000002,"FeatureMask(f0=True, f1=True, f2=True, f3=True, f4=False, f5=False, f6=True, f7=True, f8=False, f9=True, f10=False, f11=True, f12=True)",0.9509211864733172
24.641000000000002,"FeatureMask(f0=True, f1=True, f2=True, f3=True, f4=False, f5=False, f6=True, f7=True, f8=False, f9=True, f10=False, f11=True, f12=True)",0.9509211864733172
24.641000000000002,"FeatureMask(f0=True, f1=True, f2=True, f3=True, f4=False, f5=False, f6=True, f7=True, f8=False, f9=True, f10=False, f11=True, f12=True)",0.9509211864733172
24.75,"FeatureMask(f0=True, f1=True, f2=True, f3=True, f4=False, f5=False, f6=True, f7=True, f8=False, f9=True, f10=False, f11=True, f12=True)",0.9509211864733172
24.891000000000002,"FeatureMask(f0=True, f1=True, f2=True, f3=True, f4=False, f5=False, f6=True, f7=True, f8=False, f9=True, f10=False, f11=True, f12=True)",0.9509211864733172
24.891000000000002,"FeatureMask(f0=True, f1=True, f2=True, f3=True, f4=False, f5=False, f6=True, f7=True, f8=False, f9=True, f10=False, f11=True, f12=True)",0.9509211864733172
24.891000000000002,"FeatureMask(f0=True, f1=True, f2=True, f3=True, f4=False, f5=False, f6=True, f7=True, f8=False, f9=True, f10=False, f11=True, f12=True)",0.9509211864733172
24.891000000000002,"FeatureMask(f0=True, f1=True, f2=True, f3=True, f4=False, f5=False, f6=True, f7=True, f8=False, f9=True, f10=False, f11=True, f12=True)",0.9509211864733172
24.891000000000002,"FeatureMask(f0=True, f1=True, f2=True, f3=True, f4=False, f5=False, f6=True, f7=True, f8=False, f9=True, f10=False, f11=True, f12=True)",0.9509211864733172
24.891000000000002,"FeatureMask(f0=True, f1=True, f2=True, f3=True, f4=False, f5=False, f6=True, f7=True, f8=False, f9=True, f10=False, f11=True, f12=True)",0.9509211864733172
24.891000000000002,"FeatureMask(f0=True, f1=True, f2=True, f3=True, f4=False, f5=False, f6=True, f7=True, f8=False, f9=True, f10=False, f11=True, f12=True)",0.9509211864733172
24.891000000000002,"FeatureMask(f0=True, f1=True, f2=True, f3=True, f4=False, f5=False, f6=True, f7=True, f8=False, f9=True, f10=False, f11=True, f12=True)",0.9509211864733172
24.891000000000002,"FeatureMask(f0=True, f1=True, f2=True, f3=True, f4=False, f5=False, f6=True, f7=True, f8=False, f9=True, f10=False, f11=True, f12=True)",0.9509211864733172
24.891000000000002,"FeatureMask(f0=True, f1=True, f2=True, f3=True, f4=False, f5=False, f6=True, f7=True, f8=False, f9=True, f10=False, f11=True, f12=True)",0.9509211864733172
24.985000000000003,"FeatureMask(f0=True, f1=True, f2=True, f3=True, f4=False, f5=False, f6=True, f7=True, f8=False, f9=True, f10=False, f11=True, f12=True)",0.9509211864733172
25.078000000000003,"FeatureMask(f0=True, f1=True, f2=True, f3=True, f4=False, f5=False, f6=True, f7=True, f8=False, f9=True, f10=False, f11=True, f12=True)",0.9509211864733172
25.078000000000003,"FeatureMask(f0=True, f1=True, f2=True, f3=True, f4=False, f5=False, f6=True, f7=True, f8=False, f9=True, f10=False, f11=True, f12=True)",0.9509211864733172
25.078000000000003,"FeatureMask(f0=True, f1=True, f2=True, f3=True, f4=False, f5=False, f6=True, f7=True, f8=False, f9=True, f10=False, f11=True, f12=True)",0.9509211864733172
25.078000000000003,"FeatureMask(f0=True, f1=True, f2=True, f3=True, f4=False, f5=False, f6=True, f7=True, f8=False, f9=True, f10=False, f11=True, f12=True)",0.9509211864733172
25.078000000000003,"FeatureMask(f0=True, f1=True, f2=True, f3=True, f4=False, f5=False, f6=True, f7=True, f8=False, f9=True, f10=False, f11=True, f12=True)",0.9509211864733172
25.078000000000003,"FeatureMask(f0=True, f1=True, f2=True, f3=True, f4=False, f5=False, f6=True, f7=True, f8=False, f9=True, f10=False, f11=True, f12=True)",0.9509211864733172
25.078000000000003,"FeatureMask(f0=True, f1=True, f2=True, f3=True, f4=False, f5=False, f6=True, f7=True, f8=False, f9=True, f10=False, f11=True, f12=True)",0.9509211864733172
25.078000000000003,"FeatureMask(f0=True, f1=True, f2=True, f3=True, f4=False, f5=False, f6=True, f7=True, f8=False, f9=True, f10=False, f11=True, f12=True)",0.9509211864733172
25.078000000000003,"FeatureMask(f0=True, f1=True, f2=True, f3=True, f4=False, f5=False, f6=True, f7=True, f8=False, f9=True, f10=False, f11=True, f12=True)",0.9509211864733172
25.078000000000003,"FeatureMask(f0=True, f1=True, f2=True, f3=True, f4=False, f5=False, f6=True, f7=True, f8=False, f9=True, f10=False, f11=True, f12=True)",0.9509211864733172
25.188000000000002,"FeatureMask(f0=True, f1=True, f2=True, f3=True, f4=False, f5=False, f6=True, f7=True, f8=False, f9=True, f10=False, f11=True, f12=True)",0.9509211864733172
25.235000000000003,"FeatureMask(f0=True, f1=True, f2=True, f3=True, f4=False, f5=False, f6=True, f7=True, f8=False, f9=True, f10=False, f11=True, f12=True)",0.9509211864733172
25.235000000000003,"FeatureMask(f0=True, f1=True, f2=True, f3=True, f4=False, f5=False, f6=True, f7=True, f8=False, f9=True, f10=False, f11=True, f12=True)",0.9509211864733172
25.235000000000003,"FeatureMask(f0=True, f1=True, f2=True, f3=True, f4=False, f5=False, f6=True, f7=True, f8=False, f9=True, f10=False, f11=True, f12=True)",0.9509211864733172
25.235000000000003,"FeatureMask(f0=True, f1=True, f2=True, f3=True, f4=False, f5=False, f6=True, f7=True, f8=False, f9=True, f10=False, f11=True, f12=True)",0.9509211864733172
25.235000000000003,"FeatureMask(f0=True, f1=True, f2=True, f3=True, f4=False, f5=False, f6=True, f7=True, f8=False, f9=True, f10=False, f11=True, f12=True)",0.9509211864733172
25.235000000000003,"FeatureMask(f0=True, f1=True, f2=True, f3=True, f4=False, f5=False, f6=True, f7=True, f8=False, f9=True, f10=False, f11=True, f12=True)",0.9509211864733172
25.235000000000003,"FeatureMask(f0=True, f1=True, f2=True, f3=True, f4=False, f5=False, f6=True, f7=True, f8=False, f9=True, f10=False, f11=True, f12=True)",0.9509211864733172
25.235000000000003,"FeatureMask(f0=True, f1=True, f2=True, f3=True, f4=False, f5=False, f6=True, f7=True, f8=False, f9=True, f10=False, f11=True, f12=True)",0.9509211864733172
25.235000000000003,"FeatureMask(f0=True, f1=True, f2=True, f3=True, f4=False, f5=False, f6=True, f7=True, f8=False, f9=True, f10=False, f11=True, f12=True)",0.9509211864733172
25.235000000000003,"FeatureMask(f0=True, f1=True, f2=True, f3=True, f4=False, f5=False, f6=True, f7=True, f8=False, f9=True, f10=False, f11=True, f12=True)",0.9509211864733172
25.328000000000003,"FeatureMask(f0=True, f1=True, f2=True, f3=True, f4=False, f5=False, f6=True, f7=True, f8=False, f9=True, f10=False, f11=True, f12=True)",0.9509211864733172
25.328000000000003,"FeatureMask(f0=True, f1=True, f2=True, f3=True, f4=False, f5=False, f6=True, f7=True, f8=False, f9=True, f10=False, f11=True, f12=True)",0.9509211864733172
25.438000000000002,"FeatureMask(f0=True, f1=True, f2=True, f3=True, f4=False, f5=False, f6=True, f7=True, f8=False, f9=True, f10=False, f11=True, f12=True)",0.9509211864733172
25.438000000000002,"FeatureMask(f0=True, f1=True, f2=True, f3=True, f4=False, f5=False, f6=True, f7=True, f8=False, f9=True, f10=False, f11=True, f12=True)",0.9509211864733172
25.438000000000002,"FeatureMask(f0=True, f1=True, f2=True, f3=True, f4=False, f5=False, f6=True, f7=True, f8=False, f9=True, f10=False, f11=True, f12=True)",0.9509211864733172
25.438000000000002,"FeatureMask(f0=True, f1=True, f2=True, f3=True, f4=False, f5=False, f6=True, f7=True, f8=False, f9=True, f10=False, f11=True, f12=True)",0.9509211864733172
25.438000000000002,"FeatureMask(f0=True, f1=True, f2=True, f3=True, f4=False, f5=False, f6=True, f7=True, f8=False, f9=True, f10=False, f11=True, f12=True)",0.9509211864733172
25.438000000000002,"FeatureMask(f0=True, f1=True, f2=True, f3=True, f4=False, f5=False, f6=True, f7=True, f8=False, f9=True, f10=False, f11=True, f12=True)",0.9509211864733172
25.438000000000002,"FeatureMask(f0=True, f1=True, f2=True, f3=True, f4=False, f5=False, f6=True, f7=True, f8=False, f9=True, f10=False, f11=True, f12=True)",0.9509211864733172
25.438000000000002,"FeatureMask(f0=True, f1=True, f2=True, f3=True, f4=False, f5=False, f6=True, f7=True, f8=False, f9=True, f10=False, f11=True, f12=True)",0.9509211864733172
25.438000000000002,"FeatureMask(f0=True, f1=True, f2=True, f3=True, f4=False, f5=False, f6=True, f7=True, f8=False, f9=True, f10=False, f11=True, f12=True)",0.9509211864733172
25.438000000000002,"FeatureMask(f0=True, f1=True, f2=True, f3=True, f4=False, f5=False, f6=True, f7=True, f8=False, f9=True, f10=False, f11=True, f12=True)",0.9509211864733172
25.641000000000002,"FeatureMask(f0=True, f1=True, f2=True, f3=True, f4=False, f5=False, f6=True, f7=True, f8=False, f9=True, f10=False, f11=True, f12=True)",0.9509211864733172
25.641000000000002,"FeatureMask(f0=True, f1=True, f2=True, f3=True, f4=False, f5=False, f6=True, f7=True, f8=False, f9=True, f10=False, f11=True, f12=True)",0.9509211864733172
25.641000000000002,"FeatureMask(f0=True, f1=True, f2=True, f3=True, f4=False, f5=False, f6=True, f7=True, f8=False, f9=True, f10=False, f11=True, f12=True)",0.9509211864733172
25.641000000000002,"FeatureMask(f0=True, f1=True, f2=True, f3=True, f4=False, f5=False, f6=True, f7=True, f8=False, f9=True, f10=False, f11=True, f12=True)",0.9509211864733172
25.641000000000002,"FeatureMask(f0=True, f1=True, f2=True, f3=True, f4=False, f5=False, f6=True, f7=True, f8=False, f9=True, f10=False, f11=True, f12=True)",0.9509211864733172
25.641000000000002,"FeatureMask(f0=True, f1=True, f2=True, f3=True, f4=False, f5=False, f6=True, f7=True, f8=False, f9=True, f10=False, f11=True, f12=True)",0.9509211864733172
25.641000000000002,"FeatureMask(f0=True, f1=True, f2=True, f3=True, f4=False, f5=False, f6=True, f7=True, f8=False, f9=True, f10=False, f11=True, f12=True)",0.9509211864733172
25.641000000000002,"FeatureMask(f0=True, f1=True, f2=True, f3=True, f4=False, f5=False, f6=True, f7=True, f8=False, f9=True, f10=False, f11=True, f12=True)",0.9509211864733172
25.641000000000002,"FeatureMask(f0=True, f1=True, f2=True, f3=True, f4=False, f5=False, f6=True, f7=True, f8=False, f9=True, f10=False, f11=True, f12=True)",0.9509211864733172
25.641000000000002,"FeatureMask(f0=True, f1=True, f2=True, f3=True, f4=False, f5=False, f6=True, f7=True, f8=False, f9=True, f10=False, f11=True, f12=True)",0.9509211864733172
25.844,"FeatureMask(f0=True, f1=True, f2=True, f3=True, f4=False, f5=False, f6=True, f7=True, f8=False, f9=True, f10=False, f11=True, f12=True)",0.9509211864733172
25.844,"FeatureMask(f0=True, f1=True, f2=True, f3=True, f4=False, f5=False, f6=True, f7=True, f8=False, f9=True, f10=False, f11=True, f12=True)",0.9509211864733172
25.844,"FeatureMask(f0=True, f1=True, f2=True, f3=True, f4=False, f5=False, f6=True, f7=True, f8=False, f9=True, f10=False, f11=True, f12=True)",0.9509211864733172
25.844,"FeatureMask(f0=True, f1=True, f2=True, f3=True, f4=False, f5=False, f6=True, f7=True, f8=False, f9=True, f10=False, f11=True, f12=True)",0.9509211864733172
25.844,"FeatureMask(f0=True, f1=True, f2=True, f3=True, f4=False, f5=False, f6=True, f7=True, f8=False, f9=True, f10=False, f11=True, f12=True)",0.9509211864733172
25.844,"FeatureMask(f0=True, f1=True, f2=True, f3=True, f4=False, f5=False, f6=True, f7=True, f8=False, f9=True, f10=False, f11=True, f12=True)",0.9509211864733172
25.844,"FeatureMask(f0=True, f1=True, f2=True, f3=True, f4=False, f5=False, f6=True, f7=True, f8=False, f9=True, f10=False, f11=True, f12=True)",0.9509211864733172
25.844,"FeatureMask(f0=True, f1=True, f2=True, f3=True, f4=False, f5=False, f6=True, f7=True, f8=False, f9=True, f10=False, f11=True, f12=True)",0.9509211864733172
25.844,"FeatureMask(f0=True, f1=True, f2=True, f3=True, f4=False, f5=False, f6=True, f7=True, f8=False, f9=True, f10=False, f11=True, f12=True)",0.9509211864733172
25.844,"FeatureMask(f0=True, f1=True, f2=True, f3=True, f4=False, f5=False, f6=True, f7=True, f8=False, f9=True, f10=False, f11=True, f12=True)",0.9509211864733172
25.938000000000002,"FeatureMask(f0=True, f1=True, f2=True, f3=True, f4=False, f5=False, f6=True, f7=True, f8=False, f9=True, f10=False, f11=True, f12=True)",0.9509211864733172
26.047,"FeatureMask(f0=True, f1=True, f2=True, f3=True, f4=False, f5=False, f6=True, f7=True, f8=False, f9=True, f10=False, f11=True, f12=True)",0.9509211864733172
26.047,"FeatureMask(f0=True, f1=True, f2=True, f3=True, f4=False, f5=False, f6=True, f7=True, f8=False, f9=True, f10=False, f11=True, f12=True)",0.9509211864733172
26.047,"FeatureMask(f0=True, f1=True, f2=True, f3=True, f4=False, f5=False, f6=True, f7=True, f8=False, f9=True, f10=False, f11=True, f12=True)",0.9509211864733172
26.047,"FeatureMask(f0=True, f1=True, f2=True, f3=True, f4=False, f5=False, f6=True, f7=True, f8=False, f9=True, f10=False, f11=True, f12=True)",0.9509211864733172
26.047,"FeatureMask(f0=True, f1=True, f2=True, f3=True, f4=False, f5=False, f6=True, f7=True, f8=False, f9=True, f10=False, f11=True, f12=True)",0.9509211864733172
26.047,"FeatureMask(f0=True, f1=True, f2=True, f3=True, f4=False, f5=False, f6=True, f7=True, f8=False, f9=True, f10=False, f11=True, f12=True)",0.9509211864733172
26.047,"FeatureMask(f0=True, f1=True, f2=True, f3=True, f4=False, f5=False, f6=True, f7=True, f8=False, f9=True, f10=False, f11=True, f12=True)",0.9509211864733172
26.047,"FeatureMask(f0=True, f1=True, f2=True, f3=True, f4=False, f5=False, f6=True, f7=True, f8=False, f9=True, f10=False, f11=True, f12=True)",0.9509211864733172
26.047,"FeatureMask(f0=True, f1=True, f2=True, f3=True, f4=False, f5=False, f6=True, f7=True, f8=False, f9=True, f10=False, f11=True, f12=True)",0.9509211864733172
26.047,"FeatureMask(f0=True, f1=True, f2=True, f3=True, f4=False, f5=False, f6=True, f7=True, f8=False, f9=True, f10=False, f11=True, f12=True)",0.9509211864733172
26.235000000000003,"FeatureMask(f0=True, f1=True, f2=True, f3=True, f4=False, f5=False, f6=True, f7=True, f8=False, f9=True, f10=False, f11=True, f12=True)",0.9509211864733172
26.235000000000003,"FeatureMask(f0=True, f1=True, f2=True, f3=True, f4=False, f5=False, f6=True, f7=True, f8=False, f9=True, f10=False, f11=True, f12=True)",0.9509211864733172
26.235000000000003,"FeatureMask(f0=True, f1=True, f2=True, f3=True, f4=False, f5=False, f6=True, f7=True, f8=False, f9=True, f10=False, f11=True, f12=True)",0.9509211864733172
26.235000000000003,"FeatureMask(f0=True, f1=True, f2=True, f3=True, f4=False, f5=False, f6=True, f7=True, f8=False, f9=True, f10=False, f11=True, f12=True)",0.9509211864733172
26.235000000000003,"FeatureMask(f0=True, f1=True, f2=True, f3=True, f4=False, f5=False, f6=True, f7=True, f8=False, f9=True, f10=False, f11=True, f12=True)",0.9509211864733172
26.235000000000003,"FeatureMask(f0=True, f1=True, f2=True, f3=True, f4=False, f5=False, f6=True, f7=True, f8=False, f9=True, f10=False, f11=True, f12=True)",0.9509211864733172
26.235000000000003,"FeatureMask(f0=True, f1=True, f2=True, f3=True, f4=False, f5=False, f6=True, f7=True, f8=False, f9=True, f10=False, f11=True, f12=True)",0.9509211864733172
26.235000000000003,"FeatureMask(f0=True, f1=True, f2=True, f3=True, f4=False, f5=False, f6=True, f7=True, f8=False, f9=True, f10=False, f11=True, f12=True)",0.9509211864733172
26.235000000000003,"FeatureMask(f0=True, f1=True, f2=True, f3=True, f4=False, f5=False, f6=True, f7=True, f8=False, f9=True, f10=False, f11=True, f12=True)",0.9509211864733172
26.235000000000003,"FeatureMask(f0=True, f1=True, f2=True, f3=True, f4=False, f5=False, f6=True, f7=True, f8=False, f9=True, f10=False, f11=True, f12=True)",0.9509211864733172
26.438000000000002,"FeatureMask(f0=True, f1=True, f2=True, f3=True, f4=False, f5=False, f6=True, f7=True, f8=False, f9=True, f10=False, f11=True, f12=True)",0.9509211864733172
26.438000000000002,"FeatureMask(f0=True, f1=True, f2=True, f3=True, f4=False, f5=False, f6=True, f7=True, f8=False, f9=True, f10=False, f11=True, f12=True)",0.9509211864733172
26.438000000000002,"FeatureMask(f0=True, f1=True, f2=True, f3=True, f4=False, f5=False, f6=True, f7=True, f8=False, f9=True, f10=False, f11=True, f12=True)",0.9509211864733172
26.438000000000002,"FeatureMask(f0=True, f1=True, f2=True, f3=True, f4=False, f5=False, f6=True, f7=True, f8=False, f9=True, f10=False, f11=True, f12=True)",0.9509211864733172
26.438000000000002,"FeatureMask(f0=True, f1=True, f2=True, f3=True, f4=False, f5=False, f6=True, f7=True, f8=False, f9=True, f10=False, f11=True, f12=True)",0.9509211864733172
26.438000000000002,"FeatureMask(f0=True, f1=True, f2=True, f3=True, f4=False, f5=False, f6=True, f7=True, f8=False, f9=True, f10=False, f11=True, f12=True)",0.9509211864733172
26.438000000000002,"FeatureMask(f0=True, f1=True, f2=True, f3=True, f4=False, f5=False, f6=True, f7=True, f8=False, f9=True, f10=False, f11=True, f12=True)",0.9509211864733172
26.438000000000002,"FeatureMask(f0=True, f1=True, f2=True, f3=True, f4=False, f5=False, f6=True, f7=True, f8=False, f9=True, f10=False, f11=True, f12=True)",0.9509211864733172
26.438000000000002,"FeatureMask(f0=True, f1=True, f2=True, f3=True, f4=False, f5=False, f6=True, f7=True, f8=False, f9=True, f10=False, f11=True, f12=True)",0.9509211864733172
26.438000000000002,"FeatureMask(f0=True, f1=True, f2=True, f3=True, f4=False, f5=False, f6=True, f7=True, f8=False, f9=True, f10=False, f11=True, f12=True)",0.9509211864733172
26.531000000000002,"FeatureMask(f0=True, f1=True, f2=True, f3=True, f4=False, f5=False, f6=True, f7=True, f8=False, f9=True, f10=False, f11=True, f12=True)",0.9509211864733172
26.656000000000002,"FeatureMask(f0=True, f1=True, f2=True, f3=True, f4=False, f5=False, f6=True, f7=True, f8=False, f9=True, f10=False, f11=True, f12=True)",0.9509211864733172
26.656000000000002,"FeatureMask(f0=True, f1=True, f2=True, f3=True, f4=False, f5=False, f6=True, f7=True, f8=False, f9=True, f10=False, f11=True, f12=True)",0.9509211864733172
26.656000000000002,"FeatureMask(f0=True, f1=True, f2=True, f3=True, f4=False, f5=False, f6=True, f7=True, f8=False, f9=True, f10=False, f11=True, f12=True)",0.9509211864733172
26.656000000000002,"FeatureMask(f0=True, f1=True, f2=True, f3=True, f4=False, f5=False, f6=True, f7=True, f8=False, f9=True, f10=False, f11=True, f12=True)",0.9509211864733172
26.656000000000002,"FeatureMask(f0=True, f1=True, f2=True, f3=True, f4=False, f5=False, f6=True, f7=True, f8=False, f9=True, f10=False, f11=True, f12=True)",0.9509211864733172
26.656000000000002,"FeatureMask(f0=True, f1=True, f2=True, f3=True, f4=False, f5=False, f6=True, f7=True, f8=False, f9=True, f10=False, f11=True, f12=True)",0.9509211864733172
26.656000000000002,"FeatureMask(f0=True, f1=True, f2=True, f3=True, f4=False, f5=False, f6=True, f7=True, f8=False, f9=True, f10=False, f11=True, f12=True)",0.9509211864733172
26.656000000000002,"FeatureMask(f0=True, f1=True, f2=True, f3=True, f4=False, f5=False, f6=True, f7=True, f8=False, f9=True, f10=False, f11=True, f12=True)",0.9509211864733172
26.656000000000002,"FeatureMask(f0=True, f1=True, f2=True, f3=True, f4=False, f5=False, f6=True, f7=True, f8=False, f9=True, f10=False, f11=True, f12=True)",0.9509211864733172
26.656000000000002,"FeatureMask(f0=True, f1=True, f2=True, f3=True, f4=False, f5=False, f6=True, f7=True, f8=False, f9=True, f10=False, f11=True, f12=True)",0.9509211864733172
26.828000000000003,"FeatureMask(f0=True, f1=True, f2=True, f3=True, f4=False, f5=False, f6=True, f7=True, f8=False, f9=True, f10=False, f11=True, f12=True)",0.9509211864733172
26.828000000000003,"FeatureMask(f0=True, f1=True, f2=True, f3=True, f4=False, f5=False, f6=True, f7=True, f8=False, f9=True, f10=False, f11=True, f12=True)",0.9509211864733172
26.828000000000003,"FeatureMask(f0=True, f1=True, f2=True, f3=True, f4=False, f5=False, f6=True, f7=True, f8=False, f9=True, f10=False, f11=True, f12=True)",0.9509211864733172
26.828000000000003,"FeatureMask(f0=True, f1=True, f2=True, f3=True, f4=False, f5=False, f6=True, f7=True, f8=False, f9=True, f10=False, f11=True, f12=True)",0.9509211864733172
26.828000000000003,"FeatureMask(f0=True, f1=True, f2=True, f3=True, f4=False, f5=False, f6=True, f7=True, f8=False, f9=True, f10=False, f11=True, f12=True)",0.9509211864733172
26.828000000000003,"FeatureMask(f0=True, f1=True, f2=True, f3=True, f4=False, f5=False, f6=True, f7=True, f8=False, f9=True, f10=False, f11=True, f12=True)",0.9509211864733172
26.828000000000003,"FeatureMask(f0=True, f1=True, f2=True, f3=True, f4=False, f5=False, f6=True, f7=True, f8=False, f9=True, f10=False, f11=True, f12=True)",0.9509211864733172
26.828000000000003,"FeatureMask(f0=True, f1=True, f2=True, f3=True, f4=False, f5=False, f6=True, f7=True, f8=False, f9=True, f10=False, f11=True, f12=True)",0.9509211864733172
26.828000000000003,"FeatureMask(f0=True, f1=True, f2=True, f3=True, f4=False, f5=False, f6=True, f7=True, f8=False, f9=True, f10=False, f11=True, f12=True)",0.9509211864733172
26.828000000000003,"FeatureMask(f0=True, f1=True, f2=True, f3=True, f4=False, f5=False, f6=True, f7=True, f8=False, f9=True, f10=False, f11=True, f12=True)",0.9509211864733172
26.906000000000002,"FeatureMask(f0=True, f1=True, f2=True, f3=True, f4=False, f5=False, f6=True, f7=True, f8=False, f9=True, f10=False, f11=True, f12=True)",0.9509211864733172
27.031000000000002,"FeatureMask(f0=True, f1=True, f2=True, f3=True, f4=False, f5=False, f6=True, f7=True, f8=False, f9=True, f10=False, f11=True, f12=True)",0.9509211864733172
27.031000000000002,"FeatureMask(f0=True, f1=True, f2=True, f3=True, f4=False, f5=False, f6=True, f7=True, f8=False, f9=True, f10=False, f11=True, f12=True)",0.9509211864733172
27.031000000000002,"FeatureMask(f0=True, f1=True, f2=True, f3=True, f4=False, f5=False, f6=True, f7=True, f8=False, f9=True, f10=False, f11=True, f12=True)",0.9509211864733172
27.031000000000002,"FeatureMask(f0=True, f1=True, f2=True, f3=True, f4=False, f5=False, f6=True, f7=True, f8=False, f9=True, f10=False, f11=True, f12=True)",0.9509211864733172
27.031000000000002,"FeatureMask(f0=True, f1=True, f2=True, f3=True, f4=False, f5=False, f6=True, f7=True, f8=False, f9=True, f10=False, f11=True, f12=True)",0.9509211864733172
27.031000000000002,"FeatureMask(f0=True, f1=True, f2=True, f3=True, f4=False, f5=False, f6=True, f7=True, f8=False, f9=True, f10=False, f11=True, f12=True)",0.9509211864733172
27.031000000000002,"FeatureMask(f0=True, f1=True, f2=True, f3=True, f4=False, f5=False, f6=True, f7=True, f8=False, f9=True, f10=False, f11=True, f12=True)",0.9509211864733172
27.031000000000002,"FeatureMask(f0=True, f1=True, f2=True, f3=True, f4=False, f5=False, f6=True, f7=True, f8=False, f9=True, f10=False, f11=True, f12=True)",0.9509211864733172
27.031000000000002,"FeatureMask(f0=True, f1=True, f2=True, f3=True, f4=False, f5=False, f6=True, f7=True, f8=False, f9=True, f10=False, f11=True, f12=True)",0.9509211864733172
27.031000000000002,"FeatureMask(f0=True, f1=True, f2=True, f3=True, f4=False, f5=False, f6=True, f7=True, f8=False, f9=True, f10=False, f11=True, f12=True)",0.9509211864733172
27.110000000000003,"FeatureMask(f0=True, f1=True, f2=True, f3=True, f4=False, f5=False, f6=True, f7=True, f8=False, f9=True, f10=False, f11=True, f12=True)",0.9509211864733172
27.219,"FeatureMask(f0=True, f1=True, f2=True, f3=True, f4=False, f5=False, f6=True, f7=True, f8=False, f9=True, f10=False, f11=True, f12=True)",0.9509211864733172
27.219,"FeatureMask(f0=True, f1=True, f2=True, f3=True, f4=False, f5=False, f6=True, f7=True, f8=False, f9=True, f10=False, f11=True, f12=True)",0.9509211864733172
27.219,"FeatureMask(f0=True, f1=True, f2=True, f3=True, f4=False, f5=False, f6=True, f7=True, f8=False, f9=True, f10=False, f11=True, f12=True)",0.9509211864733172
27.219,"FeatureMask(f0=True, f1=True, f2=True, f3=True, f4=False, f5=False, f6=True, f7=True, f8=False, f9=True, f10=False, f11=True, f12=True)",0.9509211864733172
27.219,"FeatureMask(f0=True, f1=True, f2=True, f3=True, f4=False, f5=False, f6=True, f7=True, f8=False, f9=True, f10=False, f11=True, f12=True)",0.9509211864733172
27.219,"FeatureMask(f0=True, f1=True, f2=True, f3=True, f4=False, f5=False, f6=True, f7=True, f8=False, f9=True, f10=False, f11=True, f12=True)",0.9509211864733172
27.219,"FeatureMask(f0=True, f1=True, f2=True, f3=True, f4=False, f5=False, f6=True, f7=True, f8=False, f9=True, f10=False, f11=True, f12=True)",0.9509211864733172
27.219,"FeatureMask(f0=True, f1=True, f2=True, f3=True, f4=False, f5=False, f6=True, f7=True, f8=False, f9=True, f10=False, f11=True, f12=True)",0.9509211864733172
27.219,"FeatureMask(f0=True, f1=True, f2=True, f3=True, f4=False, f5=False, f6=True, f7=True, f8=False, f9=True, f10=False, f11=True, f12=True)",0.9509211864733172
27.219,"FeatureMask(f0=True, f1=True, f2=True, f3=True, f4=False, f5=False, f6=True, f7=True, f8=False, f9=True, f10=False, f11=True, f12=True)",0.9509211864733172
27.313000000000002,"FeatureMask(f0=True, f1=True, f2=True, f3=True, f4=False, f5=False, f6=True, f7=True, f8=False, f9=True, f10=False, f11=True, f12=True)",0.9509211864733172
27.406000000000002,"FeatureMask(f0=True, f1=True, f2=True, f3=True, f4=False, f5=False, f6=True, f7=True, f8=False, f9=True, f10=False, f11=True, f12=True)",0.9509211864733172
27.406000000000002,"FeatureMask(f0=True, f1=True, f2=True, f3=True, f4=False, f5=False, f6=True, f7=True, f8=False, f9=True, f10=False, f11=True, f12=True)",0.9509211864733172
27.406000000000002,"FeatureMask(f0=True, f1=True, f2=True, f3=True, f4=False, f5=False, f6=True, f7=True, f8=False, f9=True, f10=False, f11=True, f12=True)",0.9509211864733172
27.406000000000002,"FeatureMask(f0=True, f1=True, f2=True, f3=True, f4=False, f5=False, f6=True, f7=True, f8=False, f9=True, f10=False, f11=True, f12=True)",0.9509211864733172
27.406000000000002,"FeatureMask(f0=True, f1=True, f2=True, f3=True, f4=False, f5=False, f6=True, f7=True, f8=False, f9=True, f10=False, f11=True, f12=True)",0.9509211864733172
27.406000000000002,"FeatureMask(f0=True, f1=True, f2=True, f3=True, f4=False, f5=False, f6=True, f7=True, f8=False, f9=True, f10=False, f11=True, f12=True)",0.9509211864733172
27.406000000000002,"FeatureMask(f0=True, f1=True, f2=True, f3=True, f4=False, f5=False, f6=True, f7=True, f8=False, f9=True, f10=False, f11=True, f12=True)",0.9509211864733172
27.406000000000002,"FeatureMask(f0=True, f1=True, f2=True, f3=True, f4=False, f5=False, f6=True, f7=True, f8=False, f9=True, f10=False, f11=True, f12=True)",0.9509211864733172
27.406000000000002,"FeatureMask(f0=True, f1=True, f2=True, f3=True, f4=False, f5=False, f6=True, f7=True, f8=False, f9=True, f10=False, f11=True, f12=True)",0.9509211864733172
27.406000000000002,"FeatureMask(f0=True, f1=True, f2=True, f3=True, f4=False, f5=False, f6=True, f7=True, f8=False, f9=True, f10=False, f11=True, f12=True)",0.9509211864733172
27.485000000000003,"FeatureMask(f0=True, f1=True, f2=True, f3=True, f4=False, f5=False, f6=True, f7=True, f8=False, f9=True, f10=False, f11=True, f12=True)",0.9509211864733172
27.485000000000003,"FeatureMask(f0=True, f1=True, f2=True, f3=True, f4=False, f5=False, f6=True, f7=True, f8=False, f9=True, f10=False, f11=True, f12=True)",0.9509211864733172
27.485000000000003,"FeatureMask(f0=True, f1=True, f2=True, f3=True, f4=False, f5=False, f6=True, f7=True, f8=False, f9=True, f10=False, f11=True, f12=True)",0.9509211864733172
27.594,"FeatureMask(f0=True, f1=True, f2=True, f3=True, f4=False, f5=False, f6=True, f7=True, f8=False, f9=True, f10=False, f11=True, f12=True)",0.9509211864733172
27.594,"FeatureMask(f0=True, f1=True, f2=True, f3=True, f4=False, f5=False, f6=True, f7=True, f8=False, f9=True, f10=False, f11=True, f12=True)",0.9509211864733172
27.594,"FeatureMask(f0=True, f1=True, f2=True, f3=True, f4=False, f5=False, f6=True, f7=True, f8=False, f9=True, f10=False, f11=True, f12=True)",0.9509211864733172
27.594,"FeatureMask(f0=True, f1=True, f2=True, f3=True, f4=False, f5=False, f6=True, f7=True, f8=False, f9=True, f10=False, f11=True, f12=True)",0.9509211864733172
27.594,"FeatureMask(f0=True, f1=True, f2=True, f3=True, f4=False, f5=False, f6=True, f7=True, f8=False, f9=True, f10=False, f11=True, f12=True)",0.9509211864733172
27.594,"FeatureMask(f0=True, f1=True, f2=True, f3=True, f4=False, f5=False, f6=True, f7=True, f8=False, f9=True, f10=False, f11=True, f12=True)",0.9509211864733172
27.594,"FeatureMask(f0=True, f1=True, f2=True, f3=True, f4=False, f5=False, f6=True, f7=True, f8=False, f9=True, f10=False, f11=True, f12=True)",0.9509211864733172
27.594,"FeatureMask(f0=True, f1=True, f2=True, f3=True, f4=False, f5=False, f6=True, f7=True, f8=False, f9=True, f10=False, f11=True, f12=True)",0.9509211864733172
27.594,"FeatureMask(f0=True, f1=True, f2=True, f3=True, f4=False, f5=False, f6=True, f7=True, f8=False, f9=True, f10=False, f11=True, f12=True)",0.9509211864733172
27.594,"FeatureMask(f0=True, f1=True, f2=True, f3=True, f4=False, f5=False, f6=True, f7=True, f8=False, f9=True, f10=False, f11=True, f12=True)",0.9509211864733172
27.672,"FeatureMask(f0=True, f1=True, f2=True, f3=True, f4=False, f5=False, f6=True, f7=True, f8=False, f9=True, f10=False, f11=True, f12=True)",0.9509211864733172
27.766000000000002,"FeatureMask(f0=True, f1=True, f2=True, f3=True, f4=False, f5=False, f6=True, f7=True, f8=False, f9=True, f10=False, f11=True, f12=True)",0.9509211864733172
27.781000000000002,"FeatureMask(f0=True, f1=True, f2=True, f3=True, f4=False, f5=False, f6=True, f7=True, f8=False, f9=True, f10=False, f11=True, f12=True)",0.9509211864733172
27.781000000000002,"FeatureMask(f0=True, f1=True, f2=True, f3=True, f4=False, f5=False, f6=True, f7=True, f8=False, f9=True, f10=False, f11=True, f12=True)",0.9509211864733172
27.781000000000002,"FeatureMask(f0=True, f1=True, f2=True, f3=True, f4=False, f5=False, f6=True, f7=True, f8=False, f9=True, f10=False, f11=True, f12=True)",0.9509211864733172
27.781000000000002,"FeatureMask(f0=True, f1=True, f2=True, f3=True, f4=False, f5=False, f6=True, f7=True, f8=False, f9=True, f10=False, f11=True, f12=True)",0.9509211864733172
27.781000000000002,"FeatureMask(f0=True, f1=True, f2=True, f3=True, f4=False, f5=False, f6=True, f7=True, f8=False, f9=True, f10=False, f11=True, f12=True)",0.9509211864733172
27.781000000000002,"FeatureMask(f0=True, f1=True, f2=True, f3=True, f4=False, f5=False, f6=True, f7=True, f8=False, f9=True, f10=False, f11=True, f12=True)",0.9509211864733172
27.781000000000002,"FeatureMask(f0=True, f1=True, f2=True, f3=True, f4=False, f5=False, f6=True, f7=True, f8=False, f9=True, f10=False, f11=True, f12=True)",0.9509211864733172
27.781000000000002,"FeatureMask(f0=True, f1=True, f2=True, f3=True, f4=False, f5=False, f6=True, f7=True, f8=False, f9=True, f10=False, f11=True, f12=True)",0.9509211864733172
27.781000000000002,"FeatureMask(f0=True, f1=True, f2=True, f3=True, f4=False, f5=False, f6=True, f7=True, f8=False, f9=True, f10=False, f11=True, f12=True)",0.9509211864733172
27.860000000000003,"FeatureMask(f0=True, f1=True, f2=True, f3=True, f4=False, f5=False, f6=True, f7=True, f8=False, f9=True, f10=False, f11=True, f12=True)",0.9509211864733172
27.860000000000003,"FeatureMask(f0=True, f1=True, f2=True, f3=True, f4=False, f5=False, f6=True, f7=True, f8=False, f9=True, f10=False, f11=True, f12=True)",0.9509211864733172
27.969,"FeatureMask(f0=True, f1=True, f2=True, f3=True, f4=False, f5=False, f6=True, f7=True, f8=False, f9=True, f10=False, f11=True, f12=True)",0.9509211864733172
27.969,"FeatureMask(f0=True, f1=True, f2=True, f3=True, f4=False, f5=False, f6=True, f7=True, f8=False, f9=True, f10=False, f11=True, f12=True)",0.9509211864733172
27.969,"FeatureMask(f0=True, f1=True, f2=True, f3=True, f4=False, f5=False, f6=True, f7=True, f8=False, f9=True, f10=False, f11=True, f12=True)",0.9509211864733172
27.969,"FeatureMask(f0=True, f1=True, f2=True, f3=True, f4=False, f5=False, f6=True, f7=True, f8=False, f9=True, f10=False, f11=True, f12=True)",0.9509211864733172
27.969,"FeatureMask(f0=True, f1=True, f2=True, f3=True, f4=False, f5=False, f6=True, f7=True, f8=False, f9=True, f10=False, f11=True, f12=True)",0.9509211864733172
27.969,"FeatureMask(f0=True, f1=True, f2=True, f3=True, f4=False, f5=False, f6=True, f7=True, f8=False, f9=True, f10=False, f11=True, f12=True)",0.9509211864733172
27.969,"FeatureMask(f0=True, f1=True, f2=True, f3=True, f4=False, f5=False, f6=True, f7=True, f8=False, f9=True, f10=False, f11=True, f12=True)",0.9509211864733172
27.969,"FeatureMask(f0=True, f1=True, f2=True, f3=True, f4=False, f5=False, f6=True, f7=True, f8=False, f9=True, f10=False, f11=True, f12=True)",0.9509211864733172
27.969,"FeatureMask(f0=True, f1=True, f2=True, f3=True, f4=False, f5=False, f6=True, f7=True, f8=False, f9=True, f10=False, f11=True, f12=True)",0.9509211864733172
27.969,"FeatureMask(f0=True, f1=True, f2=True, f3=True, f4=False, f5=False, f6=True, f7=True, f8=False, f9=True, f10=False, f11=True, f12=True)",0.9509211864733172
28.063000000000002,"FeatureMask(f0=True, f1=True, f2=True, f3=True, f4=False, f5=False, f6=True, f7=True, f8=False, f9=True, f10=False, f11=True, f12=True)",0.9509211864733172
28.063000000000002,"FeatureMask(f0=True, f1=True, f2=True, f3=True, f4=False, f5=False, f6=True, f7=True, f8=False, f9=True, f10=False, f11=True, f12=True)",0.9509211864733172
28.063000000000002,"FeatureMask(f0=True, f1=True, f2=True, f3=True, f4=False, f5=False, f6=True, f7=True, f8=False, f9=True, f10=False, f11=True, f12=True)",0.9509211864733172
28.188000000000002,"FeatureMask(f0=True, f1=True, f2=True, f3=True, f4=False, f5=False, f6=True, f7=True, f8=False, f9=True, f10=False, f11=True, f12=True)",0.9509211864733172
28.188000000000002,"FeatureMask(f0=True, f1=True, f2=True, f3=True, f4=False, f5=False, f6=True, f7=True, f8=False, f9=True, f10=False, f11=True, f12=True)",0.9509211864733172
28.188000000000002,"FeatureMask(f0=True, f1=True, f2=True, f3=True, f4=False, f5=False, f6=True, f7=True, f8=False, f9=True, f10=False, f11=True, f12=True)",0.9509211864733172
28.188000000000002,"FeatureMask(f0=True, f1=True, f2=True, f3=True, f4=False, f5=False, f6=True, f7=True, f8=False, f9=True, f10=False, f11=True, f12=True)",0.9509211864733172
28.188000000000002,"FeatureMask(f0=True, f1=True, f2=True, f3=True, f4=False, f5=False, f6=True, f7=True, f8=False, f9=True, f10=False, f11=True, f12=True)",0.9509211864733172
28.188000000000002,"FeatureMask(f0=True, f1=True, f2=True, f3=True, f4=False, f5=False, f6=True, f7=True, f8=False, f9=True, f10=False, f11=True, f12=True)",0.9509211864733172
28.188000000000002,"FeatureMask(f0=True, f1=True, f2=True, f3=True, f4=False, f5=False, f6=True, f7=True, f8=False, f9=True, f10=False, f11=True, f12=True)",0.9509211864733172
28.188000000000002,"FeatureMask(f0=True, f1=True, f2=True, f3=True, f4=False, f5=False, f6=True, f7=True, f8=False, f9=True, f10=False, f11=True, f12=True)",0.9509211864733172
28.188000000000002,"FeatureMask(f0=True, f1=True, f2=True, f3=True, f4=False, f5=False, f6=True, f7=True, f8=False, f9=True, f10=False, f11=True, f12=True)",0.9509211864733172
28.188000000000002,"FeatureMask(f0=True, f1=True, f2=True, f3=True, f4=False, f5=False, f6=True, f7=True, f8=False, f9=True, f10=False, f11=True, f12=True)",0.9509211864733172
28.375,"FeatureMask(f0=True, f1=True, f2=True, f3=True, f4=False, f5=False, f6=True, f7=True, f8=False, f9=True, f10=False, f11=True, f12=True)",0.9509211864733172
28.375,"FeatureMask(f0=True, f1=True, f2=True, f3=True, f4=False, f5=False, f6=True, f7=True, f8=False, f9=True, f10=False, f11=True, f12=True)",0.9509211864733172
28.375,"FeatureMask(f0=True, f1=True, f2=True, f3=True, f4=False, f5=False, f6=True, f7=True, f8=False, f9=True, f10=False, f11=True, f12=True)",0.9509211864733172
28.375,"FeatureMask(f0=True, f1=True, f2=True, f3=True, f4=False, f5=False, f6=True, f7=True, f8=False, f9=True, f10=False, f11=True, f12=True)",0.9509211864733172
28.375,"FeatureMask(f0=True, f1=True, f2=True, f3=True, f4=False, f5=False, f6=True, f7=True, f8=False, f9=True, f10=False, f11=True, f12=True)",0.9509211864733172
28.375,"FeatureMask(f0=True, f1=True, f2=True, f3=True, f4=False, f5=False, f6=True, f7=True, f8=False, f9=True, f10=False, f11=True, f12=True)",0.9509211864733172
28.375,"FeatureMask(f0=True, f1=True, f2=True, f3=True, f4=False, f5=False, f6=True, f7=True, f8=False, f9=True, f10=False, f11=True, f12=True)",0.9509211864733172
28.375,"FeatureMask(f0=True, f1=True, f2=True, f3=True, f4=False, f5=False, f6=True, f7=True, f8=False, f9=True, f10=False, f11=True, f12=True)",0.9509211864733172
28.375,"FeatureMask(f0=True, f1=True, f2=True, f3=True, f4=False, f5=False, f6=True, f7=True, f8=False, f9=True, f10=False, f11=True, f12=True)",0.9509211864733172
28.375,"FeatureMask(f0=True, f1=True, f2=True, f3=True, f4=False, f5=False, f6=True, f7=True, f8=False, f9=True, f10=False, f11=True, f12=True)",0.9509211864733172
28.453000000000003,"FeatureMask(f0=True, f1=True, f2=True, f3=True, f4=False, f5=False, f6=True, f7=True, f8=False, f9=True, f10=False, f11=True, f12=True)",0.9509211864733172
28.453000000000003,"FeatureMask(f0=True, f1=True, f2=True, f3=True, f4=False, f5=False, f6=True, f7=True, f8=False, f9=True, f10=False, f11=True, f12=True)",0.9509211864733172
28.453000000000003,"FeatureMask(f0=True, f1=True, f2=True, f3=True, f4=False, f5=False, f6=True, f7=True, f8=False, f9=True, f10=False, f11=True, f12=True)",0.9509211864733172
28.453000000000003,"FeatureMask(f0=True, f1=True, f2=True, f3=True, f4=False, f5=False, f6=True, f7=True, f8=False, f9=True, f10=False, f11=True, f12=True)",0.9509211864733172
28.563000000000002,"FeatureMask(f0=True, f1=True, f2=True, f3=True, f4=False, f5=False, f6=True, f7=True, f8=False, f9=True, f10=False, f11=True, f12=True)",0.9509211864733172
28.563000000000002,"FeatureMask(f0=True, f1=True, f2=True, f3=True, f4=False, f5=False, f6=True, f7=True, f8=False, f9=True, f10=False, f11=True, f12=True)",0.9509211864733172
28.563000000000002,"FeatureMask(f0=True, f1=True, f2=True, f3=True, f4=False, f5=False, f6=True, f7=True, f8=False, f9=True, f10=False, f11=True, f12=True)",0.9509211864733172
28.563000000000002,"FeatureMask(f0=True, f1=True, f2=True, f3=True, f4=False, f5=False, f6=True, f7=True, f8=False, f9=True, f10=False, f11=True, f12=True)",0.9509211864733172
28.563000000000002,"FeatureMask(f0=True, f1=True, f2=True, f3=True, f4=False, f5=False, f6=True, f7=True, f8=False, f9=True, f10=False, f11=True, f12=True)",0.9509211864733172
28.563000000000002,"FeatureMask(f0=True, f1=True, f2=True, f3=True, f4=False, f5=False, f6=True, f7=True, f8=False, f9=True, f10=False, f11=True, f12=True)",0.9509211864733172
28.563000000000002,"FeatureMask(f0=True, f1=True, f2=True, f3=True, f4=False, f5=False, f6=True, f7=True, f8=False, f9=True, f10=False, f11=True, f12=True)",0.9509211864733172
28.563000000000002,"FeatureMask(f0=True, f1=True, f2=True, f3=True, f4=False, f5=False, f6=True, f7=True, f8=False, f9=True, f10=False, f11=True, f12=True)",0.9509211864733172
28.563000000000002,"FeatureMask(f0=True, f1=True, f2=True, f3=True, f4=False, f5=False, f6=True, f7=True, f8=False, f9=True, f10=False, f11=True, f12=True)",0.9509211864733172
28.563000000000002,"FeatureMask(f0=True, f1=True, f2=True, f3=True, f4=False, f5=False, f6=True, f7=True, f8=False, f9=True, f10=False, f11=True, f12=True)",0.9509211864733172
28.641000000000002,"FeatureMask(f0=True, f1=True, f2=True, f3=True, f4=False, f5=False, f6=True, f7=True, f8=False, f9=True, f10=False, f11=True, f12=True)",0.9509211864733172
28.766000000000002,"FeatureMask(f0=True, f1=True, f2=True, f3=True, f4=False, f5=False, f6=True, f7=True, f8=False, f9=True, f10=False, f11=True, f12=True)",0.9509211864733172
28.766000000000002,"FeatureMask(f0=True, f1=True, f2=True, f3=True, f4=False, f5=False, f6=True, f7=True, f8=False, f9=True, f10=False, f11=True, f12=True)",0.9509211864733172
28.766000000000002,"FeatureMask(f0=True, f1=True, f2=True, f3=True, f4=False, f5=False, f6=True, f7=True, f8=False, f9=True, f10=False, f11=True, f12=True)",0.9509211864733172
28.766000000000002,"FeatureMask(f0=True, f1=True, f2=True, f3=True, f4=False, f5=False, f6=True, f7=True, f8=False, f9=True, f10=False, f11=True, f12=True)",0.9509211864733172
28.766000000000002,"FeatureMask(f0=True, f1=True, f2=True, f3=True, f4=False, f5=False, f6=True, f7=True, f8=False, f9=True, f10=False, f11=True, f12=True)",0.9509211864733172
28.766000000000002,"FeatureMask(f0=True, f1=True, f2=True, f3=True, f4=False, f5=False, f6=True, f7=True, f8=False, f9=True, f10=False, f11=True, f12=True)",0.9509211864733172
28.766000000000002,"FeatureMask(f0=True, f1=True, f2=True, f3=True, f4=False, f5=False, f6=True, f7=True, f8=False, f9=True, f10=False, f11=True, f12=True)",0.9509211864733172
28.766000000000002,"FeatureMask(f0=True, f1=True, f2=True, f3=True, f4=False, f5=False, f6=True, f7=True, f8=False, f9=True, f10=False, f11=True, f12=True)",0.9509211864733172
28.766000000000002,"FeatureMask(f0=True, f1=True, f2=True, f3=True, f4=False, f5=False, f6=True, f7=True, f8=False, f9=True, f10=False, f11=True, f12=True)",0.9509211864733172
28.766000000000002,"FeatureMask(f0=True, f1=True, f2=True, f3=True, f4=False, f5=False, f6=True, f7=True, f8=False, f9=True, f10=False, f11=True, f12=True)",0.9509211864733172
28.844,"FeatureMask(f0=True, f1=True, f2=True, f3=True, f4=False, f5=False, f6=True, f7=True, f8=False, f9=True, f10=False, f11=True, f12=True)",0.9509211864733172
28.953000000000003,"FeatureMask(f0=True, f1=True, f2=True, f3=True, f4=False, f5=False, f6=True, f7=True, f8=False, f9=True, f10=False, f11=True, f12=True)",0.9509211864733172
28.953000000000003,"FeatureMask(f0=True, f1=True, f2=True, f3=True, f4=False, f5=False, f6=True, f7=True, f8=False, f9=True, f10=False, f11=True, f12=True)",0.9509211864733172
28.953000000000003,"FeatureMask(f0=True, f1=True, f2=True, f3=True, f4=False, f5=False, f6=True, f7=True, f8=False, f9=True, f10=False, f11=True, f12=True)",0.9509211864733172
28.953000000000003,"FeatureMask(f0=True, f1=True, f2=True, f3=True, f4=False, f5=False, f6=True, f7=True, f8=False, f9=True, f10=False, f11=True, f12=True)",0.9509211864733172
28.953000000000003,"FeatureMask(f0=True, f1=True, f2=True, f3=True, f4=False, f5=False, f6=True, f7=True, f8=False, f9=True, f10=False, f11=True, f12=True)",0.9509211864733172
28.953000000000003,"FeatureMask(f0=True, f1=True, f2=True, f3=True, f4=False, f5=False, f6=True, f7=True, f8=False, f9=True, f10=False, f11=True, f12=True)",0.9509211864733172
28.953000000000003,"FeatureMask(f0=True, f1=True, f2=True, f3=True, f4=False, f5=False, f6=True, f7=True, f8=False, f9=True, f10=False, f11=True, f12=True)",0.9509211864733172
28.953000000000003,"FeatureMask(f0=True, f1=True, f2=True, f3=True, f4=False, f5=False, f6=True, f7=True, f8=False, f9=True, f10=False, f11=True, f12=True)",0.9509211864733172
28.953000000000003,"FeatureMask(f0=True, f1=True, f2=True, f3=True, f4=False, f5=False, f6=True, f7=True, f8=False, f9=True, f10=False, f11=True, f12=True)",0.9509211864733172
28.953000000000003,"FeatureMask(f0=True, f1=True, f2=True, f3=True, f4=False, f5=False, f6=True, f7=True, f8=False, f9=True, f10=False, f11=True, f12=True)",0.9509211864733172
29.047,"FeatureMask(f0=True, f1=True, f2=True, f3=True, f4=False, f5=False, f6=True, f7=True, f8=False, f9=True, f10=False, f11=True, f12=True)",0.9509211864733172
29.156000000000002,"FeatureMask(f0=True, f1=True, f2=True, f3=True, f4=False, f5=False, f6=True, f7=True, f8=False, f9=True, f10=False, f11=True, f12=True)",0.9509211864733172
29.156000000000002,"FeatureMask(f0=True, f1=True, f2=True, f3=True, f4=False, f5=False, f6=True, f7=True, f8=False, f9=True, f10=False, f11=True, f12=True)",0.9509211864733172
29.156000000000002,"FeatureMask(f0=True, f1=True, f2=True, f3=True, f4=False, f5=False, f6=True, f7=True, f8=False, f9=True, f10=False, f11=True, f12=True)",0.9509211864733172
29.156000000000002,"FeatureMask(f0=True, f1=True, f2=True, f3=True, f4=False, f5=False, f6=True, f7=True, f8=False, f9=True, f10=False, f11=True, f12=True)",0.9509211864733172
29.156000000000002,"FeatureMask(f0=True, f1=True, f2=True, f3=True, f4=False, f5=False, f6=True, f7=True, f8=False, f9=True, f10=False, f11=True, f12=True)",0.9509211864733172
29.156000000000002,"FeatureMask(f0=True, f1=True, f2=True, f3=True, f4=False, f5=False, f6=True, f7=True, f8=False, f9=True, f10=False, f11=True, f12=True)",0.9509211864733172
29.156000000000002,"FeatureMask(f0=True, f1=True, f2=True, f3=True, f4=False, f5=False, f6=True, f7=True, f8=False, f9=True, f10=False, f11=True, f12=True)",0.9509211864733172
29.156000000000002,"FeatureMask(f0=True, f1=True, f2=True, f3=True, f4=False, f5=False, f6=True, f7=True, f8=False, f9=True, f10=False, f11=True, f12=True)",0.9509211864733172
29.156000000000002,"FeatureMask(f0=True, f1=True, f2=True, f3=True, f4=False, f5=False, f6=True, f7=True, f8=False, f9=True, f10=False, f11=True, f12=True)",0.9509211864733172
29.156000000000002,"FeatureMask(f0=True, f1=True, f2=True, f3=True, f4=False, f5=False, f6=True, f7=True, f8=False, f9=True, f10=False, f11=True, f12=True)",0.9509211864733172
29.250000000000004,"FeatureMask(f0=True, f1=True, f2=True, f3=True, f4=False, f5=False, f6=True, f7=True, f8=False, f9=True, f10=False, f11=True, f12=True)",0.9509211864733172
29.250000000000004,"FeatureMask(f0=True, f1=True, f2=True, f3=True, f4=False, f5=False, f6=True, f7=True, f8=False, f9=True, f10=False, f11=True, f12=True)",0.9509211864733172
29.375000000000004,"FeatureMask(f0=True, f1=True, f2=True, f3=True, f4=False, f5=False, f6=True, f7=True, f8=False, f9=True, f10=False, f11=True, f12=True)",0.9509211864733172
29.375000000000004,"FeatureMask(f0=True, f1=True, f2=True, f3=True, f4=False, f5=False, f6=True, f7=True, f8=False, f9=True, f10=False, f11=True, f12=True)",0.9509211864733172
29.375000000000004,"FeatureMask(f0=True, f1=True, f2=True, f3=True, f4=False, f5=False, f6=True, f7=True, f8=False, f9=True, f10=False, f11=True, f12=True)",0.9509211864733172
29.375000000000004,"FeatureMask(f0=True, f1=True, f2=True, f3=True, f4=False, f5=False, f6=True, f7=True, f8=False, f9=True, f10=False, f11=True, f12=True)",0.9509211864733172
29.375000000000004,"FeatureMask(f0=True, f1=True, f2=True, f3=True, f4=False, f5=False, f6=True, f7=True, f8=False, f9=True, f10=False, f11=True, f12=True)",0.9509211864733172
29.375000000000004,"FeatureMask(f0=True, f1=True, f2=True, f3=True, f4=False, f5=False, f6=True, f7=True, f8=False, f9=True, f10=False, f11=True, f12=True)",0.9509211864733172
29.375000000000004,"FeatureMask(f0=True, f1=True, f2=True, f3=True, f4=False, f5=False, f6=True, f7=True, f8=False, f9=True, f10=False, f11=True, f12=True)",0.9509211864733172
29.375000000000004,"FeatureMask(f0=True, f1=True, f2=True, f3=True, f4=False, f5=False, f6=True, f7=True, f8=False, f9=True, f10=False, f11=True, f12=True)",0.9509211864733172
29.375000000000004,"FeatureMask(f0=True, f1=True, f2=True, f3=True, f4=False, f5=False, f6=True, f7=True, f8=False, f9=True, f10=False, f11=True, f12=True)",0.9509211864733172
29.375000000000004,"FeatureMask(f0=True, f1=True, f2=True, f3=True, f4=False, f5=False, f6=True, f7=True, f8=False, f9=True, f10=False, f11=True, f12=True)",0.9509211864733172
29.453000000000003,"FeatureMask(f0=True, f1=True, f2=True, f3=True, f4=False, f5=False, f6=True, f7=True, f8=False, f9=True, f10=False, f11=True, f12=True)",0.9509211864733172
29.578000000000003,"FeatureMask(f0=True, f1=True, f2=True, f3=True, f4=False, f5=False, f6=True, f7=True, f8=False, f9=True, f10=False, f11=True, f12=True)",0.9509211864733172
29.578000000000003,"FeatureMask(f0=True, f1=True, f2=True, f3=True, f4=False, f5=False, f6=True, f7=True, f8=False, f9=True, f10=False, f11=True, f12=True)",0.9509211864733172
29.578000000000003,"FeatureMask(f0=True, f1=True, f2=True, f3=True, f4=False, f5=False, f6=True, f7=True, f8=False, f9=True, f10=False, f11=True, f12=True)",0.9509211864733172
29.578000000000003,"FeatureMask(f0=True, f1=True, f2=True, f3=True, f4=False, f5=False, f6=True, f7=True, f8=False, f9=True, f10=False, f11=True, f12=True)",0.9509211864733172
29.578000000000003,"FeatureMask(f0=True, f1=True, f2=True, f3=True, f4=False, f5=False, f6=True, f7=True, f8=False, f9=True, f10=False, f11=True, f12=True)",0.9509211864733172
29.578000000000003,"FeatureMask(f0=True, f1=True, f2=True, f3=True, f4=False, f5=False, f6=True, f7=True, f8=False, f9=True, f10=False, f11=True, f12=True)",0.9509211864733172
29.578000000000003,"FeatureMask(f0=True, f1=True, f2=True, f3=True, f4=False, f5=False, f6=True, f7=True, f8=False, f9=True, f10=False, f11=True, f12=True)",0.9509211864733172
29.578000000000003,"FeatureMask(f0=True, f1=True, f2=True, f3=True, f4=False, f5=False, f6=True, f7=True, f8=False, f9=True, f10=False, f11=True, f12=True)",0.9509211864733172
29.594,"FeatureMask(f0=True, f1=True, f2=True, f3=True, f4=False, f5=False, f6=True, f7=True, f8=False, f9=True, f10=False, f11=True, f12=True)",0.9509211864733172
29.594,"FeatureMask(f0=True, f1=True, f2=True, f3=True, f4=False, f5=False, f6=True, f7=True, f8=False, f9=True, f10=False, f11=True, f12=True)",0.9509211864733172
29.672,"FeatureMask(f0=True, f1=True, f2=True, f3=True, f4=False, f5=False, f6=True, f7=True, f8=False, f9=True, f10=False, f11=True, f12=True)",0.9509211864733172
29.672,"FeatureMask(f0=True, f1=True, f2=True, f3=True, f4=False, f5=False, f6=True, f7=True, f8=False, f9=True, f10=False, f11=True, f12=True)",0.9509211864733172
29.672,"FeatureMask(f0=True, f1=True, f2=True, f3=True, f4=False, f5=False, f6=True, f7=True, f8=False, f9=True, f10=False, f11=True, f12=True)",0.9509211864733172
29.781000000000002,"FeatureMask(f0=True, f1=True, f2=True, f3=True, f4=False, f5=False, f6=True, f7=True, f8=False, f9=True, f10=False, f11=True, f12=True)",0.9509211864733172
29.781000000000002,"FeatureMask(f0=True, f1=True, f2=True, f3=True, f4=False, f5=False, f6=True, f7=True, f8=False, f9=True, f10=False, f11=True, f12=True)",0.9509211864733172
29.781000000000002,"FeatureMask(f0=True, f1=True, f2=True, f3=True, f4=False, f5=False, f6=True, f7=True, f8=False, f9=True, f10=False, f11=True, f12=True)",0.9509211864733172
29.781000000000002,"FeatureMask(f0=True, f1=True, f2=True, f3=True, f4=False, f5=False, f6=True, f7=True, f8=False, f9=True, f10=False, f11=True, f12=True)",0.9509211864733172
29.781000000000002,"FeatureMask(f0=True, f1=True, f2=True, f3=True, f4=False, f5=False, f6=True, f7=True, f8=False, f9=True, f10=False, f11=True, f12=True)",0.9509211864733172
29.781000000000002,"FeatureMask(f0=True, f1=True, f2=True, f3=True, f4=False, f5=False, f6=True, f7=True, f8=False, f9=True, f10=False, f11=True, f12=True)",0.9509211864733172
29.781000000000002,"FeatureMask(f0=True, f1=True, f2=True, f3=True, f4=False, f5=False, f6=True, f7=True, f8=False, f9=True, f10=False, f11=True, f12=True)",0.9509211864733172
29.781000000000002,"FeatureMask(f0=True, f1=True, f2=True, f3=True, f4=False, f5=False, f6=True, f7=True, f8=False, f9=True, f10=False, f11=True, f12=True)",0.9509211864733172
29.781000000000002,"FeatureMask(f0=True, f1=True, f2=True, f3=True, f4=False, f5=False, f6=True, f7=True, f8=False, f9=True, f10=False, f11=True, f12=True)",0.9509211864733172
29.781000000000002,"FeatureMask(f0=True, f1=True, f2=True, f3=True, f4=False, f5=False, f6=True, f7=True, f8=False, f9=True, f10=False, f11=True, f12=True)",0.9509211864733172
29.875000000000004,"FeatureMask(f0=True, f1=True, f2=True, f3=True, f4=False, f5=False, f6=True, f7=True, f8=False, f9=True, f10=False, f11=True, f12=True)",0.9509211864733172
29.985000000000003,"FeatureMask(f0=True, f1=True, f2=True, f3=True, f4=False, f5=False, f6=True, f7=True, f8=False, f9=True, f10=False, f11=True, f12=True)",0.9509211864733172
29.985000000000003,"FeatureMask(f0=True, f1=True, f2=True, f3=True, f4=False, f5=False, f6=True, f7=True, f8=False, f9=True, f10=False, f11=True, f12=True)",0.9509211864733172
29.985000000000003,"FeatureMask(f0=True, f1=True, f2=True, f3=True, f4=False, f5=False, f6=True, f7=True, f8=False, f9=True, f10=False, f11=True, f12=True)",0.9509211864733172
29.985000000000003,"FeatureMask(f0=True, f1=True, f2=True, f3=True, f4=False, f5=False, f6=True, f7=True, f8=False, f9=True, f10=False, f11=True, f12=True)",0.9509211864733172
29.985000000000003,"FeatureMask(f0=True, f1=True, f2=True, f3=True, f4=False, f5=False, f6=True, f7=True, f8=False, f9=True, f10=False, f11=True, f12=True)",0.9509211864733172
29.985000000000003,"FeatureMask(f0=True, f1=True, f2=True, f3=True, f4=False, f5=False, f6=True, f7=True, f8=False, f9=True, f10=False, f11=True, f12=True)",0.9509211864733172
29.985000000000003,"FeatureMask(f0=True, f1=True, f2=True, f3=True, f4=False, f5=False, f6=True, f7=True, f8=False, f9=True, f10=False, f11=True, f12=True)",0.9509211864733172
29.985000000000003,"FeatureMask(f0=True, f1=True, f2=True, f3=True, f4=False, f5=False, f6=True, f7=True, f8=False, f9=True, f10=False, f11=True, f12=True)",0.9509211864733172
29.985000000000003,"FeatureMask(f0=True, f1=True, f2=True, f3=True, f4=False, f5=False, f6=True, f7=True, f8=False, f9=True, f10=False, f11=True, f12=True)",0.9509211864733172
29.985000000000003,"FeatureMask(f0=True, f1=True, f2=True, f3=True, f4=False, f5=False, f6=True, f7=True, f8=False, f9=True, f10=False, f11=True, f12=True)",0.9509211864733172
30.156000000000002,"FeatureMask(f0=True, f1=True, f2=True, f3=True, f4=False, f5=False, f6=True, f7=True, f8=False, f9=True, f10=False, f11=True, f12=True)",0.9509211864733172
30.156000000000002,"FeatureMask(f0=True, f1=True, f2=True, f3=True, f4=False, f5=False, f6=True, f7=True, f8=False, f9=True, f10=False, f11=True, f12=True)",0.9509211864733172
30.156000000000002,"FeatureMask(f0=True, f1=True, f2=True, f3=True, f4=False, f5=False, f6=True, f7=True, f8=False, f9=True, f10=False, f11=True, f12=True)",0.9509211864733172
30.156000000000002,"FeatureMask(f0=True, f1=True, f2=True, f3=True, f4=False, f5=False, f6=True, f7=True, f8=False, f9=True, f10=False, f11=True, f12=True)",0.9509211864733172
30.156000000000002,"FeatureMask(f0=True, f1=True, f2=True, f3=True, f4=False, f5=False, f6=True, f7=True, f8=False, f9=True, f10=False, f11=True, f12=True)",0.9509211864733172
30.156000000000002,"FeatureMask(f0=True, f1=True, f2=True, f3=True, f4=False, f5=False, f6=True, f7=True, f8=False, f9=True, f10=False, f11=True, f12=True)",0.9509211864733172
30.156000000000002,"FeatureMask(f0=True, f1=True, f2=True, f3=True, f4=False, f5=False, f6=True, f7=True, f8=False, f9=True, f10=False, f11=True, f12=True)",0.9509211864733172
30.156000000000002,"FeatureMask(f0=True, f1=True, f2=True, f3=True, f4=False, f5=False, f6=True, f7=True, f8=False, f9=True, f10=False, f11=True, f12=True)",0.9509211864733172
30.156000000000002,"FeatureMask(f0=True, f1=True, f2=True, f3=True, f4=False, f5=False, f6=True, f7=True, f8=False, f9=True, f10=False, f11=True, f12=True)",0.9509211864733172
30.156000000000002,"FeatureMask(f0=True, f1=True, f2=True, f3=True, f4=False, f5=False, f6=True, f7=True, f8=False, f9=True, f10=False, f11=True, f12=True)",0.9509211864733172
30.235000000000003,"FeatureMask(f0=True, f1=True, f2=True, f3=True, f4=False, f5=False, f6=True, f7=True, f8=False, f9=True, f10=False, f11=True, f12=True)",0.9509211864733172
30.235000000000003,"FeatureMask(f0=True, f1=True, f2=True, f3=True, f4=False, f5=False, f6=True, f7=True, f8=False, f9=True, f10=False, f11=True, f12=True)",0.9509211864733172
30.235000000000003,"FeatureMask(f0=True, f1=True, f2=True, f3=True, f4=False, f5=False, f6=True, f7=True, f8=False, f9=True, f10=False, f11=True, f12=True)",0.9509211864733172
30.344,"FeatureMask(f0=True, f1=True, f2=True, f3=True, f4=False, f5=False, f6=True, f7=True, f8=False, f9=True, f10=False, f11=True, f12=True)",0.9509211864733172
30.344,"FeatureMask(f0=True, f1=True, f2=True, f3=True, f4=False, f5=False, f6=True, f7=True, f8=False, f9=True, f10=False, f11=True, f12=True)",0.9509211864733172
30.344,"FeatureMask(f0=True, f1=True, f2=True, f3=True, f4=False, f5=False, f6=True, f7=True, f8=False, f9=True, f10=False, f11=True, f12=True)",0.9509211864733172
30.344,"FeatureMask(f0=True, f1=True, f2=True, f3=True, f4=False, f5=False, f6=True, f7=True, f8=False, f9=True, f10=False, f11=True, f12=True)",0.9509211864733172
30.344,"FeatureMask(f0=True, f1=True, f2=True, f3=True, f4=False, f5=False, f6=True, f7=True, f8=False, f9=True, f10=False, f11=True, f12=True)",0.9509211864733172
30.344,"FeatureMask(f0=True, f1=True, f2=True, f3=True, f4=False, f5=False, f6=True, f7=True, f8=False, f9=True, f10=False, f11=True, f12=True)",0.9509211864733172
30.344,"FeatureMask(f0=True, f1=True, f2=True, f3=True, f4=False, f5=False, f6=True, f7=True, f8=False, f9=True, f10=False, f11=True, f12=True)",0.9509211864733172
30.344,"FeatureMask(f0=True, f1=True, f2=True, f3=True, f4=False, f5=False, f6=True, f7=True, f8=False, f9=True, f10=False, f11=True, f12=True)",0.9509211864733172
30.344,"FeatureMask(f0=True, f1=True, f2=True, f3=True, f4=False, f5=False, f6=True, f7=True, f8=False, f9=True, f10=False, f11=True, f12=True)",0.9509211864733172
30.344,"FeatureMask(f0=True, f1=True, f2=True, f3=True, f4=False, f5=False, f6=True, f7=True, f8=False, f9=True, f10=False, f11=True, f12=True)",0.9509211864733172
30.422,"FeatureMask(f0=True, f1=True, f2=True, f3=True, f4=False, f5=False, f6=True, f7=True, f8=False, f9=True, f10=False, f11=True, f12=True)",0.9509211864733172
30.531000000000002,"FeatureMask(f0=True, f1=True, f2=True, f3=True, f4=False, f5=False, f6=True, f7=True, f8=False, f9=True, f10=False, f11=True, f12=True)",0.9509211864733172
30.531000000000002,"FeatureMask(f0=True, f1=True, f2=True, f3=True, f4=False, f5=False, f6=True, f7=True, f8=False, f9=True, f10=False, f11=True, f12=True)",0.9509211864733172
30.531000000000002,"FeatureMask(f0=True, f1=True, f2=True, f3=True, f4=False, f5=False, f6=True, f7=True, f8=False, f9=True, f10=False, f11=True, f12=True)",0.9509211864733172
30.531000000000002,"FeatureMask(f0=True, f1=True, f2=True, f3=True, f4=False, f5=False, f6=True, f7=True, f8=False, f9=True, f10=False, f11=True, f12=True)",0.9509211864733172
30.531000000000002,"FeatureMask(f0=True, f1=True, f2=True, f3=True, f4=False, f5=False, f6=True, f7=True, f8=False, f9=True, f10=False, f11=True, f12=True)",0.9509211864733172
30.531000000000002,"FeatureMask(f0=True, f1=True, f2=True, f3=True, f4=False, f5=False, f6=True, f7=True, f8=False, f9=True, f10=False, f11=True, f12=True)",0.9509211864733172
30.531000000000002,"FeatureMask(f0=True, f1=True, f2=True, f3=True, f4=False, f5=False, f6=True, f7=True, f8=False, f9=True, f10=False, f11=True, f12=True)",0.9509211864733172
30.531000000000002,"FeatureMask(f0=True, f1=True, f2=True, f3=True, f4=False, f5=False, f6=True, f7=True, f8=False, f9=True, f10=False, f11=True, f12=True)",0.9509211864733172
30.531000000000002,"FeatureMask(f0=True, f1=True, f2=True, f3=True, f4=False, f5=False, f6=True, f7=True, f8=False, f9=True, f10=False, f11=True, f12=True)",0.9509211864733172
30.531000000000002,"FeatureMask(f0=True, f1=True, f2=True, f3=True, f4=False, f5=False, f6=True, f7=True, f8=False, f9=True, f10=False, f11=True, f12=True)",0.9509211864733172
30.610000000000003,"FeatureMask(f0=True, f1=True, f2=True, f3=True, f4=False, f5=False, f6=True, f7=True, f8=False, f9=True, f10=False, f11=True, f12=True)",0.9509211864733172
30.610000000000003,"FeatureMask(f0=True, f1=True, f2=True, f3=True, f4=False, f5=False, f6=True, f7=True, f8=False, f9=True, f10=False, f11=True, f12=True)",0.9509211864733172
30.703000000000003,"FeatureMask(f0=True, f1=True, f2=True, f3=True, f4=False, f5=False, f6=True, f7=True, f8=False, f9=True, f10=False, f11=True, f12=True)",0.9509211864733172
30.703000000000003,"FeatureMask(f0=True, f1=True, f2=True, f3=True, f4=False, f5=False, f6=True, f7=True, f8=False, f9=True, f10=False, f11=True, f12=True)",0.9509211864733172
30.703000000000003,"FeatureMask(f0=True, f1=True, f2=True, f3=True, f4=False, f5=False, f6=True, f7=True, f8=False, f9=True, f10=False, f11=True, f12=True)",0.9509211864733172
30.703000000000003,"FeatureMask(f0=True, f1=True, f2=True, f3=True, f4=False, f5=False, f6=True, f7=True, f8=False, f9=True, f10=False, f11=True, f12=True)",0.9509211864733172
30.703000000000003,"FeatureMask(f0=True, f1=True, f2=True, f3=True, f4=False, f5=False, f6=True, f7=True, f8=False, f9=True, f10=False, f11=True, f12=True)",0.9509211864733172
30.703000000000003,"FeatureMask(f0=True, f1=True, f2=True, f3=True, f4=False, f5=False, f6=True, f7=True, f8=False, f9=True, f10=False, f11=True, f12=True)",0.9509211864733172
30.703000000000003,"FeatureMask(f0=True, f1=True, f2=True, f3=True, f4=False, f5=False, f6=True, f7=True, f8=False, f9=True, f10=False, f11=True, f12=True)",0.9509211864733172
30.703000000000003,"FeatureMask(f0=True, f1=True, f2=True, f3=True, f4=False, f5=False, f6=True, f7=True, f8=False, f9=True, f10=False, f11=True, f12=True)",0.9509211864733172
30.703000000000003,"FeatureMask(f0=True, f1=True, f2=True, f3=True, f4=False, f5=False, f6=True, f7=True, f8=False, f9=True, f10=False, f11=True, f12=True)",0.9509211864733172
30.703000000000003,"FeatureMask(f0=True, f1=True, f2=True, f3=True, f4=False, f5=False, f6=True, f7=True, f8=False, f9=True, f10=False, f11=True, f12=True)",0.9509211864733172
30.797,"FeatureMask(f0=True, f1=True, f2=True, f3=True, f4=False, f5=False, f6=True, f7=True, f8=False, f9=True, f10=False, f11=True, f12=True)",0.9509211864733172
30.797,"FeatureMask(f0=True, f1=True, f2=True, f3=True, f4=False, f5=False, f6=True, f7=True, f8=False, f9=True, f10=False, f11=True, f12=True)",0.9509211864733172
30.906000000000002,"FeatureMask(f0=True, f1=True, f2=True, f3=True, f4=False, f5=False, f6=True, f7=True, f8=False, f9=True, f10=False, f11=True, f12=True)",0.9509211864733172
30.906000000000002,"FeatureMask(f0=True, f1=True, f2=True, f3=True, f4=False, f5=False, f6=True, f7=True, f8=False, f9=True, f10=False, f11=True, f12=True)",0.9509211864733172
30.906000000000002,"FeatureMask(f0=True, f1=True, f2=True, f3=True, f4=False, f5=False, f6=True, f7=True, f8=False, f9=True, f10=False, f11=True, f12=True)",0.9509211864733172
30.906000000000002,"FeatureMask(f0=True, f1=True, f2=True, f3=True, f4=False, f5=False, f6=True, f7=True, f8=False, f9=True, f10=False, f11=True, f12=True)",0.9509211864733172
30.906000000000002,"FeatureMask(f0=True, f1=True, f2=True, f3=True, f4=False, f5=False, f6=True, f7=True, f8=False, f9=True, f10=False, f11=True, f12=True)",0.9509211864733172
30.906000000000002,"FeatureMask(f0=True, f1=True, f2=True, f3=True, f4=False, f5=False, f6=True, f7=True, f8=False, f9=True, f10=False, f11=True, f12=True)",0.9509211864733172
30.906000000000002,"FeatureMask(f0=True, f1=True, f2=True, f3=True, f4=False, f5=False, f6=True, f7=True, f8=False, f9=True, f10=False, f11=True, f12=True)",0.9509211864733172
30.906000000000002,"FeatureMask(f0=True, f1=True, f2=True, f3=True, f4=False, f5=False, f6=True, f7=True, f8=False, f9=True, f10=False, f11=True, f12=True)",0.9509211864733172
30.906000000000002,"FeatureMask(f0=True, f1=True, f2=True, f3=True, f4=False, f5=False, f6=True, f7=True, f8=False, f9=True, f10=False, f11=True, f12=True)",0.9509211864733172
30.906000000000002,"FeatureMask(f0=True, f1=True, f2=True, f3=True, f4=False, f5=False, f6=True, f7=True, f8=False, f9=True, f10=False, f11=True, f12=True)",0.9509211864733172
31.000000000000004,"FeatureMask(f0=True, f1=True, f2=True, f3=True, f4=False, f5=False, f6=True, f7=True, f8=False, f9=True, f10=False, f11=True, f12=True)",0.9509211864733172
31.000000000000004,"FeatureMask(f0=True, f1=True, f2=True, f3=True, f4=False, f5=False, f6=True, f7=True, f8=False, f9=True, f10=False, f11=True, f12=True)",0.9509211864733172
31.000000000000004,"FeatureMask(f0=True, f1=True, f2=True, f3=True, f4=False, f5=False, f6=True, f7=True, f8=False, f9=True, f10=False, f11=True, f12=True)",0.9509211864733172
31.000000000000004,"FeatureMask(f0=True, f1=True, f2=True, f3=True, f4=False, f5=False, f6=True, f7=True, f8=False, f9=True, f10=False, f11=True, f12=True)",0.9509211864733172
31.125000000000004,"FeatureMask(f0=True, f1=True, f2=True, f3=True, f4=False, f5=False, f6=True, f7=True, f8=False, f9=True, f10=False, f11=True, f12=True)",0.9509211864733172
31.125000000000004,"FeatureMask(f0=True, f1=True, f2=True, f3=True, f4=False, f5=False, f6=True, f7=True, f8=False, f9=True, f10=False, f11=True, f12=True)",0.9509211864733172
31.125000000000004,"FeatureMask(f0=True, f1=True, f2=True, f3=True, f4=False, f5=False, f6=True, f7=True, f8=False, f9=True, f10=False, f11=True, f12=True)",0.9509211864733172
31.125000000000004,"FeatureMask(f0=True, f1=True, f2=True, f3=True, f4=False, f5=False, f6=True, f7=True, f8=False, f9=True, f10=False, f11=True, f12=True)",0.9509211864733172
31.125000000000004,"FeatureMask(f0=True, f1=True, f2=True, f3=True, f4=False, f5=False, f6=True, f7=True, f8=False, f9=True, f10=False, f11=True, f12=True)",0.9509211864733172
31.125000000000004,"FeatureMask(f0=True, f1=True, f2=True, f3=True, f4=False, f5=False, f6=True, f7=True, f8=False, f9=True, f10=False, f11=True, f12=True)",0.9509211864733172
31.125000000000004,"FeatureMask(f0=True, f1=True, f2=True, f3=True, f4=False, f5=False, f6=True, f7=True, f8=False, f9=True, f10=False, f11=True, f12=True)",0.9509211864733172
31.125000000000004,"FeatureMask(f0=True, f1=True, f2=True, f3=True, f4=False, f5=False, f6=True, f7=True, f8=False, f9=True, f10=False, f11=True, f12=True)",0.9509211864733172
31.125000000000004,"FeatureMask(f0=True, f1=True, f2=True, f3=True, f4=False, f5=False, f6=True, f7=True, f8=False, f9=True, f10=False, f11=True, f12=True)",0.9509211864733172
31.125000000000004,"FeatureMask(f0=True, f1=True, f2=True, f3=True, f4=False, f5=False, f6=True, f7=True, f8=False, f9=True, f10=False, f11=True, f12=True)",0.9509211864733172
31.203000000000003,"FeatureMask(f0=True, f1=True, f2=True, f3=True, f4=False, f5=False, f6=True, f7=True, f8=False, f9=True, f10=False, f11=True, f12=True)",0.9509211864733172
31.313000000000002,"FeatureMask(f0=True, f1=True, f2=True, f3=True, f4=False, f5=False, f6=True, f7=True, f8=False, f9=True, f10=False, f11=True, f12=True)",0.9509211864733172
31.313000000000002,"FeatureMask(f0=True, f1=True, f2=True, f3=True, f4=False, f5=False, f6=True, f7=True, f8=False, f9=True, f10=False, f11=True, f12=True)",0.9509211864733172
31.313000000000002,"FeatureMask(f0=True, f1=True, f2=True, f3=True, f4=False, f5=False, f6=True, f7=True, f8=False, f9=True, f10=False, f11=True, f12=True)",0.9509211864733172
31.313000000000002,"FeatureMask(f0=True, f1=True, f2=True, f3=True, f4=False, f5=False, f6=True, f7=True, f8=False, f9=True, f10=False, f11=True, f12=True)",0.9509211864733172
31.313000000000002,"FeatureMask(f0=True, f1=True, f2=True, f3=True, f4=False, f5=False, f6=True, f7=True, f8=False, f9=True, f10=False, f11=True, f12=True)",0.9509211864733172
31.313000000000002,"FeatureMask(f0=True, f1=True, f2=True, f3=True, f4=False, f5=False, f6=True, f7=True, f8=False, f9=True, f10=False, f11=True, f12=True)",0.9509211864733172
31.313000000000002,"FeatureMask(f0=True, f1=True, f2=True, f3=True, f4=False, f5=False, f6=True, f7=True, f8=False, f9=True, f10=False, f11=True, f12=True)",0.9509211864733172
31.313000000000002,"FeatureMask(f0=True, f1=True, f2=True, f3=True, f4=False, f5=False, f6=True, f7=True, f8=False, f9=True, f10=False, f11=True, f12=True)",0.9509211864733172
31.313000000000002,"FeatureMask(f0=True, f1=True, f2=True, f3=True, f4=False, f5=False, f6=True, f7=True, f8=False, f9=True, f10=False, f11=True, f12=True)",0.9509211864733172
31.313000000000002,"FeatureMask(f0=True, f1=True, f2=True, f3=True, f4=False, f5=False, f6=True, f7=True, f8=False, f9=True, f10=False, f11=True, f12=True)",0.9509211864733172
31.391000000000002,"FeatureMask(f0=True, f1=True, f2=True, f3=True, f4=False, f5=False, f6=True, f7=True, f8=False, f9=True, f10=False, f11=True, f12=True)",0.9509211864733172
31.391000000000002,"FeatureMask(f0=True, f1=True, f2=True, f3=True, f4=False, f5=False, f6=True, f7=True, f8=False, f9=True, f10=False, f11=True, f12=True)",0.9509211864733172
31.516000000000002,"FeatureMask(f0=True, f1=True, f2=True, f3=True, f4=False, f5=False, f6=True, f7=True, f8=False, f9=True, f10=False, f11=True, f12=True)",0.9509211864733172
31.516000000000002,"FeatureMask(f0=True, f1=True, f2=True, f3=True, f4=False, f5=False, f6=True, f7=True, f8=False, f9=True, f10=False, f11=True, f12=True)",0.9509211864733172
31.516000000000002,"FeatureMask(f0=True, f1=True, f2=True, f3=True, f4=False, f5=False, f6=True, f7=True, f8=False, f9=True, f10=False, f11=True, f12=True)",0.9509211864733172
31.516000000000002,"FeatureMask(f0=True, f1=True, f2=True, f3=True, f4=False, f5=False, f6=True, f7=True, f8=False, f9=True, f10=False, f11=True, f12=True)",0.9509211864733172
31.516000000000002,"FeatureMask(f0=True, f1=True, f2=True, f3=True, f4=False, f5=False, f6=True, f7=True, f8=False, f9=True, f10=False, f11=True, f12=True)",0.9509211864733172
31.516000000000002,"FeatureMask(f0=True, f1=True, f2=True, f3=True, f4=False, f5=False, f6=True, f7=True, f8=False, f9=True, f10=False, f11=True, f12=True)",0.9509211864733172
31.516000000000002,"FeatureMask(f0=True, f1=True, f2=True, f3=True, f4=False, f5=False, f6=True, f7=True, f8=False, f9=True, f10=False, f11=True, f12=True)",0.9509211864733172
31.516000000000002,"FeatureMask(f0=True, f1=True, f2=True, f3=True, f4=False, f5=False, f6=True, f7=True, f8=False, f9=True, f10=False, f11=True, f12=True)",0.9509211864733172
31.516000000000002,"FeatureMask(f0=True, f1=True, f2=True, f3=True, f4=False, f5=False, f6=True, f7=True, f8=False, f9=True, f10=False, f11=True, f12=True)",0.9509211864733172
31.516000000000002,"FeatureMask(f0=True, f1=True, f2=True, f3=True, f4=False, f5=False, f6=True, f7=True, f8=False, f9=True, f10=False, f11=True, f12=True)",0.9509211864733172
31.735000000000003,"FeatureMask(f0=True, f1=True, f2=True, f3=True, f4=False, f5=False, f6=True, f7=True, f8=False, f9=True, f10=False, f11=True, f12=True)",0.9509211864733172
31.735000000000003,"FeatureMask(f0=True, f1=True, f2=True, f3=True, f4=False, f5=False, f6=True, f7=True, f8=False, f9=True, f10=False, f11=True, f12=True)",0.9509211864733172
31.735000000000003,"FeatureMask(f0=True, f1=True, f2=True, f3=True, f4=False, f5=False, f6=True, f7=True, f8=False, f9=True, f10=False, f11=True, f12=True)",0.9509211864733172
31.735000000000003,"FeatureMask(f0=True, f1=True, f2=True, f3=True, f4=False, f5=False, f6=True, f7=True, f8=False, f9=True, f10=False, f11=True, f12=True)",0.9509211864733172
31.735000000000003,"FeatureMask(f0=True, f1=True, f2=True, f3=True, f4=False, f5=False, f6=True, f7=True, f8=False, f9=True, f10=False, f11=True, f12=True)",0.9509211864733172
31.735000000000003,"FeatureMask(f0=True, f1=True, f2=True, f3=True, f4=False, f5=False, f6=True, f7=True, f8=False, f9=True, f10=False, f11=True, f12=True)",0.9509211864733172
31.735000000000003,"FeatureMask(f0=True, f1=True, f2=True, f3=True, f4=False, f5=False, f6=True, f7=True, f8=False, f9=True, f10=False, f11=True, f12=True)",0.9509211864733172
31.735000000000003,"FeatureMask(f0=True, f1=True, f2=True, f3=True, f4=False, f5=False, f6=True, f7=True, f8=False, f9=True, f10=False, f11=True, f12=True)",0.9509211864733172
31.735000000000003,"FeatureMask(f0=True, f1=True, f2=True, f3=True, f4=False, f5=False, f6=True, f7=True, f8=False, f9=True, f10=False, f11=True, f12=True)",0.9509211864733172
31.735000000000003,"FeatureMask(f0=True, f1=True, f2=True, f3=True, f4=False, f5=False, f6=True, f7=True, f8=False, f9=True, f10=False, f11=True, f12=True)",0.9509211864733172
31.813000000000002,"FeatureMask(f0=True, f1=True, f2=True, f3=True, f4=False, f5=False, f6=True, f7=True, f8=False, f9=True, f10=False, f11=True, f12=True)",0.9509211864733172
31.938000000000002,"FeatureMask(f0=True, f1=True, f2=True, f3=True, f4=False, f5=False, f6=True, f7=True, f8=False, f9=True, f10=False, f11=True, f12=True)",0.9509211864733172
31.938000000000002,"FeatureMask(f0=True, f1=True, f2=True, f3=True, f4=False, f5=False, f6=True, f7=True, f8=False, f9=True, f10=False, f11=True, f12=True)",0.9509211864733172
31.938000000000002,"FeatureMask(f0=True, f1=True, f2=True, f3=True, f4=False, f5=False, f6=True, f7=True, f8=False, f9=True, f10=False, f11=True, f12=True)",0.9509211864733172
31.938000000000002,"FeatureMask(f0=True, f1=True, f2=True, f3=True, f4=False, f5=False, f6=True, f7=True, f8=False, f9=True, f10=False, f11=True, f12=True)",0.9509211864733172
31.938000000000002,"FeatureMask(f0=True, f1=True, f2=True, f3=True, f4=False, f5=False, f6=True, f7=True, f8=False, f9=True, f10=False, f11=True, f12=True)",0.9509211864733172
31.938000000000002,"FeatureMask(f0=True, f1=True, f2=True, f3=True, f4=False, f5=False, f6=True, f7=True, f8=False, f9=True, f10=False, f11=True, f12=True)",0.9509211864733172
31.938000000000002,"FeatureMask(f0=True, f1=True, f2=True, f3=True, f4=False, f5=False, f6=True, f7=True, f8=False, f9=True, f10=False, f11=True, f12=True)",0.9509211864733172
31.938000000000002,"FeatureMask(f0=True, f1=True, f2=True, f3=True, f4=False, f5=False, f6=True, f7=True, f8=False, f9=True, f10=False, f11=True, f12=True)",0.9509211864733172
31.938000000000002,"FeatureMask(f0=True, f1=True, f2=True, f3=True, f4=False, f5=False, f6=True, f7=True, f8=False, f9=True, f10=False, f11=True, f12=True)",0.9509211864733172
31.938000000000002,"FeatureMask(f0=True, f1=True, f2=True, f3=True, f4=False, f5=False, f6=True, f7=True, f8=False, f9=True, f10=False, f11=True, f12=True)",0.9509211864733172
32.016000000000005,"FeatureMask(f0=True, f1=True, f2=True, f3=True, f4=False, f5=False, f6=True, f7=True, f8=False, f9=True, f10=False, f11=True, f12=True)",0.9509211864733172
32.016000000000005,"FeatureMask(f0=True, f1=True, f2=True, f3=True, f4=False, f5=False, f6=True, f7=True, f8=False, f9=True, f10=False, f11=True, f12=True)",0.9509211864733172
32.016000000000005,"FeatureMask(f0=True, f1=True, f2=True, f3=True, f4=False, f5=False, f6=True, f7=True, f8=False, f9=True, f10=False, f11=True, f12=True)",0.9509211864733172
32.125,"FeatureMask(f0=True, f1=True, f2=True, f3=True, f4=False, f5=False, f6=True, f7=True, f8=False, f9=True, f10=False, f11=True, f12=True)",0.9509211864733172
32.125,"FeatureMask(f0=True, f1=True, f2=True, f3=True, f4=False, f5=False, f6=True, f7=True, f8=False, f9=True, f10=False, f11=True, f12=True)",0.9509211864733172
32.125,"FeatureMask(f0=True, f1=True, f2=True, f3=True, f4=False, f5=False, f6=True, f7=True, f8=False, f9=True, f10=False, f11=True, f12=True)",0.9509211864733172
32.125,"FeatureMask(f0=True, f1=True, f2=True, f3=True, f4=False, f5=False, f6=True, f7=True, f8=False, f9=True, f10=False, f11=True, f12=True)",0.9509211864733172
32.125,"FeatureMask(f0=True, f1=True, f2=True, f3=True, f4=False, f5=False, f6=True, f7=True, f8=False, f9=True, f10=False, f11=True, f12=True)",0.9509211864733172
32.125,"FeatureMask(f0=True, f1=True, f2=True, f3=True, f4=False, f5=False, f6=True, f7=True, f8=False, f9=True, f10=False, f11=True, f12=True)",0.9509211864733172
32.125,"FeatureMask(f0=True, f1=True, f2=True, f3=True, f4=False, f5=False, f6=True, f7=True, f8=False, f9=True, f10=False, f11=True, f12=True)",0.9509211864733172
32.125,"FeatureMask(f0=True, f1=True, f2=True, f3=True, f4=False, f5=False, f6=True, f7=True, f8=False, f9=True, f10=False, f11=True, f12=True)",0.9509211864733172
32.125,"FeatureMask(f0=True, f1=True, f2=True, f3=True, f4=False, f5=False, f6=True, f7=True, f8=False, f9=True, f10=False, f11=True, f12=True)",0.9509211864733172
32.125,"FeatureMask(f0=True, f1=True, f2=True, f3=True, f4=False, f5=False, f6=True, f7=True, f8=False, f9=True, f10=False, f11=True, f12=True)",0.9509211864733172
32.219,"FeatureMask(f0=True, f1=True, f2=True, f3=True, f4=False, f5=False, f6=True, f7=True, f8=False, f9=True, f10=False, f11=True, f12=True)",0.9509211864733172
32.344,"FeatureMask(f0=True, f1=True, f2=True, f3=True, f4=False, f5=False, f6=True, f7=True, f8=False, f9=True, f10=False, f11=True, f12=True)",0.9509211864733172
32.344,"FeatureMask(f0=True, f1=True, f2=True, f3=True, f4=False, f5=False, f6=True, f7=True, f8=False, f9=True, f10=False, f11=True, f12=True)",0.9509211864733172
32.344,"FeatureMask(f0=True, f1=True, f2=True, f3=True, f4=False, f5=False, f6=True, f7=True, f8=False, f9=True, f10=False, f11=True, f12=True)",0.9509211864733172
32.344,"FeatureMask(f0=True, f1=True, f2=True, f3=True, f4=False, f5=False, f6=True, f7=True, f8=False, f9=True, f10=False, f11=True, f12=True)",0.9509211864733172
32.344,"FeatureMask(f0=True, f1=True, f2=True, f3=True, f4=False, f5=False, f6=True, f7=True, f8=False, f9=True, f10=False, f11=True, f12=True)",0.9509211864733172
32.344,"FeatureMask(f0=True, f1=True, f2=True, f3=True, f4=False, f5=False, f6=True, f7=True, f8=False, f9=True, f10=False, f11=True, f12=True)",0.9509211864733172
32.344,"FeatureMask(f0=True, f1=True, f2=True, f3=True, f4=False, f5=False, f6=True, f7=True, f8=False, f9=True, f10=False, f11=True, f12=True)",0.9509211864733172
32.344,"FeatureMask(f0=True, f1=True, f2=True, f3=True, f4=False, f5=False, f6=True, f7=True, f8=False, f9=True, f10=False, f11=True, f12=True)",0.9509211864733172
32.344,"FeatureMask(f0=True, f1=True, f2=True, f3=True, f4=False, f5=False, f6=True, f7=True, f8=False, f9=True, f10=False, f11=True, f12=True)",0.9509211864733172
32.344,"FeatureMask(f0=True, f1=True, f2=True, f3=True, f4=False, f5=False, f6=True, f7=True, f8=False, f9=True, f10=False, f11=True, f12=True)",0.9509211864733172
32.438,"FeatureMask(f0=True, f1=True, f2=True, f3=True, f4=False, f5=False, f6=True, f7=True, f8=False, f9=True, f10=False, f11=True, f12=True)",0.9509211864733172
32.438,"FeatureMask(f0=True, f1=True, f2=True, f3=True, f4=False, f5=False, f6=True, f7=True, f8=False, f9=True, f10=False, f11=True, f12=True)",0.9509211864733172
32.438,"FeatureMask(f0=True, f1=True, f2=True, f3=True, f4=False, f5=False, f6=True, f7=True, f8=False, f9=True, f10=False, f11=True, f12=True)",0.9509211864733172
32.531,"FeatureMask(f0=True, f1=True, f2=True, f3=True, f4=False, f5=False, f6=True, f7=True, f8=False, f9=True, f10=False, f11=True, f12=True)",0.9509211864733172
32.531,"FeatureMask(f0=True, f1=True, f2=True, f3=True, f4=False, f5=False, f6=True, f7=True, f8=False, f9=True, f10=False, f11=True, f12=True)",0.9509211864733172
32.531,"FeatureMask(f0=True, f1=True, f2=True, f3=True, f4=False, f5=False, f6=True, f7=True, f8=False, f9=True, f10=False, f11=True, f12=True)",0.9509211864733172
32.547000000000004,"FeatureMask(f0=True, f1=True, f2=True, f3=True, f4=False, f5=False, f6=True, f7=True, f8=False, f9=True, f10=False, f11=True, f12=True)",0.9509211864733172
32.547000000000004,"FeatureMask(f0=True, f1=True, f2=True, f3=True, f4=False, f5=False, f6=True, f7=True, f8=False, f9=True, f10=False, f11=True, f12=True)",0.9509211864733172
32.547000000000004,"FeatureMask(f0=True, f1=True, f2=True, f3=True, f4=False, f5=False, f6=True, f7=True, f8=False, f9=True, f10=False, f11=True, f12=True)",0.9509211864733172
32.547000000000004,"FeatureMask(f0=True, f1=True, f2=True, f3=True, f4=False, f5=False, f6=True, f7=True, f8=False, f9=True, f10=False, f11=True, f12=True)",0.9509211864733172
32.547000000000004,"FeatureMask(f0=True, f1=True, f2=True, f3=True, f4=False, f5=False, f6=True, f7=True, f8=False, f9=True, f10=False, f11=True, f12=True)",0.9509211864733172
32.547000000000004,"FeatureMask(f0=True, f1=True, f2=True, f3=True, f4=False, f5=False, f6=True, f7=True, f8=False, f9=True, f10=False, f11=True, f12=True)",0.9509211864733172
32.547000000000004,"FeatureMask(f0=True, f1=True, f2=True, f3=True, f4=False, f5=False, f6=True, f7=True, f8=False, f9=True, f10=False, f11=True, f12=True)",0.9509211864733172
32.625,"FeatureMask(f0=True, f1=True, f2=True, f3=True, f4=False, f5=False, f6=True, f7=True, f8=False, f9=True, f10=False, f11=True, f12=True)",0.9509211864733172
32.625,"FeatureMask(f0=True, f1=True, f2=True, f3=True, f4=False, f5=False, f6=True, f7=True, f8=False, f9=True, f10=False, f11=True, f12=True)",0.9509211864733172
32.625,"FeatureMask(f0=True, f1=True, f2=True, f3=True, f4=False, f5=False, f6=True, f7=True, f8=False, f9=True, f10=False, f11=True, f12=True)",0.9509211864733172
32.625,"FeatureMask(f0=True, f1=True, f2=True, f3=True, f4=False, f5=False, f6=True, f7=True, f8=False, f9=True, f10=False, f11=True, f12=True)",0.9509211864733172
32.75,"FeatureMask(f0=True, f1=True, f2=True, f3=True, f4=False, f5=False, f6=True, f7=True, f8=False, f9=True, f10=False, f11=True, f12=True)",0.9509211864733172
32.75,"FeatureMask(f0=True, f1=True, f2=True, f3=True, f4=False, f5=False, f6=True, f7=True, f8=False, f9=True, f10=False, f11=True, f12=True)",0.9509211864733172
32.75,"FeatureMask(f0=True, f1=True, f2=True, f3=True, f4=False, f5=False, f6=True, f7=True, f8=False, f9=True, f10=False, f11=True, f12=True)",0.9509211864733172
32.75,"FeatureMask(f0=True, f1=True, f2=True, f3=True, f4=False, f5=False, f6=True, f7=True, f8=False, f9=True, f10=False, f11=True, f12=True)",0.9509211864733172
32.75,"FeatureMask(f0=True, f1=True, f2=True, f3=True, f4=False, f5=False, f6=True, f7=True, f8=False, f9=True, f10=False, f11=True, f12=True)",0.9509211864733172
32.75,"FeatureMask(f0=True, f1=True, f2=True, f3=True, f4=False, f5=False, f6=True, f7=True, f8=False, f9=True, f10=False, f11=True, f12=True)",0.9509211864733172
32.75,"FeatureMask(f0=True, f1=True, f2=True, f3=True, f4=False, f5=False, f6=True, f7=True, f8=False, f9=True, f10=False, f11=True, f12=True)",0.9509211864733172
32.75,"FeatureMask(f0=True, f1=True, f2=True, f3=True, f4=False, f5=False, f6=True, f7=True, f8=False, f9=True, f10=False, f11=True, f12=True)",0.9509211864733172
32.75,"FeatureMask(f0=True, f1=True, f2=True, f3=True, f4=False, f5=False, f6=True, f7=True, f8=False, f9=True, f10=False, f11=True, f12=True)",0.9509211864733172
32.75,"FeatureMask(f0=True, f1=True, f2=True, f3=True, f4=False, f5=False, f6=True, f7=True, f8=False, f9=True, f10=False, f11=True, f12=True)",0.9509211864733172
32.828,"FeatureMask(f0=True, f1=True, f2=True, f3=True, f4=False, f5=False, f6=True, f7=True, f8=False, f9=True, f10=False, f11=True, f12=True)",0.9509211864733172
32.938,"FeatureMask(f0=True, f1=True, f2=True, f3=True, f4=False, f5=False, f6=True, f7=True, f8=False, f9=True, f10=False, f11=True, f12=True)",0.9509211864733172
32.938,"FeatureMask(f0=True, f1=True, f2=True, f3=True, f4=False, f5=False, f6=True, f7=True, f8=False, f9=True, f10=False, f11=True, f12=True)",0.9509211864733172
32.938,"FeatureMask(f0=True, f1=True, f2=True, f3=True, f4=False, f5=False, f6=True, f7=True, f8=False, f9=True, f10=False, f11=True, f12=True)",0.9509211864733172
32.938,"FeatureMask(f0=True, f1=True, f2=True, f3=True, f4=False, f5=False, f6=True, f7=True, f8=False, f9=True, f10=False, f11=True, f12=True)",0.9509211864733172
32.938,"FeatureMask(f0=True, f1=True, f2=True, f3=True, f4=False, f5=False, f6=True, f7=True, f8=False, f9=True, f10=False, f11=True, f12=True)",0.9509211864733172
32.938,"FeatureMask(f0=True, f1=True, f2=True, f3=True, f4=False, f5=False, f6=True, f7=True, f8=False, f9=True, f10=False, f11=True, f12=True)",0.9509211864733172
32.938,"FeatureMask(f0=True, f1=True, f2=True, f3=True, f4=False, f5=False, f6=True, f7=True, f8=False, f9=True, f10=False, f11=True, f12=True)",0.9509211864733172
32.938,"FeatureMask(f0=True, f1=True, f2=True, f3=True, f4=False, f5=False, f6=True, f7=True, f8=False, f9=True, f10=False, f11=True, f12=True)",0.9509211864733172
32.938,"FeatureMask(f0=True, f1=True, f2=True, f3=True, f4=False, f5=False, f6=True, f7=True, f8=False, f9=True, f10=False, f11=True, f12=True)",0.9509211864733172
32.938,"FeatureMask(f0=True, f1=True, f2=True, f3=True, f4=False, f5=False, f6=True, f7=True, f8=False, f9=True, f10=False, f11=True, f12=True)",0.9509211864733172
33.016000000000005,"FeatureMask(f0=True, f1=True, f2=True, f3=True, f4=False, f5=False, f6=True, f7=True, f8=False, f9=True, f10=False, f11=True, f12=True)",0.9509211864733172
33.11,"FeatureMask(f0=True, f1=True, f2=True, f3=True, f4=False, f5=False, f6=True, f7=True, f8=False, f9=True, f10=False, f11=True, f12=True)",0.9509211864733172
33.11,"FeatureMask(f0=True, f1=True, f2=True, f3=True, f4=False, f5=False, f6=True, f7=True, f8=False, f9=True, f10=False, f11=True, f12=True)",0.9509211864733172
33.11,"FeatureMask(f0=True, f1=True, f2=True, f3=True, f4=False, f5=False, f6=True, f7=True, f8=False, f9=True, f10=False, f11=True, f12=True)",0.9509211864733172
33.11,"FeatureMask(f0=True, f1=True, f2=True, f3=True, f4=False, f5=False, f6=True, f7=True, f8=False, f9=True, f10=False, f11=True, f12=True)",0.9509211864733172
33.11,"FeatureMask(f0=True, f1=True, f2=True, f3=True, f4=False, f5=False, f6=True, f7=True, f8=False, f9=True, f10=False, f11=True, f12=True)",0.9509211864733172
33.11,"FeatureMask(f0=True, f1=True, f2=True, f3=True, f4=False, f5=False, f6=True, f7=True, f8=False, f9=True, f10=False, f11=True, f12=True)",0.9509211864733172
33.11,"FeatureMask(f0=True, f1=True, f2=True, f3=True, f4=False, f5=False, f6=True, f7=True, f8=False, f9=True, f10=False, f11=True, f12=True)",0.9509211864733172
33.11,"FeatureMask(f0=True, f1=True, f2=True, f3=True, f4=False, f5=False, f6=True, f7=True, f8=False, f9=True, f10=False, f11=True, f12=True)",0.9509211864733172
33.11,"FeatureMask(f0=True, f1=True, f2=True, f3=True, f4=False, f5=False, f6=True, f7=True, f8=False, f9=True, f10=False, f11=True, f12=True)",0.9509211864733172
33.11,"FeatureMask(f0=True, f1=True, f2=True, f3=True, f4=False, f5=False, f6=True, f7=True, f8=False, f9=True, f10=False, f11=True, f12=True)",0.9509211864733172
33.203,"FeatureMask(f0=True, f1=True, f2=True, f3=True, f4=False, f5=False, f6=True, f7=True, f8=False, f9=True, f10=False, f11=True, f12=True)",0.9509211864733172
33.203,"FeatureMask(f0=True, f1=True, f2=True, f3=True, f4=False, f5=False, f6=True, f7=True, f8=False, f9=True, f10=False, f11=True, f12=True)",0.9509211864733172
33.203,"FeatureMask(f0=True, f1=True, f2=True, f3=True, f4=False, f5=False, f6=True, f7=True, f8=False, f9=True, f10=False, f11=True, f12=True)",0.9509211864733172
33.203,"FeatureMask(f0=True, f1=True, f2=True, f3=True, f4=False, f5=False, f6=True, f7=True, f8=False, f9=True, f10=False, f11=True, f12=True)",0.9509211864733172
33.281,"FeatureMask(f0=True, f1=True, f2=True, f3=True, f4=False, f5=False, f6=True, f7=True, f8=False, f9=True, f10=False, f11=True, f12=True)",0.9509211864733172
33.281,"FeatureMask(f0=True, f1=True, f2=True, f3=True, f4=False, f5=False, f6=True, f7=True, f8=False, f9=True, f10=False, f11=True, f12=True)",0.9509211864733172
33.281,"FeatureMask(f0=True, f1=True, f2=True, f3=True, f4=False, f5=False, f6=True, f7=True, f8=False, f9=True, f10=False, f11=True, f12=True)",0.9509211864733172
33.281,"FeatureMask(f0=True, f1=True, f2=True, f3=True, f4=False, f5=False, f6=True, f7=True, f8=False, f9=True, f10=False, f11=True, f12=True)",0.9509211864733172
33.281,"FeatureMask(f0=True, f1=True, f2=True, f3=True, f4=False, f5=False, f6=True, f7=True, f8=False, f9=True, f10=False, f11=True, f12=True)",0.9509211864733172
33.281,"FeatureMask(f0=True, f1=True, f2=True, f3=True, f4=False, f5=False, f6=True, f7=True, f8=False, f9=True, f10=False, f11=True, f12=True)",0.9509211864733172
33.281,"FeatureMask(f0=True, f1=True, f2=True, f3=True, f4=False, f5=False, f6=True, f7=True, f8=False, f9=True, f10=False, f11=True, f12=True)",0.9509211864733172
33.281,"FeatureMask(f0=True, f1=True, f2=True, f3=True, f4=False, f5=False, f6=True, f7=True, f8=False, f9=True, f10=False, f11=True, f12=True)",0.9509211864733172
33.281,"FeatureMask(f0=True, f1=True, f2=True, f3=True, f4=False, f5=False, f6=True, f7=True, f8=False, f9=True, f10=False, f11=True, f12=True)",0.9509211864733172
33.281,"FeatureMask(f0=True, f1=True, f2=True, f3=True, f4=False, f5=False, f6=True, f7=True, f8=False, f9=True, f10=False, f11=True, f12=True)",0.9509211864733172
33.375,"FeatureMask(f0=True, f1=True, f2=True, f3=True, f4=False, f5=False, f6=True, f7=True, f8=False, f9=True, f10=False, f11=True, f12=True)",0.9509211864733172
33.5,"FeatureMask(f0=True, f1=True, f2=True, f3=True, f4=False, f5=False, f6=True, f7=True, f8=False, f9=True, f10=False, f11=True, f12=True)",0.9509211864733172
33.5,"FeatureMask(f0=True, f1=True, f2=True, f3=True, f4=False, f5=False, f6=True, f7=True, f8=False, f9=True, f10=False, f11=True, f12=True)",0.9509211864733172
33.5,"FeatureMask(f0=True, f1=True, f2=True, f3=True, f4=False, f5=False, f6=True, f7=True, f8=False, f9=True, f10=False, f11=True, f12=True)",0.9509211864733172
33.5,"FeatureMask(f0=True, f1=True, f2=True, f3=True, f4=False, f5=False, f6=True, f7=True, f8=False, f9=True, f10=False, f11=True, f12=True)",0.9509211864733172
33.5,"FeatureMask(f0=True, f1=True, f2=True, f3=True, f4=False, f5=False, f6=True, f7=True, f8=False, f9=True, f10=False, f11=True, f12=True)",0.9509211864733172
33.5,"FeatureMask(f0=True, f1=True, f2=True, f3=True, f4=False, f5=False, f6=True, f7=True, f8=False, f9=True, f10=False, f11=True, f12=True)",0.9509211864733172
33.5,"FeatureMask(f0=True, f1=True, f2=True, f3=True, f4=False, f5=False, f6=True, f7=True, f8=False, f9=True, f10=False, f11=True, f12=True)",0.9509211864733172
33.5,"FeatureMask(f0=True, f1=True, f2=True, f3=True, f4=False, f5=False, f6=True, f7=True, f8=False, f9=True, f10=False, f11=True, f12=True)",0.9509211864733172
33.5,"FeatureMask(f0=True, f1=True, f2=True, f3=True, f4=False, f5=False, f6=True, f7=True, f8=False, f9=True, f10=False, f11=True, f12=True)",0.9509211864733172
33.5,"FeatureMask(f0=True, f1=True, f2=True, f3=True, f4=False, f5=False, f6=True, f7=True, f8=False, f9=True, f10=False, f11=True, f12=True)",0.9509211864733172
33.594,"FeatureMask(f0=True, f1=True, f2=True, f3=True, f4=False, f5=False, f6=True, f7=True, f8=False, f9=True, f10=False, f11=True, f12=True)",0.9509211864733172
33.703,"FeatureMask(f0=True, f1=True, f2=True, f3=True, f4=False, f5=False, f6=True, f7=True, f8=False, f9=True, f10=False, f11=True, f12=True)",0.9509211864733172
33.703,"FeatureMask(f0=True, f1=True, f2=True, f3=True, f4=False, f5=False, f6=True, f7=True, f8=False, f9=True, f10=False, f11=True, f12=True)",0.9509211864733172
33.703,"FeatureMask(f0=True, f1=True, f2=True, f3=True, f4=False, f5=False, f6=True, f7=True, f8=False, f9=True, f10=False, f11=True, f12=True)",0.9509211864733172
33.703,"FeatureMask(f0=True, f1=True, f2=True, f3=True, f4=False, f5=False, f6=True, f7=True, f8=False, f9=True, f10=False, f11=True, f12=True)",0.9509211864733172
33.703,"FeatureMask(f0=True, f1=True, f2=True, f3=True, f4=False, f5=False, f6=True, f7=True, f8=False, f9=True, f10=False, f11=True, f12=True)",0.9509211864733172
33.703,"FeatureMask(f0=True, f1=True, f2=True, f3=True, f4=False, f5=False, f6=True, f7=True, f8=False, f9=True, f10=False, f11=True, f12=True)",0.9509211864733172
33.703,"FeatureMask(f0=True, f1=True, f2=True, f3=True, f4=False, f5=False, f6=True, f7=True, f8=False, f9=True, f10=False, f11=True, f12=True)",0.9509211864733172
33.703,"FeatureMask(f0=True, f1=True, f2=True, f3=True, f4=False, f5=False, f6=True, f7=True, f8=False, f9=True, f10=False, f11=True, f12=True)",0.9509211864733172
33.703,"FeatureMask(f0=True, f1=True, f2=True, f3=True, f4=False, f5=False, f6=True, f7=True, f8=False, f9=True, f10=False, f11=True, f12=True)",0.9509211864733172
33.703,"FeatureMask(f0=True, f1=True, f2=True, f3=True, f4=False, f5=False, f6=True, f7=True, f8=False, f9=True, f10=False, f11=True, f12=True)",0.9509211864733172
33.781,"FeatureMask(f0=True, f1=True, f2=True, f3=True, f4=False, f5=False, f6=True, f7=True, f8=False, f9=True, f10=False, f11=True, f12=True)",0.9509211864733172
33.781,"FeatureMask(f0=True, f1=True, f2=True, f3=True, f4=False, f5=False, f6=True, f7=True, f8=False, f9=True, f10=False, f11=True, f12=True)",0.9509211864733172
33.781,"FeatureMask(f0=True, f1=True, f2=True, f3=True, f4=False, f5=False, f6=True, f7=True, f8=False, f9=True, f10=False, f11=True, f12=True)",0.9509211864733172
33.781,"FeatureMask(f0=True, f1=True, f2=True, f3=True, f4=False, f5=False, f6=True, f7=True, f8=False, f9=True, f10=False, f11=True, f12=True)",0.9509211864733172
33.781,"FeatureMask(f0=True, f1=True, f2=True, f3=True, f4=False, f5=False, f6=True, f7=True, f8=False, f9=True, f10=False, f11=True, f12=True)",0.9509211864733172
33.891000000000005,"FeatureMask(f0=True, f1=True, f2=True, f3=True, f4=False, f5=False, f6=True, f7=True, f8=False, f9=True, f10=False, f11=True, f12=True)",0.9509211864733172
33.891000000000005,"FeatureMask(f0=True, f1=True, f2=True, f3=True, f4=False, f5=False, f6=True, f7=True, f8=False, f9=True, f10=False, f11=True, f12=True)",0.9509211864733172
33.891000000000005,"FeatureMask(f0=True, f1=True, f2=True, f3=True, f4=False, f5=False, f6=True, f7=True, f8=False, f9=True, f10=False, f11=True, f12=True)",0.9509211864733172
33.891000000000005,"FeatureMask(f0=True, f1=True, f2=True, f3=True, f4=False, f5=False, f6=True, f7=True, f8=False, f9=True, f10=False, f11=True, f12=True)",0.9509211864733172
33.891000000000005,"FeatureMask(f0=True, f1=True, f2=True, f3=True, f4=False, f5=False, f6=True, f7=True, f8=False, f9=True, f10=False, f11=True, f12=True)",0.9509211864733172
33.891000000000005,"FeatureMask(f0=True, f1=True, f2=True, f3=True, f4=False, f5=False, f6=True, f7=True, f8=False, f9=True, f10=False, f11=True, f12=True)",0.9509211864733172
33.891000000000005,"FeatureMask(f0=True, f1=True, f2=True, f3=True, f4=False, f5=False, f6=True, f7=True, f8=False, f9=True, f10=False, f11=True, f12=True)",0.9509211864733172
33.891000000000005,"FeatureMask(f0=True, f1=True, f2=True, f3=True, f4=False, f5=False, f6=True, f7=True, f8=False, f9=True, f10=False, f11=True, f12=True)",0.9509211864733172
33.891000000000005,"FeatureMask(f0=True, f1=True, f2=True, f3=True, f4=False, f5=False, f6=True, f7=True, f8=False, f9=True, f10=False, f11=True, f12=True)",0.9509211864733172
33.891000000000005,"FeatureMask(f0=True, f1=True, f2=True, f3=True, f4=False, f5=False, f6=True, f7=True, f8=False, f9=True, f10=False, f11=True, f12=True)",0.9509211864733172
33.969,"FeatureMask(f0=True, f1=True, f2=True, f3=True, f4=False, f5=False, f6=True, f7=True, f8=False, f9=True, f10=False, f11=True, f12=True)",0.9509211864733172
33.969,"FeatureMask(f0=True, f1=True, f2=True, f3=True, f4=False, f5=False, f6=True, f7=True, f8=False, f9=True, f10=False, f11=True, f12=True)",0.9509211864733172
33.969,"FeatureMask(f0=True, f1=True, f2=True, f3=True, f4=False, f5=False, f6=True, f7=True, f8=False, f9=True, f10=False, f11=True, f12=True)",0.9509211864733172
34.094,"FeatureMask(f0=True, f1=True, f2=True, f3=True, f4=False, f5=False, f6=True, f7=True, f8=False, f9=True, f10=False, f11=True, f12=True)",0.9509211864733172
34.094,"FeatureMask(f0=True, f1=True, f2=True, f3=True, f4=False, f5=False, f6=True, f7=True, f8=False, f9=True, f10=False, f11=True, f12=True)",0.9509211864733172
34.094,"FeatureMask(f0=True, f1=True, f2=True, f3=True, f4=False, f5=False, f6=True, f7=True, f8=False, f9=True, f10=False, f11=True, f12=True)",0.9509211864733172
34.094,"FeatureMask(f0=True, f1=True, f2=True, f3=True, f4=False, f5=False, f6=True, f7=True, f8=False, f9=True, f10=False, f11=True, f12=True)",0.9509211864733172
34.094,"FeatureMask(f0=True, f1=True, f2=True, f3=True, f4=False, f5=False, f6=True, f7=True, f8=False, f9=True, f10=False, f11=True, f12=True)",0.9509211864733172
34.094,"FeatureMask(f0=True, f1=True, f2=True, f3=True, f4=False, f5=False, f6=True, f7=True, f8=False, f9=True, f10=False, f11=True, f12=True)",0.9509211864733172
34.094,"FeatureMask(f0=True, f1=True, f2=True, f3=True, f4=False, f5=False, f6=True, f7=True, f8=False, f9=True, f10=False, f11=True, f12=True)",0.9509211864733172
34.094,"FeatureMask(f0=True, f1=True, f2=True, f3=True, f4=False, f5=False, f6=True, f7=True, f8=False, f9=True, f10=False, f11=True, f12=True)",0.9509211864733172
34.094,"FeatureMask(f0=True, f1=True, f2=True, f3=True, f4=False, f5=False, f6=True, f7=True, f8=False, f9=True, f10=False, f11=True, f12=True)",0.9509211864733172
34.094,"FeatureMask(f0=True, f1=True, f2=True, f3=True, f4=False, f5=False, f6=True, f7=True, f8=False, f9=True, f10=False, f11=True, f12=True)",0.9509211864733172
34.281,"FeatureMask(f0=True, f1=True, f2=True, f3=True, f4=False, f5=False, f6=True, f7=True, f8=False, f9=True, f10=False, f11=True, f12=True)",0.9509211864733172
34.281,"FeatureMask(f0=True, f1=True, f2=True, f3=True, f4=False, f5=False, f6=True, f7=True, f8=False, f9=True, f10=False, f11=True, f12=True)",0.9509211864733172
34.281,"FeatureMask(f0=True, f1=True, f2=True, f3=True, f4=False, f5=False, f6=True, f7=True, f8=False, f9=True, f10=False, f11=True, f12=True)",0.9509211864733172
34.281,"FeatureMask(f0=True, f1=True, f2=True, f3=True, f4=False, f5=False, f6=True, f7=True, f8=False, f9=True, f10=False, f11=True, f12=True)",0.9509211864733172
34.281,"FeatureMask(f0=True, f1=True, f2=True, f3=True, f4=False, f5=False, f6=True, f7=True, f8=False, f9=True, f10=False, f11=True, f12=True)",0.9509211864733172
34.281,"FeatureMask(f0=True, f1=True, f2=True, f3=True, f4=False, f5=False, f6=True, f7=True, f8=False, f9=True, f10=False, f11=True, f12=True)",0.9509211864733172
34.281,"FeatureMask(f0=True, f1=True, f2=True, f3=True, f4=False, f5=False, f6=True, f7=True, f8=False, f9=True, f10=False, f11=True, f12=True)",0.9509211864733172
34.281,"FeatureMask(f0=True, f1=True, f2=True, f3=True, f4=False, f5=False, f6=True, f7=True, f8=False, f9=True, f10=False, f11=True, f12=True)",0.9509211864733172
34.281,"FeatureMask(f0=True, f1=True, f2=True, f3=True, f4=False, f5=False, f6=True, f7=True, f8=False, f9=True, f10=False, f11=True, f12=True)",0.9509211864733172
34.281,"FeatureMask(f0=True, f1=True, f2=True, f3=True, f4=False, f5=False, f6=True, f7=True, f8=False, f9=True, f10=False, f11=True, f12=True)",0.9509211864733172
34.438,"FeatureMask(f0=True, f1=True, f2=True, f3=True, f4=False, f5=False, f6=True, f7=True, f8=False, f9=True, f10=False, f11=True, f12=True)",0.9509211864733172
34.438,"FeatureMask(f0=True, f1=True, f2=True, f3=True, f4=False, f5=False, f6=True, f7=True, f8=False, f9=True, f10=False, f11=True, f12=True)",0.9509211864733172
34.453,"FeatureMask(f0=True, f1=True, f2=True, f3=True, f4=False, f5=False, f6=True, f7=True, f8=False, f9=True, f10=False, f11=True, f12=True)",0.9509211864733172
34.453,"FeatureMask(f0=True, f1=True, f2=True, f3=True, f4=False, f5=False, f6=True, f7=True, f8=False, f9=True, f10=False, f11=True, f12=True)",0.9509211864733172
34.453,"FeatureMask(f0=True, f1=True, f2=True, f3=True, f4=False, f5=False, f6=True, f7=True, f8=False, f9=True, f10=False, f11=True, f12=True)",0.9509211864733172
34.453,"FeatureMask(f0=True, f1=True, f2=True, f3=True, f4=False, f5=False, f6=True, f7=True, f8=False, f9=True, f10=False, f11=True, f12=True)",0.9509211864733172
34.453,"FeatureMask(f0=True, f1=True, f2=True, f3=True, f4=False, f5=False, f6=True, f7=True, f8=False, f9=True, f10=False, f11=True, f12=True)",0.9509211864733172
34.453,"FeatureMask(f0=True, f1=True, f2=True, f3=True, f4=False, f5=False, f6=True, f7=True, f8=False, f9=True, f10=False, f11=True, f12=True)",0.9509211864733172
34.453,"FeatureMask(f0=True, f1=True, f2=True, f3=True, f4=False, f5=False, f6=True, f7=True, f8=False, f9=True, f10=False, f11=True, f12=True)",0.9509211864733172
34.453,"FeatureMask(f0=True, f1=True, f2=True, f3=True, f4=False, f5=False, f6=True, f7=True, f8=False, f9=True, f10=False, f11=True, f12=True)",0.9509211864733172
34.531,"FeatureMask(f0=True, f1=True, f2=True, f3=True, f4=False, f5=False, f6=True, f7=True, f8=False, f9=True, f10=False, f11=True, f12=True)",0.9509211864733172
34.625,"FeatureMask(f0=True, f1=True, f2=True, f3=True, f4=False, f5=False, f6=True, f7=True, f8=False, f9=True, f10=False, f11=True, f12=True)",0.9509211864733172
34.625,"FeatureMask(f0=True, f1=True, f2=True, f3=True, f4=False, f5=False, f6=True, f7=True, f8=False, f9=True, f10=False, f11=True, f12=True)",0.9509211864733172
34.625,"FeatureMask(f0=True, f1=True, f2=True, f3=True, f4=False, f5=False, f6=True, f7=True, f8=False, f9=True, f10=False, f11=True, f12=True)",0.9509211864733172
34.625,"FeatureMask(f0=True, f1=True, f2=True, f3=True, f4=False, f5=False, f6=True, f7=True, f8=False, f9=True, f10=False, f11=True, f12=True)",0.9509211864733172
34.625,"FeatureMask(f0=True, f1=True, f2=True, f3=True, f4=False, f5=False, f6=True, f7=True, f8=False, f9=True, f10=False, f11=True, f12=True)",0.9509211864733172
34.625,"FeatureMask(f0=True, f1=True, f2=True, f3=True, f4=False, f5=False, f6=True, f7=True, f8=False, f9=True, f10=False, f11=True, f12=True)",0.9509211864733172
34.625,"FeatureMask(f0=True, f1=True, f2=True, f3=True, f4=False, f5=False, f6=True, f7=True, f8=False, f9=True, f10=False, f11=True, f12=True)",0.9509211864733172
34.625,"FeatureMask(f0=True, f1=True, f2=True, f3=True, f4=False, f5=False, f6=True, f7=True, f8=False, f9=True, f10=False, f11=True, f12=True)",0.9509211864733172
34.625,"FeatureMask(f0=True, f1=True, f2=True, f3=True, f4=False, f5=False, f6=True, f7=True, f8=False, f9=True, f10=False, f11=True, f12=True)",0.9509211864733172
34.625,"FeatureMask(f0=True, f1=True, f2=True, f3=True, f4=False, f5=False, f6=True, f7=True, f8=False, f9=True, f10=False, f11=True, f12=True)",0.9509211864733172
34.703,"FeatureMask(f0=True, f1=True, f2=True, f3=True, f4=False, f5=False, f6=True, f7=True, f8=False, f9=True, f10=False, f11=True, f12=True)",0.9509211864733172
34.703,"FeatureMask(f0=True, f1=True, f2=True, f3=True, f4=False, f5=False, f6=True, f7=True, f8=False, f9=True, f10=False, f11=True, f12=True)",0.9509211864733172
34.813,"FeatureMask(f0=True, f1=True, f2=True, f3=True, f4=False, f5=False, f6=True, f7=True, f8=False, f9=True, f10=False, f11=True, f12=True)",0.9509211864733172
34.813,"FeatureMask(f0=True, f1=True, f2=True, f3=True, f4=False, f5=False, f6=True, f7=True, f8=False, f9=True, f10=False, f11=True, f12=True)",0.9509211864733172
34.813,"FeatureMask(f0=True, f1=True, f2=True, f3=True, f4=False, f5=False, f6=True, f7=True, f8=False, f9=True, f10=False, f11=True, f12=True)",0.9509211864733172
34.813,"FeatureMask(f0=True, f1=True, f2=True, f3=True, f4=False, f5=False, f6=True, f7=True, f8=False, f9=True, f10=False, f11=True, f12=True)",0.9509211864733172
34.813,"FeatureMask(f0=True, f1=True, f2=True, f3=True, f4=False, f5=False, f6=True, f7=True, f8=False, f9=True, f10=False, f11=True, f12=True)",0.9509211864733172
34.813,"FeatureMask(f0=True, f1=True, f2=True, f3=True, f4=False, f5=False, f6=True, f7=True, f8=False, f9=True, f10=False, f11=True, f12=True)",0.9509211864733172
34.813,"FeatureMask(f0=True, f1=True, f2=True, f3=True, f4=False, f5=False, f6=True, f7=True, f8=False, f9=True, f10=False, f11=True, f12=True)",0.9509211864733172
34.813,"FeatureMask(f0=True, f1=True, f2=True, f3=True, f4=False, f5=False, f6=True, f7=True, f8=False, f9=True, f10=False, f11=True, f12=True)",0.9509211864733172
34.813,"FeatureMask(f0=True, f1=True, f2=True, f3=True, f4=False, f5=False, f6=True, f7=True, f8=False, f9=True, f10=False, f11=True, f12=True)",0.9509211864733172
34.813,"FeatureMask(f0=True, f1=True, f2=True, f3=True, f4=False, f5=False, f6=True, f7=True, f8=False, f9=True, f10=False, f11=True, f12=True)",0.9509211864733172
34.891000000000005,"FeatureMask(f0=True, f1=True, f2=True, f3=True, f4=False, f5=False, f6=True, f7=True, f8=False, f9=True, f10=False, f11=True, f12=True)",0.9509211864733172
35.0,"FeatureMask(f0=True, f1=True, f2=True, f3=True, f4=False, f5=False, f6=True, f7=True, f8=False, f9=True, f10=False, f11=True, f12=True)",0.9509211864733172
35.0,"FeatureMask(f0=True, f1=True, f2=True, f3=True, f4=False, f5=False, f6=True, f7=True, f8=False, f9=True, f10=False, f11=True, f12=True)",0.9509211864733172
35.0,"FeatureMask(f0=True, f1=True, f2=True, f3=True, f4=False, f5=False, f6=True, f7=True, f8=False, f9=True, f10=False, f11=True, f12=True)",0.9509211864733172
35.0,"FeatureMask(f0=True, f1=True, f2=True, f3=True, f4=False, f5=False, f6=True, f7=True, f8=False, f9=True, f10=False, f11=True, f12=True)",0.9509211864733172
35.0,"FeatureMask(f0=True, f1=True, f2=True, f3=True, f4=False, f5=False, f6=True, f7=True, f8=False, f9=True, f10=False, f11=True, f12=True)",0.9509211864733172
35.0,"FeatureMask(f0=True, f1=True, f2=True, f3=True, f4=False, f5=False, f6=True, f7=True, f8=False, f9=True, f10=False, f11=True, f12=True)",0.9509211864733172
35.0,"FeatureMask(f0=True, f1=True, f2=True, f3=True, f4=False, f5=False, f6=True, f7=True, f8=False, f9=True, f10=False, f11=True, f12=True)",0.9509211864733172
35.0,"FeatureMask(f0=True, f1=True, f2=True, f3=True, f4=False, f5=False, f6=True, f7=True, f8=False, f9=True, f10=False, f11=True, f12=True)",0.9509211864733172
35.0,"FeatureMask(f0=True, f1=True, f2=True, f3=True, f4=False, f5=False, f6=True, f7=True, f8=False, f9=True, f10=False, f11=True, f12=True)",0.9509211864733172
35.0,"FeatureMask(f0=True, f1=True, f2=True, f3=True, f4=False, f5=False, f6=True, f7=True, f8=False, f9=True, f10=False, f11=True, f12=True)",0.9509211864733172
35.078,"FeatureMask(f0=True, f1=True, f2=True, f3=True, f4=False, f5=False, f6=True, f7=True, f8=False, f9=True, f10=False, f11=True, f12=True)",0.9509211864733172
35.078,"FeatureMask(f0=True, f1=True, f2=True, f3=True, f4=False, f5=False, f6=True, f7=True, f8=False, f9=True, f10=False, f11=True, f12=True)",0.9509211864733172
35.078,"FeatureMask(f0=True, f1=True, f2=True, f3=True, f4=False, f5=False, f6=True, f7=True, f8=False, f9=True, f10=False, f11=True, f12=True)",0.9509211864733172
35.078,"FeatureMask(f0=True, f1=True, f2=True, f3=True, f4=False, f5=False, f6=True, f7=True, f8=False, f9=True, f10=False, f11=True, f12=True)",0.9509211864733172
35.078,"FeatureMask(f0=True, f1=True, f2=True, f3=True, f4=False, f5=False, f6=True, f7=True, f8=False, f9=True, f10=False, f11=True, f12=True)",0.9509211864733172
35.078,"FeatureMask(f0=True, f1=True, f2=True, f3=True, f4=False, f5=False, f6=True, f7=True, f8=False, f9=True, f10=False, f11=True, f12=True)",0.9509211864733172
35.078,"FeatureMask(f0=True, f1=True, f2=True, f3=True, f4=False, f5=False, f6=True, f7=True, f8=False, f9=True, f10=False, f11=True, f12=True)",0.9509211864733172
35.078,"FeatureMask(f0=True, f1=True, f2=True, f3=True, f4=False, f5=False, f6=True, f7=True, f8=False, f9=True, f10=False, f11=True, f12=True)",0.9509211864733172
35.078,"FeatureMask(f0=True, f1=True, f2=True, f3=True, f4=False, f5=False, f6=True, f7=True, f8=False, f9=True, f10=False, f11=True, f12=True)",0.9509211864733172
35.078,"FeatureMask(f0=True, f1=True, f2=True, f3=True, f4=False, f5=False, f6=True, f7=True, f8=False, f9=True, f10=False, f11=True, f12=True)",0.9509211864733172
35.078,"FeatureMask(f0=True, f1=True, f2=True, f3=True, f4=False, f5=False, f6=True, f7=True, f8=False, f9=True, f10=False, f11=True, f12=True)",0.9509211864733172
35.078,"FeatureMask(f0=True, f1=True, f2=True, f3=True, f4=False, f5=False, f6=True, f7=True, f8=False, f9=True, f10=False, f11=True, f12=True)",0.9509211864733172
35.078,"FeatureMask(f0=True, f1=True, f2=True, f3=True, f4=False, f5=False, f6=True, f7=True, f8=False, f9=True, f10=False, f11=True, f12=True)",0.9509211864733172
35.078,"FeatureMask(f0=True, f1=True, f2=True, f3=True, f4=False, f5=False, f6=True, f7=True, f8=False, f9=True, f10=False, f11=True, f12=True)",0.9509211864733172
35.078,"FeatureMask(f0=True, f1=True, f2=True, f3=True, f4=False, f5=False, f6=True, f7=True, f8=False, f9=True, f10=False, f11=True, f12=True)",0.9509211864733172
35.094,"FeatureMask(f0=True, f1=True, f2=True, f3=True, f4=False, f5=False, f6=True, f7=True, f8=False, f9=True, f10=False, f11=True, f12=True)",0.9509211864733172
35.094,"FeatureMask(f0=True, f1=True, f2=True, f3=True, f4=False, f5=False, f6=True, f7=True, f8=False, f9=True, f10=False, f11=True, f12=True)",0.9509211864733172
35.11,"FeatureMask(f0=True, f1=True, f2=True, f3=True, f4=False, f5=False, f6=True, f7=True, f8=False, f9=True, f10=False, f11=True, f12=True)",0.9509211864733172
35.11,"FeatureMask(f0=True, f1=True, f2=True, f3=True, f4=False, f5=False, f6=True, f7=True, f8=False, f9=True, f10=False, f11=True, f12=True)",0.9509211864733172
35.125,"FeatureMask(f0=True, f1=True, f2=True, f3=True, f4=False, f5=False, f6=True, f7=True, f8=False, f9=True, f10=False, f11=True, f12=True)",0.9509211864733172
35.141000000000005,"FeatureMask(f0=True, f1=True, f2=True, f3=True, f4=False, f5=False, f6=True, f7=True, f8=False, f9=True, f10=False, f11=True, f12=True)",0.9509211864733172
35.141000000000005,"FeatureMask(f0=True, f1=True, f2=True, f3=True, f4=False, f5=False, f6=True, f7=True, f8=False, f9=True, f10=False, f11=True, f12=True)",0.9509211864733172
35.156,"FeatureMask(f0=True, f1=True, f2=True, f3=True, f4=False, f5=False, f6=True, f7=True, f8=False, f9=True, f10=False, f11=True, f12=True)",0.9509211864733172
35.156,"FeatureMask(f0=True, f1=True, f2=True, f3=True, f4=False, f5=False, f6=True, f7=True, f8=False, f9=True, f10=False, f11=True, f12=True)",0.9509211864733172
35.172000000000004,"FeatureMask(f0=True, f1=True, f2=True, f3=True, f4=False, f5=False, f6=True, f7=True, f8=False, f9=True, f10=False, f11=True, f12=True)",0.9509211864733172
35.172000000000004,"FeatureMask(f0=True, f1=True, f2=True, f3=True, f4=False, f5=False, f6=True, f7=True, f8=False, f9=True, f10=False, f11=True, f12=True)",0.9509211864733172
35.188,"FeatureMask(f0=True, f1=True, f2=True, f3=True, f4=False, f5=False, f6=True, f7=True, f8=False, f9=True, f10=False, f11=True, f12=True)",0.9509211864733172
35.203,"FeatureMask(f0=True, f1=True, f2=True, f3=True, f4=False, f5=False, f6=True, f7=True, f8=False, f9=True, f10=False, f11=True, f12=True)",0.9509211864733172
35.203,"FeatureMask(f0=True, f1=True, f2=True, f3=True, f4=False, f5=False, f6=True, f7=True, f8=False, f9=True, f10=False, f11=True, f12=True)",0.9509211864733172
35.203,"FeatureMask(f0=True, f1=True, f2=True, f3=True, f4=False, f5=False, f6=True, f7=True, f8=False, f9=True, f10=False, f11=True, f12=True)",0.9509211864733172
35.203,"FeatureMask(f0=True, f1=True, f2=True, f3=True, f4=False, f5=False, f6=True, f7=True, f8=False, f9=True, f10=False, f11=True, f12=True)",0.9509211864733172
35.203,"FeatureMask(f0=True, f1=True, f2=True, f3=True, f4=False, f5=False, f6=True, f7=True, f8=False, f9=True, f10=False, f11=True, f12=True)",0.9509211864733172
35.203,"FeatureMask(f0=True, f1=True, f2=True, f3=True, f4=False, f5=False, f6=True, f7=True, f8=False, f9=True, f10=False, f11=True, f12=True)",0.9509211864733172
35.203,"FeatureMask(f0=True, f1=True, f2=True, f3=True, f4=False, f5=False, f6=True, f7=True, f8=False, f9=True, f10=False, f11=True, f12=True)",0.9509211864733172
35.203,"FeatureMask(f0=True, f1=True, f2=True, f3=True, f4=False, f5=False, f6=True, f7=True, f8=False, f9=True, f10=False, f11=True, f12=True)",0.9509211864733172
35.203,"FeatureMask(f0=True, f1=True, f2=True, f3=True, f4=False, f5=False, f6=True, f7=True, f8=False, f9=True, f10=False, f11=True, f12=True)",0.9509211864733172
35.203,"FeatureMask(f0=True, f1=True, f2=True, f3=True, f4=False, f5=False, f6=True, f7=True, f8=False, f9=True, f10=False, f11=True, f12=True)",0.9509211864733172
35.203,"FeatureMask(f0=True, f1=True, f2=True, f3=True, f4=False, f5=False, f6=True, f7=True, f8=False, f9=True, f10=False, f11=True, f12=True)",0.9509211864733172
35.203,"FeatureMask(f0=True, f1=True, f2=True, f3=True, f4=False, f5=False, f6=True, f7=True, f8=False, f9=True, f10=False, f11=True, f12=True)",0.9509211864733172
35.203,"FeatureMask(f0=True, f1=True, f2=True, f3=True, f4=False, f5=False, f6=True, f7=True, f8=False, f9=True, f10=False, f11=True, f12=True)",0.9509211864733172
35.297000000000004,"FeatureMask(f0=True, f1=True, f2=True, f3=True, f4=False, f5=False, f6=True, f7=True, f8=False, f9=True, f10=False, f11=True, f12=True)",0.9509211864733172
35.297000000000004,"FeatureMask(f0=True, f1=True, f2=True, f3=True, f4=False, f5=False, f6=True, f7=True, f8=False, f9=True, f10=False, f11=True, f12=True)",0.9509211864733172
35.297000000000004,"FeatureMask(f0=True, f1=True, f2=True, f3=True, f4=False, f5=False, f6=True, f7=True, f8=False, f9=True, f10=False, f11=True, f12=True)",0.9509211864733172
35.297000000000004,"FeatureMask(f0=True, f1=True, f2=True, f3=True, f4=False, f5=False, f6=True, f7=True, f8=False, f9=True, f10=False, f11=True, f12=True)",0.9509211864733172
35.297000000000004,"FeatureMask(f0=True, f1=True, f2=True, f3=True, f4=False, f5=False, f6=True, f7=True, f8=False, f9=True, f10=False, f11=True, f12=True)",0.9509211864733172
35.297000000000004,"FeatureMask(f0=True, f1=True, f2=True, f3=True, f4=False, f5=False, f6=True, f7=True, f8=False, f9=True, f10=False, f11=True, f12=True)",0.9509211864733172
35.422000000000004,"FeatureMask(f0=True, f1=True, f2=True, f3=True, f4=False, f5=False, f6=True, f7=True, f8=False, f9=True, f10=False, f11=True, f12=True)",0.9509211864733172
35.422000000000004,"FeatureMask(f0=True, f1=True, f2=True, f3=True, f4=False, f5=False, f6=True, f7=True, f8=False, f9=True, f10=False, f11=True, f12=True)",0.9509211864733172
35.422000000000004,"FeatureMask(f0=True, f1=True, f2=True, f3=True, f4=False, f5=False, f6=True, f7=True, f8=False, f9=True, f10=False, f11=True, f12=True)",0.9509211864733172
35.422000000000004,"FeatureMask(f0=True, f1=True, f2=True, f3=True, f4=False, f5=False, f6=True, f7=True, f8=False, f9=True, f10=False, f11=True, f12=True)",0.9509211864733172
35.422000000000004,"FeatureMask(f0=True, f1=True, f2=True, f3=True, f4=False, f5=False, f6=True, f7=True, f8=False, f9=True, f10=False, f11=True, f12=True)",0.9509211864733172
35.422000000000004,"FeatureMask(f0=True, f1=True, f2=True, f3=True, f4=False, f5=False, f6=True, f7=True, f8=False, f9=True, f10=False, f11=True, f12=True)",0.9509211864733172
35.438,"FeatureMask(f0=True, f1=True, f2=True, f3=True, f4=False, f5=False, f6=True, f7=True, f8=False, f9=True, f10=False, f11=True, f12=True)",0.9509211864733172
35.438,"FeatureMask(f0=True, f1=True, f2=True, f3=True, f4=False, f5=False, f6=True, f7=True, f8=False, f9=True, f10=False, f11=True, f12=True)",0.9509211864733172
35.438,"FeatureMask(f0=True, f1=True, f2=True, f3=True, f4=False, f5=False, f6=True, f7=True, f8=False, f9=True, f10=False, f11=True, f12=True)",0.9509211864733172
35.438,"FeatureMask(f0=True, f1=True, f2=True, f3=True, f4=False, f5=False, f6=True, f7=True, f8=False, f9=True, f10=False, f11=True, f12=True)",0.9509211864733172
35.516000000000005,"FeatureMask(f0=True, f1=True, f2=True, f3=True, f4=False, f5=False, f6=True, f7=True, f8=False, f9=True, f10=False, f11=True, f12=True)",0.9509211864733172
35.516000000000005,"FeatureMask(f0=True, f1=True, f2=True, f3=True, f4=False, f5=False, f6=True, f7=True, f8=False, f9=True, f10=False, f11=True, f12=True)",0.9509211864733172
35.516000000000005,"FeatureMask(f0=True, f1=True, f2=True, f3=True, f4=False, f5=False, f6=True, f7=True, f8=False, f9=True, f10=False, f11=True, f12=True)",0.9509211864733172
35.625,"FeatureMask(f0=True, f1=True, f2=True, f3=True, f4=False, f5=False, f6=True, f7=True, f8=False, f9=True, f10=False, f11=True, f12=True)",0.9509211864733172
35.625,"FeatureMask(f0=True, f1=True, f2=True, f3=True, f4=False, f5=False, f6=True, f7=True, f8=False, f9=True, f10=False, f11=True, f12=True)",0.9509211864733172
35.625,"FeatureMask(f0=True, f1=True, f2=True, f3=True, f4=False, f5=False, f6=True, f7=True, f8=False, f9=True, f10=False, f11=True, f12=True)",0.9509211864733172
35.625,"FeatureMask(f0=True, f1=True, f2=True, f3=True, f4=False, f5=False, f6=True, f7=True, f8=False, f9=True, f10=False, f11=True, f12=True)",0.9509211864733172
35.625,"FeatureMask(f0=True, f1=True, f2=True, f3=True, f4=False, f5=False, f6=True, f7=True, f8=False, f9=True, f10=False, f11=True, f12=True)",0.9509211864733172
35.625,"FeatureMask(f0=True, f1=True, f2=True, f3=True, f4=False, f5=False, f6=True, f7=True, f8=False, f9=True, f10=False, f11=True, f12=True)",0.9509211864733172
35.625,"FeatureMask(f0=True, f1=True, f2=True, f3=True, f4=False, f5=False, f6=True, f7=True, f8=False, f9=True, f10=False, f11=True, f12=True)",0.9509211864733172
35.625,"FeatureMask(f0=True, f1=True, f2=True, f3=True, f4=False, f5=False, f6=True, f7=True, f8=False, f9=True, f10=False, f11=True, f12=True)",0.9509211864733172
35.625,"FeatureMask(f0=True, f1=True, f2=True, f3=True, f4=False, f5=False, f6=True, f7=True, f8=False, f9=True, f10=False, f11=True, f12=True)",0.9509211864733172
35.625,"FeatureMask(f0=True, f1=True, f2=True, f3=True, f4=False, f5=False, f6=True, f7=True, f8=False, f9=True, f10=False, f11=True, f12=True)",0.9509211864733172
35.719,"FeatureMask(f0=True, f1=True, f2=True, f3=True, f4=False, f5=False, f6=True, f7=True, f8=False, f9=True, f10=False, f11=True, f12=True)",0.9509211864733172
35.719,"FeatureMask(f0=True, f1=True, f2=True, f3=True, f4=False, f5=False, f6=True, f7=True, f8=False, f9=True, f10=False, f11=True, f12=True)",0.9509211864733172
35.828,"FeatureMask(f0=True, f1=True, f2=True, f3=True, f4=False, f5=False, f6=True, f7=True, f8=False, f9=True, f10=False, f11=True, f12=True)",0.9509211864733172
35.828,"FeatureMask(f0=True, f1=True, f2=True, f3=True, f4=False, f5=False, f6=True, f7=True, f8=False, f9=True, f10=False, f11=True, f12=True)",0.9509211864733172
35.828,"FeatureMask(f0=True, f1=True, f2=True, f3=True, f4=False, f5=False, f6=True, f7=True, f8=False, f9=True, f10=False, f11=True, f12=True)",0.9509211864733172
35.828,"FeatureMask(f0=True, f1=True, f2=True, f3=True, f4=False, f5=False, f6=True, f7=True, f8=False, f9=True, f10=False, f11=True, f12=True)",0.9509211864733172
35.828,"FeatureMask(f0=True, f1=True, f2=True, f3=True, f4=False, f5=False, f6=True, f7=True, f8=False, f9=True, f10=False, f11=True, f12=True)",0.9509211864733172
35.828,"FeatureMask(f0=True, f1=True, f2=True, f3=True, f4=False, f5=False, f6=True, f7=True, f8=False, f9=True, f10=False, f11=True, f12=True)",0.9509211864733172
35.828,"FeatureMask(f0=True, f1=True, f2=True, f3=True, f4=False, f5=False, f6=True, f7=True, f8=False, f9=True, f10=False, f11=True, f12=True)",0.9509211864733172
35.828,"FeatureMask(f0=True, f1=True, f2=True, f3=True, f4=False, f5=False, f6=True, f7=True, f8=False, f9=True, f10=False, f11=True, f12=True)",0.9509211864733172
35.828,"FeatureMask(f0=True, f1=True, f2=True, f3=True, f4=False, f5=False, f6=True, f7=True, f8=False, f9=True, f10=False, f11=True, f12=True)",0.9509211864733172
35.828,"FeatureMask(f0=True, f1=True, f2=True, f3=True, f4=False, f5=False, f6=True, f7=True, f8=False, f9=True, f10=False, f11=True, f12=True)",0.9509211864733172
35.906,"FeatureMask(f0=True, f1=True, f2=True, f3=True, f4=False, f5=False, f6=True, f7=True, f8=False, f9=True, f10=False, f11=True, f12=True)",0.9509211864733172
36.031,"FeatureMask(f0=True, f1=True, f2=True, f3=True, f4=False, f5=False, f6=True, f7=True, f8=False, f9=True, f10=False, f11=True, f12=True)",0.9509211864733172
36.031,"FeatureMask(f0=True, f1=True, f2=True, f3=True, f4=False, f5=False, f6=True, f7=True, f8=False, f9=True, f10=False, f11=True, f12=True)",0.9509211864733172
36.031,"FeatureMask(f0=True, f1=True, f2=True, f3=True, f4=False, f5=False, f6=True, f7=True, f8=False, f9=True, f10=False, f11=True, f12=True)",0.9509211864733172
36.031,"FeatureMask(f0=True, f1=True, f2=True, f3=True, f4=False, f5=False, f6=True, f7=True, f8=False, f9=True, f10=False, f11=True, f12=True)",0.9509211864733172
36.031,"FeatureMask(f0=True, f1=True, f2=True, f3=True, f4=False, f5=False, f6=True, f7=True, f8=False, f9=True, f10=False, f11=True, f12=True)",0.9509211864733172
36.031,"FeatureMask(f0=True, f1=True, f2=True, f3=True, f4=False, f5=False, f6=True, f7=True, f8=False, f9=True, f10=False, f11=True, f12=True)",0.9509211864733172
36.031,"FeatureMask(f0=True, f1=True, f2=True, f3=True, f4=False, f5=False, f6=True, f7=True, f8=False, f9=True, f10=False, f11=True, f12=True)",0.9509211864733172
36.031,"FeatureMask(f0=True, f1=True, f2=True, f3=True, f4=False, f5=False, f6=True, f7=True, f8=False, f9=True, f10=False, f11=True, f12=True)",0.9509211864733172
36.031,"FeatureMask(f0=True, f1=True, f2=True, f3=True, f4=False, f5=False, f6=True, f7=True, f8=False, f9=True, f10=False, f11=True, f12=True)",0.9509211864733172
36.031,"FeatureMask(f0=True, f1=True, f2=True, f3=True, f4=False, f5=False, f6=True, f7=True, f8=False, f9=True, f10=False, f11=True, f12=True)",0.9509211864733172
36.219,"FeatureMask(f0=True, f1=True, f2=True, f3=True, f4=False, f5=False, f6=True, f7=True, f8=False, f9=True, f10=False, f11=True, f12=True)",0.9509211864733172
36.219,"FeatureMask(f0=True, f1=True, f2=True, f3=True, f4=False, f5=False, f6=True, f7=True, f8=False, f9=True, f10=False, f11=True, f12=True)",0.9509211864733172
36.219,"FeatureMask(f0=True, f1=True, f2=True, f3=True, f4=False, f5=False, f6=True, f7=True, f8=False, f9=True, f10=False, f11=True, f12=True)",0.9509211864733172
36.219,"FeatureMask(f0=True, f1=True, f2=True, f3=True, f4=False, f5=False, f6=True, f7=True, f8=False, f9=True, f10=False, f11=True, f12=True)",0.9509211864733172
36.219,"FeatureMask(f0=True, f1=True, f2=True, f3=True, f4=False, f5=False, f6=True, f7=True, f8=False, f9=True, f10=False, f11=True, f12=True)",0.9509211864733172
36.219,"FeatureMask(f0=True, f1=True, f2=True, f3=True, f4=False, f5=False, f6=True, f7=True, f8=False, f9=True, f10=False, f11=True, f12=True)",0.9509211864733172
36.219,"FeatureMask(f0=True, f1=True, f2=True, f3=True, f4=False, f5=False, f6=True, f7=True, f8=False, f9=True, f10=False, f11=True, f12=True)",0.9509211864733172
36.219,"FeatureMask(f0=True, f1=True, f2=True, f3=True, f4=False, f5=False, f6=True, f7=True, f8=False, f9=True, f10=False, f11=True, f12=True)",0.9509211864733172
36.219,"FeatureMask(f0=True, f1=True, f2=True, f3=True, f4=False, f5=False, f6=True, f7=True, f8=False, f9=True, f10=False, f11=True, f12=True)",0.9509211864733172
36.219,"FeatureMask(f0=True, f1=True, f2=True, f3=True, f4=False, f5=False, f6=True, f7=True, f8=False, f9=True, f10=False, f11=True, f12=True)",0.9509211864733172
36.313,"FeatureMask(f0=True, f1=True, f2=True, f3=True, f4=False, f5=False, f6=True, f7=True, f8=False, f9=True, f10=False, f11=True, f12=True)",0.9509211864733172
36.313,"FeatureMask(f0=True, f1=True, f2=True, f3=True, f4=False, f5=False, f6=True, f7=True, f8=False, f9=True, f10=False, f11=True, f12=True)",0.9509211864733172
36.313,"FeatureMask(f0=True, f1=True, f2=True, f3=True, f4=False, f5=False, f6=True, f7=True, f8=False, f9=True, f10=False, f11=True, f12=True)",0.9509211864733172
36.391000000000005,"FeatureMask(f0=True, f1=True, f2=True, f3=True, f4=False, f5=False, f6=True, f7=True, f8=False, f9=True, f10=False, f11=True, f12=True)",0.9509211864733172
36.391000000000005,"FeatureMask(f0=True, f1=True, f2=True, f3=True, f4=False, f5=False, f6=True, f7=True, f8=False, f9=True, f10=False, f11=True, f12=True)",0.9509211864733172
36.391000000000005,"FeatureMask(f0=True, f1=True, f2=True, f3=True, f4=False, f5=False, f6=True, f7=True, f8=False, f9=True, f10=False, f11=True, f12=True)",0.9509211864733172
36.391000000000005,"FeatureMask(f0=True, f1=True, f2=True, f3=True, f4=False, f5=False, f6=True, f7=True, f8=False, f9=True, f10=False, f11=True, f12=True)",0.9509211864733172
36.391000000000005,"FeatureMask(f0=True, f1=True, f2=True, f3=True, f4=False, f5=False, f6=True, f7=True, f8=False, f9=True, f10=False, f11=True, f12=True)",0.9509211864733172
36.391000000000005,"FeatureMask(f0=True, f1=True, f2=True, f3=True, f4=False, f5=False, f6=True, f7=True, f8=False, f9=True, f10=False, f11=True, f12=True)",0.9509211864733172
36.391000000000005,"FeatureMask(f0=True, f1=True, f2=True, f3=True, f4=False, f5=False, f6=True, f7=True, f8=False, f9=True, f10=False, f11=True, f12=True)",0.9509211864733172
36.391000000000005,"FeatureMask(f0=True, f1=True, f2=True, f3=True, f4=False, f5=False, f6=True, f7=True, f8=False, f9=True, f10=False, f11=True, f12=True)",0.9509211864733172
36.391000000000005,"FeatureMask(f0=True, f1=True, f2=True, f3=True, f4=False, f5=False, f6=True, f7=True, f8=False, f9=True, f10=False, f11=True, f12=True)",0.9509211864733172
36.391000000000005,"FeatureMask(f0=True, f1=True, f2=True, f3=True, f4=False, f5=False, f6=True, f7=True, f8=False, f9=True, f10=False, f11=True, f12=True)",0.9509211864733172
36.625,"FeatureMask(f0=True, f1=True, f2=True, f3=True, f4=False, f5=False, f6=True, f7=True, f8=False, f9=True, f10=False, f11=True, f12=True)",0.9509211864733172
36.625,"FeatureMask(f0=True, f1=True, f2=True, f3=True, f4=False, f5=False, f6=True, f7=True, f8=False, f9=True, f10=False, f11=True, f12=True)",0.9509211864733172
36.625,"FeatureMask(f0=True, f1=True, f2=True, f3=True, f4=False, f5=False, f6=True, f7=True, f8=False, f9=True, f10=False, f11=True, f12=True)",0.9509211864733172
36.625,"FeatureMask(f0=True, f1=True, f2=True, f3=True, f4=False, f5=False, f6=True, f7=True, f8=False, f9=True, f10=False, f11=True, f12=True)",0.9509211864733172
36.625,"FeatureMask(f0=True, f1=True, f2=True, f3=True, f4=False, f5=False, f6=True, f7=True, f8=False, f9=True, f10=False, f11=True, f12=True)",0.9509211864733172
36.625,"FeatureMask(f0=True, f1=True, f2=True, f3=True, f4=False, f5=False, f6=True, f7=True, f8=False, f9=True, f10=False, f11=True, f12=True)",0.9509211864733172
36.625,"FeatureMask(f0=True, f1=True, f2=True, f3=True, f4=False, f5=False, f6=True, f7=True, f8=False, f9=True, f10=False, f11=True, f12=True)",0.9509211864733172
36.625,"FeatureMask(f0=True, f1=True, f2=True, f3=True, f4=False, f5=False, f6=True, f7=True, f8=False, f9=True, f10=False, f11=True, f12=True)",0.9509211864733172
36.625,"FeatureMask(f0=True, f1=True, f2=True, f3=True, f4=False, f5=False, f6=True, f7=True, f8=False, f9=True, f10=False, f11=True, f12=True)",0.9509211864733172
36.625,"FeatureMask(f0=True, f1=True, f2=True, f3=True, f4=False, f5=False, f6=True, f7=True, f8=False, f9=True, f10=False, f11=True, f12=True)",0.9509211864733172
36.797000000000004,"FeatureMask(f0=True, f1=True, f2=True, f3=True, f4=False, f5=False, f6=True, f7=True, f8=False, f9=True, f10=False, f11=True, f12=True)",0.9509211864733172
36.797000000000004,"FeatureMask(f0=True, f1=True, f2=True, f3=True, f4=False, f5=False, f6=True, f7=True, f8=False, f9=True, f10=False, f11=True, f12=True)",0.9509211864733172
36.797000000000004,"FeatureMask(f0=True, f1=True, f2=True, f3=True, f4=False, f5=False, f6=True, f7=True, f8=False, f9=True, f10=False, f11=True, f12=True)",0.9509211864733172
36.797000000000004,"FeatureMask(f0=True, f1=True, f2=True, f3=True, f4=False, f5=False, f6=True, f7=True, f8=False, f9=True, f10=False, f11=True, f12=True)",0.9509211864733172
36.797000000000004,"FeatureMask(f0=True, f1=True, f2=True, f3=True, f4=False, f5=False, f6=True, f7=True, f8=False, f9=True, f10=False, f11=True, f12=True)",0.9509211864733172
36.797000000000004,"FeatureMask(f0=True, f1=True, f2=True, f3=True, f4=False, f5=False, f6=True, f7=True, f8=False, f9=True, f10=False, f11=True, f12=True)",0.9509211864733172
36.797000000000004,"FeatureMask(f0=True, f1=True, f2=True, f3=True, f4=False, f5=False, f6=True, f7=True, f8=False, f9=True, f10=False, f11=True, f12=True)",0.9509211864733172
36.797000000000004,"FeatureMask(f0=True, f1=True, f2=True, f3=True, f4=False, f5=False, f6=True, f7=True, f8=False, f9=True, f10=False, f11=True, f12=True)",0.9509211864733172
36.797000000000004,"FeatureMask(f0=True, f1=True, f2=True, f3=True, f4=False, f5=False, f6=True, f7=True, f8=False, f9=True, f10=False, f11=True, f12=True)",0.9509211864733172
36.813,"FeatureMask(f0=True, f1=True, f2=True, f3=True, f4=False, f5=False, f6=True, f7=True, f8=False, f9=True, f10=False, f11=True, f12=True)",0.9509211864733172
36.891000000000005,"FeatureMask(f0=True, f1=True, f2=True, f3=True, f4=False, f5=False, f6=True, f7=True, f8=False, f9=True, f10=False, f11=True, f12=True)",0.9509211864733172
36.985,"FeatureMask(f0=True, f1=True, f2=True, f3=True, f4=False, f5=False, f6=True, f7=True, f8=False, f9=True, f10=False, f11=True, f12=True)",0.9509211864733172
36.985,"FeatureMask(f0=True, f1=True, f2=True, f3=True, f4=False, f5=False, f6=True, f7=True, f8=False, f9=True, f10=False, f11=True, f12=True)",0.9509211864733172
36.985,"FeatureMask(f0=True, f1=True, f2=True, f3=True, f4=False, f5=False, f6=True, f7=True, f8=False, f9=True, f10=False, f11=True, f12=True)",0.9509211864733172
36.985,"FeatureMask(f0=True, f1=True, f2=True, f3=True, f4=False, f5=False, f6=True, f7=True, f8=False, f9=True, f10=False, f11=True, f12=True)",0.9509211864733172
36.985,"FeatureMask(f0=True, f1=True, f2=True, f3=True, f4=False, f5=False, f6=True, f7=True, f8=False, f9=True, f10=False, f11=True, f12=True)",0.9509211864733172
36.985,"FeatureMask(f0=True, f1=True, f2=True, f3=True, f4=False, f5=False, f6=True, f7=True, f8=False, f9=True, f10=False, f11=True, f12=True)",0.9509211864733172
36.985,"FeatureMask(f0=True, f1=True, f2=True, f3=True, f4=False, f5=False, f6=True, f7=True, f8=False, f9=True, f10=False, f11=True, f12=True)",0.9509211864733172
36.985,"FeatureMask(f0=True, f1=True, f2=True, f3=True, f4=False, f5=False, f6=True, f7=True, f8=False, f9=True, f10=False, f11=True, f12=True)",0.9509211864733172
37.0,"FeatureMask(f0=True, f1=True, f2=True, f3=True, f4=False, f5=False, f6=True, f7=True, f8=False, f9=True, f10=False, f11=True, f12=True)",0.9509211864733172
37.0,"FeatureMask(f0=True, f1=True, f2=True, f3=True, f4=False, f5=False, f6=True, f7=True, f8=False, f9=True, f10=False, f11=True, f12=True)",0.9509211864733172
37.078,"FeatureMask(f0=True, f1=True, f2=True, f3=True, f4=False, f5=False, f6=True, f7=True, f8=False, f9=True, f10=False, f11=True, f12=True)",0.9509211864733172
37.141000000000005,"FeatureMask(f0=True, f1=True, f2=True, f3=True, f4=False, f5=False, f6=True, f7=True, f8=False, f9=True, f10=False, f11=True, f12=True)",0.9509211864733172
37.141000000000005,"FeatureMask(f0=True, f1=True, f2=True, f3=True, f4=False, f5=False, f6=True, f7=True, f8=False, f9=True, f10=False, f11=True, f12=True)",0.9509211864733172
37.141000000000005,"FeatureMask(f0=True, f1=True, f2=True, f3=True, f4=False, f5=False, f6=True, f7=True, f8=False, f9=True, f10=False, f11=True, f12=True)",0.9509211864733172
37.141000000000005,"FeatureMask(f0=True, f1=True, f2=True, f3=True, f4=False, f5=False, f6=True, f7=True, f8=False, f9=True, f10=False, f11=True, f12=True)",0.9509211864733172
37.141000000000005,"FeatureMask(f0=True, f1=True, f2=True, f3=True, f4=False, f5=False, f6=True, f7=True, f8=False, f9=True, f10=False, f11=True, f12=True)",0.9509211864733172
37.141000000000005,"FeatureMask(f0=True, f1=True, f2=True, f3=True, f4=False, f5=False, f6=True, f7=True, f8=False, f9=True, f10=False, f11=True, f12=True)",0.9509211864733172
37.141000000000005,"FeatureMask(f0=True, f1=True, f2=True, f3=True, f4=False, f5=False, f6=True, f7=True, f8=False, f9=True, f10=False, f11=True, f12=True)",0.9509211864733172
37.141000000000005,"FeatureMask(f0=True, f1=True, f2=True, f3=True, f4=False, f5=False, f6=True, f7=True, f8=False, f9=True, f10=False, f11=True, f12=True)",0.9509211864733172
37.141000000000005,"FeatureMask(f0=True, f1=True, f2=True, f3=True, f4=False, f5=False, f6=True, f7=True, f8=False, f9=True, f10=False, f11=True, f12=True)",0.9509211864733172
37.141000000000005,"FeatureMask(f0=True, f1=True, f2=True, f3=True, f4=False, f5=False, f6=True, f7=True, f8=False, f9=True, f10=False, f11=True, f12=True)",0.9509211864733172
37.235,"FeatureMask(f0=True, f1=True, f2=True, f3=True, f4=False, f5=False, f6=True, f7=True, f8=False, f9=True, f10=False, f11=True, f12=True)",0.9509211864733172
37.344,"FeatureMask(f0=True, f1=True, f2=True, f3=True, f4=False, f5=False, f6=True, f7=True, f8=False, f9=True, f10=False, f11=True, f12=True)",0.9509211864733172
37.344,"FeatureMask(f0=True, f1=True, f2=True, f3=True, f4=False, f5=False, f6=True, f7=True, f8=False, f9=True, f10=False, f11=True, f12=True)",0.9509211864733172
37.344,"FeatureMask(f0=True, f1=True, f2=True, f3=True, f4=False, f5=False, f6=True, f7=True, f8=False, f9=True, f10=False, f11=True, f12=True)",0.9509211864733172
37.344,"FeatureMask(f0=True, f1=True, f2=True, f3=True, f4=False, f5=False, f6=True, f7=True, f8=False, f9=True, f10=False, f11=True, f12=True)",0.9509211864733172
37.344,"FeatureMask(f0=True, f1=True, f2=True, f3=True, f4=False, f5=False, f6=True, f7=True, f8=False, f9=True, f10=False, f11=True, f12=True)",0.9509211864733172
37.344,"FeatureMask(f0=True, f1=True, f2=True, f3=True, f4=False, f5=False, f6=True, f7=True, f8=False, f9=True, f10=False, f11=True, f12=True)",0.9509211864733172
37.344,"FeatureMask(f0=True, f1=True, f2=True, f3=True, f4=False, f5=False, f6=True, f7=True, f8=False, f9=True, f10=False, f11=True, f12=True)",0.9509211864733172
37.344,"FeatureMask(f0=True, f1=True, f2=True, f3=True, f4=False, f5=False, f6=True, f7=True, f8=False, f9=True, f10=False, f11=True, f12=True)",0.9509211864733172
37.344,"FeatureMask(f0=True, f1=True, f2=True, f3=True, f4=False, f5=False, f6=True, f7=True, f8=False, f9=True, f10=False, f11=True, f12=True)",0.9509211864733172
37.344,"FeatureMask(f0=True, f1=True, f2=True, f3=True, f4=False, f5=False, f6=True, f7=True, f8=False, f9=True, f10=False, f11=True, f12=True)",0.9509211864733172
37.422000000000004,"FeatureMask(f0=True, f1=True, f2=True, f3=True, f4=False, f5=False, f6=True, f7=True, f8=False, f9=True, f10=False, f11=True, f12=True)",0.9509211864733172
37.422000000000004,"FeatureMask(f0=True, f1=True, f2=True, f3=True, f4=False, f5=False, f6=True, f7=True, f8=False, f9=True, f10=False, f11=True, f12=True)",0.9509211864733172
37.547000000000004,"FeatureMask(f0=True, f1=True, f2=True, f3=True, f4=False, f5=False, f6=True, f7=True, f8=False, f9=True, f10=False, f11=True, f12=True)",0.9509211864733172
37.547000000000004,"FeatureMask(f0=True, f1=True, f2=True, f3=True, f4=False, f5=False, f6=True, f7=True, f8=False, f9=True, f10=False, f11=True, f12=True)",0.9509211864733172
37.547000000000004,"FeatureMask(f0=True, f1=True, f2=True, f3=True, f4=False, f5=False, f6=True, f7=True, f8=False, f9=True, f10=False, f11=True, f12=True)",0.9509211864733172
37.547000000000004,"FeatureMask(f0=True, f1=True, f2=True, f3=True, f4=False, f5=False, f6=True, f7=True, f8=False, f9=True, f10=False, f11=True, f12=True)",0.9509211864733172
37.547000000000004,"FeatureMask(f0=True, f1=True, f2=True, f3=True, f4=False, f5=False, f6=True, f7=True, f8=False, f9=True, f10=False, f11=True, f12=True)",0.9509211864733172
37.547000000000004,"FeatureMask(f0=True, f1=True, f2=True, f3=True, f4=False, f5=False, f6=True, f7=True, f8=False, f9=True, f10=False, f11=True, f12=True)",0.9509211864733172
37.547000000000004,"FeatureMask(f0=True, f1=True, f2=True, f3=True, f4=False, f5=False, f6=True, f7=True, f8=False, f9=True, f10=False, f11=True, f12=True)",0.9509211864733172
37.547000000000004,"FeatureMask(f0=True, f1=True, f2=True, f3=True, f4=False, f5=False, f6=True, f7=True, f8=False, f9=True, f10=False, f11=True, f12=True)",0.9509211864733172
37.547000000000004,"FeatureMask(f0=True, f1=True, f2=True, f3=True, f4=False, f5=False, f6=True, f7=True, f8=False, f9=True, f10=False, f11=True, f12=True)",0.9509211864733172
37.547000000000004,"FeatureMask(f0=True, f1=True, f2=True, f3=True, f4=False, f5=False, f6=True, f7=True, f8=False, f9=True, f10=False, f11=True, f12=True)",0.9509211864733172
37.641000000000005,"FeatureMask(f0=True, f1=True, f2=True, f3=True, f4=False, f5=False, f6=True, f7=True, f8=False, f9=True, f10=False, f11=True, f12=True)",0.9509211864733172
37.75,"FeatureMask(f0=True, f1=True, f2=True, f3=True, f4=False, f5=False, f6=True, f7=True, f8=False, f9=True, f10=False, f11=True, f12=True)",0.9509211864733172
37.75,"FeatureMask(f0=True, f1=True, f2=True, f3=True, f4=False, f5=False, f6=True, f7=True, f8=False, f9=True, f10=False, f11=True, f12=True)",0.9509211864733172
37.75,"FeatureMask(f0=True, f1=True, f2=True, f3=True, f4=False, f5=False, f6=True, f7=True, f8=False, f9=True, f10=False, f11=True, f12=True)",0.9509211864733172
37.75,"FeatureMask(f0=True, f1=True, f2=True, f3=True, f4=False, f5=False, f6=True, f7=True, f8=False, f9=True, f10=False, f11=True, f12=True)",0.9509211864733172
37.75,"FeatureMask(f0=True, f1=True, f2=True, f3=True, f4=False, f5=False, f6=True, f7=True, f8=False, f9=True, f10=False, f11=True, f12=True)",0.9509211864733172
37.75,"FeatureMask(f0=True, f1=True, f2=True, f3=True, f4=False, f5=False, f6=True, f7=True, f8=False, f9=True, f10=False, f11=True, f12=True)",0.9509211864733172
37.75,"FeatureMask(f0=True, f1=True, f2=True, f3=True, f4=False, f5=False, f6=True, f7=True, f8=False, f9=True, f10=False, f11=True, f12=True)",0.9509211864733172
37.75,"FeatureMask(f0=True, f1=True, f2=True, f3=True, f4=False, f5=False, f6=True, f7=True, f8=False, f9=True, f10=False, f11=True, f12=True)",0.9509211864733172
37.75,"FeatureMask(f0=True, f1=True, f2=True, f3=True, f4=False, f5=False, f6=True, f7=True, f8=False, f9=True, f10=False, f11=True, f12=True)",0.9509211864733172
37.75,"FeatureMask(f0=True, f1=True, f2=True, f3=True, f4=False, f5=False, f6=True, f7=True, f8=False, f9=True, f10=False, f11=True, f12=True)",0.9509211864733172
37.844,"FeatureMask(f0=True, f1=True, f2=True, f3=True, f4=False, f5=False, f6=True, f7=True, f8=False, f9=True, f10=False, f11=True, f12=True)",0.9509211864733172
37.969,"FeatureMask(f0=True, f1=True, f2=True, f3=True, f4=False, f5=False, f6=True, f7=True, f8=False, f9=True, f10=False, f11=True, f12=True)",0.9509211864733172
37.969,"FeatureMask(f0=True, f1=True, f2=True, f3=True, f4=False, f5=False, f6=True, f7=True, f8=False, f9=True, f10=False, f11=True, f12=True)",0.9509211864733172
37.969,"FeatureMask(f0=True, f1=True, f2=True, f3=True, f4=False, f5=False, f6=True, f7=True, f8=False, f9=True, f10=False, f11=True, f12=True)",0.9509211864733172
37.969,"FeatureMask(f0=True, f1=True, f2=True, f3=True, f4=False, f5=False, f6=True, f7=True, f8=False, f9=True, f10=False, f11=True, f12=True)",0.9509211864733172
37.969,"FeatureMask(f0=True, f1=True, f2=True, f3=True, f4=False, f5=False, f6=True, f7=True, f8=False, f9=True, f10=False, f11=True, f12=True)",0.9509211864733172
37.969,"FeatureMask(f0=True, f1=True, f2=True, f3=True, f4=False, f5=False, f6=True, f7=True, f8=False, f9=True, f10=False, f11=True, f12=True)",0.9509211864733172
37.969,"FeatureMask(f0=True, f1=True, f2=True, f3=True, f4=False, f5=False, f6=True, f7=True, f8=False, f9=True, f10=False, f11=True, f12=True)",0.9509211864733172
37.969,"FeatureMask(f0=True, f1=True, f2=True, f3=True, f4=False, f5=False, f6=True, f7=True, f8=False, f9=True, f10=False, f11=True, f12=True)",0.9509211864733172
37.969,"FeatureMask(f0=True, f1=True, f2=True, f3=True, f4=False, f5=False, f6=True, f7=True, f8=False, f9=True, f10=False, f11=True, f12=True)",0.9509211864733172
37.969,"FeatureMask(f0=True, f1=True, f2=True, f3=True, f4=False, f5=False, f6=True, f7=True, f8=False, f9=True, f10=False, f11=True, f12=True)",0.9509211864733172
38.172000000000004,"FeatureMask(f0=True, f1=True, f2=True, f3=True, f4=False, f5=False, f6=True, f7=True, f8=False, f9=True, f10=False, f11=True, f12=True)",0.9509211864733172
38.172000000000004,"FeatureMask(f0=True, f1=True, f2=True, f3=True, f4=False, f5=False, f6=True, f7=True, f8=False, f9=True, f10=False, f11=True, f12=True)",0.9509211864733172
38.172000000000004,"FeatureMask(f0=True, f1=True, f2=True, f3=True, f4=False, f5=False, f6=True, f7=True, f8=False, f9=True, f10=False, f11=True, f12=True)",0.9509211864733172
38.172000000000004,"FeatureMask(f0=True, f1=True, f2=True, f3=True, f4=False, f5=False, f6=True, f7=True, f8=False, f9=True, f10=False, f11=True, f12=True)",0.9509211864733172
38.172000000000004,"FeatureMask(f0=True, f1=True, f2=True, f3=True, f4=False, f5=False, f6=True, f7=True, f8=False, f9=True, f10=False, f11=True, f12=True)",0.9509211864733172
38.172000000000004,"FeatureMask(f0=True, f1=True, f2=True, f3=True, f4=False, f5=False, f6=True, f7=True, f8=False, f9=True, f10=False, f11=True, f12=True)",0.9509211864733172
38.172000000000004,"FeatureMask(f0=True, f1=True, f2=True, f3=True, f4=False, f5=False, f6=True, f7=True, f8=False, f9=True, f10=False, f11=True, f12=True)",0.9509211864733172
38.172000000000004,"FeatureMask(f0=True, f1=True, f2=True, f3=True, f4=False, f5=False, f6=True, f7=True, f8=False, f9=True, f10=False, f11=True, f12=True)",0.9509211864733172
38.172000000000004,"FeatureMask(f0=True, f1=True, f2=True, f3=True, f4=False, f5=False, f6=True, f7=True, f8=False, f9=True, f10=False, f11=True, f12=True)",0.9509211864733172
38.172000000000004,"FeatureMask(f0=True, f1=True, f2=True, f3=True, f4=False, f5=False, f6=True, f7=True, f8=False, f9=True, f10=False, f11=True, f12=True)",0.9509211864733172
38.375,"FeatureMask(f0=True, f1=True, f2=True, f3=True, f4=False, f5=False, f6=True, f7=True, f8=False, f9=True, f10=False, f11=True, f12=True)",0.9509211864733172
38.375,"FeatureMask(f0=True, f1=True, f2=True, f3=True, f4=False, f5=False, f6=True, f7=True, f8=False, f9=True, f10=False, f11=True, f12=True)",0.9509211864733172
38.375,"FeatureMask(f0=True, f1=True, f2=True, f3=True, f4=False, f5=False, f6=True, f7=True, f8=False, f9=True, f10=False, f11=True, f12=True)",0.9509211864733172
38.375,"FeatureMask(f0=True, f1=True, f2=True, f3=True, f4=False, f5=False, f6=True, f7=True, f8=False, f9=True, f10=False, f11=True, f12=True)",0.9509211864733172
38.375,"FeatureMask(f0=True, f1=True, f2=True, f3=True, f4=False, f5=False, f6=True, f7=True, f8=False, f9=True, f10=False, f11=True, f12=True)",0.9509211864733172
38.375,"FeatureMask(f0=True, f1=True, f2=True, f3=True, f4=False, f5=False, f6=True, f7=True, f8=False, f9=True, f10=False, f11=True, f12=True)",0.9509211864733172
38.375,"FeatureMask(f0=True, f1=True, f2=True, f3=True, f4=False, f5=False, f6=True, f7=True, f8=False, f9=True, f10=False, f11=True, f12=True)",0.9509211864733172
38.375,"FeatureMask(f0=True, f1=True, f2=True, f3=True, f4=False, f5=False, f6=True, f7=True, f8=False, f9=True, f10=False, f11=True, f12=True)",0.9509211864733172
38.375,"FeatureMask(f0=True, f1=True, f2=True, f3=True, f4=False, f5=False, f6=True, f7=True, f8=False, f9=True, f10=False, f11=True, f12=True)",0.9509211864733172
38.375,"FeatureMask(f0=True, f1=True, f2=True, f3=True, f4=False, f5=False, f6=True, f7=True, f8=False, f9=True, f10=False, f11=True, f12=True)",0.9509211864733172
38.453,"FeatureMask(f0=True, f1=True, f2=True, f3=True, f4=False, f5=False, f6=True, f7=True, f8=False, f9=True, f10=False, f11=True, f12=True)",0.9509211864733172
38.578,"FeatureMask(f0=True, f1=True, f2=True, f3=True, f4=False, f5=False, f6=True, f7=True, f8=False, f9=True, f10=False, f11=True, f12=True)",0.9509211864733172
38.578,"FeatureMask(f0=True, f1=True, f2=True, f3=True, f4=False, f5=False, f6=True, f7=True, f8=False, f9=True, f10=False, f11=True, f12=True)",0.9509211864733172
38.578,"FeatureMask(f0=True, f1=True, f2=True, f3=True, f4=False, f5=False, f6=True, f7=True, f8=False, f9=True, f10=False, f11=True, f12=True)",0.9509211864733172
38.578,"FeatureMask(f0=True, f1=True, f2=True, f3=True, f4=False, f5=False, f6=True, f7=True, f8=False, f9=True, f10=False, f11=True, f12=True)",0.9509211864733172
38.578,"FeatureMask(f0=True, f1=True, f2=True, f3=True, f4=False, f5=False, f6=True, f7=True, f8=False, f9=True, f10=False, f11=True, f12=True)",0.9509211864733172
38.578,"FeatureMask(f0=True, f1=True, f2=True, f3=True, f4=False, f5=False, f6=True, f7=True, f8=False, f9=True, f10=False, f11=True, f12=True)",0.9509211864733172
38.578,"FeatureMask(f0=True, f1=True, f2=True, f3=True, f4=False, f5=False, f6=True, f7=True, f8=False, f9=True, f10=False, f11=True, f12=True)",0.9509211864733172
38.578,"FeatureMask(f0=True, f1=True, f2=True, f3=True, f4=False, f5=False, f6=True, f7=True, f8=False, f9=True, f10=False, f11=True, f12=True)",0.9509211864733172
38.578,"FeatureMask(f0=True, f1=True, f2=True, f3=True, f4=False, f5=False, f6=True, f7=True, f8=False, f9=True, f10=False, f11=True, f12=True)",0.9509211864733172
38.578,"FeatureMask(f0=True, f1=True, f2=True, f3=True, f4=False, f5=False, f6=True, f7=True, f8=False, f9=True, f10=False, f11=True, f12=True)",0.9509211864733172
38.656000000000006,"FeatureMask(f0=True, f1=True, f2=True, f3=True, f4=False, f5=False, f6=True, f7=True, f8=False, f9=True, f10=False, f11=True, f12=True)",0.9509211864733172
38.781000000000006,"FeatureMask(f0=True, f1=True, f2=True, f3=True, f4=False, f5=False, f6=True, f7=True, f8=False, f9=True, f10=False, f11=True, f12=True)",0.9509211864733172
38.781000000000006,"FeatureMask(f0=True, f1=True, f2=True, f3=True, f4=False, f5=False, f6=True, f7=True, f8=False, f9=True, f10=False, f11=True, f12=True)",0.9509211864733172
38.781000000000006,"FeatureMask(f0=True, f1=True, f2=True, f3=True, f4=False, f5=False, f6=True, f7=True, f8=False, f9=True, f10=False, f11=True, f12=True)",0.9509211864733172
38.781000000000006,"FeatureMask(f0=True, f1=True, f2=True, f3=True, f4=False, f5=False, f6=True, f7=True, f8=False, f9=True, f10=False, f11=True, f12=True)",0.9509211864733172
38.781000000000006,"FeatureMask(f0=True, f1=True, f2=True, f3=True, f4=False, f5=False, f6=True, f7=True, f8=False, f9=True, f10=False, f11=True, f12=True)",0.9509211864733172
38.781000000000006,"FeatureMask(f0=True, f1=True, f2=True, f3=True, f4=False, f5=False, f6=True, f7=True, f8=False, f9=True, f10=False, f11=True, f12=True)",0.9509211864733172
38.781000000000006,"FeatureMask(f0=True, f1=True, f2=True, f3=True, f4=False, f5=False, f6=True, f7=True, f8=False, f9=True, f10=False, f11=True, f12=True)",0.9509211864733172
38.781000000000006,"FeatureMask(f0=True, f1=True, f2=True, f3=True, f4=False, f5=False, f6=True, f7=True, f8=False, f9=True, f10=False, f11=True, f12=True)",0.9509211864733172
38.781000000000006,"FeatureMask(f0=True, f1=True, f2=True, f3=True, f4=False, f5=False, f6=True, f7=True, f8=False, f9=True, f10=False, f11=True, f12=True)",0.9509211864733172
38.781000000000006,"FeatureMask(f0=True, f1=True, f2=True, f3=True, f4=False, f5=False, f6=True, f7=True, f8=False, f9=True, f10=False, f11=True, f12=True)",0.9509211864733172
38.86,"FeatureMask(f0=True, f1=True, f2=True, f3=True, f4=False, f5=False, f6=True, f7=True, f8=False, f9=True, f10=False, f11=True, f12=True)",0.9509211864733172
39.0,"FeatureMask(f0=True, f1=True, f2=True, f3=True, f4=False, f5=False, f6=True, f7=True, f8=False, f9=True, f10=False, f11=True, f12=True)",0.9509211864733172
39.0,"FeatureMask(f0=True, f1=True, f2=True, f3=True, f4=False, f5=False, f6=True, f7=True, f8=False, f9=True, f10=False, f11=True, f12=True)",0.9509211864733172
39.0,"FeatureMask(f0=True, f1=True, f2=True, f3=True, f4=False, f5=False, f6=True, f7=True, f8=False, f9=True, f10=False, f11=True, f12=True)",0.9509211864733172
39.0,"FeatureMask(f0=True, f1=True, f2=True, f3=True, f4=False, f5=False, f6=True, f7=True, f8=False, f9=True, f10=False, f11=True, f12=True)",0.9509211864733172
39.0,"FeatureMask(f0=True, f1=True, f2=True, f3=True, f4=False, f5=False, f6=True, f7=True, f8=False, f9=True, f10=False, f11=True, f12=True)",0.9509211864733172
39.0,"FeatureMask(f0=True, f1=True, f2=True, f3=True, f4=False, f5=False, f6=True, f7=True, f8=False, f9=True, f10=False, f11=True, f12=True)",0.9509211864733172
39.0,"FeatureMask(f0=True, f1=True, f2=True, f3=True, f4=False, f5=False, f6=True, f7=True, f8=False, f9=True, f10=False, f11=True, f12=True)",0.9509211864733172
39.0,"FeatureMask(f0=True, f1=True, f2=True, f3=True, f4=False, f5=False, f6=True, f7=True, f8=False, f9=True, f10=False, f11=True, f12=True)",0.9509211864733172
39.0,"FeatureMask(f0=True, f1=True, f2=True, f3=True, f4=False, f5=False, f6=True, f7=True, f8=False, f9=True, f10=False, f11=True, f12=True)",0.9509211864733172
39.0,"FeatureMask(f0=True, f1=True, f2=True, f3=True, f4=False, f5=False, f6=True, f7=True, f8=False, f9=True, f10=False, f11=True, f12=True)",0.9509211864733172
39.078,"FeatureMask(f0=True, f1=True, f2=True, f3=True, f4=False, f5=False, f6=True, f7=True, f8=False, f9=True, f10=False, f11=True, f12=True)",0.9509211864733172
39.203,"FeatureMask(f0=True, f1=True, f2=True, f3=True, f4=False, f5=False, f6=True, f7=True, f8=False, f9=True, f10=False, f11=True, f12=True)",0.9509211864733172
39.203,"FeatureMask(f0=True, f1=True, f2=True, f3=True, f4=False, f5=False, f6=True, f7=True, f8=False, f9=True, f10=False, f11=True, f12=True)",0.9509211864733172
39.203,"FeatureMask(f0=True, f1=True, f2=True, f3=True, f4=False, f5=False, f6=True, f7=True, f8=False, f9=True, f10=False, f11=True, f12=True)",0.9509211864733172
39.203,"FeatureMask(f0=True, f1=True, f2=True, f3=True, f4=False, f5=False, f6=True, f7=True, f8=False, f9=True, f10=False, f11=True, f12=True)",0.9509211864733172
39.203,"FeatureMask(f0=True, f1=True, f2=True, f3=True, f4=False, f5=False, f6=True, f7=True, f8=False, f9=True, f10=False, f11=True, f12=True)",0.9509211864733172
39.203,"FeatureMask(f0=True, f1=True, f2=True, f3=True, f4=False, f5=False, f6=True, f7=True, f8=False, f9=True, f10=False, f11=True, f12=True)",0.9509211864733172
39.203,"FeatureMask(f0=True, f1=True, f2=True, f3=True, f4=False, f5=False, f6=True, f7=True, f8=False, f9=True, f10=False, f11=True, f12=True)",0.9509211864733172
39.203,"FeatureMask(f0=True, f1=True, f2=True, f3=True, f4=False, f5=False, f6=True, f7=True, f8=False, f9=True, f10=False, f11=True, f12=True)",0.9509211864733172
39.203,"FeatureMask(f0=True, f1=True, f2=True, f3=True, f4=False, f5=False, f6=True, f7=True, f8=False, f9=True, f10=False, f11=True, f12=True)",0.9509211864733172
39.203,"FeatureMask(f0=True, f1=True, f2=True, f3=True, f4=False, f5=False, f6=True, f7=True, f8=False, f9=True, f10=False, f11=True, f12=True)",0.9509211864733172
39.281000000000006,"FeatureMask(f0=True, f1=True, f2=True, f3=True, f4=False, f5=False, f6=True, f7=True, f8=False, f9=True, f10=False, f11=True, f12=True)",0.9509211864733172
39.375,"FeatureMask(f0=True, f1=True, f2=True, f3=True, f4=False, f5=False, f6=True, f7=True, f8=False, f9=True, f10=False, f11=True, f12=True)",0.9509211864733172
39.375,"FeatureMask(f0=True, f1=True, f2=True, f3=True, f4=False, f5=False, f6=True, f7=True, f8=False, f9=True, f10=False, f11=True, f12=True)",0.9509211864733172
39.375,"FeatureMask(f0=True, f1=True, f2=True, f3=True, f4=False, f5=False, f6=True, f7=True, f8=False, f9=True, f10=False, f11=True, f12=True)",0.9509211864733172
39.375,"FeatureMask(f0=True, f1=True, f2=True, f3=True, f4=False, f5=False, f6=True, f7=True, f8=False, f9=True, f10=False, f11=True, f12=True)",0.9509211864733172
39.375,"FeatureMask(f0=True, f1=True, f2=True, f3=True, f4=False, f5=False, f6=True, f7=True, f8=False, f9=True, f10=False, f11=True, f12=True)",0.9509211864733172
39.375,"FeatureMask(f0=True, f1=True, f2=True, f3=True, f4=False, f5=False, f6=True, f7=True, f8=False, f9=True, f10=False, f11=True, f12=True)",0.9509211864733172
39.375,"FeatureMask(f0=True, f1=True, f2=True, f3=True, f4=False, f5=False, f6=True, f7=True, f8=False, f9=True, f10=False, f11=True, f12=True)",0.9509211864733172
39.375,"FeatureMask(f0=True, f1=True, f2=True, f3=True, f4=False, f5=False, f6=True, f7=True, f8=False, f9=True, f10=False, f11=True, f12=True)",0.9509211864733172
39.375,"FeatureMask(f0=True, f1=True, f2=True, f3=True, f4=False, f5=False, f6=True, f7=True, f8=False, f9=True, f10=False, f11=True, f12=True)",0.9509211864733172
39.375,"FeatureMask(f0=True, f1=True, f2=True, f3=True, f4=False, f5=False, f6=True, f7=True, f8=False, f9=True, f10=False, f11=True, f12=True)",0.9509211864733172
39.547000000000004,"FeatureMask(f0=True, f1=True, f2=True, f3=True, f4=False, f5=False, f6=True, f7=True, f8=False, f9=True, f10=False, f11=True, f12=True)",0.9509211864733172
39.547000000000004,"FeatureMask(f0=True, f1=True, f2=True, f3=True, f4=False, f5=False, f6=True, f7=True, f8=False, f9=True, f10=False, f11=True, f12=True)",0.9509211864733172
39.547000000000004,"FeatureMask(f0=True, f1=True, f2=True, f3=True, f4=False, f5=False, f6=True, f7=True, f8=False, f9=True, f10=False, f11=True, f12=True)",0.9509211864733172
39.547000000000004,"FeatureMask(f0=True, f1=True, f2=True, f3=True, f4=False, f5=False, f6=True, f7=True, f8=False, f9=True, f10=False, f11=True, f12=True)",0.9509211864733172
39.547000000000004,"FeatureMask(f0=True, f1=True, f2=True, f3=True, f4=False, f5=False, f6=True, f7=True, f8=False, f9=True, f10=False, f11=True, f12=True)",0.9509211864733172
39.547000000000004,"FeatureMask(f0=True, f1=True, f2=True, f3=True, f4=False, f5=False, f6=True, f7=True, f8=False, f9=True, f10=False, f11=True, f12=True)",0.9509211864733172
39.547000000000004,"FeatureMask(f0=True, f1=True, f2=True, f3=True, f4=False, f5=False, f6=True, f7=True, f8=False, f9=True, f10=False, f11=True, f12=True)",0.9509211864733172
39.547000000000004,"FeatureMask(f0=True, f1=True, f2=True, f3=True, f4=False, f5=False, f6=True, f7=True, f8=False, f9=True, f10=False, f11=True, f12=True)",0.9509211864733172
39.547000000000004,"FeatureMask(f0=True, f1=True, f2=True, f3=True, f4=False, f5=False, f6=True, f7=True, f8=False, f9=True, f10=False, f11=True, f12=True)",0.9509211864733172
39.547000000000004,"FeatureMask(f0=True, f1=True, f2=True, f3=True, f4=False, f5=False, f6=True, f7=True, f8=False, f9=True, f10=False, f11=True, f12=True)",0.9509211864733172
39.75,"FeatureMask(f0=True, f1=True, f2=True, f3=True, f4=False, f5=False, f6=True, f7=True, f8=False, f9=True, f10=False, f11=True, f12=True)",0.9509211864733172
39.75,"FeatureMask(f0=True, f1=True, f2=True, f3=True, f4=False, f5=False, f6=True, f7=True, f8=False, f9=True, f10=False, f11=True, f12=True)",0.9509211864733172
39.75,"FeatureMask(f0=True, f1=True, f2=True, f3=True, f4=False, f5=False, f6=True, f7=True, f8=False, f9=True, f10=False, f11=True, f12=True)",0.9509211864733172
39.75,"FeatureMask(f0=True, f1=True, f2=True, f3=True, f4=False, f5=False, f6=True, f7=True, f8=False, f9=True, f10=False, f11=True, f12=True)",0.9509211864733172
39.75,"FeatureMask(f0=True, f1=True, f2=True, f3=True, f4=False, f5=False, f6=True, f7=True, f8=False, f9=True, f10=False, f11=True, f12=True)",0.9509211864733172
39.75,"FeatureMask(f0=True, f1=True, f2=True, f3=True, f4=False, f5=False, f6=True, f7=True, f8=False, f9=True, f10=False, f11=True, f12=True)",0.9509211864733172
39.75,"FeatureMask(f0=True, f1=True, f2=True, f3=True, f4=False, f5=False, f6=True, f7=True, f8=False, f9=True, f10=False, f11=True, f12=True)",0.9509211864733172
39.75,"FeatureMask(f0=True, f1=True, f2=True, f3=True, f4=False, f5=False, f6=True, f7=True, f8=False, f9=True, f10=False, f11=True, f12=True)",0.9509211864733172
39.75,"FeatureMask(f0=True, f1=True, f2=True, f3=True, f4=False, f5=False, f6=True, f7=True, f8=False, f9=True, f10=False, f11=True, f12=True)",0.9509211864733172
39.75,"FeatureMask(f0=True, f1=True, f2=True, f3=True, f4=False, f5=False, f6=True, f7=True, f8=False, f9=True, f10=False, f11=True, f12=True)",0.9509211864733172
39.844,"FeatureMask(f0=True, f1=True, f2=True, f3=True, f4=False, f5=False, f6=True, f7=True, f8=False, f9=True, f10=False, f11=True, f12=True)",0.9509211864733172
39.844,"FeatureMask(f0=True, f1=True, f2=True, f3=True, f4=False, f5=False, f6=True, f7=True, f8=False, f9=True, f10=False, f11=True, f12=True)",0.9509211864733172
39.938,"FeatureMask(f0=True, f1=True, f2=True, f3=True, f4=False, f5=False, f6=True, f7=True, f8=False, f9=True, f10=False, f11=True, f12=True)",0.9509211864733172
39.938,"FeatureMask(f0=True, f1=True, f2=True, f3=True, f4=False, f5=False, f6=True, f7=True, f8=False, f9=True, f10=False, f11=True, f12=True)",0.9509211864733172
39.938,"FeatureMask(f0=True, f1=True, f2=True, f3=True, f4=False, f5=False, f6=True, f7=True, f8=False, f9=True, f10=False, f11=True, f12=True)",0.9509211864733172
39.938,"FeatureMask(f0=True, f1=True, f2=True, f3=True, f4=False, f5=False, f6=True, f7=True, f8=False, f9=True, f10=False, f11=True, f12=True)",0.9509211864733172
39.938,"FeatureMask(f0=True, f1=True, f2=True, f3=True, f4=False, f5=False, f6=True, f7=True, f8=False, f9=True, f10=False, f11=True, f12=True)",0.9509211864733172
39.938,"FeatureMask(f0=True, f1=True, f2=True, f3=True, f4=False, f5=False, f6=True, f7=True, f8=False, f9=True, f10=False, f11=True, f12=True)",0.9509211864733172
39.938,"FeatureMask(f0=True, f1=True, f2=True, f3=True, f4=False, f5=False, f6=True, f7=True, f8=False, f9=True, f10=False, f11=True, f12=True)",0.9509211864733172
39.938,"FeatureMask(f0=True, f1=True, f2=True, f3=True, f4=False, f5=False, f6=True, f7=True, f8=False, f9=True, f10=False, f11=True, f12=True)",0.9509211864733172
39.938,"FeatureMask(f0=True, f1=True, f2=True, f3=True, f4=False, f5=False, f6=True, f7=True, f8=False, f9=True, f10=False, f11=True, f12=True)",0.9509211864733172
39.938,"FeatureMask(f0=True, f1=True, f2=True, f3=True, f4=False, f5=False, f6=True, f7=True, f8=False, f9=True, f10=False, f11=True, f12=True)",0.9509211864733172
40.031000000000006,"FeatureMask(f0=True, f1=True, f2=True, f3=True, f4=False, f5=False, f6=True, f7=True, f8=False, f9=True, f10=False, f11=True, f12=True)",0.9509211864733172
40.125,"FeatureMask(f0=True, f1=True, f2=True, f3=True, f4=False, f5=False, f6=True, f7=True, f8=False, f9=True, f10=False, f11=True, f12=True)",0.9509211864733172
40.125,"FeatureMask(f0=True, f1=True, f2=True, f3=True, f4=False, f5=False, f6=True, f7=True, f8=False, f9=True, f10=False, f11=True, f12=True)",0.9509211864733172
40.125,"FeatureMask(f0=True, f1=True, f2=True, f3=True, f4=False, f5=False, f6=True, f7=True, f8=False, f9=True, f10=False, f11=True, f12=True)",0.9509211864733172
40.125,"FeatureMask(f0=True, f1=True, f2=True, f3=True, f4=False, f5=False, f6=True, f7=True, f8=False, f9=True, f10=False, f11=True, f12=True)",0.9509211864733172
40.125,"FeatureMask(f0=True, f1=True, f2=True, f3=True, f4=False, f5=False, f6=True, f7=True, f8=False, f9=True, f10=False, f11=True, f12=True)",0.9509211864733172
40.125,"FeatureMask(f0=True, f1=True, f2=True, f3=True, f4=False, f5=False, f6=True, f7=True, f8=False, f9=True, f10=False, f11=True, f12=True)",0.9509211864733172
40.125,"FeatureMask(f0=True, f1=True, f2=True, f3=True, f4=False, f5=False, f6=True, f7=True, f8=False, f9=True, f10=False, f11=True, f12=True)",0.9509211864733172
40.125,"FeatureMask(f0=True, f1=True, f2=True, f3=True, f4=False, f5=False, f6=True, f7=True, f8=False, f9=True, f10=False, f11=True, f12=True)",0.9509211864733172
40.125,"FeatureMask(f0=True, f1=True, f2=True, f3=True, f4=False, f5=False, f6=True, f7=True, f8=False, f9=True, f10=False, f11=True, f12=True)",0.9509211864733172
40.125,"FeatureMask(f0=True, f1=True, f2=True, f3=True, f4=False, f5=False, f6=True, f7=True, f8=False, f9=True, f10=False, f11=True, f12=True)",0.9509211864733172
40.313,"FeatureMask(f0=True, f1=True, f2=True, f3=True, f4=False, f5=False, f6=True, f7=True, f8=False, f9=True, f10=False, f11=True, f12=True)",0.9509211864733172
40.313,"FeatureMask(f0=True, f1=True, f2=True, f3=True, f4=False, f5=False, f6=True, f7=True, f8=False, f9=True, f10=False, f11=True, f12=True)",0.9509211864733172
40.313,"FeatureMask(f0=True, f1=True, f2=True, f3=True, f4=False, f5=False, f6=True, f7=True, f8=False, f9=True, f10=False, f11=True, f12=True)",0.9509211864733172
40.313,"FeatureMask(f0=True, f1=True, f2=True, f3=True, f4=False, f5=False, f6=True, f7=True, f8=False, f9=True, f10=False, f11=True, f12=True)",0.9509211864733172
40.313,"FeatureMask(f0=True, f1=True, f2=True, f3=True, f4=False, f5=False, f6=True, f7=True, f8=False, f9=True, f10=False, f11=True, f12=True)",0.9509211864733172
40.313,"FeatureMask(f0=True, f1=True, f2=True, f3=True, f4=False, f5=False, f6=True, f7=True, f8=False, f9=True, f10=False, f11=True, f12=True)",0.9509211864733172
40.313,"FeatureMask(f0=True, f1=True, f2=True, f3=True, f4=False, f5=False, f6=True, f7=True, f8=False, f9=True, f10=False, f11=True, f12=True)",0.9509211864733172
40.313,"FeatureMask(f0=True, f1=True, f2=True, f3=True, f4=False, f5=False, f6=True, f7=True, f8=False, f9=True, f10=False, f11=True, f12=True)",0.9509211864733172
40.313,"FeatureMask(f0=True, f1=True, f2=True, f3=True, f4=False, f5=False, f6=True, f7=True, f8=False, f9=True, f10=False, f11=True, f12=True)",0.9509211864733172
40.313,"FeatureMask(f0=True, f1=True, f2=True, f3=True, f4=False, f5=False, f6=True, f7=True, f8=False, f9=True, f10=False, f11=True, f12=True)",0.9509211864733172
40.531000000000006,"FeatureMask(f0=True, f1=True, f2=True, f3=True, f4=False, f5=False, f6=True, f7=True, f8=False, f9=True, f10=False, f11=True, f12=True)",0.9509211864733172
40.531000000000006,"FeatureMask(f0=True, f1=True, f2=True, f3=True, f4=False, f5=False, f6=True, f7=True, f8=False, f9=True, f10=False, f11=True, f12=True)",0.9509211864733172
40.531000000000006,"FeatureMask(f0=True, f1=True, f2=True, f3=True, f4=False, f5=False, f6=True, f7=True, f8=False, f9=True, f10=False, f11=True, f12=True)",0.9509211864733172
40.531000000000006,"FeatureMask(f0=True, f1=True, f2=True, f3=True, f4=False, f5=False, f6=True, f7=True, f8=False, f9=True, f10=False, f11=True, f12=True)",0.9509211864733172
40.531000000000006,"FeatureMask(f0=True, f1=True, f2=True, f3=True, f4=False, f5=False, f6=True, f7=True, f8=False, f9=True, f10=False, f11=True, f12=True)",0.9509211864733172
40.531000000000006,"FeatureMask(f0=True, f1=True, f2=True, f3=True, f4=False, f5=False, f6=True, f7=True, f8=False, f9=True, f10=False, f11=True, f12=True)",0.9509211864733172
40.531000000000006,"FeatureMask(f0=True, f1=True, f2=True, f3=True, f4=False, f5=False, f6=True, f7=True, f8=False, f9=True, f10=False, f11=True, f12=True)",0.9509211864733172
40.531000000000006,"FeatureMask(f0=True, f1=True, f2=True, f3=True, f4=False, f5=False, f6=True, f7=True, f8=False, f9=True, f10=False, f11=True, f12=True)",0.9509211864733172
40.531000000000006,"FeatureMask(f0=True, f1=True, f2=True, f3=True, f4=False, f5=False, f6=True, f7=True, f8=False, f9=True, f10=False, f11=True, f12=True)",0.9509211864733172
40.531000000000006,"FeatureMask(f0=True, f1=True, f2=True, f3=True, f4=False, f5=False, f6=True, f7=True, f8=False, f9=True, f10=False, f11=True, f12=True)",0.9509211864733172
40.641000000000005,"FeatureMask(f0=True, f1=True, f2=True, f3=True, f4=False, f5=False, f6=True, f7=True, f8=False, f9=True, f10=False, f11=True, f12=True)",0.9509211864733172
40.735,"FeatureMask(f0=True, f1=True, f2=True, f3=True, f4=False, f5=False, f6=True, f7=True, f8=False, f9=True, f10=False, f11=True, f12=True)",0.9509211864733172
40.735,"FeatureMask(f0=True, f1=True, f2=True, f3=True, f4=False, f5=False, f6=True, f7=True, f8=False, f9=True, f10=False, f11=True, f12=True)",0.9509211864733172
40.735,"FeatureMask(f0=True, f1=True, f2=True, f3=True, f4=False, f5=False, f6=True, f7=True, f8=False, f9=True, f10=False, f11=True, f12=True)",0.9509211864733172
40.735,"FeatureMask(f0=True, f1=True, f2=True, f3=True, f4=False, f5=False, f6=True, f7=True, f8=False, f9=True, f10=False, f11=True, f12=True)",0.9509211864733172
40.735,"FeatureMask(f0=True, f1=True, f2=True, f3=True, f4=False, f5=False, f6=True, f7=True, f8=False, f9=True, f10=False, f11=True, f12=True)",0.9509211864733172
40.735,"FeatureMask(f0=True, f1=True, f2=True, f3=True, f4=False, f5=False, f6=True, f7=True, f8=False, f9=True, f10=False, f11=True, f12=True)",0.9509211864733172
40.735,"FeatureMask(f0=True, f1=True, f2=True, f3=True, f4=False, f5=False, f6=True, f7=True, f8=False, f9=True, f10=False, f11=True, f12=True)",0.9509211864733172
40.735,"FeatureMask(f0=True, f1=True, f2=True, f3=True, f4=False, f5=False, f6=True, f7=True, f8=False, f9=True, f10=False, f11=True, f12=True)",0.9509211864733172
40.735,"FeatureMask(f0=True, f1=True, f2=True, f3=True, f4=False, f5=False, f6=True, f7=True, f8=False, f9=True, f10=False, f11=True, f12=True)",0.9509211864733172
40.735,"FeatureMask(f0=True, f1=True, f2=True, f3=True, f4=False, f5=False, f6=True, f7=True, f8=False, f9=True, f10=False, f11=True, f12=True)",0.9509211864733172
40.828,"FeatureMask(f0=True, f1=True, f2=True, f3=True, f4=False, f5=False, f6=True, f7=True, f8=False, f9=True, f10=False, f11=True, f12=True)",0.9509211864733172
40.828,"FeatureMask(f0=True, f1=True, f2=True, f3=True, f4=False, f5=False, f6=True, f7=True, f8=False, f9=True, f10=False, f11=True, f12=True)",0.9509211864733172
40.828,"FeatureMask(f0=True, f1=True, f2=True, f3=True, f4=False, f5=False, f6=True, f7=True, f8=False, f9=True, f10=False, f11=True, f12=True)",0.9509211864733172
40.953,"FeatureMask(f0=True, f1=True, f2=True, f3=True, f4=False, f5=False, f6=True, f7=True, f8=False, f9=True, f10=False, f11=True, f12=True)",0.9509211864733172
40.953,"FeatureMask(f0=True, f1=True, f2=True, f3=True, f4=False, f5=False, f6=True, f7=True, f8=False, f9=True, f10=False, f11=True, f12=True)",0.9509211864733172
40.953,"FeatureMask(f0=True, f1=True, f2=True, f3=True, f4=False, f5=False, f6=True, f7=True, f8=False, f9=True, f10=False, f11=True, f12=True)",0.9509211864733172
40.953,"FeatureMask(f0=True, f1=True, f2=True, f3=True, f4=False, f5=False, f6=True, f7=True, f8=False, f9=True, f10=False, f11=True, f12=True)",0.9509211864733172
40.953,"FeatureMask(f0=True, f1=True, f2=True, f3=True, f4=False, f5=False, f6=True, f7=True, f8=False, f9=True, f10=False, f11=True, f12=True)",0.9509211864733172
40.953,"FeatureMask(f0=True, f1=True, f2=True, f3=True, f4=False, f5=False, f6=True, f7=True, f8=False, f9=True, f10=False, f11=True, f12=True)",0.9509211864733172
40.953,"FeatureMask(f0=True, f1=True, f2=True, f3=True, f4=False, f5=False, f6=True, f7=True, f8=False, f9=True, f10=False, f11=True, f12=True)",0.9509211864733172
40.969,"FeatureMask(f0=True, f1=True, f2=True, f3=True, f4=False, f5=False, f6=True, f7=True, f8=False, f9=True, f10=False, f11=True, f12=True)",0.9509211864733172
40.969,"FeatureMask(f0=True, f1=True, f2=True, f3=True, f4=False, f5=False, f6=True, f7=True, f8=False, f9=True, f10=False, f11=True, f12=True)",0.9509211864733172
40.969,"FeatureMask(f0=True, f1=True, f2=True, f3=True, f4=False, f5=False, f6=True, f7=True, f8=False, f9=True, f10=False, f11=True, f12=True)",0.9509211864733172
41.047000000000004,"FeatureMask(f0=True, f1=True, f2=True, f3=True, f4=False, f5=False, f6=True, f7=True, f8=False, f9=True, f10=False, f11=True, f12=True)",0.9509211864733172
41.156000000000006,"FeatureMask(f0=True, f1=True, f2=True, f3=True, f4=False, f5=False, f6=True, f7=True, f8=False, f9=True, f10=False, f11=True, f12=True)",0.9509211864733172
41.156000000000006,"FeatureMask(f0=True, f1=True, f2=True, f3=True, f4=False, f5=False, f6=True, f7=True, f8=False, f9=True, f10=False, f11=True, f12=True)",0.9509211864733172
41.156000000000006,"FeatureMask(f0=True, f1=True, f2=True, f3=True, f4=False, f5=False, f6=True, f7=True, f8=False, f9=True, f10=False, f11=True, f12=True)",0.9509211864733172
41.156000000000006,"FeatureMask(f0=True, f1=True, f2=True, f3=True, f4=False, f5=False, f6=True, f7=True, f8=False, f9=True, f10=False, f11=True, f12=True)",0.9509211864733172
41.156000000000006,"FeatureMask(f0=True, f1=True, f2=True, f3=True, f4=False, f5=False, f6=True, f7=True, f8=False, f9=True, f10=False, f11=True, f12=True)",0.9509211864733172
41.156000000000006,"FeatureMask(f0=True, f1=True, f2=True, f3=True, f4=False, f5=False, f6=True, f7=True, f8=False, f9=True, f10=False, f11=True, f12=True)",0.9509211864733172
41.156000000000006,"FeatureMask(f0=True, f1=True, f2=True, f3=True, f4=False, f5=False, f6=True, f7=True, f8=False, f9=True, f10=False, f11=True, f12=True)",0.9509211864733172
41.156000000000006,"FeatureMask(f0=True, f1=True, f2=True, f3=True, f4=False, f5=False, f6=True, f7=True, f8=False, f9=True, f10=False, f11=True, f12=True)",0.9509211864733172
41.156000000000006,"FeatureMask(f0=True, f1=True, f2=True, f3=True, f4=False, f5=False, f6=True, f7=True, f8=False, f9=True, f10=False, f11=True, f12=True)",0.9509211864733172
41.156000000000006,"FeatureMask(f0=True, f1=True, f2=True, f3=True, f4=False, f5=False, f6=True, f7=True, f8=False, f9=True, f10=False, f11=True, f12=True)",0.9509211864733172
41.375,"FeatureMask(f0=True, f1=True, f2=True, f3=True, f4=False, f5=False, f6=True, f7=True, f8=False, f9=True, f10=False, f11=True, f12=True)",0.9509211864733172
41.375,"FeatureMask(f0=True, f1=True, f2=True, f3=True, f4=False, f5=False, f6=True, f7=True, f8=False, f9=True, f10=False, f11=True, f12=True)",0.9509211864733172
41.375,"FeatureMask(f0=True, f1=True, f2=True, f3=True, f4=False, f5=False, f6=True, f7=True, f8=False, f9=True, f10=False, f11=True, f12=True)",0.9509211864733172
41.375,"FeatureMask(f0=True, f1=True, f2=True, f3=True, f4=False, f5=False, f6=True, f7=True, f8=False, f9=True, f10=False, f11=True, f12=True)",0.9509211864733172
41.375,"FeatureMask(f0=True, f1=True, f2=True, f3=True, f4=False, f5=False, f6=True, f7=True, f8=False, f9=True, f10=False, f11=True, f12=True)",0.9509211864733172
41.375,"FeatureMask(f0=True, f1=True, f2=True, f3=True, f4=False, f5=False, f6=True, f7=True, f8=False, f9=True, f10=False, f11=True, f12=True)",0.9509211864733172
41.375,"FeatureMask(f0=True, f1=True, f2=True, f3=True, f4=False, f5=False, f6=True, f7=True, f8=False, f9=True, f10=False, f11=True, f12=True)",0.9509211864733172
41.375,"FeatureMask(f0=True, f1=True, f2=True, f3=True, f4=False, f5=False, f6=True, f7=True, f8=False, f9=True, f10=False, f11=True, f12=True)",0.9509211864733172
41.375,"FeatureMask(f0=True, f1=True, f2=True, f3=True, f4=False, f5=False, f6=True, f7=True, f8=False, f9=True, f10=False, f11=True, f12=True)",0.9509211864733172
41.375,"FeatureMask(f0=True, f1=True, f2=True, f3=True, f4=False, f5=False, f6=True, f7=True, f8=False, f9=True, f10=False, f11=True, f12=True)",0.9509211864733172
41.469,"FeatureMask(f0=True, f1=True, f2=True, f3=True, f4=False, f5=False, f6=True, f7=True, f8=False, f9=True, f10=False, f11=True, f12=True)",0.9509211864733172
41.594,"FeatureMask(f0=True, f1=True, f2=True, f3=True, f4=False, f5=False, f6=True, f7=True, f8=False, f9=True, f10=False, f11=True, f12=True)",0.9509211864733172
41.594,"FeatureMask(f0=True, f1=True, f2=True, f3=True, f4=False, f5=False, f6=True, f7=True, f8=False, f9=True, f10=False, f11=True, f12=True)",0.9509211864733172
41.594,"FeatureMask(f0=True, f1=True, f2=True, f3=True, f4=False, f5=False, f6=True, f7=True, f8=False, f9=True, f10=False, f11=True, f12=True)",0.9509211864733172
41.594,"FeatureMask(f0=True, f1=True, f2=True, f3=True, f4=False, f5=False, f6=True, f7=True, f8=False, f9=True, f10=False, f11=True, f12=True)",0.9509211864733172
41.594,"FeatureMask(f0=True, f1=True, f2=True, f3=True, f4=False, f5=False, f6=True, f7=True, f8=False, f9=True, f10=False, f11=True, f12=True)",0.9509211864733172
41.594,"FeatureMask(f0=True, f1=True, f2=True, f3=True, f4=False, f5=False, f6=True, f7=True, f8=False, f9=True, f10=False, f11=True, f12=True)",0.9509211864733172
41.594,"FeatureMask(f0=True, f1=True, f2=True, f3=True, f4=False, f5=False, f6=True, f7=True, f8=False, f9=True, f10=False, f11=True, f12=True)",0.9509211864733172
41.594,"FeatureMask(f0=True, f1=True, f2=True, f3=True, f4=False, f5=False, f6=True, f7=True, f8=False, f9=True, f10=False, f11=True, f12=True)",0.9509211864733172
41.594,"FeatureMask(f0=True, f1=True, f2=True, f3=True, f4=False, f5=False, f6=True, f7=True, f8=False, f9=True, f10=False, f11=True, f12=True)",0.9509211864733172
41.594,"FeatureMask(f0=True, f1=True, f2=True, f3=True, f4=False, f5=False, f6=True, f7=True, f8=False, f9=True, f10=False, f11=True, f12=True)",0.9509211864733172
41.672000000000004,"FeatureMask(f0=True, f1=True, f2=True, f3=True, f4=False, f5=False, f6=True, f7=True, f8=False, f9=True, f10=False, f11=True, f12=True)",0.9509211864733172
41.672000000000004,"FeatureMask(f0=True, f1=True, f2=True, f3=True, f4=False, f5=False, f6=True, f7=True, f8=False, f9=True, f10=False, f11=True, f12=True)",0.9509211864733172
41.797000000000004,"FeatureMask(f0=True, f1=True, f2=True, f3=True, f4=False, f5=False, f6=True, f7=True, f8=False, f9=True, f10=False, f11=True, f12=True)",0.9509211864733172
41.797000000000004,"FeatureMask(f0=True, f1=True, f2=True, f3=True, f4=False, f5=False, f6=True, f7=True, f8=False, f9=True, f10=False, f11=True, f12=True)",0.9509211864733172
41.797000000000004,"FeatureMask(f0=True, f1=True, f2=True, f3=True, f4=False, f5=False, f6=True, f7=True, f8=False, f9=True, f10=False, f11=True, f12=True)",0.9509211864733172
41.797000000000004,"FeatureMask(f0=True, f1=True, f2=True, f3=True, f4=False, f5=False, f6=True, f7=True, f8=False, f9=True, f10=False, f11=True, f12=True)",0.9509211864733172
41.797000000000004,"FeatureMask(f0=True, f1=True, f2=True, f3=True, f4=False, f5=False, f6=True, f7=True, f8=False, f9=True, f10=False, f11=True, f12=True)",0.9509211864733172
41.797000000000004,"FeatureMask(f0=True, f1=True, f2=True, f3=True, f4=False, f5=False, f6=True, f7=True, f8=False, f9=True, f10=False, f11=True, f12=True)",0.9509211864733172
41.797000000000004,"FeatureMask(f0=True, f1=True, f2=True, f3=True, f4=False, f5=False, f6=True, f7=True, f8=False, f9=True, f10=False, f11=True, f12=True)",0.9509211864733172
41.797000000000004,"FeatureMask(f0=True, f1=True, f2=True, f3=True, f4=False, f5=False, f6=True, f7=True, f8=False, f9=True, f10=False, f11=True, f12=True)",0.9509211864733172
41.797000000000004,"FeatureMask(f0=True, f1=True, f2=True, f3=True, f4=False, f5=False, f6=True, f7=True, f8=False, f9=True, f10=False, f11=True, f12=True)",0.9509211864733172
41.797000000000004,"FeatureMask(f0=True, f1=True, f2=True, f3=True, f4=False, f5=False, f6=True, f7=True, f8=False, f9=True, f10=False, f11=True, f12=True)",0.9509211864733172
41.891000000000005,"FeatureMask(f0=True, f1=True, f2=True, f3=True, f4=False, f5=False, f6=True, f7=True, f8=False, f9=True, f10=False, f11=True, f12=True)",0.9509211864733172
41.891000000000005,"FeatureMask(f0=True, f1=True, f2=True, f3=True, f4=False, f5=False, f6=True, f7=True, f8=False, f9=True, f10=False, f11=True, f12=True)",0.9509211864733172
41.891000000000005,"FeatureMask(f0=True, f1=True, f2=True, f3=True, f4=False, f5=False, f6=True, f7=True, f8=False, f9=True, f10=False, f11=True, f12=True)",0.9509211864733172
41.891000000000005,"FeatureMask(f0=True, f1=True, f2=True, f3=True, f4=False, f5=False, f6=True, f7=True, f8=False, f9=True, f10=False, f11=True, f12=True)",0.9509211864733172
41.891000000000005,"FeatureMask(f0=True, f1=True, f2=True, f3=True, f4=False, f5=False, f6=True, f7=True, f8=False, f9=True, f10=False, f11=True, f12=True)",0.9509211864733172
41.891000000000005,"FeatureMask(f0=True, f1=True, f2=True, f3=True, f4=False, f5=False, f6=True, f7=True, f8=False, f9=True, f10=False, f11=True, f12=True)",0.9509211864733172
41.969,"FeatureMask(f0=True, f1=True, f2=True, f3=True, f4=False, f5=False, f6=True, f7=True, f8=False, f9=True, f10=False, f11=True, f12=True)",0.9509211864733172
41.969,"FeatureMask(f0=True, f1=True, f2=True, f3=True, f4=False, f5=False, f6=True, f7=True, f8=False, f9=True, f10=False, f11=True, f12=True)",0.9509211864733172
41.969,"FeatureMask(f0=True, f1=True, f2=True, f3=True, f4=False, f5=False, f6=True, f7=True, f8=False, f9=True, f10=False, f11=True, f12=True)",0.9509211864733172
41.969,"FeatureMask(f0=True, f1=True, f2=True, f3=True, f4=False, f5=False, f6=True, f7=True, f8=False, f9=True, f10=False, f11=True, f12=True)",0.9509211864733172
41.969,"FeatureMask(f0=True, f1=True, f2=True, f3=True, f4=False, f5=False, f6=True, f7=True, f8=False, f9=True, f10=False, f11=True, f12=True)",0.9509211864733172
41.969,"FeatureMask(f0=True, f1=True, f2=True, f3=True, f4=False, f5=False, f6=True, f7=True, f8=False, f9=True, f10=False, f11=True, f12=True)",0.9509211864733172
41.969,"FeatureMask(f0=True, f1=True, f2=True, f3=True, f4=False, f5=False, f6=True, f7=True, f8=False, f9=True, f10=False, f11=True, f12=True)",0.9509211864733172
41.969,"FeatureMask(f0=True, f1=True, f2=True, f3=True, f4=False, f5=False, f6=True, f7=True, f8=False, f9=True, f10=False, f11=True, f12=True)",0.9509211864733172
41.969,"FeatureMask(f0=True, f1=True, f2=True, f3=True, f4=False, f5=False, f6=True, f7=True, f8=False, f9=True, f10=False, f11=True, f12=True)",0.9509211864733172
41.969,"FeatureMask(f0=True, f1=True, f2=True, f3=True, f4=False, f5=False, f6=True, f7=True, f8=False, f9=True, f10=False, f11=True, f12=True)",0.9509211864733172
42.063,"FeatureMask(f0=True, f1=True, f2=True, f3=True, f4=False, f5=False, f6=True, f7=True, f8=False, f9=True, f10=False, f11=True, f12=True)",0.9509211864733172
42.188,"FeatureMask(f0=True, f1=True, f2=True, f3=True, f4=False, f5=False, f6=True, f7=True, f8=False, f9=True, f10=False, f11=True, f12=True)",0.9509211864733172
42.188,"FeatureMask(f0=True, f1=True, f2=True, f3=True, f4=False, f5=False, f6=True, f7=True, f8=False, f9=True, f10=False, f11=True, f12=True)",0.9509211864733172
42.188,"FeatureMask(f0=True, f1=True, f2=True, f3=True, f4=False, f5=False, f6=True, f7=True, f8=False, f9=True, f10=False, f11=True, f12=True)",0.9509211864733172
42.188,"FeatureMask(f0=True, f1=True, f2=True, f3=True, f4=False, f5=False, f6=True, f7=True, f8=False, f9=True, f10=False, f11=True, f12=True)",0.9509211864733172
42.188,"FeatureMask(f0=True, f1=True, f2=True, f3=True, f4=False, f5=False, f6=True, f7=True, f8=False, f9=True, f10=False, f11=True, f12=True)",0.9509211864733172
42.188,"FeatureMask(f0=True, f1=True, f2=True, f3=True, f4=False, f5=False, f6=True, f7=True, f8=False, f9=True, f10=False, f11=True, f12=True)",0.9509211864733172
42.188,"FeatureMask(f0=True, f1=True, f2=True, f3=True, f4=False, f5=False, f6=True, f7=True, f8=False, f9=True, f10=False, f11=True, f12=True)",0.9509211864733172
42.188,"FeatureMask(f0=True, f1=True, f2=True, f3=True, f4=False, f5=False, f6=True, f7=True, f8=False, f9=True, f10=False, f11=True, f12=True)",0.9509211864733172
42.188,"FeatureMask(f0=True, f1=True, f2=True, f3=True, f4=False, f5=False, f6=True, f7=True, f8=False, f9=True, f10=False, f11=True, f12=True)",0.9509211864733172
42.188,"FeatureMask(f0=True, f1=True, f2=True, f3=True, f4=False, f5=False, f6=True, f7=True, f8=False, f9=True, f10=False, f11=True, f12=True)",0.9509211864733172
42.281000000000006,"FeatureMask(f0=True, f1=True, f2=True, f3=True, f4=False, f5=False, f6=True, f7=True, f8=False, f9=True, f10=False, f11=True, f12=True)",0.9509211864733172
42.375,"FeatureMask(f0=True, f1=True, f2=True, f3=True, f4=False, f5=False, f6=True, f7=True, f8=False, f9=True, f10=False, f11=True, f12=True)",0.9509211864733172
42.375,"FeatureMask(f0=True, f1=True, f2=True, f3=True, f4=False, f5=False, f6=True, f7=True, f8=False, f9=True, f10=False, f11=True, f12=True)",0.9509211864733172
42.375,"FeatureMask(f0=True, f1=True, f2=True, f3=True, f4=False, f5=False, f6=True, f7=True, f8=False, f9=True, f10=False, f11=True, f12=True)",0.9509211864733172
42.375,"FeatureMask(f0=True, f1=True, f2=True, f3=True, f4=False, f5=False, f6=True, f7=True, f8=False, f9=True, f10=False, f11=True, f12=True)",0.9509211864733172
42.375,"FeatureMask(f0=True, f1=True, f2=True, f3=True, f4=False, f5=False, f6=True, f7=True, f8=False, f9=True, f10=False, f11=True, f12=True)",0.9509211864733172
42.375,"FeatureMask(f0=True, f1=True, f2=True, f3=True, f4=False, f5=False, f6=True, f7=True, f8=False, f9=True, f10=False, f11=True, f12=True)",0.9509211864733172
42.375,"FeatureMask(f0=True, f1=True, f2=True, f3=True, f4=False, f5=False, f6=True, f7=True, f8=False, f9=True, f10=False, f11=True, f12=True)",0.9509211864733172
42.375,"FeatureMask(f0=True, f1=True, f2=True, f3=True, f4=False, f5=False, f6=True, f7=True, f8=False, f9=True, f10=False, f11=True, f12=True)",0.9509211864733172
42.375,"FeatureMask(f0=True, f1=True, f2=True, f3=True, f4=False, f5=False, f6=True, f7=True, f8=False, f9=True, f10=False, f11=True, f12=True)",0.9509211864733172
42.375,"FeatureMask(f0=True, f1=True, f2=True, f3=True, f4=False, f5=False, f6=True, f7=True, f8=False, f9=True, f10=False, f11=True, f12=True)",0.9509211864733172
42.453,"FeatureMask(f0=True, f1=True, f2=True, f3=True, f4=False, f5=False, f6=True, f7=True, f8=False, f9=True, f10=False, f11=True, f12=True)",0.9509211864733172
42.578,"FeatureMask(f0=True, f1=True, f2=True, f3=True, f4=False, f5=False, f6=True, f7=True, f8=False, f9=True, f10=False, f11=True, f12=True)",0.9509211864733172
42.578,"FeatureMask(f0=True, f1=True, f2=True, f3=True, f4=False, f5=False, f6=True, f7=True, f8=False, f9=True, f10=False, f11=True, f12=True)",0.9509211864733172
42.578,"FeatureMask(f0=True, f1=True, f2=True, f3=True, f4=False, f5=False, f6=True, f7=True, f8=False, f9=True, f10=False, f11=True, f12=True)",0.9509211864733172
42.578,"FeatureMask(f0=True, f1=True, f2=True, f3=True, f4=False, f5=False, f6=True, f7=True, f8=False, f9=True, f10=False, f11=True, f12=True)",0.9509211864733172
42.578,"FeatureMask(f0=True, f1=True, f2=True, f3=True, f4=False, f5=False, f6=True, f7=True, f8=False, f9=True, f10=False, f11=True, f12=True)",0.9509211864733172
42.578,"FeatureMask(f0=True, f1=True, f2=True, f3=True, f4=False, f5=False, f6=True, f7=True, f8=False, f9=True, f10=False, f11=True, f12=True)",0.9509211864733172
42.578,"FeatureMask(f0=True, f1=True, f2=True, f3=True, f4=False, f5=False, f6=True, f7=True, f8=False, f9=True, f10=False, f11=True, f12=True)",0.9509211864733172
42.578,"FeatureMask(f0=True, f1=True, f2=True, f3=True, f4=False, f5=False, f6=True, f7=True, f8=False, f9=True, f10=False, f11=True, f12=True)",0.9509211864733172
42.578,"FeatureMask(f0=True, f1=True, f2=True, f3=True, f4=False, f5=False, f6=True, f7=True, f8=False, f9=True, f10=False, f11=True, f12=True)",0.9509211864733172
42.578,"FeatureMask(f0=True, f1=True, f2=True, f3=True, f4=False, f5=False, f6=True, f7=True, f8=False, f9=True, f10=False, f11=True, f12=True)",0.9509211864733172
42.672000000000004,"FeatureMask(f0=True, f1=True, f2=True, f3=True, f4=False, f5=False, f6=True, f7=True, f8=False, f9=True, f10=False, f11=True, f12=True)",0.9509211864733172
42.813,"FeatureMask(f0=True, f1=True, f2=True, f3=True, f4=False, f5=False, f6=True, f7=True, f8=False, f9=True, f10=False, f11=True, f12=True)",0.9509211864733172
42.813,"FeatureMask(f0=True, f1=True, f2=True, f3=True, f4=False, f5=False, f6=True, f7=True, f8=False, f9=True, f10=False, f11=True, f12=True)",0.9509211864733172
42.813,"FeatureMask(f0=True, f1=True, f2=True, f3=True, f4=False, f5=False, f6=True, f7=True, f8=False, f9=True, f10=False, f11=True, f12=True)",0.9509211864733172
42.813,"FeatureMask(f0=True, f1=True, f2=True, f3=True, f4=False, f5=False, f6=True, f7=True, f8=False, f9=True, f10=False, f11=True, f12=True)",0.9509211864733172
42.813,"FeatureMask(f0=True, f1=True, f2=True, f3=True, f4=False, f5=False, f6=True, f7=True, f8=False, f9=True, f10=False, f11=True, f12=True)",0.9509211864733172
42.813,"FeatureMask(f0=True, f1=True, f2=True, f3=True, f4=False, f5=False, f6=True, f7=True, f8=False, f9=True, f10=False, f11=True, f12=True)",0.9509211864733172
42.813,"FeatureMask(f0=True, f1=True, f2=True, f3=True, f4=False, f5=False, f6=True, f7=True, f8=False, f9=True, f10=False, f11=True, f12=True)",0.9509211864733172
42.813,"FeatureMask(f0=True, f1=True, f2=True, f3=True, f4=False, f5=False, f6=True, f7=True, f8=False, f9=True, f10=False, f11=True, f12=True)",0.9509211864733172
42.813,"FeatureMask(f0=True, f1=True, f2=True, f3=True, f4=False, f5=False, f6=True, f7=True, f8=False, f9=True, f10=False, f11=True, f12=True)",0.9509211864733172
42.813,"FeatureMask(f0=True, f1=True, f2=True, f3=True, f4=False, f5=False, f6=True, f7=True, f8=False, f9=True, f10=False, f11=True, f12=True)",0.9509211864733172
42.86,"FeatureMask(f0=True, f1=True, f2=False, f3=True, f4=False, f5=False, f6=True, f7=True, f8=False, f9=True, f10=True, f11=True, f12=True)",0.9509211864733172
43.0,"FeatureMask(f0=True, f1=True, f2=True, f3=True, f4=False, f5=False, f6=True, f7=True, f8=False, f9=True, f10=False, f11=True, f12=True)",0.9509211864733172
43.0,"FeatureMask(f0=True, f1=True, f2=True, f3=True, f4=False, f5=False, f6=True, f7=True, f8=False, f9=True, f10=False, f11=True, f12=True)",0.9509211864733172
43.0,"FeatureMask(f0=True, f1=True, f2=True, f3=True, f4=False, f5=False, f6=True, f7=True, f8=False, f9=True, f10=False, f11=True, f12=True)",0.9509211864733172
43.0,"FeatureMask(f0=True, f1=True, f2=True, f3=True, f4=False, f5=False, f6=True, f7=True, f8=False, f9=True, f10=False, f11=True, f12=True)",0.9509211864733172
43.0,"FeatureMask(f0=True, f1=True, f2=True, f3=True, f4=False, f5=False, f6=True, f7=True, f8=False, f9=True, f10=False, f11=True, f12=True)",0.9509211864733172
43.0,"FeatureMask(f0=True, f1=True, f2=True, f3=True, f4=False, f5=False, f6=True, f7=True, f8=False, f9=True, f10=False, f11=True, f12=True)",0.9509211864733172
43.0,"FeatureMask(f0=True, f1=True, f2=True, f3=True, f4=False, f5=False, f6=True, f7=True, f8=False, f9=True, f10=False, f11=True, f12=True)",0.9509211864733172
43.0,"FeatureMask(f0=True, f1=True, f2=True, f3=True, f4=False, f5=False, f6=True, f7=True, f8=False, f9=True, f10=False, f11=True, f12=True)",0.9509211864733172
43.0,"FeatureMask(f0=True, f1=True, f2=True, f3=True, f4=False, f5=False, f6=True, f7=True, f8=False, f9=True, f10=False, f11=True, f12=True)",0.9509211864733172
43.0,"FeatureMask(f0=True, f1=True, f2=True, f3=True, f4=False, f5=False, f6=True, f7=True, f8=False, f9=True, f10=False, f11=True, f12=True)",0.9509211864733172
43.094,"FeatureMask(f0=True, f1=True, f2=True, f3=True, f4=False, f5=False, f6=True, f7=True, f8=False, f9=True, f10=False, f11=True, f12=True)",0.9509211864733172
43.094,"FeatureMask(f0=True, f1=True, f2=True, f3=True, f4=False, f5=False, f6=True, f7=True, f8=False, f9=True, f10=False, f11=True, f12=True)",0.9509211864733172
43.094,"FeatureMask(f0=True, f1=True, f2=True, f3=True, f4=False, f5=False, f6=True, f7=True, f8=False, f9=True, f10=False, f11=True, f12=True)",0.9509211864733172
43.094,"FeatureMask(f0=True, f1=True, f2=True, f3=True, f4=False, f5=False, f6=True, f7=True, f8=False, f9=True, f10=False, f11=True, f12=True)",0.9509211864733172
43.094,"FeatureMask(f0=True, f1=True, f2=True, f3=True, f4=False, f5=False, f6=True, f7=True, f8=False, f9=True, f10=False, f11=True, f12=True)",0.9509211864733172
43.094,"FeatureMask(f0=True, f1=True, f2=True, f3=True, f4=False, f5=False, f6=True, f7=True, f8=False, f9=True, f10=False, f11=True, f12=True)",0.9509211864733172
43.203,"FeatureMask(f0=True, f1=True, f2=True, f3=True, f4=False, f5=False, f6=True, f7=True, f8=False, f9=True, f10=False, f11=True, f12=True)",0.9509211864733172
43.203,"FeatureMask(f0=True, f1=True, f2=True, f3=True, f4=False, f5=False, f6=True, f7=True, f8=False, f9=True, f10=False, f11=True, f12=True)",0.9509211864733172
43.203,"FeatureMask(f0=True, f1=True, f2=True, f3=True, f4=False, f5=False, f6=True, f7=True, f8=False, f9=True, f10=False, f11=True, f12=True)",0.9509211864733172
43.203,"FeatureMask(f0=True, f1=True, f2=True, f3=True, f4=False, f5=False, f6=True, f7=True, f8=False, f9=True, f10=False, f11=True, f12=True)",0.9509211864733172
43.203,"FeatureMask(f0=True, f1=True, f2=True, f3=True, f4=False, f5=False, f6=True, f7=True, f8=False, f9=True, f10=False, f11=True, f12=True)",0.9509211864733172
43.203,"FeatureMask(f0=True, f1=True, f2=True, f3=True, f4=False, f5=False, f6=True, f7=True, f8=False, f9=True, f10=False, f11=True, f12=True)",0.9509211864733172
43.203,"FeatureMask(f0=True, f1=True, f2=True, f3=True, f4=False, f5=False, f6=True, f7=True, f8=False, f9=True, f10=False, f11=True, f12=True)",0.9509211864733172
43.203,"FeatureMask(f0=True, f1=True, f2=True, f3=True, f4=False, f5=False, f6=True, f7=True, f8=False, f9=True, f10=False, f11=True, f12=True)",0.9509211864733172
43.203,"FeatureMask(f0=True, f1=True, f2=True, f3=True, f4=False, f5=False, f6=True, f7=True, f8=False, f9=True, f10=False, f11=True, f12=True)",0.9509211864733172
43.203,"FeatureMask(f0=True, f1=True, f2=True, f3=True, f4=False, f5=False, f6=True, f7=True, f8=False, f9=True, f10=False, f11=True, f12=True)",0.9509211864733172
43.297000000000004,"FeatureMask(f0=True, f1=True, f2=True, f3=True, f4=False, f5=False, f6=True, f7=True, f8=False, f9=True, f10=False, f11=True, f12=True)",0.9509211864733172
43.391000000000005,"FeatureMask(f0=True, f1=True, f2=True, f3=True, f4=False, f5=False, f6=True, f7=True, f8=False, f9=True, f10=False, f11=True, f12=True)",0.9509211864733172
43.391000000000005,"FeatureMask(f0=True, f1=True, f2=True, f3=True, f4=False, f5=False, f6=True, f7=True, f8=False, f9=True, f10=False, f11=True, f12=True)",0.9509211864733172
43.391000000000005,"FeatureMask(f0=True, f1=True, f2=True, f3=True, f4=False, f5=False, f6=True, f7=True, f8=False, f9=True, f10=False, f11=True, f12=True)",0.9509211864733172
43.391000000000005,"FeatureMask(f0=True, f1=True, f2=True, f3=True, f4=False, f5=False, f6=True, f7=True, f8=False, f9=True, f10=False, f11=True, f12=True)",0.9509211864733172
43.391000000000005,"FeatureMask(f0=True, f1=True, f2=True, f3=True, f4=False, f5=False, f6=True, f7=True, f8=False, f9=True, f10=False, f11=True, f12=True)",0.9509211864733172
43.391000000000005,"FeatureMask(f0=True, f1=True, f2=True, f3=True, f4=False, f5=False, f6=True, f7=True, f8=False, f9=True, f10=False, f11=True, f12=True)",0.9509211864733172
43.391000000000005,"FeatureMask(f0=True, f1=True, f2=True, f3=True, f4=False, f5=False, f6=True, f7=True, f8=False, f9=True, f10=False, f11=True, f12=True)",0.9509211864733172
43.391000000000005,"FeatureMask(f0=True, f1=True, f2=True, f3=True, f4=False, f5=False, f6=True, f7=True, f8=False, f9=True, f10=False, f11=True, f12=True)",0.9509211864733172
43.391000000000005,"FeatureMask(f0=True, f1=True, f2=True, f3=True, f4=False, f5=False, f6=True, f7=True, f8=False, f9=True, f10=False, f11=True, f12=True)",0.9509211864733172
43.391000000000005,"FeatureMask(f0=True, f1=True, f2=True, f3=True, f4=False, f5=False, f6=True, f7=True, f8=False, f9=True, f10=False, f11=True, f12=True)",0.9509211864733172
43.531000000000006,"FeatureMask(f0=True, f1=True, f2=True, f3=True, f4=False, f5=False, f6=True, f7=True, f8=False, f9=True, f10=False, f11=True, f12=True)",0.9509211864733172
43.531000000000006,"FeatureMask(f0=True, f1=True, f2=True, f3=True, f4=False, f5=False, f6=True, f7=True, f8=False, f9=True, f10=False, f11=True, f12=True)",0.9509211864733172
43.531000000000006,"FeatureMask(f0=True, f1=True, f2=True, f3=True, f4=False, f5=False, f6=True, f7=True, f8=False, f9=True, f10=False, f11=True, f12=True)",0.9509211864733172
43.531000000000006,"FeatureMask(f0=True, f1=True, f2=True, f3=True, f4=False, f5=False, f6=True, f7=True, f8=False, f9=True, f10=False, f11=True, f12=True)",0.9509211864733172
43.531000000000006,"FeatureMask(f0=True, f1=True, f2=True, f3=True, f4=False, f5=False, f6=True, f7=True, f8=False, f9=True, f10=False, f11=True, f12=True)",0.9509211864733172
43.531000000000006,"FeatureMask(f0=True, f1=True, f2=True, f3=True, f4=False, f5=False, f6=True, f7=True, f8=False, f9=True, f10=False, f11=True, f12=True)",0.9509211864733172
43.531000000000006,"FeatureMask(f0=True, f1=True, f2=True, f3=True, f4=False, f5=False, f6=True, f7=True, f8=False, f9=True, f10=False, f11=True, f12=True)",0.9509211864733172
43.531000000000006,"FeatureMask(f0=True, f1=True, f2=True, f3=True, f4=False, f5=False, f6=True, f7=True, f8=False, f9=True, f10=False, f11=True, f12=True)",0.9509211864733172
43.531000000000006,"FeatureMask(f0=True, f1=True, f2=True, f3=True, f4=False, f5=False, f6=True, f7=True, f8=False, f9=True, f10=False, f11=True, f12=True)",0.9509211864733172
43.531000000000006,"FeatureMask(f0=True, f1=True, f2=True, f3=True, f4=False, f5=False, f6=True, f7=True, f8=False, f9=True, f10=False, f11=True, f12=True)",0.9509211864733172
43.625,"FeatureMask(f0=True, f1=True, f2=True, f3=True, f4=False, f5=False, f6=True, f7=True, f8=False, f9=True, f10=False, f11=True, f12=True)",0.9509211864733172
43.625,"FeatureMask(f0=True, f1=True, f2=True, f3=True, f4=False, f5=False, f6=True, f7=True, f8=False, f9=True, f10=False, f11=True, f12=True)",0.9509211864733172
43.75,"FeatureMask(f0=True, f1=True, f2=True, f3=True, f4=False, f5=False, f6=True, f7=True, f8=False, f9=True, f10=False, f11=True, f12=True)",0.9509211864733172
43.75,"FeatureMask(f0=True, f1=True, f2=True, f3=True, f4=False, f5=False, f6=True, f7=True, f8=False, f9=True, f10=False, f11=True, f12=True)",0.9509211864733172
43.75,"FeatureMask(f0=True, f1=True, f2=True, f3=True, f4=False, f5=False, f6=True, f7=True, f8=False, f9=True, f10=False, f11=True, f12=True)",0.9509211864733172
43.75,"FeatureMask(f0=True, f1=True, f2=True, f3=True, f4=False, f5=False, f6=True, f7=True, f8=False, f9=True, f10=False, f11=True, f12=True)",0.9509211864733172
43.75,"FeatureMask(f0=True, f1=True, f2=True, f3=True, f4=False, f5=False, f6=True, f7=True, f8=False, f9=True, f10=False, f11=True, f12=True)",0.9509211864733172
43.75,"FeatureMask(f0=True, f1=True, f2=True, f3=True, f4=False, f5=False, f6=True, f7=True, f8=False, f9=True, f10=False, f11=True, f12=True)",0.9509211864733172
43.75,"FeatureMask(f0=True, f1=True, f2=True, f3=True, f4=False, f5=False, f6=True, f7=True, f8=False, f9=True, f10=False, f11=True, f12=True)",0.9509211864733172
43.75,"FeatureMask(f0=True, f1=True, f2=True, f3=True, f4=False, f5=False, f6=True, f7=True, f8=False, f9=True, f10=False, f11=True, f12=True)",0.9509211864733172
43.75,"FeatureMask(f0=True, f1=True, f2=True, f3=True, f4=False, f5=False, f6=True, f7=True, f8=False, f9=True, f10=False, f11=True, f12=True)",0.9509211864733172
43.75,"FeatureMask(f0=True, f1=True, f2=True, f3=True, f4=False, f5=False, f6=True, f7=True, f8=False, f9=True, f10=False, f11=True, f12=True)",0.9509211864733172
43.938,"FeatureMask(f0=True, f1=True, f2=True, f3=True, f4=False, f5=False, f6=True, f7=True, f8=False, f9=True, f10=False, f11=True, f12=True)",0.9509211864733172
43.938,"FeatureMask(f0=True, f1=True, f2=True, f3=True, f4=False, f5=False, f6=True, f7=True, f8=False, f9=True, f10=False, f11=True, f12=True)",0.9509211864733172
43.938,"FeatureMask(f0=True, f1=True, f2=True, f3=True, f4=False, f5=False, f6=True, f7=True, f8=False, f9=True, f10=False, f11=True, f12=True)",0.9509211864733172
43.938,"FeatureMask(f0=True, f1=True, f2=True, f3=True, f4=False, f5=False, f6=True, f7=True, f8=False, f9=True, f10=False, f11=True, f12=True)",0.9509211864733172
43.938,"FeatureMask(f0=True, f1=True, f2=True, f3=True, f4=False, f5=False, f6=True, f7=True, f8=False, f9=True, f10=False, f11=True, f12=True)",0.9509211864733172
43.938,"FeatureMask(f0=True, f1=True, f2=True, f3=True, f4=False, f5=False, f6=True, f7=True, f8=False, f9=True, f10=False, f11=True, f12=True)",0.9509211864733172
43.938,"FeatureMask(f0=True, f1=True, f2=True, f3=True, f4=False, f5=False, f6=True, f7=True, f8=False, f9=True, f10=False, f11=True, f12=True)",0.9509211864733172
43.938,"FeatureMask(f0=True, f1=True, f2=True, f3=True, f4=False, f5=False, f6=True, f7=True, f8=False, f9=True, f10=False, f11=True, f12=True)",0.9509211864733172
43.938,"FeatureMask(f0=True, f1=True, f2=True, f3=True, f4=False, f5=False, f6=True, f7=True, f8=False, f9=True, f10=False, f11=True, f12=True)",0.9509211864733172
43.938,"FeatureMask(f0=True, f1=True, f2=True, f3=True, f4=False, f5=False, f6=True, f7=True, f8=False, f9=True, f10=False, f11=True, f12=True)",0.9509211864733172
44.031000000000006,"FeatureMask(f0=True, f1=True, f2=True, f3=True, f4=False, f5=False, f6=True, f7=True, f8=False, f9=True, f10=False, f11=True, f12=True)",0.9509211864733172
44.125,"FeatureMask(f0=True, f1=True, f2=True, f3=True, f4=False, f5=False, f6=True, f7=True, f8=False, f9=True, f10=False, f11=True, f12=True)",0.9509211864733172
44.125,"FeatureMask(f0=True, f1=True, f2=True, f3=True, f4=False, f5=False, f6=True, f7=True, f8=False, f9=True, f10=False, f11=True, f12=True)",0.9509211864733172
44.125,"FeatureMask(f0=True, f1=True, f2=True, f3=True, f4=False, f5=False, f6=True, f7=True, f8=False, f9=True, f10=False, f11=True, f12=True)",0.9509211864733172
44.125,"FeatureMask(f0=True, f1=True, f2=True, f3=True, f4=False, f5=False, f6=True, f7=True, f8=False, f9=True, f10=False, f11=True, f12=True)",0.9509211864733172
44.125,"FeatureMask(f0=True, f1=True, f2=True, f3=True, f4=False, f5=False, f6=True, f7=True, f8=False, f9=True, f10=False, f11=True, f12=True)",0.9509211864733172
44.125,"FeatureMask(f0=True, f1=True, f2=True, f3=True, f4=False, f5=False, f6=True, f7=True, f8=False, f9=True, f10=False, f11=True, f12=True)",0.9509211864733172
44.125,"FeatureMask(f0=True, f1=True, f2=True, f3=True, f4=False, f5=False, f6=True, f7=True, f8=False, f9=True, f10=False, f11=True, f12=True)",0.9509211864733172
44.125,"FeatureMask(f0=True, f1=True, f2=True, f3=True, f4=False, f5=False, f6=True, f7=True, f8=False, f9=True, f10=False, f11=True, f12=True)",0.9509211864733172
44.125,"FeatureMask(f0=True, f1=True, f2=True, f3=True, f4=False, f5=False, f6=True, f7=True, f8=False, f9=True, f10=False, f11=True, f12=True)",0.9509211864733172
44.125,"FeatureMask(f0=True, f1=True, f2=True, f3=True, f4=False, f5=False, f6=True, f7=True, f8=False, f9=True, f10=False, f11=True, f12=True)",0.9509211864733172
44.219,"FeatureMask(f0=True, f1=True, f2=True, f3=True, f4=False, f5=False, f6=True, f7=True, f8=False, f9=True, f10=False, f11=True, f12=True)",0.9509211864733172
44.344,"FeatureMask(f0=True, f1=True, f2=True, f3=True, f4=False, f5=False, f6=True, f7=True, f8=False, f9=True, f10=False, f11=True, f12=True)",0.9509211864733172
44.344,"FeatureMask(f0=True, f1=True, f2=True, f3=True, f4=False, f5=False, f6=True, f7=True, f8=False, f9=True, f10=False, f11=True, f12=True)",0.9509211864733172
44.344,"FeatureMask(f0=True, f1=True, f2=True, f3=True, f4=False, f5=False, f6=True, f7=True, f8=False, f9=True, f10=False, f11=True, f12=True)",0.9509211864733172
44.344,"FeatureMask(f0=True, f1=True, f2=True, f3=True, f4=False, f5=False, f6=True, f7=True, f8=False, f9=True, f10=False, f11=True, f12=True)",0.9509211864733172
44.344,"FeatureMask(f0=True, f1=True, f2=True, f3=True, f4=False, f5=False, f6=True, f7=True, f8=False, f9=True, f10=False, f11=True, f12=True)",0.9509211864733172
44.344,"FeatureMask(f0=True, f1=True, f2=True, f3=True, f4=False, f5=False, f6=True, f7=True, f8=False, f9=True, f10=False, f11=True, f12=True)",0.9509211864733172
44.344,"FeatureMask(f0=True, f1=True, f2=True, f3=True, f4=False, f5=False, f6=True, f7=True, f8=False, f9=True, f10=False, f11=True, f12=True)",0.9509211864733172
44.344,"FeatureMask(f0=True, f1=True, f2=True, f3=True, f4=False, f5=False, f6=True, f7=True, f8=False, f9=True, f10=False, f11=True, f12=True)",0.9509211864733172
44.344,"FeatureMask(f0=True, f1=True, f2=True, f3=True, f4=False, f5=False, f6=True, f7=True, f8=False, f9=True, f10=False, f11=True, f12=True)",0.9509211864733172
44.344,"FeatureMask(f0=True, f1=True, f2=True, f3=True, f4=False, f5=False, f6=True, f7=True, f8=False, f9=True, f10=False, f11=True, f12=True)",0.9509211864733172
44.438,"FeatureMask(f0=True, f1=True, f2=True, f3=True, f4=False, f5=False, f6=True, f7=True, f8=False, f9=True, f10=False, f11=True, f12=True)",0.9509211864733172
44.531000000000006,"FeatureMask(f0=True, f1=True, f2=True, f3=True, f4=False, f5=False, f6=True, f7=True, f8=False, f9=True, f10=False, f11=True, f12=True)",0.9509211864733172
44.547000000000004,"FeatureMask(f0=True, f1=True, f2=True, f3=True, f4=False, f5=False, f6=True, f7=True, f8=False, f9=True, f10=False, f11=True, f12=True)",0.9509211864733172
44.547000000000004,"FeatureMask(f0=True, f1=True, f2=True, f3=True, f4=False, f5=False, f6=True, f7=True, f8=False, f9=True, f10=False, f11=True, f12=True)",0.9509211864733172
44.547000000000004,"FeatureMask(f0=True, f1=True, f2=True, f3=True, f4=False, f5=False, f6=True, f7=True, f8=False, f9=True, f10=False, f11=True, f12=True)",0.9509211864733172
44.547000000000004,"FeatureMask(f0=True, f1=True, f2=True, f3=True, f4=False, f5=False, f6=True, f7=True, f8=False, f9=True, f10=False, f11=True, f12=True)",0.9509211864733172
44.547000000000004,"FeatureMask(f0=True, f1=True, f2=True, f3=True, f4=False, f5=False, f6=True, f7=True, f8=False, f9=True, f10=False, f11=True, f12=True)",0.9509211864733172
44.547000000000004,"FeatureMask(f0=True, f1=True, f2=True, f3=True, f4=False, f5=False, f6=True, f7=True, f8=False, f9=True, f10=False, f11=True, f12=True)",0.9509211864733172
44.547000000000004,"FeatureMask(f0=True, f1=True, f2=True, f3=True, f4=False, f5=False, f6=True, f7=True, f8=False, f9=True, f10=False, f11=True, f12=True)",0.9509211864733172
44.547000000000004,"FeatureMask(f0=True, f1=True, f2=True, f3=True, f4=False, f5=False, f6=True, f7=True, f8=False, f9=True, f10=False, f11=True, f12=True)",0.9509211864733172
44.547000000000004,"FeatureMask(f0=True, f1=True, f2=True, f3=True, f4=False, f5=False, f6=True, f7=True, f8=False, f9=True, f10=False, f11=True, f12=True)",0.9509211864733172
44.625,"FeatureMask(f0=True, f1=True, f2=True, f3=True, f4=False, f5=False, f6=True, f7=True, f8=False, f9=True, f10=False, f11=True, f12=True)",0.9509211864733172
44.735,"FeatureMask(f0=True, f1=True, f2=True, f3=True, f4=False, f5=False, f6=True, f7=True, f8=False, f9=True, f10=False, f11=True, f12=True)",0.9509211864733172
44.735,"FeatureMask(f0=True, f1=True, f2=True, f3=True, f4=False, f5=False, f6=True, f7=True, f8=False, f9=True, f10=False, f11=True, f12=True)",0.9509211864733172
44.735,"FeatureMask(f0=True, f1=True, f2=True, f3=True, f4=False, f5=False, f6=True, f7=True, f8=False, f9=True, f10=False, f11=True, f12=True)",0.9509211864733172
44.735,"FeatureMask(f0=True, f1=True, f2=True, f3=True, f4=False, f5=False, f6=True, f7=True, f8=False, f9=True, f10=False, f11=True, f12=True)",0.9509211864733172
44.735,"FeatureMask(f0=True, f1=True, f2=True, f3=True, f4=False, f5=False, f6=True, f7=True, f8=False, f9=True, f10=False, f11=True, f12=True)",0.9509211864733172
44.735,"FeatureMask(f0=True, f1=True, f2=True, f3=True, f4=False, f5=False, f6=True, f7=True, f8=False, f9=True, f10=False, f11=True, f12=True)",0.9509211864733172
44.735,"FeatureMask(f0=True, f1=True, f2=True, f3=True, f4=False, f5=False, f6=True, f7=True, f8=False, f9=True, f10=False, f11=True, f12=True)",0.9509211864733172
44.735,"FeatureMask(f0=True, f1=True, f2=True, f3=True, f4=False, f5=False, f6=True, f7=True, f8=False, f9=True, f10=False, f11=True, f12=True)",0.9509211864733172
44.735,"FeatureMask(f0=True, f1=True, f2=True, f3=True, f4=False, f5=False, f6=True, f7=True, f8=False, f9=True, f10=False, f11=True, f12=True)",0.9509211864733172
44.735,"FeatureMask(f0=True, f1=True, f2=True, f3=True, f4=False, f5=False, f6=True, f7=True, f8=False, f9=True, f10=False, f11=True, f12=True)",0.9509211864733172
44.828,"FeatureMask(f0=True, f1=True, f2=True, f3=True, f4=False, f5=False, f6=True, f7=True, f8=False, f9=True, f10=False, f11=True, f12=True)",0.9509211864733172
44.922000000000004,"FeatureMask(f0=True, f1=True, f2=True, f3=True, f4=False, f5=False, f6=True, f7=True, f8=False, f9=True, f10=False, f11=True, f12=True)",0.9509211864733172
44.922000000000004,"FeatureMask(f0=True, f1=True, f2=True, f3=True, f4=False, f5=False, f6=True, f7=True, f8=False, f9=True, f10=False, f11=True, f12=True)",0.9509211864733172
44.922000000000004,"FeatureMask(f0=True, f1=True, f2=True, f3=True, f4=False, f5=False, f6=True, f7=True, f8=False, f9=True, f10=False, f11=True, f12=True)",0.9509211864733172
44.922000000000004,"FeatureMask(f0=True, f1=True, f2=True, f3=True, f4=False, f5=False, f6=True, f7=True, f8=False, f9=True, f10=False, f11=True, f12=True)",0.9509211864733172
44.922000000000004,"FeatureMask(f0=True, f1=True, f2=True, f3=True, f4=False, f5=False, f6=True, f7=True, f8=False, f9=True, f10=False, f11=True, f12=True)",0.9509211864733172
44.922000000000004,"FeatureMask(f0=True, f1=True, f2=True, f3=True, f4=False, f5=False, f6=True, f7=True, f8=False, f9=True, f10=False, f11=True, f12=True)",0.9509211864733172
44.922000000000004,"FeatureMask(f0=True, f1=True, f2=True, f3=True, f4=False, f5=False, f6=True, f7=True, f8=False, f9=True, f10=False, f11=True, f12=True)",0.9509211864733172
44.922000000000004,"FeatureMask(f0=True, f1=True, f2=True, f3=True, f4=False, f5=False, f6=True, f7=True, f8=False, f9=True, f10=False, f11=True, f12=True)",0.9509211864733172
44.922000000000004,"FeatureMask(f0=True, f1=True, f2=True, f3=True, f4=False, f5=False, f6=True, f7=True, f8=False, f9=True, f10=False, f11=True, f12=True)",0.9509211864733172
44.922000000000004,"FeatureMask(f0=True, f1=True, f2=True, f3=True, f4=False, f5=False, f6=True, f7=True, f8=False, f9=True, f10=False, f11=True, f12=True)",0.9509211864733172
45.0,"FeatureMask(f0=True, f1=True, f2=True, f3=True, f4=False, f5=False, f6=True, f7=True, f8=False, f9=True, f10=False, f11=True, f12=True)",0.9509211864733172
45.0,"FeatureMask(f0=True, f1=True, f2=True, f3=True, f4=False, f5=False, f6=True, f7=True, f8=False, f9=True, f10=False, f11=True, f12=True)",0.9509211864733172
45.0,"FeatureMask(f0=True, f1=True, f2=True, f3=True, f4=False, f5=False, f6=True, f7=True, f8=False, f9=True, f10=False, f11=True, f12=True)",0.9509211864733172
45.0,"FeatureMask(f0=True, f1=True, f2=True, f3=True, f4=False, f5=False, f6=True, f7=True, f8=False, f9=True, f10=False, f11=True, f12=True)",0.9509211864733172
45.11,"FeatureMask(f0=True, f1=True, f2=True, f3=True, f4=False, f5=False, f6=True, f7=True, f8=False, f9=True, f10=False, f11=True, f12=True)",0.9509211864733172
45.11,"FeatureMask(f0=True, f1=True, f2=True, f3=True, f4=False, f5=False, f6=True, f7=True, f8=False, f9=True, f10=False, f11=True, f12=True)",0.9509211864733172
45.11,"FeatureMask(f0=True, f1=True, f2=True, f3=True, f4=False, f5=False, f6=True, f7=True, f8=False, f9=True, f10=False, f11=True, f12=True)",0.9509211864733172
45.11,"FeatureMask(f0=True, f1=True, f2=True, f3=True, f4=False, f5=False, f6=True, f7=True, f8=False, f9=True, f10=False, f11=True, f12=True)",0.9509211864733172
45.11,"FeatureMask(f0=True, f1=True, f2=True, f3=True, f4=False, f5=False, f6=True, f7=True, f8=False, f9=True, f10=False, f11=True, f12=True)",0.9509211864733172
45.11,"FeatureMask(f0=True, f1=True, f2=True, f3=True, f4=False, f5=False, f6=True, f7=True, f8=False, f9=True, f10=False, f11=True, f12=True)",0.9509211864733172
45.11,"FeatureMask(f0=True, f1=True, f2=True, f3=True, f4=False, f5=False, f6=True, f7=True, f8=False, f9=True, f10=False, f11=True, f12=True)",0.9509211864733172
45.11,"FeatureMask(f0=True, f1=True, f2=True, f3=True, f4=False, f5=False, f6=True, f7=True, f8=False, f9=True, f10=False, f11=True, f12=True)",0.9509211864733172
45.11,"FeatureMask(f0=True, f1=True, f2=True, f3=True, f4=False, f5=False, f6=True, f7=True, f8=False, f9=True, f10=False, f11=True, f12=True)",0.9509211864733172
45.11,"FeatureMask(f0=True, f1=True, f2=True, f3=True, f4=False, f5=False, f6=True, f7=True, f8=False, f9=True, f10=False, f11=True, f12=True)",0.9509211864733172
45.203,"FeatureMask(f0=True, f1=True, f2=True, f3=True, f4=False, f5=False, f6=True, f7=True, f8=False, f9=True, f10=False, f11=True, f12=True)",0.9509211864733172
45.313,"FeatureMask(f0=True, f1=True, f2=True, f3=True, f4=False, f5=False, f6=True, f7=True, f8=False, f9=True, f10=False, f11=True, f12=True)",0.9509211864733172
45.313,"FeatureMask(f0=True, f1=True, f2=True, f3=True, f4=False, f5=False, f6=True, f7=True, f8=False, f9=True, f10=False, f11=True, f12=True)",0.9509211864733172
45.313,"FeatureMask(f0=True, f1=True, f2=True, f3=True, f4=False, f5=False, f6=True, f7=True, f8=False, f9=True, f10=False, f11=True, f12=True)",0.9509211864733172
45.313,"FeatureMask(f0=True, f1=True, f2=True, f3=True, f4=False, f5=False, f6=True, f7=True, f8=False, f9=True, f10=False, f11=True, f12=True)",0.9509211864733172
45.313,"FeatureMask(f0=True, f1=True, f2=True, f3=True, f4=False, f5=False, f6=True, f7=True, f8=False, f9=True, f10=False, f11=True, f12=True)",0.9509211864733172
45.313,"FeatureMask(f0=True, f1=True, f2=True, f3=True, f4=False, f5=False, f6=True, f7=True, f8=False, f9=True, f10=False, f11=True, f12=True)",0.9509211864733172
45.313,"FeatureMask(f0=True, f1=True, f2=True, f3=True, f4=False, f5=False, f6=True, f7=True, f8=False, f9=True, f10=False, f11=True, f12=True)",0.9509211864733172
45.313,"FeatureMask(f0=True, f1=True, f2=True, f3=True, f4=False, f5=False, f6=True, f7=True, f8=False, f9=True, f10=False, f11=True, f12=True)",0.9509211864733172
45.313,"FeatureMask(f0=True, f1=True, f2=True, f3=True, f4=False, f5=False, f6=True, f7=True, f8=False, f9=True, f10=False, f11=True, f12=True)",0.9509211864733172
45.313,"FeatureMask(f0=True, f1=True, f2=True, f3=True, f4=False, f5=False, f6=True, f7=True, f8=False, f9=True, f10=False, f11=True, f12=True)",0.9509211864733172
45.391000000000005,"FeatureMask(f0=True, f1=True, f2=True, f3=True, f4=False, f5=False, f6=True, f7=True, f8=False, f9=True, f10=False, f11=True, f12=True)",0.9509211864733172
45.485,"FeatureMask(f0=True, f1=True, f2=True, f3=True, f4=False, f5=False, f6=True, f7=True, f8=False, f9=True, f10=False, f11=True, f12=True)",0.9509211864733172
45.485,"FeatureMask(f0=True, f1=True, f2=True, f3=True, f4=False, f5=False, f6=True, f7=True, f8=False, f9=True, f10=False, f11=True, f12=True)",0.9509211864733172
45.485,"FeatureMask(f0=True, f1=True, f2=True, f3=True, f4=False, f5=False, f6=True, f7=True, f8=False, f9=True, f10=False, f11=True, f12=True)",0.9509211864733172
45.485,"FeatureMask(f0=True, f1=True, f2=True, f3=True, f4=False, f5=False, f6=True, f7=True, f8=False, f9=True, f10=False, f11=True, f12=True)",0.9509211864733172
45.485,"FeatureMask(f0=True, f1=True, f2=True, f3=True, f4=False, f5=False, f6=True, f7=True, f8=False, f9=True, f10=False, f11=True, f12=True)",0.9509211864733172
45.485,"FeatureMask(f0=True, f1=True, f2=True, f3=True, f4=False, f5=False, f6=True, f7=True, f8=False, f9=True, f10=False, f11=True, f12=True)",0.9509211864733172
45.485,"FeatureMask(f0=True, f1=True, f2=True, f3=True, f4=False, f5=False, f6=True, f7=True, f8=False, f9=True, f10=False, f11=True, f12=True)",0.9509211864733172
45.485,"FeatureMask(f0=True, f1=True, f2=True, f3=True, f4=False, f5=False, f6=True, f7=True, f8=False, f9=True, f10=False, f11=True, f12=True)",0.9509211864733172
45.485,"FeatureMask(f0=True, f1=True, f2=True, f3=True, f4=False, f5=False, f6=True, f7=True, f8=False, f9=True, f10=False, f11=True, f12=True)",0.9509211864733172
45.485,"FeatureMask(f0=True, f1=True, f2=True, f3=True, f4=False, f5=False, f6=True, f7=True, f8=False, f9=True, f10=False, f11=True, f12=True)",0.9509211864733172
45.578,"FeatureMask(f0=True, f1=True, f2=True, f3=True, f4=False, f5=False, f6=True, f7=True, f8=False, f9=True, f10=False, f11=True, f12=True)",0.9509211864733172
45.578,"FeatureMask(f0=True, f1=True, f2=True, f3=True, f4=False, f5=False, f6=True, f7=True, f8=False, f9=True, f10=False, f11=True, f12=True)",0.9509211864733172
45.578,"FeatureMask(f0=True, f1=True, f2=True, f3=True, f4=False, f5=False, f6=True, f7=True, f8=False, f9=True, f10=False, f11=True, f12=True)",0.9509211864733172
45.578,"FeatureMask(f0=True, f1=True, f2=True, f3=True, f4=False, f5=False, f6=True, f7=True, f8=False, f9=True, f10=False, f11=True, f12=True)",0.9509211864733172
45.578,"FeatureMask(f0=True, f1=True, f2=True, f3=True, f4=False, f5=False, f6=True, f7=True, f8=False, f9=True, f10=False, f11=True, f12=True)",0.9509211864733172
45.656000000000006,"FeatureMask(f0=True, f1=True, f2=True, f3=True, f4=False, f5=False, f6=True, f7=True, f8=False, f9=True, f10=False, f11=True, f12=True)",0.9509211864733172
45.656000000000006,"FeatureMask(f0=True, f1=True, f2=True, f3=True, f4=False, f5=False, f6=True, f7=True, f8=False, f9=True, f10=False, f11=True, f12=True)",0.9509211864733172
45.656000000000006,"FeatureMask(f0=True, f1=True, f2=True, f3=True, f4=False, f5=False, f6=True, f7=True, f8=False, f9=True, f10=False, f11=True, f12=True)",0.9509211864733172
45.656000000000006,"FeatureMask(f0=True, f1=True, f2=True, f3=True, f4=False, f5=False, f6=True, f7=True, f8=False, f9=True, f10=False, f11=True, f12=True)",0.9509211864733172
45.656000000000006,"FeatureMask(f0=True, f1=True, f2=True, f3=True, f4=False, f5=False, f6=True, f7=True, f8=False, f9=True, f10=False, f11=True, f12=True)",0.9509211864733172
45.656000000000006,"FeatureMask(f0=True, f1=True, f2=True, f3=True, f4=False, f5=False, f6=True, f7=True, f8=False, f9=True, f10=False, f11=True, f12=True)",0.9509211864733172
45.656000000000006,"FeatureMask(f0=True, f1=True, f2=True, f3=True, f4=False, f5=False, f6=True, f7=True, f8=False, f9=True, f10=False, f11=True, f12=True)",0.9509211864733172
45.656000000000006,"FeatureMask(f0=True, f1=True, f2=True, f3=True, f4=False, f5=False, f6=True, f7=True, f8=False, f9=True, f10=False, f11=True, f12=True)",0.9509211864733172
45.656000000000006,"FeatureMask(f0=True, f1=True, f2=True, f3=True, f4=False, f5=False, f6=True, f7=True, f8=False, f9=True, f10=False, f11=True, f12=True)",0.9509211864733172
45.656000000000006,"FeatureMask(f0=True, f1=True, f2=True, f3=True, f4=False, f5=False, f6=True, f7=True, f8=False, f9=True, f10=False, f11=True, f12=True)",0.9509211864733172
45.75,"FeatureMask(f0=True, f1=True, f2=True, f3=True, f4=False, f5=False, f6=True, f7=True, f8=False, f9=True, f10=False, f11=True, f12=True)",0.9509211864733172
45.75,"FeatureMask(f0=True, f1=True, f2=True, f3=True, f4=False, f5=False, f6=True, f7=True, f8=False, f9=True, f10=False, f11=True, f12=True)",0.9509211864733172
45.75,"FeatureMask(f0=True, f1=True, f2=True, f3=True, f4=False, f5=False, f6=True, f7=True, f8=False, f9=True, f10=False, f11=True, f12=True)",0.9509211864733172
45.86,"FeatureMask(f0=True, f1=True, f2=True, f3=True, f4=False, f5=False, f6=True, f7=True, f8=False, f9=True, f10=False, f11=True, f12=True)",0.9509211864733172
45.86,"FeatureMask(f0=True, f1=True, f2=True, f3=True, f4=False, f5=False, f6=True, f7=True, f8=False, f9=True, f10=False, f11=True, f12=True)",0.9509211864733172
45.86,"FeatureMask(f0=True, f1=True, f2=True, f3=True, f4=False, f5=False, f6=True, f7=True, f8=False, f9=True, f10=False, f11=True, f12=True)",0.9509211864733172
45.86,"FeatureMask(f0=True, f1=True, f2=True, f3=True, f4=False, f5=False, f6=True, f7=True, f8=False, f9=True, f10=False, f11=True, f12=True)",0.9509211864733172
45.86,"FeatureMask(f0=True, f1=True, f2=True, f3=True, f4=False, f5=False, f6=True, f7=True, f8=False, f9=True, f10=False, f11=True, f12=True)",0.9509211864733172
45.86,"FeatureMask(f0=True, f1=True, f2=True, f3=True, f4=False, f5=False, f6=True, f7=True, f8=False, f9=True, f10=False, f11=True, f12=True)",0.9509211864733172
45.86,"FeatureMask(f0=True, f1=True, f2=True, f3=True, f4=False, f5=False, f6=True, f7=True, f8=False, f9=True, f10=False, f11=True, f12=True)",0.9509211864733172
45.86,"FeatureMask(f0=True, f1=True, f2=True, f3=True, f4=False, f5=False, f6=True, f7=True, f8=False, f9=True, f10=False, f11=True, f12=True)",0.9509211864733172
45.86,"FeatureMask(f0=True, f1=True, f2=True, f3=True, f4=False, f5=False, f6=True, f7=True, f8=False, f9=True, f10=False, f11=True, f12=True)",0.9509211864733172
45.86,"FeatureMask(f0=True, f1=True, f2=True, f3=True, f4=False, f5=False, f6=True, f7=True, f8=False, f9=True, f10=False, f11=True, f12=True)",0.9509211864733172
46.094,"FeatureMask(f0=True, f1=True, f2=True, f3=True, f4=False, f5=False, f6=True, f7=True, f8=False, f9=True, f10=False, f11=True, f12=True)",0.9509211864733172
46.094,"FeatureMask(f0=True, f1=True, f2=True, f3=True, f4=False, f5=False, f6=True, f7=True, f8=False, f9=True, f10=False, f11=True, f12=True)",0.9509211864733172
46.094,"FeatureMask(f0=True, f1=True, f2=True, f3=True, f4=False, f5=False, f6=True, f7=True, f8=False, f9=True, f10=False, f11=True, f12=True)",0.9509211864733172
46.094,"FeatureMask(f0=True, f1=True, f2=True, f3=True, f4=False, f5=False, f6=True, f7=True, f8=False, f9=True, f10=False, f11=True, f12=True)",0.9509211864733172
46.094,"FeatureMask(f0=True, f1=True, f2=True, f3=True, f4=False, f5=False, f6=True, f7=True, f8=False, f9=True, f10=False, f11=True, f12=True)",0.9509211864733172
46.094,"FeatureMask(f0=True, f1=True, f2=True, f3=True, f4=False, f5=False, f6=True, f7=True, f8=False, f9=True, f10=False, f11=True, f12=True)",0.9509211864733172
46.094,"FeatureMask(f0=True, f1=True, f2=True, f3=True, f4=False, f5=False, f6=True, f7=True, f8=False, f9=True, f10=False, f11=True, f12=True)",0.9509211864733172
46.094,"FeatureMask(f0=True, f1=True, f2=True, f3=True, f4=False, f5=False, f6=True, f7=True, f8=False, f9=True, f10=False, f11=True, f12=True)",0.9509211864733172
46.094,"FeatureMask(f0=True, f1=True, f2=True, f3=True, f4=False, f5=False, f6=True, f7=True, f8=False, f9=True, f10=False, f11=True, f12=True)",0.9509211864733172
46.094,"FeatureMask(f0=True, f1=True, f2=True, f3=True, f4=False, f5=False, f6=True, f7=True, f8=False, f9=True, f10=False, f11=True, f12=True)",0.9509211864733172
46.297000000000004,"FeatureMask(f0=True, f1=True, f2=True, f3=True, f4=False, f5=False, f6=True, f7=True, f8=False, f9=True, f10=False, f11=True, f12=True)",0.9509211864733172
46.297000000000004,"FeatureMask(f0=True, f1=True, f2=True, f3=True, f4=False, f5=False, f6=True, f7=True, f8=False, f9=True, f10=False, f11=True, f12=True)",0.9509211864733172
46.297000000000004,"FeatureMask(f0=True, f1=True, f2=True, f3=True, f4=False, f5=False, f6=True, f7=True, f8=False, f9=True, f10=False, f11=True, f12=True)",0.9509211864733172
46.297000000000004,"FeatureMask(f0=True, f1=True, f2=True, f3=True, f4=False, f5=False, f6=True, f7=True, f8=False, f9=True, f10=False, f11=True, f12=True)",0.9509211864733172
46.297000000000004,"FeatureMask(f0=True, f1=True, f2=True, f3=True, f4=False, f5=False, f6=True, f7=True, f8=False, f9=True, f10=False, f11=True, f12=True)",0.9509211864733172
46.297000000000004,"FeatureMask(f0=True, f1=True, f2=True, f3=True, f4=False, f5=False, f6=True, f7=True, f8=False, f9=True, f10=False, f11=True, f12=True)",0.9509211864733172
46.297000000000004,"FeatureMask(f0=True, f1=True, f2=True, f3=True, f4=False, f5=False, f6=True, f7=True, f8=False, f9=True, f10=False, f11=True, f12=True)",0.9509211864733172
46.297000000000004,"FeatureMask(f0=True, f1=True, f2=True, f3=True, f4=False, f5=False, f6=True, f7=True, f8=False, f9=True, f10=False, f11=True, f12=True)",0.9509211864733172
46.297000000000004,"FeatureMask(f0=True, f1=True, f2=True, f3=True, f4=False, f5=False, f6=True, f7=True, f8=False, f9=True, f10=False, f11=True, f12=True)",0.9509211864733172
46.297000000000004,"FeatureMask(f0=True, f1=True, f2=True, f3=True, f4=False, f5=False, f6=True, f7=True, f8=False, f9=True, f10=False, f11=True, f12=True)",0.9509211864733172
46.391000000000005,"FeatureMask(f0=True, f1=True, f2=True, f3=True, f4=False, f5=False, f6=True, f7=True, f8=False, f9=True, f10=False, f11=True, f12=True)",0.9509211864733172
46.5,"FeatureMask(f0=True, f1=True, f2=True, f3=True, f4=False, f5=False, f6=True, f7=True, f8=False, f9=True, f10=False, f11=True, f12=True)",0.9509211864733172
46.5,"FeatureMask(f0=True, f1=True, f2=True, f3=True, f4=False, f5=False, f6=True, f7=True, f8=False, f9=True, f10=False, f11=True, f12=True)",0.9509211864733172
46.5,"FeatureMask(f0=True, f1=True, f2=True, f3=True, f4=False, f5=False, f6=True, f7=True, f8=False, f9=True, f10=False, f11=True, f12=True)",0.9509211864733172
46.5,"FeatureMask(f0=True, f1=True, f2=True, f3=True, f4=False, f5=False, f6=True, f7=True, f8=False, f9=True, f10=False, f11=True, f12=True)",0.9509211864733172
46.5,"FeatureMask(f0=True, f1=True, f2=True, f3=True, f4=False, f5=False, f6=True, f7=True, f8=False, f9=True, f10=False, f11=True, f12=True)",0.9509211864733172
46.5,"FeatureMask(f0=True, f1=True, f2=True, f3=True, f4=False, f5=False, f6=True, f7=True, f8=False, f9=True, f10=False, f11=True, f12=True)",0.9509211864733172
46.5,"FeatureMask(f0=True, f1=True, f2=True, f3=True, f4=False, f5=False, f6=True, f7=True, f8=False, f9=True, f10=False, f11=True, f12=True)",0.9509211864733172
46.5,"FeatureMask(f0=True, f1=True, f2=True, f3=True, f4=False, f5=False, f6=True, f7=True, f8=False, f9=True, f10=False, f11=True, f12=True)",0.9509211864733172
46.5,"FeatureMask(f0=True, f1=True, f2=True, f3=True, f4=False, f5=False, f6=True, f7=True, f8=False, f9=True, f10=False, f11=True, f12=True)",0.9509211864733172
46.5,"FeatureMask(f0=True, f1=True, f2=True, f3=True, f4=False, f5=False, f6=True, f7=True, f8=False, f9=True, f10=False, f11=True, f12=True)",0.9509211864733172
46.578,"FeatureMask(f0=True, f1=True, f2=True, f3=True, f4=False, f5=False, f6=True, f7=True, f8=False, f9=True, f10=False, f11=True, f12=True)",0.9509211864733172
46.578,"FeatureMask(f0=True, f1=True, f2=True, f3=True, f4=False, f5=False, f6=True, f7=True, f8=False, f9=True, f10=False, f11=True, f12=True)",0.9509211864733172
46.703,"FeatureMask(f0=True, f1=True, f2=True, f3=True, f4=False, f5=False, f6=True, f7=True, f8=False, f9=True, f10=False, f11=True, f12=True)",0.9509211864733172
46.703,"FeatureMask(f0=True, f1=True, f2=True, f3=True, f4=False, f5=False, f6=True, f7=True, f8=False, f9=True, f10=False, f11=True, f12=True)",0.9509211864733172
46.703,"FeatureMask(f0=True, f1=True, f2=True, f3=True, f4=False, f5=False, f6=True, f7=True, f8=False, f9=True, f10=False, f11=True, f12=True)",0.9509211864733172
46.703,"FeatureMask(f0=True, f1=True, f2=True, f3=True, f4=False, f5=False, f6=True, f7=True, f8=False, f9=True, f10=False, f11=True, f12=True)",0.9509211864733172
46.703,"FeatureMask(f0=True, f1=True, f2=True, f3=True, f4=False, f5=False, f6=True, f7=True, f8=False, f9=True, f10=False, f11=True, f12=True)",0.9509211864733172
46.703,"FeatureMask(f0=True, f1=True, f2=True, f3=True, f4=False, f5=False, f6=True, f7=True, f8=False, f9=True, f10=False, f11=True, f12=True)",0.9509211864733172
46.703,"FeatureMask(f0=True, f1=True, f2=True, f3=True, f4=False, f5=False, f6=True, f7=True, f8=False, f9=True, f10=False, f11=True, f12=True)",0.9509211864733172
46.703,"FeatureMask(f0=True, f1=True, f2=True, f3=True, f4=False, f5=False, f6=True, f7=True, f8=False, f9=True, f10=False, f11=True, f12=True)",0.9509211864733172
46.703,"FeatureMask(f0=True, f1=True, f2=True, f3=True, f4=False, f5=False, f6=True, f7=True, f8=False, f9=True, f10=False, f11=True, f12=True)",0.9509211864733172
46.703,"FeatureMask(f0=True, f1=True, f2=True, f3=True, f4=False, f5=False, f6=True, f7=True, f8=False, f9=True, f10=False, f11=True, f12=True)",0.9509211864733172
46.922000000000004,"FeatureMask(f0=True, f1=True, f2=True, f3=True, f4=False, f5=False, f6=True, f7=True, f8=False, f9=True, f10=False, f11=True, f12=True)",0.9509211864733172
46.922000000000004,"FeatureMask(f0=True, f1=True, f2=True, f3=True, f4=False, f5=False, f6=True, f7=True, f8=False, f9=True, f10=False, f11=True, f12=True)",0.9509211864733172
46.922000000000004,"FeatureMask(f0=True, f1=True, f2=True, f3=True, f4=False, f5=False, f6=True, f7=True, f8=False, f9=True, f10=False, f11=True, f12=True)",0.9509211864733172
46.922000000000004,"FeatureMask(f0=True, f1=True, f2=True, f3=True, f4=False, f5=False, f6=True, f7=True, f8=False, f9=True, f10=False, f11=True, f12=True)",0.9509211864733172
46.922000000000004,"FeatureMask(f0=True, f1=True, f2=True, f3=True, f4=False, f5=False, f6=True, f7=True, f8=False, f9=True, f10=False, f11=True, f12=True)",0.9509211864733172
46.922000000000004,"FeatureMask(f0=True, f1=True, f2=True, f3=True, f4=False, f5=False, f6=True, f7=True, f8=False, f9=True, f10=False, f11=True, f12=True)",0.9509211864733172
46.922000000000004,"FeatureMask(f0=True, f1=True, f2=True, f3=True, f4=False, f5=False, f6=True, f7=True, f8=False, f9=True, f10=False, f11=True, f12=True)",0.9509211864733172
46.922000000000004,"FeatureMask(f0=True, f1=True, f2=True, f3=True, f4=False, f5=False, f6=True, f7=True, f8=False, f9=True, f10=False, f11=True, f12=True)",0.9509211864733172
46.922000000000004,"FeatureMask(f0=True, f1=True, f2=True, f3=True, f4=False, f5=False, f6=True, f7=True, f8=False, f9=True, f10=False, f11=True, f12=True)",0.9509211864733172
46.922000000000004,"FeatureMask(f0=True, f1=True, f2=True, f3=True, f4=False, f5=False, f6=True, f7=True, f8=False, f9=True, f10=False, f11=True, f12=True)",0.9509211864733172
47.125,"FeatureMask(f0=True, f1=True, f2=True, f3=True, f4=False, f5=False, f6=True, f7=True, f8=False, f9=True, f10=False, f11=True, f12=True)",0.9509211864733172
47.125,"FeatureMask(f0=True, f1=True, f2=True, f3=True, f4=False, f5=False, f6=True, f7=True, f8=False, f9=True, f10=False, f11=True, f12=True)",0.9509211864733172
47.125,"FeatureMask(f0=True, f1=True, f2=True, f3=True, f4=False, f5=False, f6=True, f7=True, f8=False, f9=True, f10=False, f11=True, f12=True)",0.9509211864733172
47.125,"FeatureMask(f0=True, f1=True, f2=True, f3=True, f4=False, f5=False, f6=True, f7=True, f8=False, f9=True, f10=False, f11=True, f12=True)",0.9509211864733172
47.125,"FeatureMask(f0=True, f1=True, f2=True, f3=True, f4=False, f5=False, f6=True, f7=True, f8=False, f9=True, f10=False, f11=True, f12=True)",0.9509211864733172
47.125,"FeatureMask(f0=True, f1=True, f2=True, f3=True, f4=False, f5=False, f6=True, f7=True, f8=False, f9=True, f10=False, f11=True, f12=True)",0.9509211864733172
47.125,"FeatureMask(f0=True, f1=True, f2=True, f3=True, f4=False, f5=False, f6=True, f7=True, f8=False, f9=True, f10=False, f11=True, f12=True)",0.9509211864733172
47.125,"FeatureMask(f0=True, f1=True, f2=True, f3=True, f4=False, f5=False, f6=True, f7=True, f8=False, f9=True, f10=False, f11=True, f12=True)",0.9509211864733172
47.125,"FeatureMask(f0=True, f1=True, f2=True, f3=True, f4=False, f5=False, f6=True, f7=True, f8=False, f9=True, f10=False, f11=True, f12=True)",0.9509211864733172
47.125,"FeatureMask(f0=True, f1=True, f2=True, f3=True, f4=False, f5=False, f6=True, f7=True, f8=False, f9=True, f10=False, f11=True, f12=True)",0.9509211864733172
47.219,"FeatureMask(f0=True, f1=True, f2=True, f3=True, f4=False, f5=False, f6=True, f7=True, f8=False, f9=True, f10=False, f11=True, f12=True)",0.9509211864733172
47.219,"FeatureMask(f0=True, f1=True, f2=True, f3=True, f4=False, f5=False, f6=True, f7=True, f8=False, f9=True, f10=False, f11=True, f12=True)",0.9509211864733172
47.219,"FeatureMask(f0=True, f1=True, f2=True, f3=True, f4=False, f5=False, f6=True, f7=True, f8=False, f9=True, f10=False, f11=True, f12=True)",0.9509211864733172
47.328,"FeatureMask(f0=True, f1=True, f2=True, f3=True, f4=False, f5=False, f6=True, f7=True, f8=False, f9=True, f10=False, f11=True, f12=True)",0.9509211864733172
47.328,"FeatureMask(f0=True, f1=True, f2=True, f3=True, f4=False, f5=False, f6=True, f7=True, f8=False, f9=True, f10=False, f11=True, f12=True)",0.9509211864733172
47.344,"FeatureMask(f0=True, f1=True, f2=True, f3=True, f4=False, f5=False, f6=True, f7=True, f8=False, f9=True, f10=False, f11=True, f12=True)",0.9509211864733172
47.344,"FeatureMask(f0=True, f1=True, f2=True, f3=True, f4=False, f5=False, f6=True, f7=True, f8=False, f9=True, f10=False, f11=True, f12=True)",0.9509211864733172
47.344,"FeatureMask(f0=True, f1=True, f2=True, f3=True, f4=False, f5=False, f6=True, f7=True, f8=False, f9=True, f10=False, f11=True, f12=True)",0.9509211864733172
47.344,"FeatureMask(f0=True, f1=True, f2=True, f3=True, f4=False, f5=False, f6=True, f7=True, f8=False, f9=True, f10=False, f11=True, f12=True)",0.9509211864733172
47.344,"FeatureMask(f0=True, f1=True, f2=True, f3=True, f4=False, f5=False, f6=True, f7=True, f8=False, f9=True, f10=False, f11=True, f12=True)",0.9509211864733172
47.344,"FeatureMask(f0=True, f1=True, f2=True, f3=True, f4=False, f5=False, f6=True, f7=True, f8=False, f9=True, f10=False, f11=True, f12=True)",0.9509211864733172
47.344,"FeatureMask(f0=True, f1=True, f2=True, f3=True, f4=False, f5=False, f6=True, f7=True, f8=False, f9=True, f10=False, f11=True, f12=True)",0.9509211864733172
47.344,"FeatureMask(f0=True, f1=True, f2=True, f3=True, f4=False, f5=False, f6=True, f7=True, f8=False, f9=True, f10=False, f11=True, f12=True)",0.9509211864733172
47.422000000000004,"FeatureMask(f0=True, f1=True, f2=True, f3=True, f4=False, f5=False, f6=True, f7=True, f8=False, f9=True, f10=False, f11=True, f12=True)",0.9509211864733172
47.422000000000004,"FeatureMask(f0=True, f1=True, f2=True, f3=True, f4=False, f5=False, f6=True, f7=True, f8=False, f9=True, f10=False, f11=True, f12=True)",0.9509211864733172
47.422000000000004,"FeatureMask(f0=True, f1=True, f2=True, f3=True, f4=False, f5=False, f6=True, f7=True, f8=False, f9=True, f10=False, f11=True, f12=True)",0.9509211864733172
47.422000000000004,"FeatureMask(f0=True, f1=True, f2=True, f3=True, f4=False, f5=False, f6=True, f7=True, f8=False, f9=True, f10=False, f11=True, f12=True)",0.9509211864733172
47.547000000000004,"FeatureMask(f0=True, f1=True, f2=True, f3=True, f4=False, f5=False, f6=True, f7=True, f8=False, f9=True, f10=False, f11=True, f12=True)",0.9509211864733172
47.547000000000004,"FeatureMask(f0=True, f1=True, f2=True, f3=True, f4=False, f5=False, f6=True, f7=True, f8=False, f9=True, f10=False, f11=True, f12=True)",0.9509211864733172
47.547000000000004,"FeatureMask(f0=True, f1=True, f2=True, f3=True, f4=False, f5=False, f6=True, f7=True, f8=False, f9=True, f10=False, f11=True, f12=True)",0.9509211864733172
47.547000000000004,"FeatureMask(f0=True, f1=True, f2=True, f3=True, f4=False, f5=False, f6=True, f7=True, f8=False, f9=True, f10=False, f11=True, f12=True)",0.9509211864733172
47.547000000000004,"FeatureMask(f0=True, f1=True, f2=True, f3=True, f4=False, f5=False, f6=True, f7=True, f8=False, f9=True, f10=False, f11=True, f12=True)",0.9509211864733172
47.547000000000004,"FeatureMask(f0=True, f1=True, f2=True, f3=True, f4=False, f5=False, f6=True, f7=True, f8=False, f9=True, f10=False, f11=True, f12=True)",0.9509211864733172
47.547000000000004,"FeatureMask(f0=True, f1=True, f2=True, f3=True, f4=False, f5=False, f6=True, f7=True, f8=False, f9=True, f10=False, f11=True, f12=True)",0.9509211864733172
47.547000000000004,"FeatureMask(f0=True, f1=True, f2=True, f3=True, f4=False, f5=False, f6=True, f7=True, f8=False, f9=True, f10=False, f11=True, f12=True)",0.9509211864733172
47.547000000000004,"FeatureMask(f0=True, f1=True, f2=True, f3=True, f4=False, f5=False, f6=True, f7=True, f8=False, f9=True, f10=False, f11=True, f12=True)",0.9509211864733172
47.547000000000004,"FeatureMask(f0=True, f1=True, f2=True, f3=True, f4=False, f5=False, f6=True, f7=True, f8=False, f9=True, f10=False, f11=True, f12=True)",0.9509211864733172
47.625,"FeatureMask(f0=True, f1=True, f2=True, f3=True, f4=False, f5=False, f6=True, f7=True, f8=False, f9=True, f10=False, f11=True, f12=True)",0.9509211864733172
47.703,"FeatureMask(f0=True, f1=True, f2=True, f3=True, f4=False, f5=False, f6=True, f7=True, f8=False, f9=True, f10=False, f11=True, f12=True)",0.9509211864733172
47.703,"FeatureMask(f0=True, f1=True, f2=True, f3=True, f4=False, f5=False, f6=True, f7=True, f8=False, f9=True, f10=False, f11=True, f12=True)",0.9509211864733172
47.703,"FeatureMask(f0=True, f1=True, f2=True, f3=True, f4=False, f5=False, f6=True, f7=True, f8=False, f9=True, f10=False, f11=True, f12=True)",0.9509211864733172
47.703,"FeatureMask(f0=True, f1=True, f2=True, f3=True, f4=False, f5=False, f6=True, f7=True, f8=False, f9=True, f10=False, f11=True, f12=True)",0.9509211864733172
47.703,"FeatureMask(f0=True, f1=True, f2=True, f3=True, f4=False, f5=False, f6=True, f7=True, f8=False, f9=True, f10=False, f11=True, f12=True)",0.9509211864733172
47.703,"FeatureMask(f0=True, f1=True, f2=True, f3=True, f4=False, f5=False, f6=True, f7=True, f8=False, f9=True, f10=False, f11=True, f12=True)",0.9509211864733172
47.703,"FeatureMask(f0=True, f1=True, f2=True, f3=True, f4=False, f5=False, f6=True, f7=True, f8=False, f9=True, f10=False, f11=True, f12=True)",0.9509211864733172
47.703,"FeatureMask(f0=True, f1=True, f2=True, f3=True, f4=False, f5=False, f6=True, f7=True, f8=False, f9=True, f10=False, f11=True, f12=True)",0.9509211864733172
47.703,"FeatureMask(f0=True, f1=True, f2=True, f3=True, f4=False, f5=False, f6=True, f7=True, f8=False, f9=True, f10=False, f11=True, f12=True)",0.9509211864733172
47.703,"FeatureMask(f0=True, f1=True, f2=True, f3=True, f4=False, f5=False, f6=True, f7=True, f8=False, f9=True, f10=False, f11=True, f12=True)",0.9509211864733172
47.797000000000004,"FeatureMask(f0=True, f1=True, f2=True, f3=True, f4=False, f5=False, f6=True, f7=True, f8=False, f9=True, f10=False, f11=True, f12=True)",0.9509211864733172
47.906000000000006,"FeatureMask(f0=True, f1=True, f2=True, f3=True, f4=False, f5=False, f6=True, f7=True, f8=False, f9=True, f10=False, f11=True, f12=True)",0.9509211864733172
47.906000000000006,"FeatureMask(f0=True, f1=True, f2=True, f3=True, f4=False, f5=False, f6=True, f7=True, f8=False, f9=True, f10=False, f11=True, f12=True)",0.9509211864733172
47.906000000000006,"FeatureMask(f0=True, f1=True, f2=True, f3=True, f4=False, f5=False, f6=True, f7=True, f8=False, f9=True, f10=False, f11=True, f12=True)",0.9509211864733172
47.906000000000006,"FeatureMask(f0=True, f1=True, f2=True, f3=True, f4=False, f5=False, f6=True, f7=True, f8=False, f9=True, f10=False, f11=True, f12=True)",0.9509211864733172
47.906000000000006,"FeatureMask(f0=True, f1=True, f2=True, f3=True, f4=False, f5=False, f6=True, f7=True, f8=False, f9=True, f10=False, f11=True, f12=True)",0.9509211864733172
47.906000000000006,"FeatureMask(f0=True, f1=True, f2=True, f3=True, f4=False, f5=False, f6=True, f7=True, f8=False, f9=True, f10=False, f11=True, f12=True)",0.9509211864733172
47.906000000000006,"FeatureMask(f0=True, f1=True, f2=True, f3=True, f4=False, f5=False, f6=True, f7=True, f8=False, f9=True, f10=False, f11=True, f12=True)",0.9509211864733172
47.906000000000006,"FeatureMask(f0=True, f1=True, f2=True, f3=True, f4=False, f5=False, f6=True, f7=True, f8=False, f9=True, f10=False, f11=True, f12=True)",0.9509211864733172
47.906000000000006,"FeatureMask(f0=True, f1=True, f2=True, f3=True, f4=False, f5=False, f6=True, f7=True, f8=False, f9=True, f10=False, f11=True, f12=True)",0.9509211864733172
47.906000000000006,"FeatureMask(f0=True, f1=True, f2=True, f3=True, f4=False, f5=False, f6=True, f7=True, f8=False, f9=True, f10=False, f11=True, f12=True)",0.9509211864733172
48.0,"FeatureMask(f0=True, f1=True, f2=True, f3=True, f4=False, f5=False, f6=True, f7=True, f8=False, f9=True, f10=False, f11=True, f12=True)",0.9509211864733172
48.094,"FeatureMask(f0=True, f1=True, f2=True, f3=True, f4=False, f5=False, f6=True, f7=True, f8=False, f9=True, f10=False, f11=True, f12=True)",0.9509211864733172
48.094,"FeatureMask(f0=True, f1=True, f2=True, f3=True, f4=False, f5=False, f6=True, f7=True, f8=False, f9=True, f10=False, f11=True, f12=True)",0.9509211864733172
48.094,"FeatureMask(f0=True, f1=True, f2=True, f3=True, f4=False, f5=False, f6=True, f7=True, f8=False, f9=True, f10=False, f11=True, f12=True)",0.9509211864733172
48.094,"FeatureMask(f0=True, f1=True, f2=True, f3=True, f4=False, f5=False, f6=True, f7=True, f8=False, f9=True, f10=False, f11=True, f12=True)",0.9509211864733172
48.094,"FeatureMask(f0=True, f1=True, f2=True, f3=True, f4=False, f5=False, f6=True, f7=True, f8=False, f9=True, f10=False, f11=True, f12=True)",0.9509211864733172
48.094,"FeatureMask(f0=True, f1=True, f2=True, f3=True, f4=False, f5=False, f6=True, f7=True, f8=False, f9=True, f10=False, f11=True, f12=True)",0.9509211864733172
48.094,"FeatureMask(f0=True, f1=True, f2=True, f3=True, f4=False, f5=False, f6=True, f7=True, f8=False, f9=True, f10=False, f11=True, f12=True)",0.9509211864733172
48.094,"FeatureMask(f0=True, f1=True, f2=True, f3=True, f4=False, f5=False, f6=True, f7=True, f8=False, f9=True, f10=False, f11=True, f12=True)",0.9509211864733172
48.094,"FeatureMask(f0=True, f1=True, f2=True, f3=True, f4=False, f5=False, f6=True, f7=True, f8=False, f9=True, f10=False, f11=True, f12=True)",0.9509211864733172
48.094,"FeatureMask(f0=True, f1=True, f2=True, f3=True, f4=False, f5=False, f6=True, f7=True, f8=False, f9=True, f10=False, f11=True, f12=True)",0.9509211864733172
48.297000000000004,"FeatureMask(f0=True, f1=True, f2=True, f3=True, f4=False, f5=False, f6=True, f7=True, f8=False, f9=True, f10=False, f11=True, f12=True)",0.9509211864733172
48.297000000000004,"FeatureMask(f0=True, f1=True, f2=True, f3=True, f4=False, f5=False, f6=True, f7=True, f8=False, f9=True, f10=False, f11=True, f12=True)",0.9509211864733172
48.297000000000004,"FeatureMask(f0=True, f1=True, f2=True, f3=True, f4=False, f5=False, f6=True, f7=True, f8=False, f9=True, f10=False, f11=True, f12=True)",0.9509211864733172
48.297000000000004,"FeatureMask(f0=True, f1=True, f2=True, f3=True, f4=False, f5=False, f6=True, f7=True, f8=False, f9=True, f10=False, f11=True, f12=True)",0.9509211864733172
48.297000000000004,"FeatureMask(f0=True, f1=True, f2=True, f3=True, f4=False, f5=False, f6=True, f7=True, f8=False, f9=True, f10=False, f11=True, f12=True)",0.9509211864733172
48.297000000000004,"FeatureMask(f0=True, f1=True, f2=True, f3=True, f4=False, f5=False, f6=True, f7=True, f8=False, f9=True, f10=False, f11=True, f12=True)",0.9509211864733172
48.297000000000004,"FeatureMask(f0=True, f1=True, f2=True, f3=True, f4=False, f5=False, f6=True, f7=True, f8=False, f9=True, f10=False, f11=True, f12=True)",0.9509211864733172
48.297000000000004,"FeatureMask(f0=True, f1=True, f2=True, f3=True, f4=False, f5=False, f6=True, f7=True, f8=False, f9=True, f10=False, f11=True, f12=True)",0.9509211864733172
48.297000000000004,"FeatureMask(f0=True, f1=True, f2=True, f3=True, f4=False, f5=False, f6=True, f7=True, f8=False, f9=True, f10=False, f11=True, f12=True)",0.9509211864733172
48.297000000000004,"FeatureMask(f0=True, f1=True, f2=True, f3=True, f4=False, f5=False, f6=True, f7=True, f8=False, f9=True, f10=False, f11=True, f12=True)",0.9509211864733172
48.375,"FeatureMask(f0=True, f1=True, f2=True, f3=True, f4=False, f5=False, f6=True, f7=True, f8=False, f9=True, f10=False, f11=True, f12=True)",0.9509211864733172
48.48500000000001,"FeatureMask(f0=True, f1=True, f2=True, f3=True, f4=False, f5=False, f6=True, f7=True, f8=False, f9=True, f10=False, f11=True, f12=True)",0.9509211864733172
48.48500000000001,"FeatureMask(f0=True, f1=True, f2=True, f3=True, f4=False, f5=False, f6=True, f7=True, f8=False, f9=True, f10=False, f11=True, f12=True)",0.9509211864733172
48.48500000000001,"FeatureMask(f0=True, f1=True, f2=True, f3=True, f4=False, f5=False, f6=True, f7=True, f8=False, f9=True, f10=False, f11=True, f12=True)",0.9509211864733172
48.48500000000001,"FeatureMask(f0=True, f1=True, f2=True, f3=True, f4=False, f5=False, f6=True, f7=True, f8=False, f9=True, f10=False, f11=True, f12=True)",0.9509211864733172
48.48500000000001,"FeatureMask(f0=True, f1=True, f2=True, f3=True, f4=False, f5=False, f6=True, f7=True, f8=False, f9=True, f10=False, f11=True, f12=True)",0.9509211864733172
48.48500000000001,"FeatureMask(f0=True, f1=True, f2=True, f3=True, f4=False, f5=False, f6=True, f7=True, f8=False, f9=True, f10=False, f11=True, f12=True)",0.9509211864733172
48.48500000000001,"FeatureMask(f0=True, f1=True, f2=True, f3=True, f4=False, f5=False, f6=True, f7=True, f8=False, f9=True, f10=False, f11=True, f12=True)",0.9509211864733172
48.48500000000001,"FeatureMask(f0=True, f1=True, f2=True, f3=True, f4=False, f5=False, f6=True, f7=True, f8=False, f9=True, f10=False, f11=True, f12=True)",0.9509211864733172
48.48500000000001,"FeatureMask(f0=True, f1=True, f2=True, f3=True, f4=False, f5=False, f6=True, f7=True, f8=False, f9=True, f10=False, f11=True, f12=True)",0.9509211864733172
48.48500000000001,"FeatureMask(f0=True, f1=True, f2=True, f3=True, f4=False, f5=False, f6=True, f7=True, f8=False, f9=True, f10=False, f11=True, f12=True)",0.9509211864733172
48.656000000000006,"FeatureMask(f0=True, f1=True, f2=True, f3=True, f4=False, f5=False, f6=True, f7=True, f8=False, f9=True, f10=False, f11=True, f12=True)",0.9509211864733172
48.656000000000006,"FeatureMask(f0=True, f1=True, f2=True, f3=True, f4=False, f5=False, f6=True, f7=True, f8=False, f9=True, f10=False, f11=True, f12=True)",0.9509211864733172
48.656000000000006,"FeatureMask(f0=True, f1=True, f2=True, f3=True, f4=False, f5=False, f6=True, f7=True, f8=False, f9=True, f10=False, f11=True, f12=True)",0.9509211864733172
48.656000000000006,"FeatureMask(f0=True, f1=True, f2=True, f3=True, f4=False, f5=False, f6=True, f7=True, f8=False, f9=True, f10=False, f11=True, f12=True)",0.9509211864733172
48.656000000000006,"FeatureMask(f0=True, f1=True, f2=True, f3=True, f4=False, f5=False, f6=True, f7=True, f8=False, f9=True, f10=False, f11=True, f12=True)",0.9509211864733172
48.656000000000006,"FeatureMask(f0=True, f1=True, f2=True, f3=True, f4=False, f5=False, f6=True, f7=True, f8=False, f9=True, f10=False, f11=True, f12=True)",0.9509211864733172
48.656000000000006,"FeatureMask(f0=True, f1=True, f2=True, f3=True, f4=False, f5=False, f6=True, f7=True, f8=False, f9=True, f10=False, f11=True, f12=True)",0.9509211864733172
48.656000000000006,"FeatureMask(f0=True, f1=True, f2=True, f3=True, f4=False, f5=False, f6=True, f7=True, f8=False, f9=True, f10=False, f11=True, f12=True)",0.9509211864733172
48.656000000000006,"FeatureMask(f0=True, f1=True, f2=True, f3=True, f4=False, f5=False, f6=True, f7=True, f8=False, f9=True, f10=False, f11=True, f12=True)",0.9509211864733172
48.656000000000006,"FeatureMask(f0=True, f1=True, f2=True, f3=True, f4=False, f5=False, f6=True, f7=True, f8=False, f9=True, f10=False, f11=True, f12=True)",0.9509211864733172
48.75,"FeatureMask(f0=True, f1=True, f2=True, f3=True, f4=False, f5=False, f6=True, f7=True, f8=False, f9=True, f10=False, f11=True, f12=True)",0.9509211864733172
48.75,"FeatureMask(f0=True, f1=True, f2=True, f3=True, f4=False, f5=False, f6=True, f7=True, f8=False, f9=True, f10=False, f11=True, f12=True)",0.9509211864733172
48.828,"FeatureMask(f0=True, f1=True, f2=True, f3=True, f4=False, f5=False, f6=True, f7=True, f8=False, f9=True, f10=False, f11=True, f12=True)",0.9509211864733172
48.828,"FeatureMask(f0=True, f1=True, f2=True, f3=True, f4=False, f5=False, f6=True, f7=True, f8=False, f9=True, f10=False, f11=True, f12=True)",0.9509211864733172
48.828,"FeatureMask(f0=True, f1=True, f2=True, f3=True, f4=False, f5=False, f6=True, f7=True, f8=False, f9=True, f10=False, f11=True, f12=True)",0.9509211864733172
48.828,"FeatureMask(f0=True, f1=True, f2=True, f3=True, f4=False, f5=False, f6=True, f7=True, f8=False, f9=True, f10=False, f11=True, f12=True)",0.9509211864733172
48.828,"FeatureMask(f0=True, f1=True, f2=True, f3=True, f4=False, f5=False, f6=True, f7=True, f8=False, f9=True, f10=False, f11=True, f12=True)",0.9509211864733172
48.828,"FeatureMask(f0=True, f1=True, f2=True, f3=True, f4=False, f5=False, f6=True, f7=True, f8=False, f9=True, f10=False, f11=True, f12=True)",0.9509211864733172
48.828,"FeatureMask(f0=True, f1=True, f2=True, f3=True, f4=False, f5=False, f6=True, f7=True, f8=False, f9=True, f10=False, f11=True, f12=True)",0.9509211864733172
48.828,"FeatureMask(f0=True, f1=True, f2=True, f3=True, f4=False, f5=False, f6=True, f7=True, f8=False, f9=True, f10=False, f11=True, f12=True)",0.9509211864733172
48.828,"FeatureMask(f0=True, f1=True, f2=True, f3=True, f4=False, f5=False, f6=True, f7=True, f8=False, f9=True, f10=False, f11=True, f12=True)",0.9509211864733172
48.828,"FeatureMask(f0=True, f1=True, f2=True, f3=True, f4=False, f5=False, f6=True, f7=True, f8=False, f9=True, f10=False, f11=True, f12=True)",0.9509211864733172
49.0,"FeatureMask(f0=True, f1=True, f2=True, f3=True, f4=False, f5=False, f6=True, f7=True, f8=False, f9=True, f10=False, f11=True, f12=True)",0.9509211864733172
49.0,"FeatureMask(f0=True, f1=True, f2=True, f3=True, f4=False, f5=False, f6=True, f7=True, f8=False, f9=True, f10=False, f11=True, f12=True)",0.9509211864733172
49.0,"FeatureMask(f0=True, f1=True, f2=True, f3=True, f4=False, f5=False, f6=True, f7=True, f8=False, f9=True, f10=False, f11=True, f12=True)",0.9509211864733172
49.0,"FeatureMask(f0=True, f1=True, f2=True, f3=True, f4=False, f5=False, f6=True, f7=True, f8=False, f9=True, f10=False, f11=True, f12=True)",0.9509211864733172
49.0,"FeatureMask(f0=True, f1=True, f2=True, f3=True, f4=False, f5=False, f6=True, f7=True, f8=False, f9=True, f10=False, f11=True, f12=True)",0.9509211864733172
49.0,"FeatureMask(f0=True, f1=True, f2=True, f3=True, f4=False, f5=False, f6=True, f7=True, f8=False, f9=True, f10=False, f11=True, f12=True)",0.9509211864733172
49.0,"FeatureMask(f0=True, f1=True, f2=True, f3=True, f4=False, f5=False, f6=True, f7=True, f8=False, f9=True, f10=False, f11=True, f12=True)",0.9509211864733172
49.0,"FeatureMask(f0=True, f1=True, f2=True, f3=True, f4=False, f5=False, f6=True, f7=True, f8=False, f9=True, f10=False, f11=True, f12=True)",0.9509211864733172
49.0,"FeatureMask(f0=True, f1=True, f2=True, f3=True, f4=False, f5=False, f6=True, f7=True, f8=False, f9=True, f10=False, f11=True, f12=True)",0.9509211864733172
49.0,"FeatureMask(f0=True, f1=True, f2=True, f3=True, f4=False, f5=False, f6=True, f7=True, f8=False, f9=True, f10=False, f11=True, f12=True)",0.9509211864733172
49.094,"FeatureMask(f0=True, f1=True, f2=True, f3=True, f4=False, f5=False, f6=True, f7=True, f8=False, f9=True, f10=False, f11=True, f12=True)",0.9509211864733172
49.094,"FeatureMask(f0=True, f1=True, f2=True, f3=True, f4=False, f5=False, f6=True, f7=True, f8=False, f9=True, f10=False, f11=True, f12=True)",0.9509211864733172
49.094,"FeatureMask(f0=True, f1=True, f2=True, f3=True, f4=False, f5=False, f6=True, f7=True, f8=False, f9=True, f10=False, f11=True, f12=True)",0.9509211864733172
49.203,"FeatureMask(f0=True, f1=True, f2=True, f3=True, f4=False, f5=False, f6=True, f7=True, f8=False, f9=True, f10=False, f11=True, f12=True)",0.9509211864733172
49.203,"FeatureMask(f0=True, f1=True, f2=True, f3=True, f4=False, f5=False, f6=True, f7=True, f8=False, f9=True, f10=False, f11=True, f12=True)",0.9509211864733172
49.203,"FeatureMask(f0=True, f1=True, f2=True, f3=True, f4=False, f5=False, f6=True, f7=True, f8=False, f9=True, f10=False, f11=True, f12=True)",0.9509211864733172
49.203,"FeatureMask(f0=True, f1=True, f2=True, f3=True, f4=False, f5=False, f6=True, f7=True, f8=False, f9=True, f10=False, f11=True, f12=True)",0.9509211864733172
49.203,"FeatureMask(f0=True, f1=True, f2=True, f3=True, f4=False, f5=False, f6=True, f7=True, f8=False, f9=True, f10=False, f11=True, f12=True)",0.9509211864733172
49.203,"FeatureMask(f0=True, f1=True, f2=True, f3=True, f4=False, f5=False, f6=True, f7=True, f8=False, f9=True, f10=False, f11=True, f12=True)",0.9509211864733172
49.203,"FeatureMask(f0=True, f1=True, f2=True, f3=True, f4=False, f5=False, f6=True, f7=True, f8=False, f9=True, f10=False, f11=True, f12=True)",0.9509211864733172
49.203,"FeatureMask(f0=True, f1=True, f2=True, f3=True, f4=False, f5=False, f6=True, f7=True, f8=False, f9=True, f10=False, f11=True, f12=True)",0.9509211864733172
49.203,"FeatureMask(f0=True, f1=True, f2=True, f3=True, f4=False, f5=False, f6=True, f7=True, f8=False, f9=True, f10=False, f11=True, f12=True)",0.9509211864733172
49.203,"FeatureMask(f0=True, f1=True, f2=True, f3=True, f4=False, f5=False, f6=True, f7=True, f8=False, f9=True, f10=False, f11=True, f12=True)",0.9509211864733172
49.281000000000006,"FeatureMask(f0=True, f1=True, f2=True, f3=True, f4=False, f5=False, f6=True, f7=True, f8=False, f9=True, f10=False, f11=True, f12=True)",0.9509211864733172
49.281000000000006,"FeatureMask(f0=True, f1=True, f2=True, f3=True, f4=False, f5=False, f6=True, f7=True, f8=False, f9=True, f10=False, f11=True, f12=True)",0.9509211864733172
49.375,"FeatureMask(f0=True, f1=True, f2=True, f3=True, f4=False, f5=False, f6=True, f7=True, f8=False, f9=True, f10=False, f11=True, f12=True)",0.9509211864733172
49.391000000000005,"FeatureMask(f0=True, f1=True, f2=True, f3=True, f4=False, f5=False, f6=True, f7=True, f8=False, f9=True, f10=False, f11=True, f12=True)",0.9509211864733172
49.391000000000005,"FeatureMask(f0=True, f1=True, f2=True, f3=True, f4=False, f5=False, f6=True, f7=True, f8=False, f9=True, f10=False, f11=True, f12=True)",0.9509211864733172
49.391000000000005,"FeatureMask(f0=True, f1=True, f2=True, f3=True, f4=False, f5=False, f6=True, f7=True, f8=False, f9=True, f10=False, f11=True, f12=True)",0.9509211864733172
49.391000000000005,"FeatureMask(f0=True, f1=True, f2=True, f3=True, f4=False, f5=False, f6=True, f7=True, f8=False, f9=True, f10=False, f11=True, f12=True)",0.9509211864733172
49.391000000000005,"FeatureMask(f0=True, f1=True, f2=True, f3=True, f4=False, f5=False, f6=True, f7=True, f8=False, f9=True, f10=False, f11=True, f12=True)",0.9509211864733172
49.391000000000005,"FeatureMask(f0=True, f1=True, f2=True, f3=True, f4=False, f5=False, f6=True, f7=True, f8=False, f9=True, f10=False, f11=True, f12=True)",0.9509211864733172
49.391000000000005,"FeatureMask(f0=True, f1=True, f2=True, f3=True, f4=False, f5=False, f6=True, f7=True, f8=False, f9=True, f10=False, f11=True, f12=True)",0.9509211864733172
49.391000000000005,"FeatureMask(f0=True, f1=True, f2=True, f3=True, f4=False, f5=False, f6=True, f7=True, f8=False, f9=True, f10=False, f11=True, f12=True)",0.9509211864733172
49.391000000000005,"FeatureMask(f0=True, f1=True, f2=True, f3=True, f4=False, f5=False, f6=True, f7=True, f8=False, f9=True, f10=False, f11=True, f12=True)",0.9509211864733172
49.469,"FeatureMask(f0=True, f1=True, f2=True, f3=True, f4=False, f5=False, f6=True, f7=True, f8=False, f9=True, f10=False, f11=True, f12=True)",0.9509211864733172
49.563,"FeatureMask(f0=True, f1=True, f2=True, f3=True, f4=False, f5=False, f6=True, f7=True, f8=False, f9=True, f10=False, f11=True, f12=True)",0.9509211864733172
49.563,"FeatureMask(f0=True, f1=True, f2=True, f3=True, f4=False, f5=False, f6=True, f7=True, f8=False, f9=True, f10=False, f11=True, f12=True)",0.9509211864733172
49.563,"FeatureMask(f0=True, f1=True, f2=True, f3=True, f4=False, f5=False, f6=True, f7=True, f8=False, f9=True, f10=False, f11=True, f12=True)",0.9509211864733172
49.563,"FeatureMask(f0=True, f1=True, f2=True, f3=True, f4=False, f5=False, f6=True, f7=True, f8=False, f9=True, f10=False, f11=True, f12=True)",0.9509211864733172
49.563,"FeatureMask(f0=True, f1=True, f2=True, f3=True, f4=False, f5=False, f6=True, f7=True, f8=False, f9=True, f10=False, f11=True, f12=True)",0.9509211864733172
49.563,"FeatureMask(f0=True, f1=True, f2=True, f3=True, f4=False, f5=False, f6=True, f7=True, f8=False, f9=True, f10=False, f11=True, f12=True)",0.9509211864733172
49.563,"FeatureMask(f0=True, f1=True, f2=True, f3=True, f4=False, f5=False, f6=True, f7=True, f8=False, f9=True, f10=False, f11=True, f12=True)",0.9509211864733172
49.563,"FeatureMask(f0=True, f1=True, f2=True, f3=True, f4=False, f5=False, f6=True, f7=True, f8=False, f9=True, f10=False, f11=True, f12=True)",0.9509211864733172
49.563,"FeatureMask(f0=True, f1=True, f2=True, f3=True, f4=False, f5=False, f6=True, f7=True, f8=False, f9=True, f10=False, f11=True, f12=True)",0.9509211864733172
49.563,"FeatureMask(f0=True, f1=True, f2=True, f3=True, f4=False, f5=False, f6=True, f7=True, f8=False, f9=True, f10=False, f11=True, f12=True)",0.9509211864733172
49.781000000000006,"FeatureMask(f0=True, f1=True, f2=True, f3=True, f4=False, f5=False, f6=True, f7=True, f8=False, f9=True, f10=False, f11=True, f12=True)",0.9509211864733172
49.781000000000006,"FeatureMask(f0=True, f1=True, f2=True, f3=True, f4=False, f5=False, f6=True, f7=True, f8=False, f9=True, f10=False, f11=True, f12=True)",0.9509211864733172
49.781000000000006,"FeatureMask(f0=True, f1=True, f2=True, f3=True, f4=False, f5=False, f6=True, f7=True, f8=False, f9=True, f10=False, f11=True, f12=True)",0.9509211864733172
49.781000000000006,"FeatureMask(f0=True, f1=True, f2=True, f3=True, f4=False, f5=False, f6=True, f7=True, f8=False, f9=True, f10=False, f11=True, f12=True)",0.9509211864733172
49.781000000000006,"FeatureMask(f0=True, f1=True, f2=True, f3=True, f4=False, f5=False, f6=True, f7=True, f8=False, f9=True, f10=False, f11=True, f12=True)",0.9509211864733172
49.781000000000006,"FeatureMask(f0=True, f1=True, f2=True, f3=True, f4=False, f5=False, f6=True, f7=True, f8=False, f9=True, f10=False, f11=True, f12=True)",0.9509211864733172
49.781000000000006,"FeatureMask(f0=True, f1=True, f2=True, f3=True, f4=False, f5=False, f6=True, f7=True, f8=False, f9=True, f10=False, f11=True, f12=True)",0.9509211864733172
49.781000000000006,"FeatureMask(f0=True, f1=True, f2=True, f3=True, f4=False, f5=False, f6=True, f7=True, f8=False, f9=True, f10=False, f11=True, f12=True)",0.9509211864733172
49.781000000000006,"FeatureMask(f0=True, f1=True, f2=True, f3=True, f4=False, f5=False, f6=True, f7=True, f8=False, f9=True, f10=False, f11=True, f12=True)",0.9509211864733172
49.781000000000006,"FeatureMask(f0=True, f1=True, f2=True, f3=True, f4=False, f5=False, f6=True, f7=True, f8=False, f9=True, f10=False, f11=True, f12=True)",0.9509211864733172
49.875,"FeatureMask(f0=True, f1=True, f2=True, f3=True, f4=False, f5=False, f6=True, f7=True, f8=False, f9=True, f10=False, f11=True, f12=True)",0.9509211864733172
49.98500000000001,"FeatureMask(f0=True, f1=True, f2=True, f3=True, f4=False, f5=False, f6=True, f7=True, f8=False, f9=True, f10=False, f11=True, f12=True)",0.9509211864733172
49.98500000000001,"FeatureMask(f0=True, f1=True, f2=True, f3=True, f4=False, f5=False, f6=True, f7=True, f8=False, f9=True, f10=False, f11=True, f12=True)",0.9509211864733172
49.98500000000001,"FeatureMask(f0=True, f1=True, f2=True, f3=True, f4=False, f5=False, f6=True, f7=True, f8=False, f9=True, f10=False, f11=True, f12=True)",0.9509211864733172
49.98500000000001,"FeatureMask(f0=True, f1=True, f2=True, f3=True, f4=False, f5=False, f6=True, f7=True, f8=False, f9=True, f10=False, f11=True, f12=True)",0.9509211864733172
49.98500000000001,"FeatureMask(f0=True, f1=True, f2=True, f3=True, f4=False, f5=False, f6=True, f7=True, f8=False, f9=True, f10=False, f11=True, f12=True)",0.9509211864733172
49.98500000000001,"FeatureMask(f0=True, f1=True, f2=True, f3=True, f4=False, f5=False, f6=True, f7=True, f8=False, f9=True, f10=False, f11=True, f12=True)",0.9509211864733172
49.98500000000001,"FeatureMask(f0=True, f1=True, f2=True, f3=True, f4=False, f5=False, f6=True, f7=True, f8=False, f9=True, f10=False, f11=True, f12=True)",0.9509211864733172
49.98500000000001,"FeatureMask(f0=True, f1=True, f2=True, f3=True, f4=False, f5=False, f6=True, f7=True, f8=False, f9=True, f10=False, f11=True, f12=True)",0.9509211864733172
49.98500000000001,"FeatureMask(f0=True, f1=True, f2=True, f3=True, f4=False, f5=False, f6=True, f7=True, f8=False, f9=True, f10=False, f11=True, f12=True)",0.9509211864733172
49.98500000000001,"FeatureMask(f0=True, f1=True, f2=True, f3=True, f4=False, f5=False, f6=True, f7=True, f8=False, f9=True, f10=False, f11=True, f12=True)",0.9509211864733172
50.172000000000004,"FeatureMask(f0=True, f1=True, f2=True, f3=True, f4=False, f5=False, f6=True, f7=True, f8=False, f9=True, f10=False, f11=True, f12=True)",0.9509211864733172
50.172000000000004,"FeatureMask(f0=True, f1=True, f2=True, f3=True, f4=False, f5=False, f6=True, f7=True, f8=False, f9=True, f10=False, f11=True, f12=True)",0.9509211864733172
50.172000000000004,"FeatureMask(f0=True, f1=True, f2=True, f3=True, f4=False, f5=False, f6=True, f7=True, f8=False, f9=True, f10=False, f11=True, f12=True)",0.9509211864733172
50.172000000000004,"FeatureMask(f0=True, f1=True, f2=True, f3=True, f4=False, f5=False, f6=True, f7=True, f8=False, f9=True, f10=False, f11=True, f12=True)",0.9509211864733172
50.172000000000004,"FeatureMask(f0=True, f1=True, f2=True, f3=True, f4=False, f5=False, f6=True, f7=True, f8=False, f9=True, f10=False, f11=True, f12=True)",0.9509211864733172
50.172000000000004,"FeatureMask(f0=True, f1=True, f2=True, f3=True, f4=False, f5=False, f6=True, f7=True, f8=False, f9=True, f10=False, f11=True, f12=True)",0.9509211864733172
50.172000000000004,"FeatureMask(f0=True, f1=True, f2=True, f3=True, f4=False, f5=False, f6=True, f7=True, f8=False, f9=True, f10=False, f11=True, f12=True)",0.9509211864733172
50.172000000000004,"FeatureMask(f0=True, f1=True, f2=True, f3=True, f4=False, f5=False, f6=True, f7=True, f8=False, f9=True, f10=False, f11=True, f12=True)",0.9509211864733172
50.188,"FeatureMask(f0=True, f1=True, f2=True, f3=True, f4=False, f5=False, f6=True, f7=True, f8=False, f9=True, f10=False, f11=True, f12=True)",0.9509211864733172
50.188,"FeatureMask(f0=True, f1=True, f2=True, f3=True, f4=False, f5=False, f6=True, f7=True, f8=False, f9=True, f10=False, f11=True, f12=True)",0.9509211864733172
50.266000000000005,"FeatureMask(f0=True, f1=True, f2=True, f3=True, f4=False, f5=False, f6=True, f7=True, f8=False, f9=True, f10=False, f11=True, f12=True)",0.9509211864733172
50.266000000000005,"FeatureMask(f0=True, f1=True, f2=True, f3=True, f4=False, f5=False, f6=True, f7=True, f8=False, f9=True, f10=False, f11=True, f12=True)",0.9509211864733172
50.36000000000001,"FeatureMask(f0=True, f1=True, f2=True, f3=True, f4=False, f5=False, f6=True, f7=True, f8=False, f9=True, f10=False, f11=True, f12=True)",0.9509211864733172
50.36000000000001,"FeatureMask(f0=True, f1=True, f2=True, f3=True, f4=False, f5=False, f6=True, f7=True, f8=False, f9=True, f10=False, f11=True, f12=True)",0.9509211864733172
50.36000000000001,"FeatureMask(f0=True, f1=True, f2=True, f3=True, f4=False, f5=False, f6=True, f7=True, f8=False, f9=True, f10=False, f11=True, f12=True)",0.9509211864733172
50.36000000000001,"FeatureMask(f0=True, f1=True, f2=True, f3=True, f4=False, f5=False, f6=True, f7=True, f8=False, f9=True, f10=False, f11=True, f12=True)",0.9509211864733172
50.36000000000001,"FeatureMask(f0=True, f1=True, f2=True, f3=True, f4=False, f5=False, f6=True, f7=True, f8=False, f9=True, f10=False, f11=True, f12=True)",0.9509211864733172
50.36000000000001,"FeatureMask(f0=True, f1=True, f2=True, f3=True, f4=False, f5=False, f6=True, f7=True, f8=False, f9=True, f10=False, f11=True, f12=True)",0.9509211864733172
50.36000000000001,"FeatureMask(f0=True, f1=True, f2=True, f3=True, f4=False, f5=False, f6=True, f7=True, f8=False, f9=True, f10=False, f11=True, f12=True)",0.9509211864733172
50.36000000000001,"FeatureMask(f0=True, f1=True, f2=True, f3=True, f4=False, f5=False, f6=True, f7=True, f8=False, f9=True, f10=False, f11=True, f12=True)",0.9509211864733172
50.36000000000001,"FeatureMask(f0=True, f1=True, f2=True, f3=True, f4=False, f5=False, f6=True, f7=True, f8=False, f9=True, f10=False, f11=True, f12=True)",0.9509211864733172
50.36000000000001,"FeatureMask(f0=True, f1=True, f2=True, f3=True, f4=False, f5=False, f6=True, f7=True, f8=False, f9=True, f10=False, f11=True, f12=True)",0.9509211864733172
50.453,"FeatureMask(f0=True, f1=True, f2=True, f3=True, f4=False, f5=False, f6=True, f7=True, f8=False, f9=True, f10=False, f11=True, f12=True)",0.9509211864733172
50.547000000000004,"FeatureMask(f0=True, f1=True, f2=True, f3=True, f4=False, f5=False, f6=True, f7=True, f8=False, f9=True, f10=False, f11=True, f12=True)",0.9509211864733172
50.547000000000004,"FeatureMask(f0=True, f1=True, f2=True, f3=True, f4=False, f5=False, f6=True, f7=True, f8=False, f9=True, f10=False, f11=True, f12=True)",0.9509211864733172
50.547000000000004,"FeatureMask(f0=True, f1=True, f2=True, f3=True, f4=False, f5=False, f6=True, f7=True, f8=False, f9=True, f10=False, f11=True, f12=True)",0.9509211864733172
50.547000000000004,"FeatureMask(f0=True, f1=True, f2=True, f3=True, f4=False, f5=False, f6=True, f7=True, f8=False, f9=True, f10=False, f11=True, f12=True)",0.9509211864733172
50.563,"FeatureMask(f0=True, f1=True, f2=True, f3=True, f4=False, f5=False, f6=True, f7=True, f8=False, f9=True, f10=False, f11=True, f12=True)",0.9509211864733172
50.563,"FeatureMask(f0=True, f1=True, f2=True, f3=True, f4=False, f5=False, f6=True, f7=True, f8=False, f9=True, f10=False, f11=True, f12=True)",0.9509211864733172
50.563,"FeatureMask(f0=True, f1=True, f2=True, f3=True, f4=False, f5=False, f6=True, f7=True, f8=False, f9=True, f10=False, f11=True, f12=True)",0.9509211864733172
50.563,"FeatureMask(f0=True, f1=True, f2=True, f3=True, f4=False, f5=False, f6=True, f7=True, f8=False, f9=True, f10=False, f11=True, f12=True)",0.9509211864733172
50.563,"FeatureMask(f0=True, f1=True, f2=True, f3=True, f4=False, f5=False, f6=True, f7=True, f8=False, f9=True, f10=False, f11=True, f12=True)",0.9509211864733172
50.563,"FeatureMask(f0=True, f1=True, f2=True, f3=True, f4=False, f5=False, f6=True, f7=True, f8=False, f9=True, f10=False, f11=True, f12=True)",0.9509211864733172
50.641000000000005,"FeatureMask(f0=True, f1=True, f2=True, f3=True, f4=False, f5=False, f6=True, f7=True, f8=False, f9=True, f10=False, f11=True, f12=True)",0.9509211864733172
50.75,"FeatureMask(f0=True, f1=True, f2=True, f3=True, f4=False, f5=False, f6=True, f7=True, f8=False, f9=True, f10=False, f11=True, f12=True)",0.9509211864733172
50.75,"FeatureMask(f0=True, f1=True, f2=True, f3=True, f4=False, f5=False, f6=True, f7=True, f8=False, f9=True, f10=False, f11=True, f12=True)",0.9509211864733172
50.75,"FeatureMask(f0=True, f1=True, f2=True, f3=True, f4=False, f5=False, f6=True, f7=True, f8=False, f9=True, f10=False, f11=True, f12=True)",0.9509211864733172
50.75,"FeatureMask(f0=True, f1=True, f2=True, f3=True, f4=False, f5=False, f6=True, f7=True, f8=False, f9=True, f10=False, f11=True, f12=True)",0.9509211864733172
50.75,"FeatureMask(f0=True, f1=True, f2=True, f3=True, f4=False, f5=False, f6=True, f7=True, f8=False, f9=True, f10=False, f11=True, f12=True)",0.9509211864733172
50.75,"FeatureMask(f0=True, f1=True, f2=True, f3=True, f4=False, f5=False, f6=True, f7=True, f8=False, f9=True, f10=False, f11=True, f12=True)",0.9509211864733172
50.75,"FeatureMask(f0=True, f1=True, f2=True, f3=True, f4=False, f5=False, f6=True, f7=True, f8=False, f9=True, f10=False, f11=True, f12=True)",0.9509211864733172
50.75,"FeatureMask(f0=True, f1=True, f2=True, f3=True, f4=False, f5=False, f6=True, f7=True, f8=False, f9=True, f10=False, f11=True, f12=True)",0.9509211864733172
50.75,"FeatureMask(f0=True, f1=True, f2=True, f3=True, f4=False, f5=False, f6=True, f7=True, f8=False, f9=True, f10=False, f11=True, f12=True)",0.9509211864733172
50.75,"FeatureMask(f0=True, f1=True, f2=True, f3=True, f4=False, f5=False, f6=True, f7=True, f8=False, f9=True, f10=False, f11=True, f12=True)",0.9509211864733172
50.828,"FeatureMask(f0=True, f1=True, f2=True, f3=True, f4=False, f5=True, f6=True, f7=False, f8=False, f9=True, f10=False, f11=True, f12=True)",0.9560467326267378
50.953,"FeatureMask(f0=True, f1=True, f2=True, f3=True, f4=False, f5=True, f6=True, f7=False, f8=False, f9=True, f10=False, f11=True, f12=True)",0.9560467326267378
50.953,"FeatureMask(f0=True, f1=True, f2=True, f3=True, f4=False, f5=True, f6=True, f7=False, f8=False, f9=True, f10=False, f11=True, f12=True)",0.9560467326267378
50.953,"FeatureMask(f0=True, f1=True, f2=True, f3=True, f4=False, f5=True, f6=True, f7=False, f8=False, f9=True, f10=False, f11=True, f12=True)",0.9560467326267378
50.953,"FeatureMask(f0=True, f1=True, f2=True, f3=True, f4=False, f5=True, f6=True, f7=False, f8=False, f9=True, f10=False, f11=True, f12=True)",0.9560467326267378
50.953,"FeatureMask(f0=True, f1=True, f2=True, f3=True, f4=False, f5=True, f6=True, f7=False, f8=False, f9=True, f10=False, f11=True, f12=True)",0.9560467326267378
50.953,"FeatureMask(f0=True, f1=True, f2=True, f3=True, f4=False, f5=True, f6=True, f7=False, f8=False, f9=True, f10=False, f11=True, f12=True)",0.9560467326267378
50.953,"FeatureMask(f0=True, f1=True, f2=True, f3=True, f4=False, f5=True, f6=True, f7=False, f8=False, f9=True, f10=False, f11=True, f12=True)",0.9560467326267378
50.953,"FeatureMask(f0=True, f1=True, f2=True, f3=True, f4=False, f5=True, f6=True, f7=False, f8=False, f9=True, f10=False, f11=True, f12=True)",0.9560467326267378
50.953,"FeatureMask(f0=True, f1=True, f2=True, f3=True, f4=False, f5=True, f6=True, f7=False, f8=False, f9=True, f10=False, f11=True, f12=True)",0.9560467326267378
50.953,"FeatureMask(f0=True, f1=True, f2=True, f3=True, f4=False, f5=True, f6=True, f7=False, f8=False, f9=True, f10=False, f11=True, f12=True)",0.9560467326267378
51.125,"FeatureMask(f0=True, f1=True, f2=True, f3=True, f4=False, f5=True, f6=True, f7=False, f8=False, f9=True, f10=False, f11=True, f12=True)",0.9560467326267378
51.125,"FeatureMask(f0=True, f1=True, f2=True, f3=True, f4=False, f5=True, f6=True, f7=False, f8=False, f9=True, f10=False, f11=True, f12=True)",0.9560467326267378
51.125,"FeatureMask(f0=True, f1=True, f2=True, f3=True, f4=False, f5=True, f6=True, f7=False, f8=False, f9=True, f10=False, f11=True, f12=True)",0.9560467326267378
51.141000000000005,"FeatureMask(f0=True, f1=True, f2=True, f3=True, f4=False, f5=True, f6=True, f7=False, f8=False, f9=True, f10=False, f11=True, f12=True)",0.9560467326267378
51.141000000000005,"FeatureMask(f0=True, f1=True, f2=True, f3=True, f4=False, f5=True, f6=True, f7=False, f8=False, f9=True, f10=False, f11=True, f12=True)",0.9560467326267378
51.141000000000005,"FeatureMask(f0=True, f1=True, f2=True, f3=True, f4=False, f5=True, f6=True, f7=False, f8=False, f9=True, f10=False, f11=True, f12=True)",0.9560467326267378
51.141000000000005,"FeatureMask(f0=True, f1=True, f2=True, f3=True, f4=False, f5=True, f6=True, f7=False, f8=False, f9=True, f10=False, f11=True, f12=True)",0.9560467326267378
51.141000000000005,"FeatureMask(f0=True, f1=True, f2=True, f3=True, f4=False, f5=True, f6=True, f7=False, f8=False, f9=True, f10=False, f11=True, f12=True)",0.9560467326267378
51.141000000000005,"FeatureMask(f0=True, f1=True, f2=True, f3=True, f4=False, f5=True, f6=True, f7=False, f8=False, f9=True, f10=False, f11=True, f12=True)",0.9560467326267378
51.141000000000005,"FeatureMask(f0=True, f1=True, f2=True, f3=True, f4=False, f5=True, f6=True, f7=False, f8=False, f9=True, f10=False, f11=True, f12=True)",0.9560467326267378
51.313,"FeatureMask(f0=True, f1=True, f2=True, f3=True, f4=False, f5=True, f6=True, f7=False, f8=False, f9=True, f10=False, f11=True, f12=True)",0.9560467326267378
51.313,"FeatureMask(f0=True, f1=True, f2=True, f3=True, f4=False, f5=True, f6=True, f7=False, f8=False, f9=True, f10=False, f11=True, f12=True)",0.9560467326267378
51.313,"FeatureMask(f0=True, f1=True, f2=True, f3=True, f4=False, f5=True, f6=True, f7=False, f8=False, f9=True, f10=False, f11=True, f12=True)",0.9560467326267378
51.313,"FeatureMask(f0=True, f1=True, f2=True, f3=True, f4=False, f5=True, f6=True, f7=False, f8=False, f9=True, f10=False, f11=True, f12=True)",0.9560467326267378
51.313,"FeatureMask(f0=True, f1=True, f2=True, f3=True, f4=False, f5=True, f6=True, f7=False, f8=False, f9=True, f10=False, f11=True, f12=True)",0.9560467326267378
51.313,"FeatureMask(f0=True, f1=True, f2=True, f3=True, f4=False, f5=True, f6=True, f7=False, f8=False, f9=True, f10=False, f11=True, f12=True)",0.9560467326267378
51.313,"FeatureMask(f0=True, f1=True, f2=True, f3=True, f4=False, f5=True, f6=True, f7=False, f8=False, f9=True, f10=False, f11=True, f12=True)",0.9560467326267378
51.313,"FeatureMask(f0=True, f1=True, f2=True, f3=True, f4=False, f5=True, f6=True, f7=False, f8=False, f9=True, f10=False, f11=True, f12=True)",0.9560467326267378
51.313,"FeatureMask(f0=True, f1=True, f2=True, f3=True, f4=False, f5=True, f6=True, f7=False, f8=False, f9=True, f10=False, f11=True, f12=True)",0.9560467326267378
51.313,"FeatureMask(f0=True, f1=True, f2=True, f3=True, f4=False, f5=True, f6=True, f7=False, f8=False, f9=True, f10=False, f11=True, f12=True)",0.9560467326267378
51.5,"FeatureMask(f0=True, f1=True, f2=True, f3=True, f4=False, f5=True, f6=True, f7=False, f8=False, f9=True, f10=False, f11=True, f12=True)",0.9560467326267378
51.5,"FeatureMask(f0=True, f1=True, f2=True, f3=True, f4=False, f5=True, f6=True, f7=False, f8=False, f9=True, f10=False, f11=True, f12=True)",0.9560467326267378
51.5,"FeatureMask(f0=True, f1=True, f2=True, f3=True, f4=False, f5=True, f6=True, f7=False, f8=False, f9=True, f10=False, f11=True, f12=True)",0.9560467326267378
51.5,"FeatureMask(f0=True, f1=True, f2=True, f3=True, f4=False, f5=True, f6=True, f7=False, f8=False, f9=True, f10=False, f11=True, f12=True)",0.9560467326267378
51.5,"FeatureMask(f0=True, f1=True, f2=True, f3=True, f4=False, f5=True, f6=True, f7=False, f8=False, f9=True, f10=False, f11=True, f12=True)",0.9560467326267378
51.5,"FeatureMask(f0=True, f1=True, f2=True, f3=True, f4=False, f5=True, f6=True, f7=False, f8=False, f9=True, f10=False, f11=True, f12=True)",0.9560467326267378
51.5,"FeatureMask(f0=True, f1=True, f2=True, f3=True, f4=False, f5=True, f6=True, f7=False, f8=False, f9=True, f10=False, f11=True, f12=True)",0.9560467326267378
51.5,"FeatureMask(f0=True, f1=True, f2=True, f3=True, f4=False, f5=True, f6=True, f7=False, f8=False, f9=True, f10=False, f11=True, f12=True)",0.9560467326267378
51.5,"FeatureMask(f0=True, f1=True, f2=True, f3=True, f4=False, f5=True, f6=True, f7=False, f8=False, f9=True, f10=False, f11=True, f12=True)",0.9560467326267378
51.5,"FeatureMask(f0=True, f1=True, f2=True, f3=True, f4=False, f5=True, f6=True, f7=False, f8=False, f9=True, f10=False, f11=True, f12=True)",0.9560467326267378
51.641000000000005,"FeatureMask(f0=True, f1=True, f2=True, f3=True, f4=False, f5=True, f6=True, f7=False, f8=False, f9=True, f10=False, f11=True, f12=True)",0.9560467326267378
51.641000000000005,"FeatureMask(f0=True, f1=True, f2=True, f3=True, f4=False, f5=True, f6=True, f7=False, f8=False, f9=True, f10=False, f11=True, f12=True)",0.9560467326267378
51.641000000000005,"FeatureMask(f0=True, f1=True, f2=True, f3=True, f4=False, f5=True, f6=True, f7=False, f8=False, f9=True, f10=False, f11=True, f12=True)",0.9560467326267378
51.641000000000005,"FeatureMask(f0=True, f1=True, f2=True, f3=True, f4=False, f5=True, f6=True, f7=False, f8=False, f9=True, f10=False, f11=True, f12=True)",0.9560467326267378
51.641000000000005,"FeatureMask(f0=True, f1=True, f2=True, f3=True, f4=False, f5=True, f6=True, f7=False, f8=False, f9=True, f10=False, f11=True, f12=True)",0.9560467326267378
51.641000000000005,"FeatureMask(f0=True, f1=True, f2=True, f3=True, f4=False, f5=True, f6=True, f7=False, f8=False, f9=True, f10=False, f11=True, f12=True)",0.9560467326267378
51.641000000000005,"FeatureMask(f0=True, f1=True, f2=True, f3=True, f4=False, f5=True, f6=True, f7=False, f8=False, f9=True, f10=False, f11=True, f12=True)",0.9560467326267378
51.641000000000005,"FeatureMask(f0=True, f1=True, f2=True, f3=True, f4=False, f5=True, f6=True, f7=False, f8=False, f9=True, f10=False, f11=True, f12=True)",0.9560467326267378
51.641000000000005,"FeatureMask(f0=True, f1=True, f2=True, f3=True, f4=False, f5=True, f6=True, f7=False, f8=False, f9=True, f10=False, f11=True, f12=True)",0.9560467326267378
51.641000000000005,"FeatureMask(f0=True, f1=True, f2=True, f3=True, f4=False, f5=True, f6=True, f7=False, f8=False, f9=True, f10=False, f11=True, f12=True)",0.9560467326267378
51.844,"FeatureMask(f0=True, f1=True, f2=True, f3=True, f4=False, f5=True, f6=True, f7=False, f8=False, f9=True, f10=False, f11=True, f12=True)",0.9560467326267378
51.844,"FeatureMask(f0=True, f1=True, f2=True, f3=True, f4=False, f5=True, f6=True, f7=False, f8=False, f9=True, f10=False, f11=True, f12=True)",0.9560467326267378
51.844,"FeatureMask(f0=True, f1=True, f2=True, f3=True, f4=False, f5=True, f6=True, f7=False, f8=False, f9=True, f10=False, f11=True, f12=True)",0.9560467326267378
51.844,"FeatureMask(f0=True, f1=True, f2=True, f3=True, f4=False, f5=True, f6=True, f7=False, f8=False, f9=True, f10=False, f11=True, f12=True)",0.9560467326267378
51.844,"FeatureMask(f0=True, f1=True, f2=True, f3=True, f4=False, f5=True, f6=True, f7=False, f8=False, f9=True, f10=False, f11=True, f12=True)",0.9560467326267378
51.844,"FeatureMask(f0=True, f1=True, f2=True, f3=True, f4=False, f5=True, f6=True, f7=False, f8=False, f9=True, f10=False, f11=True, f12=True)",0.9560467326267378
51.844,"FeatureMask(f0=True, f1=True, f2=True, f3=True, f4=False, f5=True, f6=True, f7=False, f8=False, f9=True, f10=False, f11=True, f12=True)",0.9560467326267378
51.844,"FeatureMask(f0=True, f1=True, f2=True, f3=True, f4=False, f5=True, f6=True, f7=False, f8=False, f9=True, f10=False, f11=True, f12=True)",0.9560467326267378
51.844,"FeatureMask(f0=True, f1=True, f2=True, f3=True, f4=False, f5=True, f6=True, f7=False, f8=False, f9=True, f10=False, f11=True, f12=True)",0.9560467326267378
51.844,"FeatureMask(f0=True, f1=True, f2=True, f3=True, f4=False, f5=True, f6=True, f7=False, f8=False, f9=True, f10=False, f11=True, f12=True)",0.9560467326267378
52.031000000000006,"FeatureMask(f0=True, f1=True, f2=True, f3=True, f4=False, f5=True, f6=True, f7=False, f8=False, f9=True, f10=False, f11=True, f12=True)",0.9560467326267378
52.031000000000006,"FeatureMask(f0=True, f1=True, f2=True, f3=True, f4=False, f5=True, f6=True, f7=False, f8=False, f9=True, f10=False, f11=True, f12=True)",0.9560467326267378
52.031000000000006,"FeatureMask(f0=True, f1=True, f2=True, f3=True, f4=False, f5=True, f6=True, f7=False, f8=False, f9=True, f10=False, f11=True, f12=True)",0.9560467326267378
52.031000000000006,"FeatureMask(f0=True, f1=True, f2=True, f3=True, f4=False, f5=True, f6=True, f7=False, f8=False, f9=True, f10=False, f11=True, f12=True)",0.9560467326267378
52.031000000000006,"FeatureMask(f0=True, f1=True, f2=True, f3=True, f4=False, f5=True, f6=True, f7=False, f8=False, f9=True, f10=False, f11=True, f12=True)",0.9560467326267378
52.031000000000006,"FeatureMask(f0=True, f1=True, f2=True, f3=True, f4=False, f5=True, f6=True, f7=False, f8=False, f9=True, f10=False, f11=True, f12=True)",0.9560467326267378
52.031000000000006,"FeatureMask(f0=True, f1=True, f2=True, f3=True, f4=False, f5=True, f6=True, f7=False, f8=False, f9=True, f10=False, f11=True, f12=True)",0.9560467326267378
52.031000000000006,"FeatureMask(f0=True, f1=True, f2=True, f3=True, f4=False, f5=True, f6=True, f7=False, f8=False, f9=True, f10=False, f11=True, f12=True)",0.9560467326267378
52.031000000000006,"FeatureMask(f0=True, f1=True, f2=True, f3=True, f4=False, f5=True, f6=True, f7=False, f8=False, f9=True, f10=False, f11=True, f12=True)",0.9560467326267378
52.031000000000006,"FeatureMask(f0=True, f1=True, f2=True, f3=True, f4=False, f5=True, f6=True, f7=False, f8=False, f9=True, f10=False, f11=True, f12=True)",0.9560467326267378
52.125,"FeatureMask(f0=True, f1=True, f2=True, f3=True, f4=False, f5=True, f6=True, f7=False, f8=False, f9=True, f10=False, f11=True, f12=True)",0.9560467326267378
52.125,"FeatureMask(f0=True, f1=True, f2=True, f3=True, f4=False, f5=True, f6=True, f7=False, f8=False, f9=True, f10=False, f11=True, f12=True)",0.9560467326267378
52.23500000000001,"FeatureMask(f0=True, f1=True, f2=True, f3=True, f4=False, f5=True, f6=True, f7=False, f8=False, f9=True, f10=False, f11=True, f12=True)",0.9560467326267378
52.23500000000001,"FeatureMask(f0=True, f1=True, f2=True, f3=True, f4=False, f5=True, f6=True, f7=False, f8=False, f9=True, f10=False, f11=True, f12=True)",0.9560467326267378
52.23500000000001,"FeatureMask(f0=True, f1=True, f2=True, f3=True, f4=False, f5=True, f6=True, f7=False, f8=False, f9=True, f10=False, f11=True, f12=True)",0.9560467326267378
52.23500000000001,"FeatureMask(f0=True, f1=True, f2=True, f3=True, f4=False, f5=True, f6=True, f7=False, f8=False, f9=True, f10=False, f11=True, f12=True)",0.9560467326267378
52.23500000000001,"FeatureMask(f0=True, f1=True, f2=True, f3=True, f4=False, f5=True, f6=True, f7=False, f8=False, f9=True, f10=False, f11=True, f12=True)",0.9560467326267378
52.23500000000001,"FeatureMask(f0=True, f1=True, f2=True, f3=True, f4=False, f5=True, f6=True, f7=False, f8=False, f9=True, f10=False, f11=True, f12=True)",0.9560467326267378
52.23500000000001,"FeatureMask(f0=True, f1=True, f2=True, f3=True, f4=False, f5=True, f6=True, f7=False, f8=False, f9=True, f10=False, f11=True, f12=True)",0.9560467326267378
52.23500000000001,"FeatureMask(f0=True, f1=True, f2=True, f3=True, f4=False, f5=True, f6=True, f7=False, f8=False, f9=True, f10=False, f11=True, f12=True)",0.9560467326267378
52.23500000000001,"FeatureMask(f0=True, f1=True, f2=True, f3=True, f4=False, f5=True, f6=True, f7=False, f8=False, f9=True, f10=False, f11=True, f12=True)",0.9560467326267378
52.23500000000001,"FeatureMask(f0=True, f1=True, f2=True, f3=True, f4=False, f5=True, f6=True, f7=False, f8=False, f9=True, f10=False, f11=True, f12=True)",0.9560467326267378
52.313,"FeatureMask(f0=True, f1=True, f2=True, f3=True, f4=False, f5=True, f6=True, f7=False, f8=False, f9=True, f10=False, f11=True, f12=True)",0.9560467326267378
52.406000000000006,"FeatureMask(f0=True, f1=True, f2=True, f3=True, f4=False, f5=True, f6=True, f7=False, f8=False, f9=True, f10=False, f11=True, f12=True)",0.9560467326267378
52.406000000000006,"FeatureMask(f0=True, f1=True, f2=True, f3=True, f4=False, f5=True, f6=True, f7=False, f8=False, f9=True, f10=False, f11=True, f12=True)",0.9560467326267378
52.406000000000006,"FeatureMask(f0=True, f1=True, f2=True, f3=True, f4=False, f5=True, f6=True, f7=False, f8=False, f9=True, f10=False, f11=True, f12=True)",0.9560467326267378
52.406000000000006,"FeatureMask(f0=True, f1=True, f2=True, f3=True, f4=False, f5=True, f6=True, f7=False, f8=False, f9=True, f10=False, f11=True, f12=True)",0.9560467326267378
52.406000000000006,"FeatureMask(f0=True, f1=True, f2=True, f3=True, f4=False, f5=True, f6=True, f7=False, f8=False, f9=True, f10=False, f11=True, f12=True)",0.9560467326267378
52.406000000000006,"FeatureMask(f0=True, f1=True, f2=True, f3=True, f4=False, f5=True, f6=True, f7=False, f8=False, f9=True, f10=False, f11=True, f12=True)",0.9560467326267378
52.406000000000006,"FeatureMask(f0=True, f1=True, f2=True, f3=True, f4=False, f5=True, f6=True, f7=False, f8=False, f9=True, f10=False, f11=True, f12=True)",0.9560467326267378
52.406000000000006,"FeatureMask(f0=True, f1=True, f2=True, f3=True, f4=False, f5=True, f6=True, f7=False, f8=False, f9=True, f10=False, f11=True, f12=True)",0.9560467326267378
52.406000000000006,"FeatureMask(f0=True, f1=True, f2=True, f3=True, f4=False, f5=True, f6=True, f7=False, f8=False, f9=True, f10=False, f11=True, f12=True)",0.9560467326267378
52.406000000000006,"FeatureMask(f0=True, f1=True, f2=True, f3=True, f4=False, f5=True, f6=True, f7=False, f8=False, f9=True, f10=False, f11=True, f12=True)",0.9560467326267378
52.61000000000001,"FeatureMask(f0=True, f1=True, f2=True, f3=True, f4=False, f5=True, f6=True, f7=False, f8=False, f9=True, f10=False, f11=True, f12=True)",0.9560467326267378
52.61000000000001,"FeatureMask(f0=True, f1=True, f2=True, f3=True, f4=False, f5=True, f6=True, f7=False, f8=False, f9=True, f10=False, f11=True, f12=True)",0.9560467326267378
52.61000000000001,"FeatureMask(f0=True, f1=True, f2=True, f3=True, f4=False, f5=True, f6=True, f7=False, f8=False, f9=True, f10=False, f11=True, f12=True)",0.9560467326267378
52.61000000000001,"FeatureMask(f0=True, f1=True, f2=True, f3=True, f4=False, f5=True, f6=True, f7=False, f8=False, f9=True, f10=False, f11=True, f12=True)",0.9560467326267378
52.61000000000001,"FeatureMask(f0=True, f1=True, f2=True, f3=True, f4=False, f5=True, f6=True, f7=False, f8=False, f9=True, f10=False, f11=True, f12=True)",0.9560467326267378
52.61000000000001,"FeatureMask(f0=True, f1=True, f2=True, f3=True, f4=False, f5=True, f6=True, f7=False, f8=False, f9=True, f10=False, f11=True, f12=True)",0.9560467326267378
52.61000000000001,"FeatureMask(f0=True, f1=True, f2=True, f3=True, f4=False, f5=True, f6=True, f7=False, f8=False, f9=True, f10=False, f11=True, f12=True)",0.9560467326267378
52.61000000000001,"FeatureMask(f0=True, f1=True, f2=True, f3=True, f4=False, f5=True, f6=True, f7=False, f8=False, f9=True, f10=False, f11=True, f12=True)",0.9560467326267378
52.61000000000001,"FeatureMask(f0=True, f1=True, f2=True, f3=True, f4=False, f5=True, f6=True, f7=False, f8=False, f9=True, f10=False, f11=True, f12=True)",0.9560467326267378
52.61000000000001,"FeatureMask(f0=True, f1=True, f2=True, f3=True, f4=False, f5=True, f6=True, f7=False, f8=False, f9=True, f10=False, f11=True, f12=True)",0.9560467326267378
52.688,"FeatureMask(f0=True, f1=True, f2=True, f3=True, f4=False, f5=True, f6=True, f7=False, f8=False, f9=True, f10=False, f11=True, f12=True)",0.9560467326267378
52.797000000000004,"FeatureMask(f0=True, f1=True, f2=True, f3=True, f4=False, f5=True, f6=True, f7=False, f8=False, f9=True, f10=False, f11=True, f12=True)",0.9560467326267378
52.797000000000004,"FeatureMask(f0=True, f1=True, f2=True, f3=True, f4=False, f5=True, f6=True, f7=False, f8=False, f9=True, f10=False, f11=True, f12=True)",0.9560467326267378
52.797000000000004,"FeatureMask(f0=True, f1=True, f2=True, f3=True, f4=False, f5=True, f6=True, f7=False, f8=False, f9=True, f10=False, f11=True, f12=True)",0.9560467326267378
52.797000000000004,"FeatureMask(f0=True, f1=True, f2=True, f3=True, f4=False, f5=True, f6=True, f7=False, f8=False, f9=True, f10=False, f11=True, f12=True)",0.9560467326267378
52.797000000000004,"FeatureMask(f0=True, f1=True, f2=True, f3=True, f4=False, f5=True, f6=True, f7=False, f8=False, f9=True, f10=False, f11=True, f12=True)",0.9560467326267378
52.797000000000004,"FeatureMask(f0=True, f1=True, f2=True, f3=True, f4=False, f5=True, f6=True, f7=False, f8=False, f9=True, f10=False, f11=True, f12=True)",0.9560467326267378
52.797000000000004,"FeatureMask(f0=True, f1=True, f2=True, f3=True, f4=False, f5=True, f6=True, f7=False, f8=False, f9=True, f10=False, f11=True, f12=True)",0.9560467326267378
52.797000000000004,"FeatureMask(f0=True, f1=True, f2=True, f3=True, f4=False, f5=True, f6=True, f7=False, f8=False, f9=True, f10=False, f11=True, f12=True)",0.9560467326267378
52.797000000000004,"FeatureMask(f0=True, f1=True, f2=True, f3=True, f4=False, f5=True, f6=True, f7=False, f8=False, f9=True, f10=False, f11=True, f12=True)",0.9560467326267378
52.797000000000004,"FeatureMask(f0=True, f1=True, f2=True, f3=True, f4=False, f5=True, f6=True, f7=False, f8=False, f9=True, f10=False, f11=True, f12=True)",0.9560467326267378
52.891000000000005,"FeatureMask(f0=True, f1=True, f2=True, f3=True, f4=False, f5=True, f6=True, f7=False, f8=False, f9=True, f10=False, f11=True, f12=True)",0.9560467326267378
53.0,"FeatureMask(f0=True, f1=True, f2=True, f3=True, f4=False, f5=True, f6=True, f7=False, f8=False, f9=True, f10=False, f11=True, f12=True)",0.9560467326267378
53.0,"FeatureMask(f0=True, f1=True, f2=True, f3=True, f4=False, f5=True, f6=True, f7=False, f8=False, f9=True, f10=False, f11=True, f12=True)",0.9560467326267378
53.0,"FeatureMask(f0=True, f1=True, f2=True, f3=True, f4=False, f5=True, f6=True, f7=False, f8=False, f9=True, f10=False, f11=True, f12=True)",0.9560467326267378
53.0,"FeatureMask(f0=True, f1=True, f2=True, f3=True, f4=False, f5=True, f6=True, f7=False, f8=False, f9=True, f10=False, f11=True, f12=True)",0.9560467326267378
53.0,"FeatureMask(f0=True, f1=True, f2=True, f3=True, f4=False, f5=True, f6=True, f7=False, f8=False, f9=True, f10=False, f11=True, f12=True)",0.9560467326267378
53.0,"FeatureMask(f0=True, f1=True, f2=True, f3=True, f4=False, f5=True, f6=True, f7=False, f8=False, f9=True, f10=False, f11=True, f12=True)",0.9560467326267378
53.0,"FeatureMask(f0=True, f1=True, f2=True, f3=True, f4=False, f5=True, f6=True, f7=False, f8=False, f9=True, f10=False, f11=True, f12=True)",0.9560467326267378
53.0,"FeatureMask(f0=True, f1=True, f2=True, f3=True, f4=False, f5=True, f6=True, f7=False, f8=False, f9=True, f10=False, f11=True, f12=True)",0.9560467326267378
53.0,"FeatureMask(f0=True, f1=True, f2=True, f3=True, f4=False, f5=True, f6=True, f7=False, f8=False, f9=True, f10=False, f11=True, f12=True)",0.9560467326267378
53.0,"FeatureMask(f0=True, f1=True, f2=True, f3=True, f4=False, f5=True, f6=True, f7=False, f8=False, f9=True, f10=False, f11=True, f12=True)",0.9560467326267378
53.094,"FeatureMask(f0=True, f1=True, f2=True, f3=True, f4=False, f5=True, f6=True, f7=False, f8=False, f9=True, f10=False, f11=True, f12=True)",0.9560467326267378
53.188,"FeatureMask(f0=True, f1=True, f2=True, f3=True, f4=False, f5=True, f6=True, f7=False, f8=False, f9=True, f10=False, f11=True, f12=True)",0.9560467326267378
53.188,"FeatureMask(f0=True, f1=True, f2=True, f3=True, f4=False, f5=True, f6=True, f7=False, f8=False, f9=True, f10=False, f11=True, f12=True)",0.9560467326267378
53.188,"FeatureMask(f0=True, f1=True, f2=True, f3=True, f4=False, f5=True, f6=True, f7=False, f8=False, f9=True, f10=False, f11=True, f12=True)",0.9560467326267378
53.188,"FeatureMask(f0=True, f1=True, f2=True, f3=True, f4=False, f5=True, f6=True, f7=False, f8=False, f9=True, f10=False, f11=True, f12=True)",0.9560467326267378
53.188,"FeatureMask(f0=True, f1=True, f2=True, f3=True, f4=False, f5=True, f6=True, f7=False, f8=False, f9=True, f10=False, f11=True, f12=True)",0.9560467326267378
53.188,"FeatureMask(f0=True, f1=True, f2=True, f3=True, f4=False, f5=True, f6=True, f7=False, f8=False, f9=True, f10=False, f11=True, f12=True)",0.9560467326267378
53.188,"FeatureMask(f0=True, f1=True, f2=True, f3=True, f4=False, f5=True, f6=True, f7=False, f8=False, f9=True, f10=False, f11=True, f12=True)",0.9560467326267378
53.188,"FeatureMask(f0=True, f1=True, f2=True, f3=True, f4=False, f5=True, f6=True, f7=False, f8=False, f9=True, f10=False, f11=True, f12=True)",0.9560467326267378
53.188,"FeatureMask(f0=True, f1=True, f2=True, f3=True, f4=False, f5=True, f6=True, f7=False, f8=False, f9=True, f10=False, f11=True, f12=True)",0.9560467326267378
53.188,"FeatureMask(f0=True, f1=True, f2=True, f3=True, f4=False, f5=True, f6=True, f7=False, f8=False, f9=True, f10=False, f11=True, f12=True)",0.9560467326267378
53.297000000000004,"FeatureMask(f0=True, f1=True, f2=True, f3=True, f4=False, f5=True, f6=True, f7=False, f8=False, f9=True, f10=False, f11=True, f12=True)",0.9560467326267378
53.406000000000006,"FeatureMask(f0=True, f1=True, f2=True, f3=True, f4=False, f5=True, f6=True, f7=False, f8=False, f9=True, f10=False, f11=True, f12=True)",0.9560467326267378
53.406000000000006,"FeatureMask(f0=True, f1=True, f2=True, f3=True, f4=False, f5=True, f6=True, f7=False, f8=False, f9=True, f10=False, f11=True, f12=True)",0.9560467326267378
53.406000000000006,"FeatureMask(f0=True, f1=True, f2=True, f3=True, f4=False, f5=True, f6=True, f7=False, f8=False, f9=True, f10=False, f11=True, f12=True)",0.9560467326267378
53.406000000000006,"FeatureMask(f0=True, f1=True, f2=True, f3=True, f4=False, f5=True, f6=True, f7=False, f8=False, f9=True, f10=False, f11=True, f12=True)",0.9560467326267378
53.406000000000006,"FeatureMask(f0=True, f1=True, f2=True, f3=True, f4=False, f5=True, f6=True, f7=False, f8=False, f9=True, f10=False, f11=True, f12=True)",0.9560467326267378
53.406000000000006,"FeatureMask(f0=True, f1=True, f2=True, f3=True, f4=False, f5=True, f6=True, f7=False, f8=False, f9=True, f10=False, f11=True, f12=True)",0.9560467326267378
53.406000000000006,"FeatureMask(f0=True, f1=True, f2=True, f3=True, f4=False, f5=True, f6=True, f7=False, f8=False, f9=True, f10=False, f11=True, f12=True)",0.9560467326267378
53.406000000000006,"FeatureMask(f0=True, f1=True, f2=True, f3=True, f4=False, f5=True, f6=True, f7=False, f8=False, f9=True, f10=False, f11=True, f12=True)",0.9560467326267378
53.406000000000006,"FeatureMask(f0=True, f1=True, f2=True, f3=True, f4=False, f5=True, f6=True, f7=False, f8=False, f9=True, f10=False, f11=True, f12=True)",0.9560467326267378
53.406000000000006,"FeatureMask(f0=True, f1=True, f2=True, f3=True, f4=False, f5=True, f6=True, f7=False, f8=False, f9=True, f10=False, f11=True, f12=True)",0.9560467326267378
53.5,"FeatureMask(f0=True, f1=True, f2=True, f3=True, f4=False, f5=True, f6=True, f7=False, f8=False, f9=True, f10=False, f11=True, f12=True)",0.9560467326267378
53.61000000000001,"FeatureMask(f0=True, f1=True, f2=True, f3=True, f4=False, f5=True, f6=True, f7=False, f8=False, f9=True, f10=False, f11=True, f12=True)",0.9560467326267378
53.61000000000001,"FeatureMask(f0=True, f1=True, f2=True, f3=True, f4=False, f5=True, f6=True, f7=False, f8=False, f9=True, f10=False, f11=True, f12=True)",0.9560467326267378
53.61000000000001,"FeatureMask(f0=True, f1=True, f2=True, f3=True, f4=False, f5=True, f6=True, f7=False, f8=False, f9=True, f10=False, f11=True, f12=True)",0.9560467326267378
53.61000000000001,"FeatureMask(f0=True, f1=True, f2=True, f3=True, f4=False, f5=True, f6=True, f7=False, f8=False, f9=True, f10=False, f11=True, f12=True)",0.9560467326267378
53.61000000000001,"FeatureMask(f0=True, f1=True, f2=True, f3=True, f4=False, f5=True, f6=True, f7=False, f8=False, f9=True, f10=False, f11=True, f12=True)",0.9560467326267378
53.61000000000001,"FeatureMask(f0=True, f1=True, f2=True, f3=True, f4=False, f5=True, f6=True, f7=False, f8=False, f9=True, f10=False, f11=True, f12=True)",0.9560467326267378
53.61000000000001,"FeatureMask(f0=True, f1=True, f2=True, f3=True, f4=False, f5=True, f6=True, f7=False, f8=False, f9=True, f10=False, f11=True, f12=True)",0.9560467326267378
53.61000000000001,"FeatureMask(f0=True, f1=True, f2=True, f3=True, f4=False, f5=True, f6=True, f7=False, f8=False, f9=True, f10=False, f11=True, f12=True)",0.9560467326267378
53.61000000000001,"FeatureMask(f0=True, f1=True, f2=True, f3=True, f4=False, f5=True, f6=True, f7=False, f8=False, f9=True, f10=False, f11=True, f12=True)",0.9560467326267378
53.61000000000001,"FeatureMask(f0=True, f1=True, f2=True, f3=True, f4=False, f5=True, f6=True, f7=False, f8=False, f9=True, f10=False, f11=True, f12=True)",0.9560467326267378
53.797000000000004,"FeatureMask(f0=True, f1=True, f2=True, f3=True, f4=False, f5=True, f6=True, f7=False, f8=False, f9=True, f10=False, f11=True, f12=True)",0.9560467326267378
53.797000000000004,"FeatureMask(f0=True, f1=True, f2=True, f3=True, f4=False, f5=True, f6=True, f7=False, f8=False, f9=True, f10=False, f11=True, f12=True)",0.9560467326267378
53.797000000000004,"FeatureMask(f0=True, f1=True, f2=True, f3=True, f4=False, f5=True, f6=True, f7=False, f8=False, f9=True, f10=False, f11=True, f12=True)",0.9560467326267378
53.797000000000004,"FeatureMask(f0=True, f1=True, f2=True, f3=True, f4=False, f5=True, f6=True, f7=False, f8=False, f9=True, f10=False, f11=True, f12=True)",0.9560467326267378
53.797000000000004,"FeatureMask(f0=True, f1=True, f2=True, f3=True, f4=False, f5=True, f6=True, f7=False, f8=False, f9=True, f10=False, f11=True, f12=True)",0.9560467326267378
53.797000000000004,"FeatureMask(f0=True, f1=True, f2=True, f3=True, f4=False, f5=True, f6=True, f7=False, f8=False, f9=True, f10=False, f11=True, f12=True)",0.9560467326267378
53.797000000000004,"FeatureMask(f0=True, f1=True, f2=True, f3=True, f4=False, f5=True, f6=True, f7=False, f8=False, f9=True, f10=False, f11=True, f12=True)",0.9560467326267378
53.797000000000004,"FeatureMask(f0=True, f1=True, f2=True, f3=True, f4=False, f5=True, f6=True, f7=False, f8=False, f9=True, f10=False, f11=True, f12=True)",0.9560467326267378
53.797000000000004,"FeatureMask(f0=True, f1=True, f2=True, f3=True, f4=False, f5=True, f6=True, f7=False, f8=False, f9=True, f10=False, f11=True, f12=True)",0.9560467326267378
53.797000000000004,"FeatureMask(f0=True, f1=True, f2=True, f3=True, f4=False, f5=True, f6=True, f7=False, f8=False, f9=True, f10=False, f11=True, f12=True)",0.9560467326267378
53.875,"FeatureMask(f0=True, f1=True, f2=True, f3=True, f4=False, f5=True, f6=True, f7=False, f8=False, f9=True, f10=False, f11=True, f12=True)",0.9560467326267378
54.0,"FeatureMask(f0=True, f1=True, f2=True, f3=True, f4=False, f5=True, f6=True, f7=False, f8=False, f9=True, f10=False, f11=True, f12=True)",0.9560467326267378
54.0,"FeatureMask(f0=True, f1=True, f2=True, f3=True, f4=False, f5=True, f6=True, f7=False, f8=False, f9=True, f10=False, f11=True, f12=True)",0.9560467326267378
54.0,"FeatureMask(f0=True, f1=True, f2=True, f3=True, f4=False, f5=True, f6=True, f7=False, f8=False, f9=True, f10=False, f11=True, f12=True)",0.9560467326267378
54.0,"FeatureMask(f0=True, f1=True, f2=True, f3=True, f4=False, f5=True, f6=True, f7=False, f8=False, f9=True, f10=False, f11=True, f12=True)",0.9560467326267378
54.0,"FeatureMask(f0=True, f1=True, f2=True, f3=True, f4=False, f5=True, f6=True, f7=False, f8=False, f9=True, f10=False, f11=True, f12=True)",0.9560467326267378
54.0,"FeatureMask(f0=True, f1=True, f2=True, f3=True, f4=False, f5=True, f6=True, f7=False, f8=False, f9=True, f10=False, f11=True, f12=True)",0.9560467326267378
54.0,"FeatureMask(f0=True, f1=True, f2=True, f3=True, f4=False, f5=True, f6=True, f7=False, f8=False, f9=True, f10=False, f11=True, f12=True)",0.9560467326267378
54.0,"FeatureMask(f0=True, f1=True, f2=True, f3=True, f4=False, f5=True, f6=True, f7=False, f8=False, f9=True, f10=False, f11=True, f12=True)",0.9560467326267378
54.0,"FeatureMask(f0=True, f1=True, f2=True, f3=True, f4=False, f5=True, f6=True, f7=False, f8=False, f9=True, f10=False, f11=True, f12=True)",0.9560467326267378
54.0,"FeatureMask(f0=True, f1=True, f2=True, f3=True, f4=False, f5=True, f6=True, f7=False, f8=False, f9=True, f10=False, f11=True, f12=True)",0.9560467326267378
54.078,"FeatureMask(f0=True, f1=True, f2=True, f3=True, f4=False, f5=True, f6=True, f7=False, f8=False, f9=True, f10=False, f11=True, f12=True)",0.9560467326267378
54.188,"FeatureMask(f0=True, f1=True, f2=True, f3=True, f4=False, f5=True, f6=True, f7=False, f8=False, f9=True, f10=False, f11=True, f12=True)",0.9560467326267378
54.188,"FeatureMask(f0=True, f1=True, f2=True, f3=True, f4=False, f5=True, f6=True, f7=False, f8=False, f9=True, f10=False, f11=True, f12=True)",0.9560467326267378
54.188,"FeatureMask(f0=True, f1=True, f2=True, f3=True, f4=False, f5=True, f6=True, f7=False, f8=False, f9=True, f10=False, f11=True, f12=True)",0.9560467326267378
54.188,"FeatureMask(f0=True, f1=True, f2=True, f3=True, f4=False, f5=True, f6=True, f7=False, f8=False, f9=True, f10=False, f11=True, f12=True)",0.9560467326267378
54.188,"FeatureMask(f0=True, f1=True, f2=True, f3=True, f4=False, f5=True, f6=True, f7=False, f8=False, f9=True, f10=False, f11=True, f12=True)",0.9560467326267378
54.188,"FeatureMask(f0=True, f1=True, f2=True, f3=True, f4=False, f5=True, f6=True, f7=False, f8=False, f9=True, f10=False, f11=True, f12=True)",0.9560467326267378
54.188,"FeatureMask(f0=True, f1=True, f2=True, f3=True, f4=False, f5=True, f6=True, f7=False, f8=False, f9=True, f10=False, f11=True, f12=True)",0.9560467326267378
54.188,"FeatureMask(f0=True, f1=True, f2=True, f3=True, f4=False, f5=True, f6=True, f7=False, f8=False, f9=True, f10=False, f11=True, f12=True)",0.9560467326267378
54.188,"FeatureMask(f0=True, f1=True, f2=True, f3=True, f4=False, f5=True, f6=True, f7=False, f8=False, f9=True, f10=False, f11=True, f12=True)",0.9560467326267378
54.188,"FeatureMask(f0=True, f1=True, f2=True, f3=True, f4=False, f5=True, f6=True, f7=False, f8=False, f9=True, f10=False, f11=True, f12=True)",0.9560467326267378
54.344,"FeatureMask(f0=True, f1=True, f2=True, f3=True, f4=False, f5=True, f6=True, f7=False, f8=False, f9=True, f10=False, f11=True, f12=True)",0.9560467326267378
54.344,"FeatureMask(f0=True, f1=True, f2=True, f3=True, f4=False, f5=True, f6=True, f7=False, f8=False, f9=True, f10=False, f11=True, f12=True)",0.9560467326267378
54.344,"FeatureMask(f0=True, f1=True, f2=True, f3=True, f4=False, f5=True, f6=True, f7=False, f8=False, f9=True, f10=False, f11=True, f12=True)",0.9560467326267378
54.344,"FeatureMask(f0=True, f1=True, f2=True, f3=True, f4=False, f5=True, f6=True, f7=False, f8=False, f9=True, f10=False, f11=True, f12=True)",0.9560467326267378
54.344,"FeatureMask(f0=True, f1=True, f2=True, f3=True, f4=False, f5=True, f6=True, f7=False, f8=False, f9=True, f10=False, f11=True, f12=True)",0.9560467326267378
54.344,"FeatureMask(f0=True, f1=True, f2=True, f3=True, f4=False, f5=True, f6=True, f7=False, f8=False, f9=True, f10=False, f11=True, f12=True)",0.9560467326267378
54.344,"FeatureMask(f0=True, f1=True, f2=True, f3=True, f4=False, f5=True, f6=True, f7=False, f8=False, f9=True, f10=False, f11=True, f12=True)",0.9560467326267378
54.344,"FeatureMask(f0=True, f1=True, f2=True, f3=True, f4=False, f5=True, f6=True, f7=False, f8=False, f9=True, f10=False, f11=True, f12=True)",0.9560467326267378
54.344,"FeatureMask(f0=True, f1=True, f2=True, f3=True, f4=False, f5=True, f6=True, f7=False, f8=False, f9=True, f10=False, f11=True, f12=True)",0.9560467326267378
54.344,"FeatureMask(f0=True, f1=True, f2=True, f3=True, f4=False, f5=True, f6=True, f7=False, f8=False, f9=True, f10=False, f11=True, f12=True)",0.9560467326267378
54.438,"FeatureMask(f0=True, f1=True, f2=True, f3=True, f4=False, f5=True, f6=True, f7=False, f8=False, f9=True, f10=False, f11=True, f12=True)",0.9560467326267378
54.563,"FeatureMask(f0=True, f1=True, f2=True, f3=True, f4=False, f5=True, f6=True, f7=False, f8=False, f9=True, f10=False, f11=True, f12=True)",0.9560467326267378
54.563,"FeatureMask(f0=True, f1=True, f2=True, f3=True, f4=False, f5=True, f6=True, f7=False, f8=False, f9=True, f10=False, f11=True, f12=True)",0.9560467326267378
54.563,"FeatureMask(f0=True, f1=True, f2=True, f3=True, f4=False, f5=True, f6=True, f7=False, f8=False, f9=True, f10=False, f11=True, f12=True)",0.9560467326267378
54.563,"FeatureMask(f0=True, f1=True, f2=True, f3=True, f4=False, f5=True, f6=True, f7=False, f8=False, f9=True, f10=False, f11=True, f12=True)",0.9560467326267378
54.563,"FeatureMask(f0=True, f1=True, f2=True, f3=True, f4=False, f5=True, f6=True, f7=False, f8=False, f9=True, f10=False, f11=True, f12=True)",0.9560467326267378
54.563,"FeatureMask(f0=True, f1=True, f2=True, f3=True, f4=False, f5=True, f6=True, f7=False, f8=False, f9=True, f10=False, f11=True, f12=True)",0.9560467326267378
54.563,"FeatureMask(f0=True, f1=True, f2=True, f3=True, f4=False, f5=True, f6=True, f7=False, f8=False, f9=True, f10=False, f11=True, f12=True)",0.9560467326267378
54.563,"FeatureMask(f0=True, f1=True, f2=True, f3=True, f4=False, f5=True, f6=True, f7=False, f8=False, f9=True, f10=False, f11=True, f12=True)",0.9560467326267378
54.563,"FeatureMask(f0=True, f1=True, f2=True, f3=True, f4=False, f5=True, f6=True, f7=False, f8=False, f9=True, f10=False, f11=True, f12=True)",0.9560467326267378
54.563,"FeatureMask(f0=True, f1=True, f2=True, f3=True, f4=False, f5=True, f6=True, f7=False, f8=False, f9=True, f10=False, f11=True, f12=True)",0.9560467326267378
54.75,"FeatureMask(f0=True, f1=True, f2=True, f3=True, f4=False, f5=True, f6=True, f7=False, f8=False, f9=True, f10=False, f11=True, f12=True)",0.9560467326267378
54.75,"FeatureMask(f0=True, f1=True, f2=True, f3=True, f4=False, f5=True, f6=True, f7=False, f8=False, f9=True, f10=False, f11=True, f12=True)",0.9560467326267378
54.75,"FeatureMask(f0=True, f1=True, f2=True, f3=True, f4=False, f5=True, f6=True, f7=False, f8=False, f9=True, f10=False, f11=True, f12=True)",0.9560467326267378
54.75,"FeatureMask(f0=True, f1=True, f2=True, f3=True, f4=False, f5=True, f6=True, f7=False, f8=False, f9=True, f10=False, f11=True, f12=True)",0.9560467326267378
54.75,"FeatureMask(f0=True, f1=True, f2=True, f3=True, f4=False, f5=True, f6=True, f7=False, f8=False, f9=True, f10=False, f11=True, f12=True)",0.9560467326267378
54.75,"FeatureMask(f0=True, f1=True, f2=True, f3=True, f4=False, f5=True, f6=True, f7=False, f8=False, f9=True, f10=False, f11=True, f12=True)",0.9560467326267378
54.75,"FeatureMask(f0=True, f1=True, f2=True, f3=True, f4=False, f5=True, f6=True, f7=False, f8=False, f9=True, f10=False, f11=True, f12=True)",0.9560467326267378
54.75,"FeatureMask(f0=True, f1=True, f2=True, f3=True, f4=False, f5=True, f6=True, f7=False, f8=False, f9=True, f10=False, f11=True, f12=True)",0.9560467326267378
54.75,"FeatureMask(f0=True, f1=True, f2=True, f3=True, f4=False, f5=True, f6=True, f7=False, f8=False, f9=True, f10=False, f11=True, f12=True)",0.9560467326267378
54.75,"FeatureMask(f0=True, f1=True, f2=True, f3=True, f4=False, f5=True, f6=True, f7=False, f8=False, f9=True, f10=False, f11=True, f12=True)",0.9560467326267378
54.844,"FeatureMask(f0=True, f1=True, f2=True, f3=True, f4=False, f5=True, f6=True, f7=False, f8=False, f9=True, f10=False, f11=True, f12=True)",0.9560467326267378
54.844,"FeatureMask(f0=True, f1=True, f2=True, f3=True, f4=False, f5=True, f6=True, f7=False, f8=False, f9=True, f10=False, f11=True, f12=True)",0.9560467326267378
54.953,"FeatureMask(f0=True, f1=True, f2=True, f3=True, f4=False, f5=True, f6=True, f7=False, f8=False, f9=True, f10=False, f11=True, f12=True)",0.9560467326267378
54.953,"FeatureMask(f0=True, f1=True, f2=True, f3=True, f4=False, f5=True, f6=True, f7=False, f8=False, f9=True, f10=False, f11=True, f12=True)",0.9560467326267378
54.953,"FeatureMask(f0=True, f1=True, f2=True, f3=True, f4=False, f5=True, f6=True, f7=False, f8=False, f9=True, f10=False, f11=True, f12=True)",0.9560467326267378
54.953,"FeatureMask(f0=True, f1=True, f2=True, f3=True, f4=False, f5=True, f6=True, f7=False, f8=False, f9=True, f10=False, f11=True, f12=True)",0.9560467326267378
54.953,"FeatureMask(f0=True, f1=True, f2=True, f3=True, f4=False, f5=True, f6=True, f7=False, f8=False, f9=True, f10=False, f11=True, f12=True)",0.9560467326267378
54.953,"FeatureMask(f0=True, f1=True, f2=True, f3=True, f4=False, f5=True, f6=True, f7=False, f8=False, f9=True, f10=False, f11=True, f12=True)",0.9560467326267378
54.953,"FeatureMask(f0=True, f1=True, f2=True, f3=True, f4=False, f5=True, f6=True, f7=False, f8=False, f9=True, f10=False, f11=True, f12=True)",0.9560467326267378
54.953,"FeatureMask(f0=True, f1=True, f2=True, f3=True, f4=False, f5=True, f6=True, f7=False, f8=False, f9=True, f10=False, f11=True, f12=True)",0.9560467326267378
54.953,"FeatureMask(f0=True, f1=True, f2=True, f3=True, f4=False, f5=True, f6=True, f7=False, f8=False, f9=True, f10=False, f11=True, f12=True)",0.9560467326267378
54.953,"FeatureMask(f0=True, f1=True, f2=True, f3=True, f4=False, f5=True, f6=True, f7=False, f8=False, f9=True, f10=False, f11=True, f12=True)",0.9560467326267378
55.031000000000006,"FeatureMask(f0=True, f1=True, f2=True, f3=True, f4=False, f5=True, f6=True, f7=False, f8=False, f9=True, f10=False, f11=True, f12=True)",0.9560467326267378
55.031000000000006,"FeatureMask(f0=True, f1=True, f2=True, f3=True, f4=False, f5=True, f6=True, f7=False, f8=False, f9=True, f10=False, f11=True, f12=True)",0.9560467326267378
55.172000000000004,"FeatureMask(f0=True, f1=True, f2=True, f3=True, f4=False, f5=True, f6=True, f7=False, f8=False, f9=True, f10=False, f11=True, f12=True)",0.9560467326267378
55.172000000000004,"FeatureMask(f0=True, f1=True, f2=True, f3=True, f4=False, f5=True, f6=True, f7=False, f8=False, f9=True, f10=False, f11=True, f12=True)",0.9560467326267378
55.172000000000004,"FeatureMask(f0=True, f1=True, f2=True, f3=True, f4=False, f5=True, f6=True, f7=False, f8=False, f9=True, f10=False, f11=True, f12=True)",0.9560467326267378
55.172000000000004,"FeatureMask(f0=True, f1=True, f2=True, f3=True, f4=False, f5=True, f6=True, f7=False, f8=False, f9=True, f10=False, f11=True, f12=True)",0.9560467326267378
55.172000000000004,"FeatureMask(f0=True, f1=True, f2=True, f3=True, f4=False, f5=True, f6=True, f7=False, f8=False, f9=True, f10=False, f11=True, f12=True)",0.9560467326267378
55.172000000000004,"FeatureMask(f0=True, f1=True, f2=True, f3=True, f4=False, f5=True, f6=True, f7=False, f8=False, f9=True, f10=False, f11=True, f12=True)",0.9560467326267378
55.172000000000004,"FeatureMask(f0=True, f1=True, f2=True, f3=True, f4=False, f5=True, f6=True, f7=False, f8=False, f9=True, f10=False, f11=True, f12=True)",0.9560467326267378
55.172000000000004,"FeatureMask(f0=True, f1=True, f2=True, f3=True, f4=False, f5=True, f6=True, f7=False, f8=False, f9=True, f10=False, f11=True, f12=True)",0.9560467326267378
55.172000000000004,"FeatureMask(f0=True, f1=True, f2=True, f3=True, f4=False, f5=True, f6=True, f7=False, f8=False, f9=True, f10=False, f11=True, f12=True)",0.9560467326267378
55.172000000000004,"FeatureMask(f0=True, f1=True, f2=True, f3=True, f4=False, f5=True, f6=True, f7=False, f8=False, f9=True, f10=False, f11=True, f12=True)",0.9560467326267378
55.391000000000005,"FeatureMask(f0=True, f1=True, f2=True, f3=True, f4=False, f5=True, f6=True, f7=False, f8=False, f9=True, f10=False, f11=True, f12=True)",0.9560467326267378
55.391000000000005,"FeatureMask(f0=True, f1=True, f2=True, f3=True, f4=False, f5=True, f6=True, f7=False, f8=False, f9=True, f10=False, f11=True, f12=True)",0.9560467326267378
55.391000000000005,"FeatureMask(f0=True, f1=True, f2=True, f3=True, f4=False, f5=True, f6=True, f7=False, f8=False, f9=True, f10=False, f11=True, f12=True)",0.9560467326267378
55.391000000000005,"FeatureMask(f0=True, f1=True, f2=True, f3=True, f4=False, f5=True, f6=True, f7=False, f8=False, f9=True, f10=False, f11=True, f12=True)",0.9560467326267378
55.391000000000005,"FeatureMask(f0=True, f1=True, f2=True, f3=True, f4=False, f5=True, f6=True, f7=False, f8=False, f9=True, f10=False, f11=True, f12=True)",0.9560467326267378
55.391000000000005,"FeatureMask(f0=True, f1=True, f2=True, f3=True, f4=False, f5=True, f6=True, f7=False, f8=False, f9=True, f10=False, f11=True, f12=True)",0.9560467326267378
55.391000000000005,"FeatureMask(f0=True, f1=True, f2=True, f3=True, f4=False, f5=True, f6=True, f7=False, f8=False, f9=True, f10=False, f11=True, f12=True)",0.9560467326267378
55.391000000000005,"FeatureMask(f0=True, f1=True, f2=True, f3=True, f4=False, f5=True, f6=True, f7=False, f8=False, f9=True, f10=False, f11=True, f12=True)",0.9560467326267378
55.391000000000005,"FeatureMask(f0=True, f1=True, f2=True, f3=True, f4=False, f5=True, f6=True, f7=False, f8=False, f9=True, f10=False, f11=True, f12=True)",0.9560467326267378
55.391000000000005,"FeatureMask(f0=True, f1=True, f2=True, f3=True, f4=False, f5=True, f6=True, f7=False, f8=False, f9=True, f10=False, f11=True, f12=True)",0.9560467326267378
55.469,"FeatureMask(f0=True, f1=True, f2=True, f3=True, f4=False, f5=True, f6=True, f7=False, f8=False, f9=True, f10=False, f11=True, f12=True)",0.9560467326267378
55.469,"FeatureMask(f0=True, f1=True, f2=True, f3=True, f4=False, f5=True, f6=True, f7=False, f8=False, f9=True, f10=False, f11=True, f12=True)",0.9560467326267378
55.469,"FeatureMask(f0=True, f1=True, f2=True, f3=True, f4=False, f5=True, f6=True, f7=False, f8=False, f9=True, f10=False, f11=True, f12=True)",0.9560467326267378
55.469,"FeatureMask(f0=True, f1=True, f2=True, f3=True, f4=False, f5=True, f6=True, f7=False, f8=False, f9=True, f10=False, f11=True, f12=True)",0.9560467326267378
55.469,"FeatureMask(f0=True, f1=True, f2=True, f3=True, f4=False, f5=True, f6=True, f7=False, f8=False, f9=True, f10=False, f11=True, f12=True)",0.9560467326267378
55.578,"FeatureMask(f0=True, f1=True, f2=True, f3=True, f4=False, f5=True, f6=True, f7=False, f8=False, f9=True, f10=False, f11=True, f12=True)",0.9560467326267378
55.578,"FeatureMask(f0=True, f1=True, f2=True, f3=True, f4=False, f5=True, f6=True, f7=False, f8=False, f9=True, f10=False, f11=True, f12=True)",0.9560467326267378
55.578,"FeatureMask(f0=True, f1=True, f2=True, f3=True, f4=False, f5=True, f6=True, f7=False, f8=False, f9=True, f10=False, f11=True, f12=True)",0.9560467326267378
55.578,"FeatureMask(f0=True, f1=True, f2=True, f3=True, f4=False, f5=True, f6=True, f7=False, f8=False, f9=True, f10=False, f11=True, f12=True)",0.9560467326267378
55.578,"FeatureMask(f0=True, f1=True, f2=True, f3=True, f4=False, f5=True, f6=True, f7=False, f8=False, f9=True, f10=False, f11=True, f12=True)",0.9560467326267378
55.578,"FeatureMask(f0=True, f1=True, f2=True, f3=True, f4=False, f5=True, f6=True, f7=False, f8=False, f9=True, f10=False, f11=True, f12=True)",0.9560467326267378
55.578,"FeatureMask(f0=True, f1=True, f2=True, f3=True, f4=False, f5=True, f6=True, f7=False, f8=False, f9=True, f10=False, f11=True, f12=True)",0.9560467326267378
55.578,"FeatureMask(f0=True, f1=True, f2=True, f3=True, f4=False, f5=True, f6=True, f7=False, f8=False, f9=True, f10=False, f11=True, f12=True)",0.9560467326267378
55.578,"FeatureMask(f0=True, f1=True, f2=True, f3=True, f4=False, f5=True, f6=True, f7=False, f8=False, f9=True, f10=False, f11=True, f12=True)",0.9560467326267378
55.578,"FeatureMask(f0=True, f1=True, f2=True, f3=True, f4=False, f5=True, f6=True, f7=False, f8=False, f9=True, f10=False, f11=True, f12=True)",0.9560467326267378
55.672000000000004,"FeatureMask(f0=True, f1=True, f2=True, f3=True, f4=False, f5=True, f6=True, f7=False, f8=False, f9=True, f10=False, f11=True, f12=True)",0.9560467326267378
55.781000000000006,"FeatureMask(f0=True, f1=True, f2=True, f3=True, f4=False, f5=True, f6=True, f7=False, f8=False, f9=True, f10=False, f11=True, f12=True)",0.9560467326267378
55.781000000000006,"FeatureMask(f0=True, f1=True, f2=True, f3=True, f4=False, f5=True, f6=True, f7=False, f8=False, f9=True, f10=False, f11=True, f12=True)",0.9560467326267378
55.781000000000006,"FeatureMask(f0=True, f1=True, f2=True, f3=True, f4=False, f5=True, f6=True, f7=False, f8=False, f9=True, f10=False, f11=True, f12=True)",0.9560467326267378
55.781000000000006,"FeatureMask(f0=True, f1=True, f2=True, f3=True, f4=False, f5=True, f6=True, f7=False, f8=False, f9=True, f10=False, f11=True, f12=True)",0.9560467326267378
55.781000000000006,"FeatureMask(f0=True, f1=True, f2=True, f3=True, f4=False, f5=True, f6=True, f7=False, f8=False, f9=True, f10=False, f11=True, f12=True)",0.9560467326267378
55.781000000000006,"FeatureMask(f0=True, f1=True, f2=True, f3=True, f4=False, f5=True, f6=True, f7=False, f8=False, f9=True, f10=False, f11=True, f12=True)",0.9560467326267378
55.781000000000006,"FeatureMask(f0=True, f1=True, f2=True, f3=True, f4=False, f5=True, f6=True, f7=False, f8=False, f9=True, f10=False, f11=True, f12=True)",0.9560467326267378
55.781000000000006,"FeatureMask(f0=True, f1=True, f2=True, f3=True, f4=False, f5=True, f6=True, f7=False, f8=False, f9=True, f10=False, f11=True, f12=True)",0.9560467326267378
55.781000000000006,"FeatureMask(f0=True, f1=True, f2=True, f3=True, f4=False, f5=True, f6=True, f7=False, f8=False, f9=True, f10=False, f11=True, f12=True)",0.9560467326267378
55.781000000000006,"FeatureMask(f0=True, f1=True, f2=True, f3=True, f4=False, f5=True, f6=True, f7=False, f8=False, f9=True, f10=False, f11=True, f12=True)",0.9560467326267378
55.875,"FeatureMask(f0=True, f1=True, f2=True, f3=True, f4=False, f5=True, f6=True, f7=False, f8=False, f9=True, f10=False, f11=True, f12=True)",0.9560467326267378
56.0,"FeatureMask(f0=True, f1=True, f2=True, f3=True, f4=False, f5=True, f6=True, f7=False, f8=False, f9=True, f10=False, f11=True, f12=True)",0.9560467326267378
56.0,"FeatureMask(f0=True, f1=True, f2=True, f3=True, f4=False, f5=True, f6=True, f7=False, f8=False, f9=True, f10=False, f11=True, f12=True)",0.9560467326267378
56.0,"FeatureMask(f0=True, f1=True, f2=True, f3=True, f4=False, f5=True, f6=True, f7=False, f8=False, f9=True, f10=False, f11=True, f12=True)",0.9560467326267378
56.0,"FeatureMask(f0=True, f1=True, f2=True, f3=True, f4=False, f5=True, f6=True, f7=False, f8=False, f9=True, f10=False, f11=True, f12=True)",0.9560467326267378
56.0,"FeatureMask(f0=True, f1=True, f2=True, f3=True, f4=False, f5=True, f6=True, f7=False, f8=False, f9=True, f10=False, f11=True, f12=True)",0.9560467326267378
56.0,"FeatureMask(f0=True, f1=True, f2=True, f3=True, f4=False, f5=True, f6=True, f7=False, f8=False, f9=True, f10=False, f11=True, f12=True)",0.9560467326267378
56.0,"FeatureMask(f0=True, f1=True, f2=True, f3=True, f4=False, f5=True, f6=True, f7=False, f8=False, f9=True, f10=False, f11=True, f12=True)",0.9560467326267378
56.0,"FeatureMask(f0=True, f1=True, f2=True, f3=True, f4=False, f5=True, f6=True, f7=False, f8=False, f9=True, f10=False, f11=True, f12=True)",0.9560467326267378
56.0,"FeatureMask(f0=True, f1=True, f2=True, f3=True, f4=False, f5=True, f6=True, f7=False, f8=False, f9=True, f10=False, f11=True, f12=True)",0.9560467326267378
56.0,"FeatureMask(f0=True, f1=True, f2=True, f3=True, f4=False, f5=True, f6=True, f7=False, f8=False, f9=True, f10=False, f11=True, f12=True)",0.9560467326267378
56.203,"FeatureMask(f0=True, f1=True, f2=True, f3=True, f4=False, f5=True, f6=True, f7=False, f8=False, f9=True, f10=False, f11=True, f12=True)",0.9560467326267378
56.203,"FeatureMask(f0=True, f1=True, f2=True, f3=True, f4=False, f5=True, f6=True, f7=False, f8=False, f9=True, f10=False, f11=True, f12=True)",0.9560467326267378
56.219,"FeatureMask(f0=True, f1=True, f2=True, f3=True, f4=False, f5=True, f6=True, f7=False, f8=False, f9=True, f10=False, f11=True, f12=True)",0.9560467326267378
56.219,"FeatureMask(f0=True, f1=True, f2=True, f3=True, f4=False, f5=True, f6=True, f7=False, f8=False, f9=True, f10=False, f11=True, f12=True)",0.9560467326267378
56.219,"FeatureMask(f0=True, f1=True, f2=True, f3=True, f4=False, f5=True, f6=True, f7=False, f8=False, f9=True, f10=False, f11=True, f12=True)",0.9560467326267378
56.219,"FeatureMask(f0=True, f1=True, f2=True, f3=True, f4=False, f5=True, f6=True, f7=False, f8=False, f9=True, f10=False, f11=True, f12=True)",0.9560467326267378
56.219,"FeatureMask(f0=True, f1=True, f2=True, f3=True, f4=False, f5=True, f6=True, f7=False, f8=False, f9=True, f10=False, f11=True, f12=True)",0.9560467326267378
56.219,"FeatureMask(f0=True, f1=True, f2=True, f3=True, f4=False, f5=True, f6=True, f7=False, f8=False, f9=True, f10=False, f11=True, f12=True)",0.9560467326267378
56.219,"FeatureMask(f0=True, f1=True, f2=True, f3=True, f4=False, f5=True, f6=True, f7=False, f8=False, f9=True, f10=False, f11=True, f12=True)",0.9560467326267378
56.219,"FeatureMask(f0=True, f1=True, f2=True, f3=True, f4=False, f5=True, f6=True, f7=False, f8=False, f9=True, f10=False, f11=True, f12=True)",0.9560467326267378
56.313,"FeatureMask(f0=True, f1=True, f2=True, f3=True, f4=False, f5=True, f6=True, f7=False, f8=False, f9=True, f10=False, f11=True, f12=True)",0.9560467326267378
56.438,"FeatureMask(f0=True, f1=True, f2=True, f3=True, f4=False, f5=True, f6=True, f7=False, f8=False, f9=True, f10=False, f11=True, f12=True)",0.9560467326267378
56.438,"FeatureMask(f0=True, f1=True, f2=True, f3=True, f4=False, f5=True, f6=True, f7=False, f8=False, f9=True, f10=False, f11=True, f12=True)",0.9560467326267378
56.438,"FeatureMask(f0=True, f1=True, f2=True, f3=True, f4=False, f5=True, f6=True, f7=False, f8=False, f9=True, f10=False, f11=True, f12=True)",0.9560467326267378
56.438,"FeatureMask(f0=True, f1=True, f2=True, f3=True, f4=False, f5=True, f6=True, f7=False, f8=False, f9=True, f10=False, f11=True, f12=True)",0.9560467326267378
56.438,"FeatureMask(f0=True, f1=True, f2=True, f3=True, f4=False, f5=True, f6=True, f7=False, f8=False, f9=True, f10=False, f11=True, f12=True)",0.9560467326267378
56.438,"FeatureMask(f0=True, f1=True, f2=True, f3=True, f4=False, f5=True, f6=True, f7=False, f8=False, f9=True, f10=False, f11=True, f12=True)",0.9560467326267378
56.438,"FeatureMask(f0=True, f1=True, f2=True, f3=True, f4=False, f5=True, f6=True, f7=False, f8=False, f9=True, f10=False, f11=True, f12=True)",0.9560467326267378
56.438,"FeatureMask(f0=True, f1=True, f2=True, f3=True, f4=False, f5=True, f6=True, f7=False, f8=False, f9=True, f10=False, f11=True, f12=True)",0.9560467326267378
56.438,"FeatureMask(f0=True, f1=True, f2=True, f3=True, f4=False, f5=True, f6=True, f7=False, f8=False, f9=True, f10=False, f11=True, f12=True)",0.9560467326267378
56.438,"FeatureMask(f0=True, f1=True, f2=True, f3=True, f4=False, f5=True, f6=True, f7=False, f8=False, f9=True, f10=False, f11=True, f12=True)",0.9560467326267378
56.625,"FeatureMask(f0=True, f1=True, f2=True, f3=True, f4=False, f5=True, f6=True, f7=False, f8=False, f9=True, f10=False, f11=True, f12=True)",0.9560467326267378
56.625,"FeatureMask(f0=True, f1=True, f2=True, f3=True, f4=False, f5=True, f6=True, f7=False, f8=False, f9=True, f10=False, f11=True, f12=True)",0.9560467326267378
56.625,"FeatureMask(f0=True, f1=True, f2=True, f3=True, f4=False, f5=True, f6=True, f7=False, f8=False, f9=True, f10=False, f11=True, f12=True)",0.9560467326267378
56.625,"FeatureMask(f0=True, f1=True, f2=True, f3=True, f4=False, f5=True, f6=True, f7=False, f8=False, f9=True, f10=False, f11=True, f12=True)",0.9560467326267378
56.625,"FeatureMask(f0=True, f1=True, f2=True, f3=True, f4=False, f5=True, f6=True, f7=False, f8=False, f9=True, f10=False, f11=True, f12=True)",0.9560467326267378
56.625,"FeatureMask(f0=True, f1=True, f2=True, f3=True, f4=False, f5=True, f6=True, f7=False, f8=False, f9=True, f10=False, f11=True, f12=True)",0.9560467326267378
56.625,"FeatureMask(f0=True, f1=True, f2=True, f3=True, f4=False, f5=True, f6=True, f7=False, f8=False, f9=True, f10=False, f11=True, f12=True)",0.9560467326267378
56.625,"FeatureMask(f0=True, f1=True, f2=True, f3=True, f4=False, f5=True, f6=True, f7=False, f8=False, f9=True, f10=False, f11=True, f12=True)",0.9560467326267378
56.625,"FeatureMask(f0=True, f1=True, f2=True, f3=True, f4=False, f5=True, f6=True, f7=False, f8=False, f9=True, f10=False, f11=True, f12=True)",0.9560467326267378
56.625,"FeatureMask(f0=True, f1=True, f2=True, f3=True, f4=False, f5=True, f6=True, f7=False, f8=False, f9=True, f10=False, f11=True, f12=True)",0.9560467326267378
56.844,"FeatureMask(f0=True, f1=True, f2=True, f3=True, f4=False, f5=True, f6=True, f7=False, f8=False, f9=True, f10=False, f11=True, f12=True)",0.9560467326267378
56.844,"FeatureMask(f0=True, f1=True, f2=True, f3=True, f4=False, f5=True, f6=True, f7=False, f8=False, f9=True, f10=False, f11=True, f12=True)",0.9560467326267378
56.844,"FeatureMask(f0=True, f1=True, f2=True, f3=True, f4=False, f5=True, f6=True, f7=False, f8=False, f9=True, f10=False, f11=True, f12=True)",0.9560467326267378
56.844,"FeatureMask(f0=True, f1=True, f2=True, f3=True, f4=False, f5=True, f6=True, f7=False, f8=False, f9=True, f10=False, f11=True, f12=True)",0.9560467326267378
56.844,"FeatureMask(f0=True, f1=True, f2=True, f3=True, f4=False, f5=True, f6=True, f7=False, f8=False, f9=True, f10=False, f11=True, f12=True)",0.9560467326267378
56.844,"FeatureMask(f0=True, f1=True, f2=True, f3=True, f4=False, f5=True, f6=True, f7=False, f8=False, f9=True, f10=False, f11=True, f12=True)",0.9560467326267378
56.844,"FeatureMask(f0=True, f1=True, f2=True, f3=True, f4=False, f5=True, f6=True, f7=False, f8=False, f9=True, f10=False, f11=True, f12=True)",0.9560467326267378
56.844,"FeatureMask(f0=True, f1=True, f2=True, f3=True, f4=False, f5=True, f6=True, f7=False, f8=False, f9=True, f10=False, f11=True, f12=True)",0.9560467326267378
56.844,"FeatureMask(f0=True, f1=True, f2=True, f3=True, f4=False, f5=True, f6=True, f7=False, f8=False, f9=True, f10=False, f11=True, f12=True)",0.9560467326267378
56.844,"FeatureMask(f0=True, f1=True, f2=True, f3=True, f4=False, f5=True, f6=True, f7=False, f8=False, f9=True, f10=False, f11=True, f12=True)",0.9560467326267378
57.047000000000004,"FeatureMask(f0=True, f1=True, f2=True, f3=True, f4=False, f5=True, f6=True, f7=False, f8=False, f9=True, f10=False, f11=True, f12=True)",0.9560467326267378
57.047000000000004,"FeatureMask(f0=True, f1=True, f2=True, f3=True, f4=False, f5=True, f6=True, f7=False, f8=False, f9=True, f10=False, f11=True, f12=True)",0.9560467326267378
57.047000000000004,"FeatureMask(f0=True, f1=True, f2=True, f3=True, f4=False, f5=True, f6=True, f7=False, f8=False, f9=True, f10=False, f11=True, f12=True)",0.9560467326267378
57.047000000000004,"FeatureMask(f0=True, f1=True, f2=True, f3=True, f4=False, f5=True, f6=True, f7=False, f8=False, f9=True, f10=False, f11=True, f12=True)",0.9560467326267378
57.047000000000004,"FeatureMask(f0=True, f1=True, f2=True, f3=True, f4=False, f5=True, f6=True, f7=False, f8=False, f9=True, f10=False, f11=True, f12=True)",0.9560467326267378
57.047000000000004,"FeatureMask(f0=True, f1=True, f2=True, f3=True, f4=False, f5=True, f6=True, f7=False, f8=False, f9=True, f10=False, f11=True, f12=True)",0.9560467326267378
57.047000000000004,"FeatureMask(f0=True, f1=True, f2=True, f3=True, f4=False, f5=True, f6=True, f7=False, f8=False, f9=True, f10=False, f11=True, f12=True)",0.9560467326267378
57.047000000000004,"FeatureMask(f0=True, f1=True, f2=True, f3=True, f4=False, f5=True, f6=True, f7=False, f8=False, f9=True, f10=False, f11=True, f12=True)",0.9560467326267378
57.047000000000004,"FeatureMask(f0=True, f1=True, f2=True, f3=True, f4=False, f5=True, f6=True, f7=False, f8=False, f9=True, f10=False, f11=True, f12=True)",0.9560467326267378
57.047000000000004,"FeatureMask(f0=True, f1=True, f2=True, f3=True, f4=False, f5=True, f6=True, f7=False, f8=False, f9=True, f10=False, f11=True, f12=True)",0.9560467326267378
57.23500000000001,"FeatureMask(f0=True, f1=True, f2=True, f3=True, f4=False, f5=True, f6=True, f7=False, f8=False, f9=True, f10=False, f11=True, f12=True)",0.9560467326267378
57.23500000000001,"FeatureMask(f0=True, f1=True, f2=True, f3=True, f4=False, f5=True, f6=True, f7=False, f8=False, f9=True, f10=False, f11=True, f12=True)",0.9560467326267378
57.23500000000001,"FeatureMask(f0=True, f1=True, f2=True, f3=True, f4=False, f5=True, f6=True, f7=False, f8=False, f9=True, f10=False, f11=True, f12=True)",0.9560467326267378
57.23500000000001,"FeatureMask(f0=True, f1=True, f2=True, f3=True, f4=False, f5=True, f6=True, f7=False, f8=False, f9=True, f10=False, f11=True, f12=True)",0.9560467326267378
57.23500000000001,"FeatureMask(f0=True, f1=True, f2=True, f3=True, f4=False, f5=True, f6=True, f7=False, f8=False, f9=True, f10=False, f11=True, f12=True)",0.9560467326267378
57.23500000000001,"FeatureMask(f0=True, f1=True, f2=True, f3=True, f4=False, f5=True, f6=True, f7=False, f8=False, f9=True, f10=False, f11=True, f12=True)",0.9560467326267378
57.23500000000001,"FeatureMask(f0=True, f1=True, f2=True, f3=True, f4=False, f5=True, f6=True, f7=False, f8=False, f9=True, f10=False, f11=True, f12=True)",0.9560467326267378
57.25000000000001,"FeatureMask(f0=True, f1=True, f2=True, f3=True, f4=False, f5=True, f6=True, f7=False, f8=False, f9=True, f10=False, f11=True, f12=True)",0.9560467326267378
57.25000000000001,"FeatureMask(f0=True, f1=True, f2=True, f3=True, f4=False, f5=True, f6=True, f7=False, f8=False, f9=True, f10=False, f11=True, f12=True)",0.9560467326267378
57.25000000000001,"FeatureMask(f0=True, f1=True, f2=True, f3=True, f4=False, f5=True, f6=True, f7=False, f8=False, f9=True, f10=False, f11=True, f12=True)",0.9560467326267378
57.328,"FeatureMask(f0=True, f1=True, f2=True, f3=True, f4=False, f5=True, f6=True, f7=False, f8=False, f9=True, f10=False, f11=True, f12=True)",0.9560467326267378
57.438,"FeatureMask(f0=True, f1=True, f2=True, f3=True, f4=False, f5=True, f6=True, f7=False, f8=False, f9=True, f10=False, f11=True, f12=True)",0.9560467326267378
57.438,"FeatureMask(f0=True, f1=True, f2=True, f3=True, f4=False, f5=True, f6=True, f7=False, f8=False, f9=True, f10=False, f11=True, f12=True)",0.9560467326267378
57.438,"FeatureMask(f0=True, f1=True, f2=True, f3=True, f4=False, f5=True, f6=True, f7=False, f8=False, f9=True, f10=False, f11=True, f12=True)",0.9560467326267378
57.438,"FeatureMask(f0=True, f1=True, f2=True, f3=True, f4=False, f5=True, f6=True, f7=False, f8=False, f9=True, f10=False, f11=True, f12=True)",0.9560467326267378
57.438,"FeatureMask(f0=True, f1=True, f2=True, f3=True, f4=False, f5=True, f6=True, f7=False, f8=False, f9=True, f10=False, f11=True, f12=True)",0.9560467326267378
57.438,"FeatureMask(f0=True, f1=True, f2=True, f3=True, f4=False, f5=True, f6=True, f7=False, f8=False, f9=True, f10=False, f11=True, f12=True)",0.9560467326267378
57.453,"FeatureMask(f0=True, f1=True, f2=True, f3=True, f4=False, f5=True, f6=True, f7=False, f8=False, f9=True, f10=False, f11=True, f12=True)",0.9560467326267378
57.453,"FeatureMask(f0=True, f1=True, f2=True, f3=True, f4=False, f5=True, f6=True, f7=False, f8=False, f9=True, f10=False, f11=True, f12=True)",0.9560467326267378
57.453,"FeatureMask(f0=True, f1=True, f2=True, f3=True, f4=False, f5=True, f6=True, f7=False, f8=False, f9=True, f10=False, f11=True, f12=True)",0.9560467326267378
57.453,"FeatureMask(f0=True, f1=True, f2=True, f3=True, f4=False, f5=True, f6=True, f7=False, f8=False, f9=True, f10=False, f11=True, f12=True)",0.9560467326267378
57.656000000000006,"FeatureMask(f0=True, f1=True, f2=True, f3=True, f4=False, f5=True, f6=True, f7=False, f8=False, f9=True, f10=False, f11=True, f12=True)",0.9560467326267378
57.656000000000006,"FeatureMask(f0=True, f1=True, f2=True, f3=True, f4=False, f5=True, f6=True, f7=False, f8=False, f9=True, f10=False, f11=True, f12=True)",0.9560467326267378
57.656000000000006,"FeatureMask(f0=True, f1=True, f2=True, f3=True, f4=False, f5=True, f6=True, f7=False, f8=False, f9=True, f10=False, f11=True, f12=True)",0.9560467326267378
57.656000000000006,"FeatureMask(f0=True, f1=True, f2=True, f3=True, f4=False, f5=True, f6=True, f7=False, f8=False, f9=True, f10=False, f11=True, f12=True)",0.9560467326267378
57.656000000000006,"FeatureMask(f0=True, f1=True, f2=True, f3=True, f4=False, f5=True, f6=True, f7=False, f8=False, f9=True, f10=False, f11=True, f12=True)",0.9560467326267378
57.656000000000006,"FeatureMask(f0=True, f1=True, f2=True, f3=True, f4=False, f5=True, f6=True, f7=False, f8=False, f9=True, f10=False, f11=True, f12=True)",0.9560467326267378
57.656000000000006,"FeatureMask(f0=True, f1=True, f2=True, f3=True, f4=False, f5=True, f6=True, f7=False, f8=False, f9=True, f10=False, f11=True, f12=True)",0.9560467326267378
57.656000000000006,"FeatureMask(f0=True, f1=True, f2=True, f3=True, f4=False, f5=True, f6=True, f7=False, f8=False, f9=True, f10=False, f11=True, f12=True)",0.9560467326267378
57.656000000000006,"FeatureMask(f0=True, f1=True, f2=True, f3=True, f4=False, f5=True, f6=True, f7=False, f8=False, f9=True, f10=False, f11=True, f12=True)",0.9560467326267378
57.656000000000006,"FeatureMask(f0=True, f1=True, f2=True, f3=True, f4=False, f5=True, f6=True, f7=False, f8=False, f9=True, f10=False, f11=True, f12=True)",0.9560467326267378
57.73500000000001,"FeatureMask(f0=True, f1=True, f2=True, f3=True, f4=False, f5=True, f6=True, f7=False, f8=False, f9=True, f10=False, f11=True, f12=True)",0.9560467326267378
57.86000000000001,"FeatureMask(f0=True, f1=True, f2=True, f3=True, f4=False, f5=True, f6=True, f7=False, f8=False, f9=True, f10=False, f11=True, f12=True)",0.9560467326267378
57.86000000000001,"FeatureMask(f0=True, f1=True, f2=True, f3=True, f4=False, f5=True, f6=True, f7=False, f8=False, f9=True, f10=False, f11=True, f12=True)",0.9560467326267378
57.86000000000001,"FeatureMask(f0=True, f1=True, f2=True, f3=True, f4=False, f5=True, f6=True, f7=False, f8=False, f9=True, f10=False, f11=True, f12=True)",0.9560467326267378
57.86000000000001,"FeatureMask(f0=True, f1=True, f2=True, f3=True, f4=False, f5=True, f6=True, f7=False, f8=False, f9=True, f10=False, f11=True, f12=True)",0.9560467326267378
57.86000000000001,"FeatureMask(f0=True, f1=True, f2=True, f3=True, f4=False, f5=True, f6=True, f7=False, f8=False, f9=True, f10=False, f11=True, f12=True)",0.9560467326267378
57.86000000000001,"FeatureMask(f0=True, f1=True, f2=True, f3=True, f4=False, f5=True, f6=True, f7=False, f8=False, f9=True, f10=False, f11=True, f12=True)",0.9560467326267378
57.86000000000001,"FeatureMask(f0=True, f1=True, f2=True, f3=True, f4=False, f5=True, f6=True, f7=False, f8=False, f9=True, f10=False, f11=True, f12=True)",0.9560467326267378
57.86000000000001,"FeatureMask(f0=True, f1=True, f2=True, f3=True, f4=False, f5=True, f6=True, f7=False, f8=False, f9=True, f10=False, f11=True, f12=True)",0.9560467326267378
57.86000000000001,"FeatureMask(f0=True, f1=True, f2=True, f3=True, f4=False, f5=True, f6=True, f7=False, f8=False, f9=True, f10=False, f11=True, f12=True)",0.9560467326267378
57.86000000000001,"FeatureMask(f0=True, f1=True, f2=True, f3=True, f4=False, f5=True, f6=True, f7=False, f8=False, f9=True, f10=False, f11=True, f12=True)",0.9560467326267378
58.156000000000006,"FeatureMask(f0=True, f1=True, f2=True, f3=True, f4=False, f5=True, f6=True, f7=False, f8=False, f9=True, f10=False, f11=True, f12=True)",0.9560467326267378
58.156000000000006,"FeatureMask(f0=True, f1=True, f2=True, f3=True, f4=False, f5=True, f6=True, f7=False, f8=False, f9=True, f10=False, f11=True, f12=True)",0.9560467326267378
58.156000000000006,"FeatureMask(f0=True, f1=True, f2=True, f3=True, f4=False, f5=True, f6=True, f7=False, f8=False, f9=True, f10=False, f11=True, f12=True)",0.9560467326267378
58.156000000000006,"FeatureMask(f0=True, f1=True, f2=True, f3=True, f4=False, f5=True, f6=True, f7=False, f8=False, f9=True, f10=False, f11=True, f12=True)",0.9560467326267378
58.156000000000006,"FeatureMask(f0=True, f1=True, f2=True, f3=True, f4=False, f5=True, f6=True, f7=False, f8=False, f9=True, f10=False, f11=True, f12=True)",0.9560467326267378
58.156000000000006,"FeatureMask(f0=True, f1=True, f2=True, f3=True, f4=False, f5=True, f6=True, f7=False, f8=False, f9=True, f10=False, f11=True, f12=True)",0.9560467326267378
58.156000000000006,"FeatureMask(f0=True, f1=True, f2=True, f3=True, f4=False, f5=True, f6=True, f7=False, f8=False, f9=True, f10=False, f11=True, f12=True)",0.9560467326267378
58.156000000000006,"FeatureMask(f0=True, f1=True, f2=True, f3=True, f4=False, f5=True, f6=True, f7=False, f8=False, f9=True, f10=False, f11=True, f12=True)",0.9560467326267378
58.156000000000006,"FeatureMask(f0=True, f1=True, f2=True, f3=True, f4=False, f5=True, f6=True, f7=False, f8=False, f9=True, f10=False, f11=True, f12=True)",0.9560467326267378
58.156000000000006,"FeatureMask(f0=True, f1=True, f2=True, f3=True, f4=False, f5=True, f6=True, f7=False, f8=False, f9=True, f10=False, f11=True, f12=True)",0.9560467326267378
58.344,"FeatureMask(f0=True, f1=True, f2=True, f3=True, f4=False, f5=True, f6=True, f7=False, f8=False, f9=True, f10=False, f11=True, f12=True)",0.9560467326267378
58.344,"FeatureMask(f0=True, f1=True, f2=True, f3=True, f4=False, f5=True, f6=True, f7=False, f8=False, f9=True, f10=False, f11=True, f12=True)",0.9560467326267378
58.344,"FeatureMask(f0=True, f1=True, f2=True, f3=True, f4=False, f5=True, f6=True, f7=False, f8=False, f9=True, f10=False, f11=True, f12=True)",0.9560467326267378
58.344,"FeatureMask(f0=True, f1=True, f2=True, f3=True, f4=False, f5=True, f6=True, f7=False, f8=False, f9=True, f10=False, f11=True, f12=True)",0.9560467326267378
58.344,"FeatureMask(f0=True, f1=True, f2=True, f3=True, f4=False, f5=True, f6=True, f7=False, f8=False, f9=True, f10=False, f11=True, f12=True)",0.9560467326267378
58.344,"FeatureMask(f0=True, f1=True, f2=True, f3=True, f4=False, f5=True, f6=True, f7=False, f8=False, f9=True, f10=False, f11=True, f12=True)",0.9560467326267378
58.344,"FeatureMask(f0=True, f1=True, f2=True, f3=True, f4=False, f5=True, f6=True, f7=False, f8=False, f9=True, f10=False, f11=True, f12=True)",0.9560467326267378
58.344,"FeatureMask(f0=True, f1=True, f2=True, f3=True, f4=False, f5=True, f6=True, f7=False, f8=False, f9=True, f10=False, f11=True, f12=True)",0.9560467326267378
58.344,"FeatureMask(f0=True, f1=True, f2=True, f3=True, f4=False, f5=True, f6=True, f7=False, f8=False, f9=True, f10=False, f11=True, f12=True)",0.9560467326267378
58.344,"FeatureMask(f0=True, f1=True, f2=True, f3=True, f4=False, f5=True, f6=True, f7=False, f8=False, f9=True, f10=False, f11=True, f12=True)",0.9560467326267378
58.438,"FeatureMask(f0=True, f1=True, f2=True, f3=True, f4=False, f5=True, f6=True, f7=False, f8=False, f9=True, f10=False, f11=True, f12=True)",0.9560467326267378
58.563,"FeatureMask(f0=True, f1=True, f2=True, f3=True, f4=False, f5=True, f6=True, f7=False, f8=False, f9=True, f10=False, f11=True, f12=True)",0.9560467326267378
58.563,"FeatureMask(f0=True, f1=True, f2=True, f3=True, f4=False, f5=True, f6=True, f7=False, f8=False, f9=True, f10=False, f11=True, f12=True)",0.9560467326267378
58.563,"FeatureMask(f0=True, f1=True, f2=True, f3=True, f4=False, f5=True, f6=True, f7=False, f8=False, f9=True, f10=False, f11=True, f12=True)",0.9560467326267378
58.563,"FeatureMask(f0=True, f1=True, f2=True, f3=True, f4=False, f5=True, f6=True, f7=False, f8=False, f9=True, f10=False, f11=True, f12=True)",0.9560467326267378
58.563,"FeatureMask(f0=True, f1=True, f2=True, f3=True, f4=False, f5=True, f6=True, f7=False, f8=False, f9=True, f10=False, f11=True, f12=True)",0.9560467326267378
58.563,"FeatureMask(f0=True, f1=True, f2=True, f3=True, f4=False, f5=True, f6=True, f7=False, f8=False, f9=True, f10=False, f11=True, f12=True)",0.9560467326267378
58.563,"FeatureMask(f0=True, f1=True, f2=True, f3=True, f4=False, f5=True, f6=True, f7=False, f8=False, f9=True, f10=False, f11=True, f12=True)",0.9560467326267378
58.563,"FeatureMask(f0=True, f1=True, f2=True, f3=True, f4=False, f5=True, f6=True, f7=False, f8=False, f9=True, f10=False, f11=True, f12=True)",0.9560467326267378
58.563,"FeatureMask(f0=True, f1=True, f2=True, f3=True, f4=False, f5=True, f6=True, f7=False, f8=False, f9=True, f10=False, f11=True, f12=True)",0.9560467326267378
58.563,"FeatureMask(f0=True, f1=True, f2=True, f3=True, f4=False, f5=True, f6=True, f7=False, f8=False, f9=True, f10=False, f11=True, f12=True)",0.9560467326267378
58.656000000000006,"FeatureMask(f0=True, f1=True, f2=True, f3=True, f4=False, f5=True, f6=True, f7=False, f8=False, f9=True, f10=False, f11=True, f12=True)",0.9560467326267378
58.656000000000006,"FeatureMask(f0=True, f1=True, f2=True, f3=True, f4=False, f5=True, f6=True, f7=False, f8=False, f9=True, f10=False, f11=True, f12=True)",0.9560467326267378
58.766000000000005,"FeatureMask(f0=True, f1=True, f2=True, f3=True, f4=False, f5=True, f6=True, f7=False, f8=False, f9=True, f10=False, f11=True, f12=True)",0.9560467326267378
58.766000000000005,"FeatureMask(f0=True, f1=True, f2=True, f3=True, f4=False, f5=True, f6=True, f7=False, f8=False, f9=True, f10=False, f11=True, f12=True)",0.9560467326267378
58.766000000000005,"FeatureMask(f0=True, f1=True, f2=True, f3=True, f4=False, f5=True, f6=True, f7=False, f8=False, f9=True, f10=False, f11=True, f12=True)",0.9560467326267378
58.766000000000005,"FeatureMask(f0=True, f1=True, f2=True, f3=True, f4=False, f5=True, f6=True, f7=False, f8=False, f9=True, f10=False, f11=True, f12=True)",0.9560467326267378
58.766000000000005,"FeatureMask(f0=True, f1=True, f2=True, f3=True, f4=False, f5=True, f6=True, f7=False, f8=False, f9=True, f10=False, f11=True, f12=True)",0.9560467326267378
58.766000000000005,"FeatureMask(f0=True, f1=True, f2=True, f3=True, f4=False, f5=True, f6=True, f7=False, f8=False, f9=True, f10=False, f11=True, f12=True)",0.9560467326267378
58.766000000000005,"FeatureMask(f0=True, f1=True, f2=True, f3=True, f4=False, f5=True, f6=True, f7=False, f8=False, f9=True, f10=False, f11=True, f12=True)",0.9560467326267378
58.766000000000005,"FeatureMask(f0=True, f1=True, f2=True, f3=True, f4=False, f5=True, f6=True, f7=False, f8=False, f9=True, f10=False, f11=True, f12=True)",0.9560467326267378
58.766000000000005,"FeatureMask(f0=True, f1=True, f2=True, f3=True, f4=False, f5=True, f6=True, f7=False, f8=False, f9=True, f10=False, f11=True, f12=True)",0.9560467326267378
58.766000000000005,"FeatureMask(f0=True, f1=True, f2=True, f3=True, f4=False, f5=True, f6=True, f7=False, f8=False, f9=True, f10=False, f11=True, f12=True)",0.9560467326267378
58.844,"FeatureMask(f0=True, f1=True, f2=True, f3=True, f4=False, f5=True, f6=True, f7=False, f8=False, f9=True, f10=False, f11=True, f12=True)",0.9560467326267378
58.938,"FeatureMask(f0=True, f1=True, f2=True, f3=True, f4=False, f5=True, f6=True, f7=False, f8=False, f9=True, f10=False, f11=True, f12=True)",0.9560467326267378
58.938,"FeatureMask(f0=True, f1=True, f2=True, f3=True, f4=False, f5=True, f6=True, f7=False, f8=False, f9=True, f10=False, f11=True, f12=True)",0.9560467326267378
58.938,"FeatureMask(f0=True, f1=True, f2=True, f3=True, f4=False, f5=True, f6=True, f7=False, f8=False, f9=True, f10=False, f11=True, f12=True)",0.9560467326267378
58.938,"FeatureMask(f0=True, f1=True, f2=True, f3=True, f4=False, f5=True, f6=True, f7=False, f8=False, f9=True, f10=False, f11=True, f12=True)",0.9560467326267378
58.938,"FeatureMask(f0=True, f1=True, f2=True, f3=True, f4=False, f5=True, f6=True, f7=False, f8=False, f9=True, f10=False, f11=True, f12=True)",0.9560467326267378
58.938,"FeatureMask(f0=True, f1=True, f2=True, f3=True, f4=False, f5=True, f6=True, f7=False, f8=False, f9=True, f10=False, f11=True, f12=True)",0.9560467326267378
58.938,"FeatureMask(f0=True, f1=True, f2=True, f3=True, f4=False, f5=True, f6=True, f7=False, f8=False, f9=True, f10=False, f11=True, f12=True)",0.9560467326267378
58.938,"FeatureMask(f0=True, f1=True, f2=True, f3=True, f4=False, f5=True, f6=True, f7=False, f8=False, f9=True, f10=False, f11=True, f12=True)",0.9560467326267378
58.938,"FeatureMask(f0=True, f1=True, f2=True, f3=True, f4=False, f5=True, f6=True, f7=False, f8=False, f9=True, f10=False, f11=True, f12=True)",0.9560467326267378
58.938,"FeatureMask(f0=True, f1=True, f2=True, f3=True, f4=False, f5=True, f6=True, f7=False, f8=False, f9=True, f10=False, f11=True, f12=True)",0.9560467326267378
59.031000000000006,"FeatureMask(f0=True, f1=True, f2=True, f3=True, f4=False, f5=True, f6=True, f7=False, f8=False, f9=True, f10=False, f11=True, f12=True)",0.9560467326267378
59.141000000000005,"FeatureMask(f0=True, f1=True, f2=True, f3=True, f4=False, f5=True, f6=True, f7=False, f8=False, f9=True, f10=False, f11=True, f12=True)",0.9560467326267378
59.141000000000005,"FeatureMask(f0=True, f1=True, f2=True, f3=True, f4=False, f5=True, f6=True, f7=False, f8=False, f9=True, f10=False, f11=True, f12=True)",0.9560467326267378
59.141000000000005,"FeatureMask(f0=True, f1=True, f2=True, f3=True, f4=False, f5=True, f6=True, f7=False, f8=False, f9=True, f10=False, f11=True, f12=True)",0.9560467326267378
59.141000000000005,"FeatureMask(f0=True, f1=True, f2=True, f3=True, f4=False, f5=True, f6=True, f7=False, f8=False, f9=True, f10=False, f11=True, f12=True)",0.9560467326267378
59.141000000000005,"FeatureMask(f0=True, f1=True, f2=True, f3=True, f4=False, f5=True, f6=True, f7=False, f8=False, f9=True, f10=False, f11=True, f12=True)",0.9560467326267378
59.141000000000005,"FeatureMask(f0=True, f1=True, f2=True, f3=True, f4=False, f5=True, f6=True, f7=False, f8=False, f9=True, f10=False, f11=True, f12=True)",0.9560467326267378
59.141000000000005,"FeatureMask(f0=True, f1=True, f2=True, f3=True, f4=False, f5=True, f6=True, f7=False, f8=False, f9=True, f10=False, f11=True, f12=True)",0.9560467326267378
59.141000000000005,"FeatureMask(f0=True, f1=True, f2=True, f3=True, f4=False, f5=True, f6=True, f7=False, f8=False, f9=True, f10=False, f11=True, f12=True)",0.9560467326267378
59.141000000000005,"FeatureMask(f0=True, f1=True, f2=True, f3=True, f4=False, f5=True, f6=True, f7=False, f8=False, f9=True, f10=False, f11=True, f12=True)",0.9560467326267378
59.141000000000005,"FeatureMask(f0=True, f1=True, f2=True, f3=True, f4=False, f5=True, f6=True, f7=False, f8=False, f9=True, f10=False, f11=True, f12=True)",0.9560467326267378
59.328,"FeatureMask(f0=True, f1=True, f2=True, f3=True, f4=False, f5=True, f6=True, f7=False, f8=False, f9=True, f10=False, f11=True, f12=True)",0.9560467326267378
59.328,"FeatureMask(f0=True, f1=True, f2=True, f3=True, f4=False, f5=True, f6=True, f7=False, f8=False, f9=True, f10=False, f11=True, f12=True)",0.9560467326267378
59.328,"FeatureMask(f0=True, f1=True, f2=True, f3=True, f4=False, f5=True, f6=True, f7=False, f8=False, f9=True, f10=False, f11=True, f12=True)",0.9560467326267378
59.328,"FeatureMask(f0=True, f1=True, f2=True, f3=True, f4=False, f5=True, f6=True, f7=False, f8=False, f9=True, f10=False, f11=True, f12=True)",0.9560467326267378
59.328,"FeatureMask(f0=True, f1=True, f2=True, f3=True, f4=False, f5=True, f6=True, f7=False, f8=False, f9=True, f10=False, f11=True, f12=True)",0.9560467326267378
59.328,"FeatureMask(f0=True, f1=True, f2=True, f3=True, f4=False, f5=True, f6=True, f7=False, f8=False, f9=True, f10=False, f11=True, f12=True)",0.9560467326267378
59.328,"FeatureMask(f0=True, f1=True, f2=True, f3=True, f4=False, f5=True, f6=True, f7=False, f8=False, f9=True, f10=False, f11=True, f12=True)",0.9560467326267378
59.328,"FeatureMask(f0=True, f1=True, f2=True, f3=True, f4=False, f5=True, f6=True, f7=False, f8=False, f9=True, f10=False, f11=True, f12=True)",0.9560467326267378
59.328,"FeatureMask(f0=True, f1=True, f2=True, f3=True, f4=False, f5=True, f6=True, f7=False, f8=False, f9=True, f10=False, f11=True, f12=True)",0.9560467326267378
59.328,"FeatureMask(f0=True, f1=True, f2=True, f3=True, f4=False, f5=True, f6=True, f7=False, f8=False, f9=True, f10=False, f11=True, f12=True)",0.9560467326267378
59.516000000000005,"FeatureMask(f0=True, f1=True, f2=True, f3=True, f4=False, f5=True, f6=True, f7=False, f8=False, f9=True, f10=False, f11=True, f12=True)",0.9560467326267378
59.516000000000005,"FeatureMask(f0=True, f1=True, f2=True, f3=True, f4=False, f5=True, f6=True, f7=False, f8=False, f9=True, f10=False, f11=True, f12=True)",0.9560467326267378
59.516000000000005,"FeatureMask(f0=True, f1=True, f2=True, f3=True, f4=False, f5=True, f6=True, f7=False, f8=False, f9=True, f10=False, f11=True, f12=True)",0.9560467326267378
59.516000000000005,"FeatureMask(f0=True, f1=True, f2=True, f3=True, f4=False, f5=True, f6=True, f7=False, f8=False, f9=True, f10=False, f11=True, f12=True)",0.9560467326267378
59.516000000000005,"FeatureMask(f0=True, f1=True, f2=True, f3=True, f4=False, f5=True, f6=True, f7=False, f8=False, f9=True, f10=False, f11=True, f12=True)",0.9560467326267378
59.516000000000005,"FeatureMask(f0=True, f1=True, f2=True, f3=True, f4=False, f5=True, f6=True, f7=False, f8=False, f9=True, f10=False, f11=True, f12=True)",0.9560467326267378
59.516000000000005,"FeatureMask(f0=True, f1=True, f2=True, f3=True, f4=False, f5=True, f6=True, f7=False, f8=False, f9=True, f10=False, f11=True, f12=True)",0.9560467326267378
59.516000000000005,"FeatureMask(f0=True, f1=True, f2=True, f3=True, f4=False, f5=True, f6=True, f7=False, f8=False, f9=True, f10=False, f11=True, f12=True)",0.9560467326267378
59.516000000000005,"FeatureMask(f0=True, f1=True, f2=True, f3=True, f4=False, f5=True, f6=True, f7=False, f8=False, f9=True, f10=False, f11=True, f12=True)",0.9560467326267378
59.516000000000005,"FeatureMask(f0=True, f1=True, f2=True, f3=True, f4=False, f5=True, f6=True, f7=False, f8=False, f9=True, f10=False, f11=True, f12=True)",0.9560467326267378
59.719,"FeatureMask(f0=True, f1=True, f2=True, f3=True, f4=False, f5=True, f6=True, f7=False, f8=False, f9=True, f10=False, f11=True, f12=True)",0.9560467326267378
59.719,"FeatureMask(f0=True, f1=True, f2=True, f3=True, f4=False, f5=True, f6=True, f7=False, f8=False, f9=True, f10=False, f11=True, f12=True)",0.9560467326267378
59.719,"FeatureMask(f0=True, f1=True, f2=True, f3=True, f4=False, f5=True, f6=True, f7=False, f8=False, f9=True, f10=False, f11=True, f12=True)",0.9560467326267378
59.719,"FeatureMask(f0=True, f1=True, f2=True, f3=True, f4=False, f5=True, f6=True, f7=False, f8=False, f9=True, f10=False, f11=True, f12=True)",0.9560467326267378
59.719,"FeatureMask(f0=True, f1=True, f2=True, f3=True, f4=False, f5=True, f6=True, f7=False, f8=False, f9=True, f10=False, f11=True, f12=True)",0.9560467326267378
59.719,"FeatureMask(f0=True, f1=True, f2=True, f3=True, f4=False, f5=True, f6=True, f7=False, f8=False, f9=True, f10=False, f11=True, f12=True)",0.9560467326267378
59.719,"FeatureMask(f0=True, f1=True, f2=True, f3=True, f4=False, f5=True, f6=True, f7=False, f8=False, f9=True, f10=False, f11=True, f12=True)",0.9560467326267378
59.719,"FeatureMask(f0=True, f1=True, f2=True, f3=True, f4=False, f5=True, f6=True, f7=False, f8=False, f9=True, f10=False, f11=True, f12=True)",0.9560467326267378
59.719,"FeatureMask(f0=True, f1=True, f2=True, f3=True, f4=False, f5=True, f6=True, f7=False, f8=False, f9=True, f10=False, f11=True, f12=True)",0.9560467326267378
59.719,"FeatureMask(f0=True, f1=True, f2=True, f3=True, f4=False, f5=True, f6=True, f7=False, f8=False, f9=True, f10=False, f11=True, f12=True)",0.9560467326267378
59.797000000000004,"FeatureMask(f0=True, f1=True, f2=True, f3=True, f4=False, f5=True, f6=True, f7=False, f8=False, f9=True, f10=False, f11=True, f12=True)",0.9560467326267378
59.891000000000005,"FeatureMask(f0=True, f1=True, f2=True, f3=True, f4=False, f5=True, f6=True, f7=False, f8=False, f9=True, f10=False, f11=True, f12=True)",0.9560467326267378
59.891000000000005,"FeatureMask(f0=True, f1=True, f2=True, f3=True, f4=False, f5=True, f6=True, f7=False, f8=False, f9=True, f10=False, f11=True, f12=True)",0.9560467326267378
59.891000000000005,"FeatureMask(f0=True, f1=True, f2=True, f3=True, f4=False, f5=True, f6=True, f7=False, f8=False, f9=True, f10=False, f11=True, f12=True)",0.9560467326267378
59.891000000000005,"FeatureMask(f0=True, f1=True, f2=True, f3=True, f4=False, f5=True, f6=True, f7=False, f8=False, f9=True, f10=False, f11=True, f12=True)",0.9560467326267378
59.891000000000005,"FeatureMask(f0=True, f1=True, f2=True, f3=True, f4=False, f5=True, f6=True, f7=False, f8=False, f9=True, f10=False, f11=True, f12=True)",0.9560467326267378
59.891000000000005,"FeatureMask(f0=True, f1=True, f2=True, f3=True, f4=False, f5=True, f6=True, f7=False, f8=False, f9=True, f10=False, f11=True, f12=True)",0.9560467326267378
59.891000000000005,"FeatureMask(f0=True, f1=True, f2=True, f3=True, f4=False, f5=True, f6=True, f7=False, f8=False, f9=True, f10=False, f11=True, f12=True)",0.9560467326267378
59.891000000000005,"FeatureMask(f0=True, f1=True, f2=True, f3=True, f4=False, f5=True, f6=True, f7=False, f8=False, f9=True, f10=False, f11=True, f12=True)",0.9560467326267378
59.891000000000005,"FeatureMask(f0=True, f1=True, f2=True, f3=True, f4=False, f5=True, f6=True, f7=False, f8=False, f9=True, f10=False, f11=True, f12=True)",0.9560467326267378
59.891000000000005,"FeatureMask(f0=True, f1=True, f2=True, f3=True, f4=False, f5=True, f6=True, f7=False, f8=False, f9=True, f10=False, f11=True, f12=True)",0.9560467326267378
60.00000000000001,"FeatureMask(f0=True, f1=True, f2=True, f3=True, f4=False, f5=True, f6=True, f7=False, f8=False, f9=True, f10=False, f11=True, f12=True)",0.9560467326267378
60.094,"FeatureMask(f0=True, f1=True, f2=True, f3=True, f4=False, f5=True, f6=True, f7=False, f8=False, f9=True, f10=False, f11=True, f12=True)",0.9560467326267378
60.094,"FeatureMask(f0=True, f1=True, f2=True, f3=True, f4=False, f5=True, f6=True, f7=False, f8=False, f9=True, f10=False, f11=True, f12=True)",0.9560467326267378
60.094,"FeatureMask(f0=True, f1=True, f2=True, f3=True, f4=False, f5=True, f6=True, f7=False, f8=False, f9=True, f10=False, f11=True, f12=True)",0.9560467326267378
60.094,"FeatureMask(f0=True, f1=True, f2=True, f3=True, f4=False, f5=True, f6=True, f7=False, f8=False, f9=True, f10=False, f11=True, f12=True)",0.9560467326267378
60.094,"FeatureMask(f0=True, f1=True, f2=True, f3=True, f4=False, f5=True, f6=True, f7=False, f8=False, f9=True, f10=False, f11=True, f12=True)",0.9560467326267378
60.094,"FeatureMask(f0=True, f1=True, f2=True, f3=True, f4=False, f5=True, f6=True, f7=False, f8=False, f9=True, f10=False, f11=True, f12=True)",0.9560467326267378
60.094,"FeatureMask(f0=True, f1=True, f2=True, f3=True, f4=False, f5=True, f6=True, f7=False, f8=False, f9=True, f10=False, f11=True, f12=True)",0.9560467326267378
60.094,"FeatureMask(f0=True, f1=True, f2=True, f3=True, f4=False, f5=True, f6=True, f7=False, f8=False, f9=True, f10=False, f11=True, f12=True)",0.9560467326267378
60.094,"FeatureMask(f0=True, f1=True, f2=True, f3=True, f4=False, f5=True, f6=True, f7=False, f8=False, f9=True, f10=False, f11=True, f12=True)",0.9560467326267378
60.094,"FeatureMask(f0=True, f1=True, f2=True, f3=True, f4=False, f5=True, f6=True, f7=False, f8=False, f9=True, f10=False, f11=True, f12=True)",0.9560467326267378
60.188,"FeatureMask(f0=True, f1=True, f2=True, f3=True, f4=False, f5=True, f6=True, f7=False, f8=False, f9=True, f10=False, f11=True, f12=True)",0.9560467326267378
60.266000000000005,"FeatureMask(f0=True, f1=True, f2=True, f3=True, f4=False, f5=True, f6=True, f7=False, f8=False, f9=True, f10=False, f11=True, f12=True)",0.9560467326267378
60.266000000000005,"FeatureMask(f0=True, f1=True, f2=True, f3=True, f4=False, f5=True, f6=True, f7=False, f8=False, f9=True, f10=False, f11=True, f12=True)",0.9560467326267378
60.266000000000005,"FeatureMask(f0=True, f1=True, f2=True, f3=True, f4=False, f5=True, f6=True, f7=False, f8=False, f9=True, f10=False, f11=True, f12=True)",0.9560467326267378
60.266000000000005,"FeatureMask(f0=True, f1=True, f2=True, f3=True, f4=False, f5=True, f6=True, f7=False, f8=False, f9=True, f10=False, f11=True, f12=True)",0.9560467326267378
60.266000000000005,"FeatureMask(f0=True, f1=True, f2=True, f3=True, f4=False, f5=True, f6=True, f7=False, f8=False, f9=True, f10=False, f11=True, f12=True)",0.9560467326267378
60.266000000000005,"FeatureMask(f0=True, f1=True, f2=True, f3=True, f4=False, f5=True, f6=True, f7=False, f8=False, f9=True, f10=False, f11=True, f12=True)",0.9560467326267378
60.266000000000005,"FeatureMask(f0=True, f1=True, f2=True, f3=True, f4=False, f5=True, f6=True, f7=False, f8=False, f9=True, f10=False, f11=True, f12=True)",0.9560467326267378
60.266000000000005,"FeatureMask(f0=True, f1=True, f2=True, f3=True, f4=False, f5=True, f6=True, f7=False, f8=False, f9=True, f10=False, f11=True, f12=True)",0.9560467326267378
60.266000000000005,"FeatureMask(f0=True, f1=True, f2=True, f3=True, f4=False, f5=True, f6=True, f7=False, f8=False, f9=True, f10=False, f11=True, f12=True)",0.9560467326267378
60.266000000000005,"FeatureMask(f0=True, f1=True, f2=True, f3=True, f4=False, f5=True, f6=True, f7=False, f8=False, f9=True, f10=False, f11=True, f12=True)",0.9560467326267378
60.344,"FeatureMask(f0=True, f1=True, f2=True, f3=True, f4=False, f5=True, f6=True, f7=False, f8=False, f9=True, f10=False, f11=True, f12=True)",0.9560467326267378
60.344,"FeatureMask(f0=True, f1=True, f2=True, f3=True, f4=False, f5=True, f6=True, f7=False, f8=False, f9=True, f10=False, f11=True, f12=True)",0.9560467326267378
60.453,"FeatureMask(f0=True, f1=True, f2=True, f3=True, f4=False, f5=True, f6=True, f7=False, f8=False, f9=True, f10=False, f11=True, f12=True)",0.9560467326267378
60.453,"FeatureMask(f0=True, f1=True, f2=True, f3=True, f4=False, f5=True, f6=True, f7=False, f8=False, f9=True, f10=False, f11=True, f12=True)",0.9560467326267378
60.453,"FeatureMask(f0=True, f1=True, f2=True, f3=True, f4=False, f5=True, f6=True, f7=False, f8=False, f9=True, f10=False, f11=True, f12=True)",0.9560467326267378
60.453,"FeatureMask(f0=True, f1=True, f2=True, f3=True, f4=False, f5=True, f6=True, f7=False, f8=False, f9=True, f10=False, f11=True, f12=True)",0.9560467326267378
60.453,"FeatureMask(f0=True, f1=True, f2=True, f3=True, f4=False, f5=True, f6=True, f7=False, f8=False, f9=True, f10=False, f11=True, f12=True)",0.9560467326267378
60.453,"FeatureMask(f0=True, f1=True, f2=True, f3=True, f4=False, f5=True, f6=True, f7=False, f8=False, f9=True, f10=False, f11=True, f12=True)",0.9560467326267378
60.453,"FeatureMask(f0=True, f1=True, f2=True, f3=True, f4=False, f5=True, f6=True, f7=False, f8=False, f9=True, f10=False, f11=True, f12=True)",0.9560467326267378
60.453,"FeatureMask(f0=True, f1=True, f2=True, f3=True, f4=False, f5=True, f6=True, f7=False, f8=False, f9=True, f10=False, f11=True, f12=True)",0.9560467326267378
60.453,"FeatureMask(f0=True, f1=True, f2=True, f3=True, f4=False, f5=True, f6=True, f7=False, f8=False, f9=True, f10=False, f11=True, f12=True)",0.9560467326267378
60.453,"FeatureMask(f0=True, f1=True, f2=True, f3=True, f4=False, f5=True, f6=True, f7=False, f8=False, f9=True, f10=False, f11=True, f12=True)",0.9560467326267378
60.547000000000004,"FeatureMask(f0=True, f1=True, f2=True, f3=True, f4=False, f5=True, f6=True, f7=False, f8=False, f9=True, f10=False, f11=True, f12=True)",0.9560467326267378
60.641000000000005,"FeatureMask(f0=True, f1=True, f2=True, f3=True, f4=False, f5=True, f6=True, f7=False, f8=False, f9=True, f10=False, f11=True, f12=True)",0.9560467326267378
60.641000000000005,"FeatureMask(f0=True, f1=True, f2=True, f3=True, f4=False, f5=True, f6=True, f7=False, f8=False, f9=True, f10=False, f11=True, f12=True)",0.9560467326267378
60.641000000000005,"FeatureMask(f0=True, f1=True, f2=True, f3=True, f4=False, f5=True, f6=True, f7=False, f8=False, f9=True, f10=False, f11=True, f12=True)",0.9560467326267378
60.641000000000005,"FeatureMask(f0=True, f1=True, f2=True, f3=True, f4=False, f5=True, f6=True, f7=False, f8=False, f9=True, f10=False, f11=True, f12=True)",0.9560467326267378
60.641000000000005,"FeatureMask(f0=True, f1=True, f2=True, f3=True, f4=False, f5=True, f6=True, f7=False, f8=False, f9=True, f10=False, f11=True, f12=True)",0.9560467326267378
60.641000000000005,"FeatureMask(f0=True, f1=True, f2=True, f3=True, f4=False, f5=True, f6=True, f7=False, f8=False, f9=True, f10=False, f11=True, f12=True)",0.9560467326267378
60.641000000000005,"FeatureMask(f0=True, f1=True, f2=True, f3=True, f4=False, f5=True, f6=True, f7=False, f8=False, f9=True, f10=False, f11=True, f12=True)",0.9560467326267378
60.641000000000005,"FeatureMask(f0=True, f1=True, f2=True, f3=True, f4=False, f5=True, f6=True, f7=False, f8=False, f9=True, f10=False, f11=True, f12=True)",0.9560467326267378
60.641000000000005,"FeatureMask(f0=True, f1=True, f2=True, f3=True, f4=False, f5=True, f6=True, f7=False, f8=False, f9=True, f10=False, f11=True, f12=True)",0.9560467326267378
60.641000000000005,"FeatureMask(f0=True, f1=True, f2=True, f3=True, f4=False, f5=True, f6=True, f7=False, f8=False, f9=True, f10=False, f11=True, f12=True)",0.9560467326267378
60.73500000000001,"FeatureMask(f0=True, f1=True, f2=True, f3=True, f4=False, f5=True, f6=True, f7=False, f8=False, f9=True, f10=False, f11=True, f12=True)",0.9560467326267378
60.73500000000001,"FeatureMask(f0=True, f1=True, f2=True, f3=True, f4=False, f5=True, f6=True, f7=False, f8=False, f9=True, f10=False, f11=True, f12=True)",0.9560467326267378
60.73500000000001,"FeatureMask(f0=True, f1=True, f2=True, f3=True, f4=False, f5=True, f6=True, f7=False, f8=False, f9=True, f10=False, f11=True, f12=True)",0.9560467326267378
60.813,"FeatureMask(f0=True, f1=True, f2=True, f3=True, f4=False, f5=True, f6=True, f7=False, f8=False, f9=True, f10=False, f11=True, f12=True)",0.9560467326267378
60.813,"FeatureMask(f0=True, f1=True, f2=True, f3=True, f4=False, f5=True, f6=True, f7=False, f8=False, f9=True, f10=False, f11=True, f12=True)",0.9560467326267378
60.813,"FeatureMask(f0=True, f1=True, f2=True, f3=True, f4=False, f5=True, f6=True, f7=False, f8=False, f9=True, f10=False, f11=True, f12=True)",0.9560467326267378
60.813,"FeatureMask(f0=True, f1=True, f2=True, f3=True, f4=False, f5=True, f6=True, f7=False, f8=False, f9=True, f10=False, f11=True, f12=True)",0.9560467326267378
60.813,"FeatureMask(f0=True, f1=True, f2=True, f3=True, f4=False, f5=True, f6=True, f7=False, f8=False, f9=True, f10=False, f11=True, f12=True)",0.9560467326267378
60.813,"FeatureMask(f0=True, f1=True, f2=True, f3=True, f4=False, f5=True, f6=True, f7=False, f8=False, f9=True, f10=False, f11=True, f12=True)",0.9560467326267378
60.813,"FeatureMask(f0=True, f1=True, f2=True, f3=True, f4=False, f5=True, f6=True, f7=False, f8=False, f9=True, f10=False, f11=True, f12=True)",0.9560467326267378
60.813,"FeatureMask(f0=True, f1=True, f2=True, f3=True, f4=False, f5=True, f6=True, f7=False, f8=False, f9=True, f10=False, f11=True, f12=True)",0.9560467326267378
60.813,"FeatureMask(f0=True, f1=True, f2=True, f3=True, f4=False, f5=True, f6=True, f7=False, f8=False, f9=True, f10=False, f11=True, f12=True)",0.9560467326267378
60.813,"FeatureMask(f0=True, f1=True, f2=True, f3=True, f4=False, f5=True, f6=True, f7=False, f8=False, f9=True, f10=False, f11=True, f12=True)",0.9560467326267378
60.906000000000006,"FeatureMask(f0=True, f1=True, f2=True, f3=True, f4=False, f5=True, f6=True, f7=False, f8=False, f9=True, f10=False, f11=True, f12=True)",0.9560467326267378
61.031000000000006,"FeatureMask(f0=True, f1=True, f2=True, f3=True, f4=False, f5=True, f6=True, f7=False, f8=False, f9=True, f10=False, f11=True, f12=True)",0.9560467326267378
61.031000000000006,"FeatureMask(f0=True, f1=True, f2=True, f3=True, f4=False, f5=True, f6=True, f7=False, f8=False, f9=True, f10=False, f11=True, f12=True)",0.9560467326267378
61.031000000000006,"FeatureMask(f0=True, f1=True, f2=True, f3=True, f4=False, f5=True, f6=True, f7=False, f8=False, f9=True, f10=False, f11=True, f12=True)",0.9560467326267378
61.031000000000006,"FeatureMask(f0=True, f1=True, f2=True, f3=True, f4=False, f5=True, f6=True, f7=False, f8=False, f9=True, f10=False, f11=True, f12=True)",0.9560467326267378
61.031000000000006,"FeatureMask(f0=True, f1=True, f2=True, f3=True, f4=False, f5=True, f6=True, f7=False, f8=False, f9=True, f10=False, f11=True, f12=True)",0.9560467326267378
61.031000000000006,"FeatureMask(f0=True, f1=True, f2=True, f3=True, f4=False, f5=True, f6=True, f7=False, f8=False, f9=True, f10=False, f11=True, f12=True)",0.9560467326267378
61.031000000000006,"FeatureMask(f0=True, f1=True, f2=True, f3=True, f4=False, f5=True, f6=True, f7=False, f8=False, f9=True, f10=False, f11=True, f12=True)",0.9560467326267378
61.031000000000006,"FeatureMask(f0=True, f1=True, f2=True, f3=True, f4=False, f5=True, f6=True, f7=False, f8=False, f9=True, f10=False, f11=True, f12=True)",0.9560467326267378
61.031000000000006,"FeatureMask(f0=True, f1=True, f2=True, f3=True, f4=False, f5=True, f6=True, f7=False, f8=False, f9=True, f10=False, f11=True, f12=True)",0.9560467326267378
61.031000000000006,"FeatureMask(f0=True, f1=True, f2=True, f3=True, f4=False, f5=True, f6=True, f7=False, f8=False, f9=True, f10=False, f11=True, f12=True)",0.9560467326267378
61.23500000000001,"FeatureMask(f0=True, f1=True, f2=True, f3=True, f4=False, f5=True, f6=True, f7=False, f8=False, f9=True, f10=False, f11=True, f12=True)",0.9560467326267378
61.23500000000001,"FeatureMask(f0=True, f1=True, f2=True, f3=True, f4=False, f5=True, f6=True, f7=False, f8=False, f9=True, f10=False, f11=True, f12=True)",0.9560467326267378
61.23500000000001,"FeatureMask(f0=True, f1=True, f2=True, f3=True, f4=False, f5=True, f6=True, f7=False, f8=False, f9=True, f10=False, f11=True, f12=True)",0.9560467326267378
61.23500000000001,"FeatureMask(f0=True, f1=True, f2=True, f3=True, f4=False, f5=True, f6=True, f7=False, f8=False, f9=True, f10=False, f11=True, f12=True)",0.9560467326267378
61.23500000000001,"FeatureMask(f0=True, f1=True, f2=True, f3=True, f4=False, f5=True, f6=True, f7=False, f8=False, f9=True, f10=False, f11=True, f12=True)",0.9560467326267378
61.23500000000001,"FeatureMask(f0=True, f1=True, f2=True, f3=True, f4=False, f5=True, f6=True, f7=False, f8=False, f9=True, f10=False, f11=True, f12=True)",0.9560467326267378
61.23500000000001,"FeatureMask(f0=True, f1=True, f2=True, f3=True, f4=False, f5=True, f6=True, f7=False, f8=False, f9=True, f10=False, f11=True, f12=True)",0.9560467326267378
61.23500000000001,"FeatureMask(f0=True, f1=True, f2=True, f3=True, f4=False, f5=True, f6=True, f7=False, f8=False, f9=True, f10=False, f11=True, f12=True)",0.9560467326267378
61.23500000000001,"FeatureMask(f0=True, f1=True, f2=True, f3=True, f4=False, f5=True, f6=True, f7=False, f8=False, f9=True, f10=False, f11=True, f12=True)",0.9560467326267378
61.23500000000001,"FeatureMask(f0=True, f1=True, f2=True, f3=True, f4=False, f5=True, f6=True, f7=False, f8=False, f9=True, f10=False, f11=True, f12=True)",0.9560467326267378
61.313,"FeatureMask(f0=True, f1=True, f2=True, f3=True, f4=False, f5=True, f6=True, f7=False, f8=False, f9=True, f10=False, f11=True, f12=True)",0.9560467326267378
61.313,"FeatureMask(f0=True, f1=True, f2=True, f3=True, f4=False, f5=True, f6=True, f7=False, f8=False, f9=True, f10=False, f11=True, f12=True)",0.9560467326267378
61.406000000000006,"FeatureMask(f0=True, f1=True, f2=True, f3=True, f4=False, f5=True, f6=True, f7=False, f8=False, f9=True, f10=False, f11=True, f12=True)",0.9560467326267378
61.406000000000006,"FeatureMask(f0=True, f1=True, f2=True, f3=True, f4=False, f5=True, f6=True, f7=False, f8=False, f9=True, f10=False, f11=True, f12=True)",0.9560467326267378
61.406000000000006,"FeatureMask(f0=True, f1=True, f2=True, f3=True, f4=False, f5=True, f6=True, f7=False, f8=False, f9=True, f10=False, f11=True, f12=True)",0.9560467326267378
61.406000000000006,"FeatureMask(f0=True, f1=True, f2=True, f3=True, f4=False, f5=True, f6=True, f7=False, f8=False, f9=True, f10=False, f11=True, f12=True)",0.9560467326267378
61.406000000000006,"FeatureMask(f0=True, f1=True, f2=True, f3=True, f4=False, f5=True, f6=True, f7=False, f8=False, f9=True, f10=False, f11=True, f12=True)",0.9560467326267378
61.406000000000006,"FeatureMask(f0=True, f1=True, f2=True, f3=True, f4=False, f5=True, f6=True, f7=False, f8=False, f9=True, f10=False, f11=True, f12=True)",0.9560467326267378
61.406000000000006,"FeatureMask(f0=True, f1=True, f2=True, f3=True, f4=False, f5=True, f6=True, f7=False, f8=False, f9=True, f10=False, f11=True, f12=True)",0.9560467326267378
61.406000000000006,"FeatureMask(f0=True, f1=True, f2=True, f3=True, f4=False, f5=True, f6=True, f7=False, f8=False, f9=True, f10=False, f11=True, f12=True)",0.9560467326267378
61.406000000000006,"FeatureMask(f0=True, f1=True, f2=True, f3=True, f4=False, f5=True, f6=True, f7=False, f8=False, f9=True, f10=False, f11=True, f12=True)",0.9560467326267378
61.406000000000006,"FeatureMask(f0=True, f1=True, f2=True, f3=True, f4=False, f5=True, f6=True, f7=False, f8=False, f9=True, f10=False, f11=True, f12=True)",0.9560467326267378
61.50000000000001,"FeatureMask(f0=True, f1=True, f2=True, f3=True, f4=False, f5=True, f6=True, f7=False, f8=False, f9=True, f10=False, f11=True, f12=True)",0.9560467326267378
61.61000000000001,"FeatureMask(f0=True, f1=True, f2=True, f3=True, f4=False, f5=True, f6=True, f7=False, f8=False, f9=True, f10=False, f11=True, f12=True)",0.9560467326267378
61.61000000000001,"FeatureMask(f0=True, f1=True, f2=True, f3=True, f4=False, f5=True, f6=True, f7=False, f8=False, f9=True, f10=False, f11=True, f12=True)",0.9560467326267378
61.61000000000001,"FeatureMask(f0=True, f1=True, f2=True, f3=True, f4=False, f5=True, f6=True, f7=False, f8=False, f9=True, f10=False, f11=True, f12=True)",0.9560467326267378
61.61000000000001,"FeatureMask(f0=True, f1=True, f2=True, f3=True, f4=False, f5=True, f6=True, f7=False, f8=False, f9=True, f10=False, f11=True, f12=True)",0.9560467326267378
61.61000000000001,"FeatureMask(f0=True, f1=True, f2=True, f3=True, f4=False, f5=True, f6=True, f7=False, f8=False, f9=True, f10=False, f11=True, f12=True)",0.9560467326267378
61.61000000000001,"FeatureMask(f0=True, f1=True, f2=True, f3=True, f4=False, f5=True, f6=True, f7=False, f8=False, f9=True, f10=False, f11=True, f12=True)",0.9560467326267378
61.61000000000001,"FeatureMask(f0=True, f1=True, f2=True, f3=True, f4=False, f5=True, f6=True, f7=False, f8=False, f9=True, f10=False, f11=True, f12=True)",0.9560467326267378
61.61000000000001,"FeatureMask(f0=True, f1=True, f2=True, f3=True, f4=False, f5=True, f6=True, f7=False, f8=False, f9=True, f10=False, f11=True, f12=True)",0.9560467326267378
61.61000000000001,"FeatureMask(f0=True, f1=True, f2=True, f3=True, f4=False, f5=True, f6=True, f7=False, f8=False, f9=True, f10=False, f11=True, f12=True)",0.9560467326267378
61.61000000000001,"FeatureMask(f0=True, f1=True, f2=True, f3=True, f4=False, f5=True, f6=True, f7=False, f8=False, f9=True, f10=False, f11=True, f12=True)",0.9560467326267378
61.703,"FeatureMask(f0=True, f1=True, f2=True, f3=True, f4=False, f5=True, f6=True, f7=False, f8=False, f9=True, f10=False, f11=True, f12=True)",0.9560467326267378
61.703,"FeatureMask(f0=True, f1=True, f2=True, f3=True, f4=False, f5=True, f6=True, f7=False, f8=False, f9=True, f10=False, f11=True, f12=True)",0.9560467326267378
61.813,"FeatureMask(f0=True, f1=True, f2=True, f3=True, f4=False, f5=True, f6=True, f7=False, f8=False, f9=True, f10=False, f11=True, f12=True)",0.9560467326267378
61.813,"FeatureMask(f0=True, f1=True, f2=True, f3=True, f4=False, f5=True, f6=True, f7=False, f8=False, f9=True, f10=False, f11=True, f12=True)",0.9560467326267378
61.813,"FeatureMask(f0=True, f1=True, f2=True, f3=True, f4=False, f5=True, f6=True, f7=False, f8=False, f9=True, f10=False, f11=True, f12=True)",0.9560467326267378
61.813,"FeatureMask(f0=True, f1=True, f2=True, f3=True, f4=False, f5=True, f6=True, f7=False, f8=False, f9=True, f10=False, f11=True, f12=True)",0.9560467326267378
61.813,"FeatureMask(f0=True, f1=True, f2=True, f3=True, f4=False, f5=True, f6=True, f7=False, f8=False, f9=True, f10=False, f11=True, f12=True)",0.9560467326267378
61.813,"FeatureMask(f0=True, f1=True, f2=True, f3=True, f4=False, f5=True, f6=True, f7=False, f8=False, f9=True, f10=False, f11=True, f12=True)",0.9560467326267378
61.813,"FeatureMask(f0=True, f1=True, f2=True, f3=True, f4=False, f5=True, f6=True, f7=False, f8=False, f9=True, f10=False, f11=True, f12=True)",0.9560467326267378
61.813,"FeatureMask(f0=True, f1=True, f2=True, f3=True, f4=False, f5=True, f6=True, f7=False, f8=False, f9=True, f10=False, f11=True, f12=True)",0.9560467326267378
61.813,"FeatureMask(f0=True, f1=True, f2=True, f3=True, f4=False, f5=True, f6=True, f7=False, f8=False, f9=True, f10=False, f11=True, f12=True)",0.9560467326267378
61.813,"FeatureMask(f0=True, f1=True, f2=True, f3=True, f4=False, f5=True, f6=True, f7=False, f8=False, f9=True, f10=False, f11=True, f12=True)",0.9560467326267378
61.906000000000006,"FeatureMask(f0=True, f1=True, f2=True, f3=True, f4=False, f5=True, f6=True, f7=False, f8=False, f9=True, f10=False, f11=True, f12=True)",0.9560467326267378
61.906000000000006,"FeatureMask(f0=True, f1=True, f2=True, f3=True, f4=False, f5=True, f6=True, f7=False, f8=False, f9=True, f10=False, f11=True, f12=True)",0.9560467326267378
61.906000000000006,"FeatureMask(f0=True, f1=True, f2=True, f3=True, f4=False, f5=True, f6=True, f7=False, f8=False, f9=True, f10=False, f11=True, f12=True)",0.9560467326267378
61.906000000000006,"FeatureMask(f0=True, f1=True, f2=True, f3=True, f4=False, f5=True, f6=True, f7=False, f8=False, f9=True, f10=False, f11=True, f12=True)",0.9560467326267378
61.906000000000006,"FeatureMask(f0=True, f1=True, f2=True, f3=True, f4=False, f5=True, f6=True, f7=False, f8=False, f9=True, f10=False, f11=True, f12=True)",0.9560467326267378
61.906000000000006,"FeatureMask(f0=True, f1=True, f2=True, f3=True, f4=False, f5=True, f6=True, f7=False, f8=False, f9=True, f10=False, f11=True, f12=True)",0.9560467326267378
62.031000000000006,"FeatureMask(f0=True, f1=True, f2=True, f3=True, f4=False, f5=True, f6=True, f7=False, f8=False, f9=True, f10=False, f11=True, f12=True)",0.9560467326267378
62.031000000000006,"FeatureMask(f0=True, f1=True, f2=True, f3=True, f4=False, f5=True, f6=True, f7=False, f8=False, f9=True, f10=False, f11=True, f12=True)",0.9560467326267378
62.031000000000006,"FeatureMask(f0=True, f1=True, f2=True, f3=True, f4=False, f5=True, f6=True, f7=False, f8=False, f9=True, f10=False, f11=True, f12=True)",0.9560467326267378
62.031000000000006,"FeatureMask(f0=True, f1=True, f2=True, f3=True, f4=False, f5=True, f6=True, f7=False, f8=False, f9=True, f10=False, f11=True, f12=True)",0.9560467326267378
62.031000000000006,"FeatureMask(f0=True, f1=True, f2=True, f3=True, f4=False, f5=True, f6=True, f7=False, f8=False, f9=True, f10=False, f11=True, f12=True)",0.9560467326267378
62.031000000000006,"FeatureMask(f0=True, f1=True, f2=True, f3=True, f4=False, f5=True, f6=True, f7=False, f8=False, f9=True, f10=False, f11=True, f12=True)",0.9560467326267378
62.031000000000006,"FeatureMask(f0=True, f1=True, f2=True, f3=True, f4=False, f5=True, f6=True, f7=False, f8=False, f9=True, f10=False, f11=True, f12=True)",0.9560467326267378
62.031000000000006,"FeatureMask(f0=True, f1=True, f2=True, f3=True, f4=False, f5=True, f6=True, f7=False, f8=False, f9=True, f10=False, f11=True, f12=True)",0.9560467326267378
62.031000000000006,"FeatureMask(f0=True, f1=True, f2=True, f3=True, f4=False, f5=True, f6=True, f7=False, f8=False, f9=True, f10=False, f11=True, f12=True)",0.9560467326267378
62.031000000000006,"FeatureMask(f0=True, f1=True, f2=True, f3=True, f4=False, f5=True, f6=True, f7=False, f8=False, f9=True, f10=False, f11=True, f12=True)",0.9560467326267378
62.11000000000001,"FeatureMask(f0=True, f1=True, f2=True, f3=True, f4=False, f5=True, f6=True, f7=False, f8=False, f9=True, f10=False, f11=True, f12=True)",0.9560467326267378
62.23500000000001,"FeatureMask(f0=True, f1=True, f2=True, f3=True, f4=False, f5=True, f6=True, f7=False, f8=False, f9=True, f10=False, f11=True, f12=True)",0.9560467326267378
62.23500000000001,"FeatureMask(f0=True, f1=True, f2=True, f3=True, f4=False, f5=True, f6=True, f7=False, f8=False, f9=True, f10=False, f11=True, f12=True)",0.9560467326267378
62.23500000000001,"FeatureMask(f0=True, f1=True, f2=True, f3=True, f4=False, f5=True, f6=True, f7=False, f8=False, f9=True, f10=False, f11=True, f12=True)",0.9560467326267378
62.23500000000001,"FeatureMask(f0=True, f1=True, f2=True, f3=True, f4=False, f5=True, f6=True, f7=False, f8=False, f9=True, f10=False, f11=True, f12=True)",0.9560467326267378
62.23500000000001,"FeatureMask(f0=True, f1=True, f2=True, f3=True, f4=False, f5=True, f6=True, f7=False, f8=False, f9=True, f10=False, f11=True, f12=True)",0.9560467326267378
62.23500000000001,"FeatureMask(f0=True, f1=True, f2=True, f3=True, f4=False, f5=True, f6=True, f7=False, f8=False, f9=True, f10=False, f11=True, f12=True)",0.9560467326267378
62.23500000000001,"FeatureMask(f0=True, f1=True, f2=True, f3=True, f4=False, f5=True, f6=True, f7=False, f8=False, f9=True, f10=False, f11=True, f12=True)",0.9560467326267378
62.23500000000001,"FeatureMask(f0=True, f1=True, f2=True, f3=True, f4=False, f5=True, f6=True, f7=False, f8=False, f9=True, f10=False, f11=True, f12=True)",0.9560467326267378
62.23500000000001,"FeatureMask(f0=True, f1=True, f2=True, f3=True, f4=False, f5=True, f6=True, f7=False, f8=False, f9=True, f10=False, f11=True, f12=True)",0.9560467326267378
62.23500000000001,"FeatureMask(f0=True, f1=True, f2=True, f3=True, f4=False, f5=True, f6=True, f7=False, f8=False, f9=True, f10=False, f11=True, f12=True)",0.9560467326267378
62.328,"FeatureMask(f0=True, f1=True, f2=True, f3=True, f4=False, f5=True, f6=True, f7=False, f8=False, f9=True, f10=False, f11=True, f12=True)",0.9560467326267378
62.422000000000004,"FeatureMask(f0=True, f1=True, f2=True, f3=True, f4=False, f5=True, f6=True, f7=False, f8=False, f9=True, f10=False, f11=True, f12=True)",0.9560467326267378
62.422000000000004,"FeatureMask(f0=True, f1=True, f2=True, f3=True, f4=False, f5=True, f6=True, f7=False, f8=False, f9=True, f10=False, f11=True, f12=True)",0.9560467326267378
62.422000000000004,"FeatureMask(f0=True, f1=True, f2=True, f3=True, f4=False, f5=True, f6=True, f7=False, f8=False, f9=True, f10=False, f11=True, f12=True)",0.9560467326267378
62.422000000000004,"FeatureMask(f0=True, f1=True, f2=True, f3=True, f4=False, f5=True, f6=True, f7=False, f8=False, f9=True, f10=False, f11=True, f12=True)",0.9560467326267378
62.422000000000004,"FeatureMask(f0=True, f1=True, f2=True, f3=True, f4=False, f5=True, f6=True, f7=False, f8=False, f9=True, f10=False, f11=True, f12=True)",0.9560467326267378
62.422000000000004,"FeatureMask(f0=True, f1=True, f2=True, f3=True, f4=False, f5=True, f6=True, f7=False, f8=False, f9=True, f10=False, f11=True, f12=True)",0.9560467326267378
62.422000000000004,"FeatureMask(f0=True, f1=True, f2=True, f3=True, f4=False, f5=True, f6=True, f7=False, f8=False, f9=True, f10=False, f11=True, f12=True)",0.9560467326267378
62.422000000000004,"FeatureMask(f0=True, f1=True, f2=True, f3=True, f4=False, f5=True, f6=True, f7=False, f8=False, f9=True, f10=False, f11=True, f12=True)",0.9560467326267378
62.422000000000004,"FeatureMask(f0=True, f1=True, f2=True, f3=True, f4=False, f5=True, f6=True, f7=False, f8=False, f9=True, f10=False, f11=True, f12=True)",0.9560467326267378
62.422000000000004,"FeatureMask(f0=True, f1=True, f2=True, f3=True, f4=False, f5=True, f6=True, f7=False, f8=False, f9=True, f10=False, f11=True, f12=True)",0.9560467326267378
62.50000000000001,"FeatureMask(f0=True, f1=True, f2=True, f3=True, f4=False, f5=True, f6=True, f7=False, f8=False, f9=True, f10=False, f11=True, f12=True)",0.9560467326267378
62.50000000000001,"FeatureMask(f0=True, f1=True, f2=True, f3=True, f4=False, f5=True, f6=True, f7=False, f8=False, f9=True, f10=False, f11=True, f12=True)",0.9560467326267378
62.61000000000001,"FeatureMask(f0=True, f1=True, f2=True, f3=True, f4=False, f5=True, f6=True, f7=False, f8=False, f9=True, f10=False, f11=True, f12=True)",0.9560467326267378
62.61000000000001,"FeatureMask(f0=True, f1=True, f2=True, f3=True, f4=False, f5=True, f6=True, f7=False, f8=False, f9=True, f10=False, f11=True, f12=True)",0.9560467326267378
62.61000000000001,"FeatureMask(f0=True, f1=True, f2=True, f3=True, f4=False, f5=True, f6=True, f7=False, f8=False, f9=True, f10=False, f11=True, f12=True)",0.9560467326267378
62.61000000000001,"FeatureMask(f0=True, f1=True, f2=True, f3=True, f4=False, f5=True, f6=True, f7=False, f8=False, f9=True, f10=False, f11=True, f12=True)",0.9560467326267378
62.61000000000001,"FeatureMask(f0=True, f1=True, f2=True, f3=True, f4=False, f5=True, f6=True, f7=False, f8=False, f9=True, f10=False, f11=True, f12=True)",0.9560467326267378
62.61000000000001,"FeatureMask(f0=True, f1=True, f2=True, f3=True, f4=False, f5=True, f6=True, f7=False, f8=False, f9=True, f10=False, f11=True, f12=True)",0.9560467326267378
62.61000000000001,"FeatureMask(f0=True, f1=True, f2=True, f3=True, f4=False, f5=True, f6=True, f7=False, f8=False, f9=True, f10=False, f11=True, f12=True)",0.9560467326267378
62.61000000000001,"FeatureMask(f0=True, f1=True, f2=True, f3=True, f4=False, f5=True, f6=True, f7=False, f8=False, f9=True, f10=False, f11=True, f12=True)",0.9560467326267378
62.61000000000001,"FeatureMask(f0=True, f1=True, f2=True, f3=True, f4=False, f5=True, f6=True, f7=False, f8=False, f9=True, f10=False, f11=True, f12=True)",0.9560467326267378
62.61000000000001,"FeatureMask(f0=True, f1=True, f2=True, f3=True, f4=False, f5=True, f6=True, f7=False, f8=False, f9=True, f10=False, f11=True, f12=True)",0.9560467326267378
62.828,"FeatureMask(f0=True, f1=True, f2=True, f3=True, f4=False, f5=True, f6=True, f7=False, f8=False, f9=True, f10=False, f11=True, f12=True)",0.9560467326267378
62.828,"FeatureMask(f0=True, f1=True, f2=True, f3=True, f4=False, f5=True, f6=True, f7=False, f8=False, f9=True, f10=False, f11=True, f12=True)",0.9560467326267378
62.828,"FeatureMask(f0=True, f1=True, f2=True, f3=True, f4=False, f5=True, f6=True, f7=False, f8=False, f9=True, f10=False, f11=True, f12=True)",0.9560467326267378
62.828,"FeatureMask(f0=True, f1=True, f2=True, f3=True, f4=False, f5=True, f6=True, f7=False, f8=False, f9=True, f10=False, f11=True, f12=True)",0.9560467326267378
62.828,"FeatureMask(f0=True, f1=True, f2=True, f3=True, f4=False, f5=True, f6=True, f7=False, f8=False, f9=True, f10=False, f11=True, f12=True)",0.9560467326267378
62.828,"FeatureMask(f0=True, f1=True, f2=True, f3=True, f4=False, f5=True, f6=True, f7=False, f8=False, f9=True, f10=False, f11=True, f12=True)",0.9560467326267378
62.828,"FeatureMask(f0=True, f1=True, f2=True, f3=True, f4=False, f5=True, f6=True, f7=False, f8=False, f9=True, f10=False, f11=True, f12=True)",0.9560467326267378
62.828,"FeatureMask(f0=True, f1=True, f2=True, f3=True, f4=False, f5=True, f6=True, f7=False, f8=False, f9=True, f10=False, f11=True, f12=True)",0.9560467326267378
62.828,"FeatureMask(f0=True, f1=True, f2=True, f3=True, f4=False, f5=True, f6=True, f7=False, f8=False, f9=True, f10=False, f11=True, f12=True)",0.9560467326267378
62.828,"FeatureMask(f0=True, f1=True, f2=True, f3=True, f4=False, f5=True, f6=True, f7=False, f8=False, f9=True, f10=False, f11=True, f12=True)",0.9560467326267378
62.906000000000006,"FeatureMask(f0=True, f1=True, f2=True, f3=True, f4=False, f5=True, f6=True, f7=False, f8=False, f9=True, f10=False, f11=True, f12=True)",0.9560467326267378
63.031000000000006,"FeatureMask(f0=True, f1=True, f2=True, f3=True, f4=False, f5=True, f6=True, f7=False, f8=False, f9=True, f10=False, f11=True, f12=True)",0.9560467326267378
63.031000000000006,"FeatureMask(f0=True, f1=True, f2=True, f3=True, f4=False, f5=True, f6=True, f7=False, f8=False, f9=True, f10=False, f11=True, f12=True)",0.9560467326267378
63.031000000000006,"FeatureMask(f0=True, f1=True, f2=True, f3=True, f4=False, f5=True, f6=True, f7=False, f8=False, f9=True, f10=False, f11=True, f12=True)",0.9560467326267378
63.031000000000006,"FeatureMask(f0=True, f1=True, f2=True, f3=True, f4=False, f5=True, f6=True, f7=False, f8=False, f9=True, f10=False, f11=True, f12=True)",0.9560467326267378
63.047000000000004,"FeatureMask(f0=True, f1=True, f2=True, f3=True, f4=False, f5=True, f6=True, f7=False, f8=False, f9=True, f10=False, f11=True, f12=True)",0.9560467326267378
63.047000000000004,"FeatureMask(f0=True, f1=True, f2=True, f3=True, f4=False, f5=True, f6=True, f7=False, f8=False, f9=True, f10=False, f11=True, f12=True)",0.9560467326267378
63.047000000000004,"FeatureMask(f0=True, f1=True, f2=True, f3=True, f4=False, f5=True, f6=True, f7=False, f8=False, f9=True, f10=False, f11=True, f12=True)",0.9560467326267378
63.047000000000004,"FeatureMask(f0=True, f1=True, f2=True, f3=True, f4=False, f5=True, f6=True, f7=False, f8=False, f9=True, f10=False, f11=True, f12=True)",0.9560467326267378
63.047000000000004,"FeatureMask(f0=True, f1=True, f2=True, f3=True, f4=False, f5=True, f6=True, f7=False, f8=False, f9=True, f10=False, f11=True, f12=True)",0.9560467326267378
63.047000000000004,"FeatureMask(f0=True, f1=True, f2=True, f3=True, f4=False, f5=True, f6=True, f7=False, f8=False, f9=True, f10=False, f11=True, f12=True)",0.9560467326267378
63.12500000000001,"FeatureMask(f0=True, f1=True, f2=True, f3=True, f4=False, f5=True, f6=True, f7=False, f8=False, f9=True, f10=False, f11=True, f12=True)",0.9560467326267378
63.12500000000001,"FeatureMask(f0=True, f1=True, f2=True, f3=True, f4=False, f5=True, f6=True, f7=False, f8=False, f9=True, f10=False, f11=True, f12=True)",0.9560467326267378
63.12500000000001,"FeatureMask(f0=True, f1=True, f2=True, f3=True, f4=False, f5=True, f6=True, f7=False, f8=False, f9=True, f10=False, f11=True, f12=True)",0.9560467326267378
63.12500000000001,"FeatureMask(f0=True, f1=True, f2=True, f3=True, f4=False, f5=True, f6=True, f7=False, f8=False, f9=True, f10=False, f11=True, f12=True)",0.9560467326267378
63.23500000000001,"FeatureMask(f0=True, f1=True, f2=True, f3=True, f4=False, f5=True, f6=True, f7=False, f8=False, f9=True, f10=False, f11=True, f12=True)",0.9560467326267378
63.23500000000001,"FeatureMask(f0=True, f1=True, f2=True, f3=True, f4=False, f5=True, f6=True, f7=False, f8=False, f9=True, f10=False, f11=True, f12=True)",0.9560467326267378
63.23500000000001,"FeatureMask(f0=True, f1=True, f2=True, f3=True, f4=False, f5=True, f6=True, f7=False, f8=False, f9=True, f10=False, f11=True, f12=True)",0.9560467326267378
63.23500000000001,"FeatureMask(f0=True, f1=True, f2=True, f3=True, f4=False, f5=True, f6=True, f7=False, f8=False, f9=True, f10=False, f11=True, f12=True)",0.9560467326267378
63.23500000000001,"FeatureMask(f0=True, f1=True, f2=True, f3=True, f4=False, f5=True, f6=True, f7=False, f8=False, f9=True, f10=False, f11=True, f12=True)",0.9560467326267378
63.23500000000001,"FeatureMask(f0=True, f1=True, f2=True, f3=True, f4=False, f5=True, f6=True, f7=False, f8=False, f9=True, f10=False, f11=True, f12=True)",0.9560467326267378
63.23500000000001,"FeatureMask(f0=True, f1=True, f2=True, f3=True, f4=False, f5=True, f6=True, f7=False, f8=False, f9=True, f10=False, f11=True, f12=True)",0.9560467326267378
63.23500000000001,"FeatureMask(f0=True, f1=True, f2=True, f3=True, f4=False, f5=True, f6=True, f7=False, f8=False, f9=True, f10=False, f11=True, f12=True)",0.9560467326267378
63.23500000000001,"FeatureMask(f0=True, f1=True, f2=True, f3=True, f4=False, f5=True, f6=True, f7=False, f8=False, f9=True, f10=False, f11=True, f12=True)",0.9560467326267378
63.23500000000001,"FeatureMask(f0=True, f1=True, f2=True, f3=True, f4=False, f5=True, f6=True, f7=False, f8=False, f9=True, f10=False, f11=True, f12=True)",0.9560467326267378
63.328,"FeatureMask(f0=True, f1=True, f2=True, f3=True, f4=False, f5=True, f6=True, f7=False, f8=False, f9=True, f10=False, f11=True, f12=True)",0.9560467326267378
63.328,"FeatureMask(f0=True, f1=True, f2=True, f3=True, f4=False, f5=True, f6=True, f7=False, f8=False, f9=True, f10=False, f11=True, f12=True)",0.9560467326267378
63.328,"FeatureMask(f0=True, f1=True, f2=True, f3=True, f4=False, f5=True, f6=True, f7=False, f8=False, f9=True, f10=False, f11=True, f12=True)",0.9560467326267378
63.438,"FeatureMask(f0=True, f1=True, f2=True, f3=True, f4=False, f5=True, f6=True, f7=False, f8=False, f9=True, f10=False, f11=True, f12=True)",0.9560467326267378
63.438,"FeatureMask(f0=True, f1=True, f2=True, f3=True, f4=False, f5=True, f6=True, f7=False, f8=False, f9=True, f10=False, f11=True, f12=True)",0.9560467326267378
63.438,"FeatureMask(f0=True, f1=True, f2=True, f3=True, f4=False, f5=True, f6=True, f7=False, f8=False, f9=True, f10=False, f11=True, f12=True)",0.9560467326267378
63.438,"FeatureMask(f0=True, f1=True, f2=True, f3=True, f4=False, f5=True, f6=True, f7=False, f8=False, f9=True, f10=False, f11=True, f12=True)",0.9560467326267378
63.438,"FeatureMask(f0=True, f1=True, f2=True, f3=True, f4=False, f5=True, f6=True, f7=False, f8=False, f9=True, f10=False, f11=True, f12=True)",0.9560467326267378
63.438,"FeatureMask(f0=True, f1=True, f2=True, f3=True, f4=False, f5=True, f6=True, f7=False, f8=False, f9=True, f10=False, f11=True, f12=True)",0.9560467326267378
63.438,"FeatureMask(f0=True, f1=True, f2=True, f3=True, f4=False, f5=True, f6=True, f7=False, f8=False, f9=True, f10=False, f11=True, f12=True)",0.9560467326267378
63.438,"FeatureMask(f0=True, f1=True, f2=True, f3=True, f4=False, f5=True, f6=True, f7=False, f8=False, f9=True, f10=False, f11=True, f12=True)",0.9560467326267378
63.438,"FeatureMask(f0=True, f1=True, f2=True, f3=True, f4=False, f5=True, f6=True, f7=False, f8=False, f9=True, f10=False, f11=True, f12=True)",0.9560467326267378
63.438,"FeatureMask(f0=True, f1=True, f2=True, f3=True, f4=False, f5=True, f6=True, f7=False, f8=False, f9=True, f10=False, f11=True, f12=True)",0.9560467326267378
63.531000000000006,"FeatureMask(f0=True, f1=True, f2=True, f3=True, f4=False, f5=True, f6=True, f7=False, f8=False, f9=True, f10=False, f11=True, f12=True)",0.9560467326267378
63.531000000000006,"FeatureMask(f0=True, f1=True, f2=True, f3=True, f4=False, f5=True, f6=True, f7=False, f8=False, f9=True, f10=False, f11=True, f12=True)",0.9560467326267378
63.641000000000005,"FeatureMask(f0=True, f1=True, f2=True, f3=True, f4=False, f5=True, f6=True, f7=False, f8=False, f9=True, f10=False, f11=True, f12=True)",0.9560467326267378
63.641000000000005,"FeatureMask(f0=True, f1=True, f2=True, f3=True, f4=False, f5=True, f6=True, f7=False, f8=False, f9=True, f10=False, f11=True, f12=True)",0.9560467326267378
63.641000000000005,"FeatureMask(f0=True, f1=True, f2=True, f3=True, f4=False, f5=True, f6=True, f7=False, f8=False, f9=True, f10=False, f11=True, f12=True)",0.9560467326267378
63.641000000000005,"FeatureMask(f0=True, f1=True, f2=True, f3=True, f4=False, f5=True, f6=True, f7=False, f8=False, f9=True, f10=False, f11=True, f12=True)",0.9560467326267378
63.641000000000005,"FeatureMask(f0=True, f1=True, f2=True, f3=True, f4=False, f5=True, f6=True, f7=False, f8=False, f9=True, f10=False, f11=True, f12=True)",0.9560467326267378
63.641000000000005,"FeatureMask(f0=True, f1=True, f2=True, f3=True, f4=False, f5=True, f6=True, f7=False, f8=False, f9=True, f10=False, f11=True, f12=True)",0.9560467326267378
63.641000000000005,"FeatureMask(f0=True, f1=True, f2=True, f3=True, f4=False, f5=True, f6=True, f7=False, f8=False, f9=True, f10=False, f11=True, f12=True)",0.9560467326267378
63.641000000000005,"FeatureMask(f0=True, f1=True, f2=True, f3=True, f4=False, f5=True, f6=True, f7=False, f8=False, f9=True, f10=False, f11=True, f12=True)",0.9560467326267378
63.641000000000005,"FeatureMask(f0=True, f1=True, f2=True, f3=True, f4=False, f5=True, f6=True, f7=False, f8=False, f9=True, f10=False, f11=True, f12=True)",0.9560467326267378
63.641000000000005,"FeatureMask(f0=True, f1=True, f2=True, f3=True, f4=False, f5=True, f6=True, f7=False, f8=False, f9=True, f10=False, f11=True, f12=True)",0.9560467326267378
63.73500000000001,"FeatureMask(f0=True, f1=True, f2=True, f3=True, f4=False, f5=True, f6=True, f7=False, f8=False, f9=True, f10=False, f11=True, f12=True)",0.9560467326267378
63.86000000000001,"FeatureMask(f0=True, f1=True, f2=True, f3=True, f4=False, f5=True, f6=True, f7=False, f8=False, f9=True, f10=False, f11=True, f12=True)",0.9560467326267378
63.86000000000001,"FeatureMask(f0=True, f1=True, f2=True, f3=True, f4=False, f5=True, f6=True, f7=False, f8=False, f9=True, f10=False, f11=True, f12=True)",0.9560467326267378
63.86000000000001,"FeatureMask(f0=True, f1=True, f2=True, f3=True, f4=False, f5=True, f6=True, f7=False, f8=False, f9=True, f10=False, f11=True, f12=True)",0.9560467326267378
63.86000000000001,"FeatureMask(f0=True, f1=True, f2=True, f3=True, f4=False, f5=True, f6=True, f7=False, f8=False, f9=True, f10=False, f11=True, f12=True)",0.9560467326267378
63.86000000000001,"FeatureMask(f0=True, f1=True, f2=True, f3=True, f4=False, f5=True, f6=True, f7=False, f8=False, f9=True, f10=False, f11=True, f12=True)",0.9560467326267378
63.86000000000001,"FeatureMask(f0=True, f1=True, f2=True, f3=True, f4=False, f5=True, f6=True, f7=False, f8=False, f9=True, f10=False, f11=True, f12=True)",0.9560467326267378
63.86000000000001,"FeatureMask(f0=True, f1=True, f2=True, f3=True, f4=False, f5=True, f6=True, f7=False, f8=False, f9=True, f10=False, f11=True, f12=True)",0.9560467326267378
63.86000000000001,"FeatureMask(f0=True, f1=True, f2=True, f3=True, f4=False, f5=True, f6=True, f7=False, f8=False, f9=True, f10=False, f11=True, f12=True)",0.9560467326267378
63.86000000000001,"FeatureMask(f0=True, f1=True, f2=True, f3=True, f4=False, f5=True, f6=True, f7=False, f8=False, f9=True, f10=False, f11=True, f12=True)",0.9560467326267378
63.86000000000001,"FeatureMask(f0=True, f1=True, f2=True, f3=True, f4=False, f5=True, f6=True, f7=False, f8=False, f9=True, f10=False, f11=True, f12=True)",0.9560467326267378
63.938,"FeatureMask(f0=True, f1=True, f2=True, f3=True, f4=False, f5=True, f6=True, f7=False, f8=False, f9=True, f10=False, f11=True, f12=True)",0.9560467326267378
63.938,"FeatureMask(f0=True, f1=True, f2=True, f3=True, f4=False, f5=True, f6=True, f7=False, f8=False, f9=True, f10=False, f11=True, f12=True)",0.9560467326267378
64.063,"FeatureMask(f0=True, f1=True, f2=True, f3=True, f4=False, f5=True, f6=True, f7=False, f8=False, f9=True, f10=False, f11=True, f12=True)",0.9560467326267378
64.063,"FeatureMask(f0=True, f1=True, f2=True, f3=True, f4=False, f5=True, f6=True, f7=False, f8=False, f9=True, f10=False, f11=True, f12=True)",0.9560467326267378
64.063,"FeatureMask(f0=True, f1=True, f2=True, f3=True, f4=False, f5=True, f6=True, f7=False, f8=False, f9=True, f10=False, f11=True, f12=True)",0.9560467326267378
64.063,"FeatureMask(f0=True, f1=True, f2=True, f3=True, f4=False, f5=True, f6=True, f7=False, f8=False, f9=True, f10=False, f11=True, f12=True)",0.9560467326267378
64.063,"FeatureMask(f0=True, f1=True, f2=True, f3=True, f4=False, f5=True, f6=True, f7=False, f8=False, f9=True, f10=False, f11=True, f12=True)",0.9560467326267378
64.063,"FeatureMask(f0=True, f1=True, f2=True, f3=True, f4=False, f5=True, f6=True, f7=False, f8=False, f9=True, f10=False, f11=True, f12=True)",0.9560467326267378
64.063,"FeatureMask(f0=True, f1=True, f2=True, f3=True, f4=False, f5=True, f6=True, f7=False, f8=False, f9=True, f10=False, f11=True, f12=True)",0.9560467326267378
64.063,"FeatureMask(f0=True, f1=True, f2=True, f3=True, f4=False, f5=True, f6=True, f7=False, f8=False, f9=True, f10=False, f11=True, f12=True)",0.9560467326267378
64.063,"FeatureMask(f0=True, f1=True, f2=True, f3=True, f4=False, f5=True, f6=True, f7=False, f8=False, f9=True, f10=False, f11=True, f12=True)",0.9560467326267378
64.063,"FeatureMask(f0=True, f1=True, f2=True, f3=True, f4=False, f5=True, f6=True, f7=False, f8=False, f9=True, f10=False, f11=True, f12=True)",0.9560467326267378
64.281,"FeatureMask(f0=True, f1=True, f2=True, f3=True, f4=False, f5=True, f6=True, f7=False, f8=False, f9=True, f10=False, f11=True, f12=True)",0.9560467326267378
64.281,"FeatureMask(f0=True, f1=True, f2=True, f3=True, f4=False, f5=True, f6=True, f7=False, f8=False, f9=True, f10=False, f11=True, f12=True)",0.9560467326267378
64.281,"FeatureMask(f0=True, f1=True, f2=True, f3=True, f4=False, f5=True, f6=True, f7=False, f8=False, f9=True, f10=False, f11=True, f12=True)",0.9560467326267378
64.281,"FeatureMask(f0=True, f1=True, f2=True, f3=True, f4=False, f5=True, f6=True, f7=False, f8=False, f9=True, f10=False, f11=True, f12=True)",0.9560467326267378
64.281,"FeatureMask(f0=True, f1=True, f2=True, f3=True, f4=False, f5=True, f6=True, f7=False, f8=False, f9=True, f10=False, f11=True, f12=True)",0.9560467326267378
64.281,"FeatureMask(f0=True, f1=True, f2=True, f3=True, f4=False, f5=True, f6=True, f7=False, f8=False, f9=True, f10=False, f11=True, f12=True)",0.9560467326267378
64.281,"FeatureMask(f0=True, f1=True, f2=True, f3=True, f4=False, f5=True, f6=True, f7=False, f8=False, f9=True, f10=False, f11=True, f12=True)",0.9560467326267378
64.281,"FeatureMask(f0=True, f1=True, f2=True, f3=True, f4=False, f5=True, f6=True, f7=False, f8=False, f9=True, f10=False, f11=True, f12=True)",0.9560467326267378
64.281,"FeatureMask(f0=True, f1=True, f2=True, f3=True, f4=False, f5=True, f6=True, f7=False, f8=False, f9=True, f10=False, f11=True, f12=True)",0.9560467326267378
64.281,"FeatureMask(f0=True, f1=True, f2=True, f3=True, f4=False, f5=True, f6=True, f7=False, f8=False, f9=True, f10=False, f11=True, f12=True)",0.9560467326267378
64.36,"FeatureMask(f0=True, f1=True, f2=True, f3=True, f4=False, f5=True, f6=True, f7=False, f8=False, f9=True, f10=False, f11=True, f12=True)",0.9560467326267378
64.485,"FeatureMask(f0=True, f1=True, f2=True, f3=True, f4=False, f5=True, f6=True, f7=False, f8=False, f9=True, f10=False, f11=True, f12=True)",0.9560467326267378
64.485,"FeatureMask(f0=True, f1=True, f2=True, f3=True, f4=False, f5=True, f6=True, f7=False, f8=False, f9=True, f10=False, f11=True, f12=True)",0.9560467326267378
64.485,"FeatureMask(f0=True, f1=True, f2=True, f3=True, f4=False, f5=True, f6=True, f7=False, f8=False, f9=True, f10=False, f11=True, f12=True)",0.9560467326267378
64.485,"FeatureMask(f0=True, f1=True, f2=True, f3=True, f4=False, f5=True, f6=True, f7=False, f8=False, f9=True, f10=False, f11=True, f12=True)",0.9560467326267378
64.485,"FeatureMask(f0=True, f1=True, f2=True, f3=True, f4=False, f5=True, f6=True, f7=False, f8=False, f9=True, f10=False, f11=True, f12=True)",0.9560467326267378
64.485,"FeatureMask(f0=True, f1=True, f2=True, f3=True, f4=False, f5=True, f6=True, f7=False, f8=False, f9=True, f10=False, f11=True, f12=True)",0.9560467326267378
64.485,"FeatureMask(f0=True, f1=True, f2=True, f3=True, f4=False, f5=True, f6=True, f7=False, f8=False, f9=True, f10=False, f11=True, f12=True)",0.9560467326267378
64.485,"FeatureMask(f0=True, f1=True, f2=True, f3=True, f4=False, f5=True, f6=True, f7=False, f8=False, f9=True, f10=False, f11=True, f12=True)",0.9560467326267378
64.485,"FeatureMask(f0=True, f1=True, f2=True, f3=True, f4=False, f5=True, f6=True, f7=False, f8=False, f9=True, f10=False, f11=True, f12=True)",0.9560467326267378
64.485,"FeatureMask(f0=True, f1=True, f2=True, f3=True, f4=False, f5=True, f6=True, f7=False, f8=False, f9=True, f10=False, f11=True, f12=True)",0.9560467326267378
64.563,"FeatureMask(f0=True, f1=True, f2=True, f3=True, f4=False, f5=True, f6=True, f7=False, f8=False, f9=True, f10=False, f11=True, f12=True)",0.9560467326267378
64.672,"FeatureMask(f0=True, f1=True, f2=True, f3=True, f4=False, f5=True, f6=True, f7=False, f8=False, f9=True, f10=False, f11=True, f12=True)",0.9560467326267378
64.672,"FeatureMask(f0=True, f1=True, f2=True, f3=True, f4=False, f5=True, f6=True, f7=False, f8=False, f9=True, f10=False, f11=True, f12=True)",0.9560467326267378
64.672,"FeatureMask(f0=True, f1=True, f2=True, f3=True, f4=False, f5=True, f6=True, f7=False, f8=False, f9=True, f10=False, f11=True, f12=True)",0.9560467326267378
64.672,"FeatureMask(f0=True, f1=True, f2=True, f3=True, f4=False, f5=True, f6=True, f7=False, f8=False, f9=True, f10=False, f11=True, f12=True)",0.9560467326267378
64.672,"FeatureMask(f0=True, f1=True, f2=True, f3=True, f4=False, f5=True, f6=True, f7=False, f8=False, f9=True, f10=False, f11=True, f12=True)",0.9560467326267378
64.672,"FeatureMask(f0=True, f1=True, f2=True, f3=True, f4=False, f5=True, f6=True, f7=False, f8=False, f9=True, f10=False, f11=True, f12=True)",0.9560467326267378
64.672,"FeatureMask(f0=True, f1=True, f2=True, f3=True, f4=False, f5=True, f6=True, f7=False, f8=False, f9=True, f10=False, f11=True, f12=True)",0.9560467326267378
64.672,"FeatureMask(f0=True, f1=True, f2=True, f3=True, f4=False, f5=True, f6=True, f7=False, f8=False, f9=True, f10=False, f11=True, f12=True)",0.9560467326267378
64.672,"FeatureMask(f0=True, f1=True, f2=True, f3=True, f4=False, f5=True, f6=True, f7=False, f8=False, f9=True, f10=False, f11=True, f12=True)",0.9560467326267378
64.672,"FeatureMask(f0=True, f1=True, f2=True, f3=True, f4=False, f5=True, f6=True, f7=False, f8=False, f9=True, f10=False, f11=True, f12=True)",0.9560467326267378
64.75,"FeatureMask(f0=True, f1=True, f2=True, f3=True, f4=False, f5=True, f6=True, f7=False, f8=False, f9=True, f10=False, f11=True, f12=True)",0.9560467326267378
64.86,"FeatureMask(f0=True, f1=True, f2=True, f3=True, f4=False, f5=True, f6=True, f7=False, f8=False, f9=True, f10=False, f11=True, f12=True)",0.9560467326267378
64.86,"FeatureMask(f0=True, f1=True, f2=True, f3=True, f4=False, f5=True, f6=True, f7=False, f8=False, f9=True, f10=False, f11=True, f12=True)",0.9560467326267378
64.86,"FeatureMask(f0=True, f1=True, f2=True, f3=True, f4=False, f5=True, f6=True, f7=False, f8=False, f9=True, f10=False, f11=True, f12=True)",0.9560467326267378
64.86,"FeatureMask(f0=True, f1=True, f2=True, f3=True, f4=False, f5=True, f6=True, f7=False, f8=False, f9=True, f10=False, f11=True, f12=True)",0.9560467326267378
64.86,"FeatureMask(f0=True, f1=True, f2=True, f3=True, f4=False, f5=True, f6=True, f7=False, f8=False, f9=True, f10=False, f11=True, f12=True)",0.9560467326267378
64.86,"FeatureMask(f0=True, f1=True, f2=True, f3=True, f4=False, f5=True, f6=True, f7=False, f8=False, f9=True, f10=False, f11=True, f12=True)",0.9560467326267378
64.86,"FeatureMask(f0=True, f1=True, f2=True, f3=True, f4=False, f5=True, f6=True, f7=False, f8=False, f9=True, f10=False, f11=True, f12=True)",0.9560467326267378
64.86,"FeatureMask(f0=True, f1=True, f2=True, f3=True, f4=False, f5=True, f6=True, f7=False, f8=False, f9=True, f10=False, f11=True, f12=True)",0.9560467326267378
64.86,"FeatureMask(f0=True, f1=True, f2=True, f3=True, f4=False, f5=True, f6=True, f7=False, f8=False, f9=True, f10=False, f11=True, f12=True)",0.9560467326267378
64.86,"FeatureMask(f0=True, f1=True, f2=True, f3=True, f4=False, f5=True, f6=True, f7=False, f8=False, f9=True, f10=False, f11=True, f12=True)",0.9560467326267378
64.938,"FeatureMask(f0=True, f1=True, f2=True, f3=True, f4=False, f5=True, f6=True, f7=False, f8=False, f9=True, f10=False, f11=True, f12=True)",0.9560467326267378
64.938,"FeatureMask(f0=True, f1=True, f2=True, f3=True, f4=False, f5=True, f6=True, f7=False, f8=False, f9=True, f10=False, f11=True, f12=True)",0.9560467326267378
64.938,"FeatureMask(f0=True, f1=True, f2=True, f3=True, f4=False, f5=True, f6=True, f7=False, f8=False, f9=True, f10=False, f11=True, f12=True)",0.9560467326267378
64.938,"FeatureMask(f0=True, f1=True, f2=True, f3=True, f4=False, f5=True, f6=True, f7=False, f8=False, f9=True, f10=False, f11=True, f12=True)",0.9560467326267378
64.938,"FeatureMask(f0=True, f1=True, f2=True, f3=True, f4=False, f5=True, f6=True, f7=False, f8=False, f9=True, f10=False, f11=True, f12=True)",0.9560467326267378
64.938,"FeatureMask(f0=True, f1=True, f2=True, f3=True, f4=False, f5=True, f6=True, f7=False, f8=False, f9=True, f10=False, f11=True, f12=True)",0.9560467326267378
64.938,"FeatureMask(f0=True, f1=True, f2=True, f3=True, f4=False, f5=True, f6=True, f7=False, f8=False, f9=True, f10=False, f11=True, f12=True)",0.9560467326267378
64.938,"FeatureMask(f0=True, f1=True, f2=True, f3=True, f4=False, f5=True, f6=True, f7=False, f8=False, f9=True, f10=False, f11=True, f12=True)",0.9560467326267378
64.938,"FeatureMask(f0=True, f1=True, f2=True, f3=True, f4=False, f5=True, f6=True, f7=False, f8=False, f9=True, f10=False, f11=True, f12=True)",0.9560467326267378
64.938,"FeatureMask(f0=True, f1=True, f2=True, f3=True, f4=False, f5=True, f6=True, f7=False, f8=False, f9=True, f10=False, f11=True, f12=True)",0.9560467326267378
64.938,"FeatureMask(f0=True, f1=True, f2=True, f3=True, f4=False, f5=True, f6=True, f7=False, f8=False, f9=True, f10=False, f11=True, f12=True)",0.9560467326267378
64.938,"FeatureMask(f0=True, f1=True, f2=True, f3=True, f4=False, f5=True, f6=True, f7=False, f8=False, f9=True, f10=False, f11=True, f12=True)",0.9560467326267378
64.938,"FeatureMask(f0=True, f1=True, f2=True, f3=True, f4=False, f5=True, f6=True, f7=False, f8=False, f9=True, f10=False, f11=True, f12=True)",0.9560467326267378
64.938,"FeatureMask(f0=True, f1=True, f2=True, f3=True, f4=False, f5=True, f6=True, f7=False, f8=False, f9=True, f10=False, f11=True, f12=True)",0.9560467326267378
64.938,"FeatureMask(f0=True, f1=True, f2=True, f3=True, f4=False, f5=True, f6=True, f7=False, f8=False, f9=True, f10=False, f11=True, f12=True)",0.9560467326267378
64.953,"FeatureMask(f0=True, f1=True, f2=True, f3=True, f4=False, f5=True, f6=True, f7=False, f8=False, f9=True, f10=False, f11=True, f12=True)",0.9560467326267378
64.953,"FeatureMask(f0=True, f1=True, f2=True, f3=True, f4=False, f5=True, f6=True, f7=False, f8=False, f9=True, f10=False, f11=True, f12=True)",0.9560467326267378
64.953,"FeatureMask(f0=True, f1=True, f2=True, f3=True, f4=False, f5=True, f6=True, f7=False, f8=False, f9=True, f10=False, f11=True, f12=True)",0.9560467326267378
64.953,"FeatureMask(f0=True, f1=True, f2=True, f3=True, f4=False, f5=True, f6=True, f7=False, f8=False, f9=True, f10=False, f11=True, f12=True)",0.9560467326267378
64.96900000000001,"FeatureMask(f0=True, f1=True, f2=True, f3=True, f4=False, f5=True, f6=True, f7=False, f8=False, f9=True, f10=False, f11=True, f12=True)",0.9560467326267378
64.985,"FeatureMask(f0=True, f1=True, f2=True, f3=True, f4=False, f5=True, f6=True, f7=False, f8=False, f9=True, f10=False, f11=True, f12=True)",0.9560467326267378
64.985,"FeatureMask(f0=True, f1=True, f2=True, f3=True, f4=False, f5=True, f6=True, f7=False, f8=False, f9=True, f10=False, f11=True, f12=True)",0.9560467326267378
65.0,"FeatureMask(f0=True, f1=True, f2=True, f3=True, f4=False, f5=True, f6=True, f7=False, f8=False, f9=True, f10=False, f11=True, f12=True)",0.9560467326267378
65.0,"FeatureMask(f0=True, f1=True, f2=True, f3=True, f4=False, f5=True, f6=True, f7=False, f8=False, f9=True, f10=False, f11=True, f12=True)",0.9560467326267378
65.016,"FeatureMask(f0=True, f1=True, f2=True, f3=True, f4=False, f5=True, f6=True, f7=False, f8=False, f9=True, f10=False, f11=True, f12=True)",0.9560467326267378
65.016,"FeatureMask(f0=True, f1=True, f2=True, f3=True, f4=False, f5=True, f6=True, f7=False, f8=False, f9=True, f10=False, f11=True, f12=True)",0.9560467326267378
65.031,"FeatureMask(f0=True, f1=True, f2=True, f3=True, f4=False, f5=True, f6=True, f7=False, f8=False, f9=True, f10=False, f11=True, f12=True)",0.9560467326267378
65.047,"FeatureMask(f0=True, f1=True, f2=True, f3=True, f4=False, f5=True, f6=True, f7=False, f8=False, f9=True, f10=False, f11=True, f12=True)",0.9560467326267378
65.047,"FeatureMask(f0=True, f1=True, f2=True, f3=True, f4=False, f5=True, f6=True, f7=False, f8=False, f9=True, f10=False, f11=True, f12=True)",0.9560467326267378
65.047,"FeatureMask(f0=True, f1=True, f2=True, f3=True, f4=False, f5=True, f6=True, f7=False, f8=False, f9=True, f10=False, f11=True, f12=True)",0.9560467326267378
65.047,"FeatureMask(f0=True, f1=True, f2=True, f3=True, f4=False, f5=True, f6=True, f7=False, f8=False, f9=True, f10=False, f11=True, f12=True)",0.9560467326267378
65.047,"FeatureMask(f0=True, f1=True, f2=True, f3=True, f4=False, f5=True, f6=True, f7=False, f8=False, f9=True, f10=False, f11=True, f12=True)",0.9560467326267378
65.047,"FeatureMask(f0=True, f1=True, f2=True, f3=True, f4=False, f5=True, f6=True, f7=False, f8=False, f9=True, f10=False, f11=True, f12=True)",0.9560467326267378
65.047,"FeatureMask(f0=True, f1=True, f2=True, f3=True, f4=False, f5=True, f6=True, f7=False, f8=False, f9=True, f10=False, f11=True, f12=True)",0.9560467326267378
65.047,"FeatureMask(f0=True, f1=True, f2=True, f3=True, f4=False, f5=True, f6=True, f7=False, f8=False, f9=True, f10=False, f11=True, f12=True)",0.9560467326267378
65.047,"FeatureMask(f0=True, f1=True, f2=True, f3=True, f4=False, f5=True, f6=True, f7=False, f8=False, f9=True, f10=False, f11=True, f12=True)",0.9560467326267378
65.047,"FeatureMask(f0=True, f1=True, f2=True, f3=True, f4=False, f5=True, f6=True, f7=False, f8=False, f9=True, f10=False, f11=True, f12=True)",0.9560467326267378
65.047,"FeatureMask(f0=True, f1=True, f2=True, f3=True, f4=False, f5=True, f6=True, f7=False, f8=False, f9=True, f10=False, f11=True, f12=True)",0.9560467326267378
65.047,"FeatureMask(f0=True, f1=True, f2=True, f3=True, f4=False, f5=True, f6=True, f7=False, f8=False, f9=True, f10=False, f11=True, f12=True)",0.9560467326267378
65.047,"FeatureMask(f0=True, f1=True, f2=True, f3=True, f4=False, f5=True, f6=True, f7=False, f8=False, f9=True, f10=False, f11=True, f12=True)",0.9560467326267378
65.141,"FeatureMask(f0=True, f1=True, f2=True, f3=True, f4=False, f5=True, f6=True, f7=False, f8=False, f9=True, f10=False, f11=True, f12=True)",0.9560467326267378
65.141,"FeatureMask(f0=True, f1=True, f2=True, f3=True, f4=False, f5=True, f6=True, f7=False, f8=False, f9=True, f10=False, f11=True, f12=True)",0.9560467326267378
65.141,"FeatureMask(f0=True, f1=True, f2=True, f3=True, f4=False, f5=True, f6=True, f7=False, f8=False, f9=True, f10=False, f11=True, f12=True)",0.9560467326267378
65.141,"FeatureMask(f0=True, f1=True, f2=True, f3=True, f4=False, f5=True, f6=True, f7=False, f8=False, f9=True, f10=False, f11=True, f12=True)",0.9560467326267378
65.141,"FeatureMask(f0=True, f1=True, f2=True, f3=True, f4=False, f5=True, f6=True, f7=False, f8=False, f9=True, f10=False, f11=True, f12=True)",0.9560467326267378
65.141,"FeatureMask(f0=True, f1=True, f2=True, f3=True, f4=False, f5=True, f6=True, f7=False, f8=False, f9=True, f10=False, f11=True, f12=True)",0.9560467326267378
65.141,"FeatureMask(f0=True, f1=True, f2=True, f3=True, f4=False, f5=True, f6=True, f7=False, f8=False, f9=True, f10=False, f11=True, f12=True)",0.9560467326267378
65.141,"FeatureMask(f0=True, f1=True, f2=True, f3=True, f4=False, f5=True, f6=True, f7=False, f8=False, f9=True, f10=False, f11=True, f12=True)",0.9560467326267378
65.156,"FeatureMask(f0=True, f1=True, f2=True, f3=True, f4=False, f5=True, f6=True, f7=False, f8=False, f9=True, f10=False, f11=True, f12=True)",0.9560467326267378
65.156,"FeatureMask(f0=True, f1=True, f2=True, f3=True, f4=False, f5=True, f6=True, f7=False, f8=False, f9=True, f10=False, f11=True, f12=True)",0.9560467326267378
65.156,"FeatureMask(f0=True, f1=True, f2=True, f3=True, f4=False, f5=True, f6=True, f7=False, f8=False, f9=True, f10=False, f11=True, f12=True)",0.9560467326267378
65.156,"FeatureMask(f0=True, f1=True, f2=True, f3=True, f4=False, f5=True, f6=True, f7=False, f8=False, f9=True, f10=False, f11=True, f12=True)",0.9560467326267378
65.156,"FeatureMask(f0=True, f1=True, f2=True, f3=True, f4=False, f5=True, f6=True, f7=False, f8=False, f9=True, f10=False, f11=True, f12=True)",0.9560467326267378
65.156,"FeatureMask(f0=True, f1=True, f2=True, f3=True, f4=False, f5=True, f6=True, f7=False, f8=False, f9=True, f10=False, f11=True, f12=True)",0.9560467326267378
65.156,"FeatureMask(f0=True, f1=True, f2=True, f3=True, f4=False, f5=True, f6=True, f7=False, f8=False, f9=True, f10=False, f11=True, f12=True)",0.9560467326267378
65.156,"FeatureMask(f0=True, f1=True, f2=True, f3=True, f4=False, f5=True, f6=True, f7=False, f8=False, f9=True, f10=False, f11=True, f12=True)",0.9560467326267378
65.172,"FeatureMask(f0=True, f1=True, f2=True, f3=True, f4=False, f5=True, f6=True, f7=False, f8=False, f9=True, f10=False, f11=True, f12=True)",0.9560467326267378
65.172,"FeatureMask(f0=True, f1=True, f2=True, f3=True, f4=False, f5=True, f6=True, f7=False, f8=False, f9=True, f10=False, f11=True, f12=True)",0.9560467326267378
65.188,"FeatureMask(f0=True, f1=True, f2=True, f3=True, f4=False, f5=True, f6=True, f7=False, f8=False, f9=True, f10=False, f11=True, f12=True)",0.9560467326267378
65.203,"FeatureMask(f0=True, f1=True, f2=True, f3=True, f4=False, f5=True, f6=True, f7=False, f8=False, f9=True, f10=False, f11=True, f12=True)",0.9560467326267378
65.203,"FeatureMask(f0=True, f1=True, f2=True, f3=True, f4=False, f5=True, f6=True, f7=False, f8=False, f9=True, f10=False, f11=True, f12=True)",0.9560467326267378
65.21900000000001,"FeatureMask(f0=True, f1=True, f2=True, f3=True, f4=False, f5=True, f6=True, f7=False, f8=False, f9=True, f10=False, f11=True, f12=True)",0.9560467326267378
65.21900000000001,"FeatureMask(f0=True, f1=True, f2=True, f3=True, f4=False, f5=True, f6=True, f7=False, f8=False, f9=True, f10=False, f11=True, f12=True)",0.9560467326267378
65.235,"FeatureMask(f0=True, f1=True, f2=True, f3=True, f4=False, f5=True, f6=True, f7=False, f8=False, f9=True, f10=False, f11=True, f12=True)",0.9560467326267378
65.235,"FeatureMask(f0=True, f1=True, f2=True, f3=True, f4=False, f5=True, f6=True, f7=False, f8=False, f9=True, f10=False, f11=True, f12=True)",0.9560467326267378
65.25,"FeatureMask(f0=True, f1=True, f2=True, f3=True, f4=False, f5=True, f6=True, f7=False, f8=False, f9=True, f10=False, f11=True, f12=True)",0.9560467326267378
65.266,"FeatureMask(f0=True, f1=True, f2=True, f3=True, f4=False, f5=True, f6=True, f7=False, f8=False, f9=True, f10=False, f11=True, f12=True)",0.9560467326267378
65.266,"FeatureMask(f0=True, f1=True, f2=True, f3=True, f4=False, f5=True, f6=True, f7=False, f8=False, f9=True, f10=False, f11=True, f12=True)",0.9560467326267378
65.266,"FeatureMask(f0=True, f1=True, f2=True, f3=True, f4=False, f5=True, f6=True, f7=False, f8=False, f9=True, f10=False, f11=True, f12=True)",0.9560467326267378
65.266,"FeatureMask(f0=True, f1=True, f2=True, f3=True, f4=False, f5=True, f6=True, f7=False, f8=False, f9=True, f10=False, f11=True, f12=True)",0.9560467326267378
65.266,"FeatureMask(f0=True, f1=True, f2=True, f3=True, f4=False, f5=True, f6=True, f7=False, f8=False, f9=True, f10=False, f11=True, f12=True)",0.9560467326267378
65.266,"FeatureMask(f0=True, f1=True, f2=True, f3=True, f4=False, f5=True, f6=True, f7=False, f8=False, f9=True, f10=False, f11=True, f12=True)",0.9560467326267378
65.266,"FeatureMask(f0=True, f1=True, f2=True, f3=True, f4=False, f5=True, f6=True, f7=False, f8=False, f9=True, f10=False, f11=True, f12=True)",0.9560467326267378
65.266,"FeatureMask(f0=True, f1=True, f2=True, f3=True, f4=False, f5=True, f6=True, f7=False, f8=False, f9=True, f10=False, f11=True, f12=True)",0.9560467326267378
65.266,"FeatureMask(f0=True, f1=True, f2=True, f3=True, f4=False, f5=True, f6=True, f7=False, f8=False, f9=True, f10=False, f11=True, f12=True)",0.9560467326267378
65.266,"FeatureMask(f0=True, f1=True, f2=True, f3=True, f4=False, f5=True, f6=True, f7=False, f8=False, f9=True, f10=False, f11=True, f12=True)",0.9560467326267378
65.266,"FeatureMask(f0=True, f1=True, f2=True, f3=True, f4=False, f5=True, f6=True, f7=False, f8=False, f9=True, f10=False, f11=True, f12=True)",0.9560467326267378
65.266,"FeatureMask(f0=True, f1=True, f2=True, f3=True, f4=False, f5=True, f6=True, f7=False, f8=False, f9=True, f10=False, f11=True, f12=True)",0.9560467326267378
65.266,"FeatureMask(f0=True, f1=True, f2=True, f3=True, f4=False, f5=True, f6=True, f7=False, f8=False, f9=True, f10=False, f11=True, f12=True)",0.9560467326267378
65.36,"FeatureMask(f0=True, f1=True, f2=True, f3=True, f4=False, f5=True, f6=True, f7=False, f8=False, f9=True, f10=False, f11=True, f12=True)",0.9560467326267378
65.36,"FeatureMask(f0=True, f1=True, f2=True, f3=True, f4=False, f5=True, f6=True, f7=False, f8=False, f9=True, f10=False, f11=True, f12=True)",0.9560467326267378
65.36,"FeatureMask(f0=True, f1=True, f2=True, f3=True, f4=False, f5=True, f6=True, f7=False, f8=False, f9=True, f10=False, f11=True, f12=True)",0.9560467326267378
65.36,"FeatureMask(f0=True, f1=True, f2=True, f3=True, f4=False, f5=True, f6=True, f7=False, f8=False, f9=True, f10=False, f11=True, f12=True)",0.9560467326267378
65.36,"FeatureMask(f0=True, f1=True, f2=True, f3=True, f4=False, f5=True, f6=True, f7=False, f8=False, f9=True, f10=False, f11=True, f12=True)",0.9560467326267378
65.36,"FeatureMask(f0=True, f1=True, f2=True, f3=True, f4=False, f5=True, f6=True, f7=False, f8=False, f9=True, f10=False, f11=True, f12=True)",0.9560467326267378
65.36,"FeatureMask(f0=True, f1=True, f2=True, f3=True, f4=False, f5=True, f6=True, f7=False, f8=False, f9=True, f10=False, f11=True, f12=True)",0.9560467326267378
65.36,"FeatureMask(f0=True, f1=True, f2=True, f3=True, f4=False, f5=True, f6=True, f7=False, f8=False, f9=True, f10=False, f11=True, f12=True)",0.9560467326267378
65.36,"FeatureMask(f0=True, f1=True, f2=True, f3=True, f4=False, f5=True, f6=True, f7=False, f8=False, f9=True, f10=False, f11=True, f12=True)",0.9560467326267378
65.36,"FeatureMask(f0=True, f1=True, f2=True, f3=True, f4=False, f5=True, f6=True, f7=False, f8=False, f9=True, f10=False, f11=True, f12=True)",0.9560467326267378
65.36,"FeatureMask(f0=True, f1=True, f2=True, f3=True, f4=False, f5=True, f6=True, f7=False, f8=False, f9=True, f10=False, f11=True, f12=True)",0.9560467326267378
65.36,"FeatureMask(f0=True, f1=True, f2=True, f3=True, f4=False, f5=True, f6=True, f7=False, f8=False, f9=True, f10=False, f11=True, f12=True)",0.9560467326267378
65.36,"FeatureMask(f0=True, f1=True, f2=True, f3=True, f4=False, f5=True, f6=True, f7=False, f8=False, f9=True, f10=False, f11=True, f12=True)",0.9560467326267378
65.36,"FeatureMask(f0=True, f1=True, f2=True, f3=True, f4=False, f5=True, f6=True, f7=False, f8=False, f9=True, f10=False, f11=True, f12=True)",0.9560467326267378
65.36,"FeatureMask(f0=True, f1=True, f2=True, f3=True, f4=False, f5=True, f6=True, f7=False, f8=False, f9=True, f10=False, f11=True, f12=True)",0.9560467326267378
65.375,"FeatureMask(f0=True, f1=True, f2=True, f3=True, f4=False, f5=True, f6=True, f7=False, f8=False, f9=True, f10=False, f11=True, f12=True)",0.9560467326267378
65.375,"FeatureMask(f0=True, f1=True, f2=True, f3=True, f4=False, f5=True, f6=True, f7=False, f8=False, f9=True, f10=False, f11=True, f12=True)",0.9560467326267378
65.375,"FeatureMask(f0=True, f1=True, f2=True, f3=True, f4=False, f5=True, f6=True, f7=False, f8=False, f9=True, f10=False, f11=True, f12=True)",0.9560467326267378
65.375,"FeatureMask(f0=True, f1=True, f2=True, f3=True, f4=False, f5=True, f6=True, f7=False, f8=False, f9=True, f10=False, f11=True, f12=True)",0.9560467326267378
65.391,"FeatureMask(f0=True, f1=True, f2=True, f3=True, f4=False, f5=True, f6=True, f7=False, f8=False, f9=True, f10=False, f11=True, f12=True)",0.9560467326267378
65.391,"FeatureMask(f0=True, f1=True, f2=True, f3=True, f4=False, f5=True, f6=True, f7=False, f8=False, f9=True, f10=False, f11=True, f12=True)",0.9560467326267378
65.406,"FeatureMask(f0=True, f1=True, f2=True, f3=True, f4=False, f5=True, f6=True, f7=False, f8=False, f9=True, f10=False, f11=True, f12=True)",0.9560467326267378
65.406,"FeatureMask(f0=True, f1=True, f2=True, f3=True, f4=False, f5=True, f6=True, f7=False, f8=False, f9=True, f10=False, f11=True, f12=True)",0.9560467326267378
65.422,"FeatureMask(f0=True, f1=True, f2=True, f3=True, f4=False, f5=True, f6=True, f7=False, f8=False, f9=True, f10=False, f11=True, f12=True)",0.9560467326267378
65.422,"FeatureMask(f0=True, f1=True, f2=True, f3=True, f4=False, f5=True, f6=True, f7=False, f8=False, f9=True, f10=False, f11=True, f12=True)",0.9560467326267378
65.438,"FeatureMask(f0=True, f1=True, f2=True, f3=True, f4=False, f5=True, f6=True, f7=False, f8=False, f9=True, f10=False, f11=True, f12=True)",0.9560467326267378
65.453,"FeatureMask(f0=True, f1=True, f2=True, f3=True, f4=False, f5=True, f6=True, f7=False, f8=False, f9=True, f10=False, f11=True, f12=True)",0.9560467326267378
65.453,"FeatureMask(f0=True, f1=True, f2=True, f3=True, f4=False, f5=True, f6=True, f7=False, f8=False, f9=True, f10=False, f11=True, f12=True)",0.9560467326267378
65.46900000000001,"FeatureMask(f0=True, f1=True, f2=True, f3=True, f4=False, f5=True, f6=True, f7=False, f8=False, f9=True, f10=False, f11=True, f12=True)",0.9560467326267378
65.46900000000001,"FeatureMask(f0=True, f1=True, f2=True, f3=True, f4=False, f5=True, f6=True, f7=False, f8=False, f9=True, f10=False, f11=True, f12=True)",0.9560467326267378
65.46900000000001,"FeatureMask(f0=True, f1=True, f2=True, f3=True, f4=False, f5=True, f6=True, f7=False, f8=False, f9=True, f10=False, f11=True, f12=True)",0.9560467326267378
65.46900000000001,"FeatureMask(f0=True, f1=True, f2=True, f3=True, f4=False, f5=True, f6=True, f7=False, f8=False, f9=True, f10=False, f11=True, f12=True)",0.9560467326267378
65.46900000000001,"FeatureMask(f0=True, f1=True, f2=True, f3=True, f4=False, f5=True, f6=True, f7=False, f8=False, f9=True, f10=False, f11=True, f12=True)",0.9560467326267378
65.46900000000001,"FeatureMask(f0=True, f1=True, f2=True, f3=True, f4=False, f5=True, f6=True, f7=False, f8=False, f9=True, f10=False, f11=True, f12=True)",0.9560467326267378
65.46900000000001,"FeatureMask(f0=True, f1=True, f2=True, f3=True, f4=False, f5=True, f6=True, f7=False, f8=False, f9=True, f10=False, f11=True, f12=True)",0.9560467326267378
65.46900000000001,"FeatureMask(f0=True, f1=True, f2=True, f3=True, f4=False, f5=True, f6=True, f7=False, f8=False, f9=True, f10=False, f11=True, f12=True)",0.9560467326267378
65.46900000000001,"FeatureMask(f0=True, f1=True, f2=True, f3=True, f4=False, f5=True, f6=True, f7=False, f8=False, f9=True, f10=False, f11=True, f12=True)",0.9560467326267378
65.46900000000001,"FeatureMask(f0=True, f1=True, f2=True, f3=True, f4=False, f5=True, f6=True, f7=False, f8=False, f9=True, f10=False, f11=True, f12=True)",0.9560467326267378
65.46900000000001,"FeatureMask(f0=True, f1=True, f2=True, f3=True, f4=False, f5=True, f6=True, f7=False, f8=False, f9=True, f10=False, f11=True, f12=True)",0.9560467326267378
65.46900000000001,"FeatureMask(f0=True, f1=True, f2=True, f3=True, f4=False, f5=True, f6=True, f7=False, f8=False, f9=True, f10=False, f11=True, f12=True)",0.9560467326267378
65.547,"FeatureMask(f0=True, f1=True, f2=True, f3=True, f4=False, f5=True, f6=True, f7=False, f8=False, f9=True, f10=False, f11=True, f12=True)",0.9560467326267378
65.547,"FeatureMask(f0=True, f1=True, f2=True, f3=True, f4=False, f5=True, f6=True, f7=False, f8=False, f9=True, f10=False, f11=True, f12=True)",0.9560467326267378
65.547,"FeatureMask(f0=True, f1=True, f2=True, f3=True, f4=False, f5=True, f6=True, f7=False, f8=False, f9=True, f10=False, f11=True, f12=True)",0.9560467326267378
65.547,"FeatureMask(f0=True, f1=True, f2=True, f3=True, f4=False, f5=True, f6=True, f7=False, f8=False, f9=True, f10=False, f11=True, f12=True)",0.9560467326267378
65.547,"FeatureMask(f0=True, f1=True, f2=True, f3=True, f4=False, f5=True, f6=True, f7=False, f8=False, f9=True, f10=False, f11=True, f12=True)",0.9560467326267378
65.547,"FeatureMask(f0=True, f1=True, f2=True, f3=True, f4=False, f5=True, f6=True, f7=False, f8=False, f9=True, f10=False, f11=True, f12=True)",0.9560467326267378
65.547,"FeatureMask(f0=True, f1=True, f2=True, f3=True, f4=False, f5=True, f6=True, f7=False, f8=False, f9=True, f10=False, f11=True, f12=True)",0.9560467326267378
65.547,"FeatureMask(f0=True, f1=True, f2=True, f3=True, f4=False, f5=True, f6=True, f7=False, f8=False, f9=True, f10=False, f11=True, f12=True)",0.9560467326267378
65.547,"FeatureMask(f0=True, f1=True, f2=True, f3=True, f4=False, f5=True, f6=True, f7=False, f8=False, f9=True, f10=False, f11=True, f12=True)",0.9560467326267378
65.547,"FeatureMask(f0=True, f1=True, f2=True, f3=True, f4=False, f5=True, f6=True, f7=False, f8=False, f9=True, f10=False, f11=True, f12=True)",0.9560467326267378
65.547,"FeatureMask(f0=True, f1=True, f2=True, f3=True, f4=False, f5=True, f6=True, f7=False, f8=False, f9=True, f10=False, f11=True, f12=True)",0.9560467326267378
65.547,"FeatureMask(f0=True, f1=True, f2=True, f3=True, f4=False, f5=True, f6=True, f7=False, f8=False, f9=True, f10=False, f11=True, f12=True)",0.9560467326267378
65.547,"FeatureMask(f0=True, f1=True, f2=True, f3=True, f4=False, f5=True, f6=True, f7=False, f8=False, f9=True, f10=False, f11=True, f12=True)",0.9560467326267378
65.547,"FeatureMask(f0=True, f1=True, f2=True, f3=True, f4=False, f5=True, f6=True, f7=False, f8=False, f9=True, f10=False, f11=True, f12=True)",0.9560467326267378
65.547,"FeatureMask(f0=True, f1=True, f2=True, f3=True, f4=False, f5=True, f6=True, f7=False, f8=False, f9=True, f10=False, f11=True, f12=True)",0.9560467326267378
65.563,"FeatureMask(f0=True, f1=True, f2=True, f3=True, f4=False, f5=True, f6=True, f7=False, f8=False, f9=True, f10=False, f11=True, f12=True)",0.9560467326267378
65.578,"FeatureMask(f0=True, f1=True, f2=True, f3=True, f4=False, f5=True, f6=True, f7=False, f8=False, f9=True, f10=False, f11=True, f12=True)",0.9560467326267378
65.578,"FeatureMask(f0=True, f1=True, f2=True, f3=True, f4=False, f5=True, f6=True, f7=False, f8=False, f9=True, f10=False, f11=True, f12=True)",0.9560467326267378
65.59400000000001,"FeatureMask(f0=True, f1=True, f2=True, f3=True, f4=False, f5=True, f6=True, f7=False, f8=False, f9=True, f10=False, f11=True, f12=True)",0.9560467326267378
65.59400000000001,"FeatureMask(f0=True, f1=True, f2=True, f3=True, f4=False, f5=True, f6=True, f7=False, f8=False, f9=True, f10=False, f11=True, f12=True)",0.9560467326267378
65.61,"FeatureMask(f0=True, f1=True, f2=True, f3=True, f4=False, f5=True, f6=True, f7=False, f8=False, f9=True, f10=False, f11=True, f12=True)",0.9560467326267378
65.61,"FeatureMask(f0=True, f1=True, f2=True, f3=True, f4=False, f5=True, f6=True, f7=False, f8=False, f9=True, f10=False, f11=True, f12=True)",0.9560467326267378
65.625,"FeatureMask(f0=True, f1=True, f2=True, f3=True, f4=False, f5=True, f6=True, f7=False, f8=False, f9=True, f10=False, f11=True, f12=True)",0.9560467326267378
65.641,"FeatureMask(f0=True, f1=True, f2=True, f3=True, f4=False, f5=True, f6=True, f7=False, f8=False, f9=True, f10=False, f11=True, f12=True)",0.9560467326267378
65.641,"FeatureMask(f0=True, f1=True, f2=True, f3=True, f4=False, f5=True, f6=True, f7=False, f8=False, f9=True, f10=False, f11=True, f12=True)",0.9560467326267378
65.656,"FeatureMask(f0=True, f1=True, f2=True, f3=True, f4=False, f5=True, f6=True, f7=False, f8=False, f9=True, f10=False, f11=True, f12=True)",0.9560467326267378
65.656,"FeatureMask(f0=True, f1=True, f2=True, f3=True, f4=False, f5=True, f6=True, f7=False, f8=False, f9=True, f10=False, f11=True, f12=True)",0.9560467326267378
65.672,"FeatureMask(f0=True, f1=True, f2=True, f3=True, f4=False, f5=True, f6=True, f7=False, f8=False, f9=True, f10=False, f11=True, f12=True)",0.9560467326267378
65.672,"FeatureMask(f0=True, f1=True, f2=True, f3=True, f4=False, f5=True, f6=True, f7=False, f8=False, f9=True, f10=False, f11=True, f12=True)",0.9560467326267378
65.672,"FeatureMask(f0=True, f1=True, f2=True, f3=True, f4=False, f5=True, f6=True, f7=False, f8=False, f9=True, f10=False, f11=True, f12=True)",0.9560467326267378
65.672,"FeatureMask(f0=True, f1=True, f2=True, f3=True, f4=False, f5=True, f6=True, f7=False, f8=False, f9=True, f10=False, f11=True, f12=True)",0.9560467326267378
65.672,"FeatureMask(f0=True, f1=True, f2=True, f3=True, f4=False, f5=True, f6=True, f7=False, f8=False, f9=True, f10=False, f11=True, f12=True)",0.9560467326267378
65.672,"FeatureMask(f0=True, f1=True, f2=True, f3=True, f4=False, f5=True, f6=True, f7=False, f8=False, f9=True, f10=False, f11=True, f12=True)",0.9560467326267378
65.672,"FeatureMask(f0=True, f1=True, f2=True, f3=True, f4=False, f5=True, f6=True, f7=False, f8=False, f9=True, f10=False, f11=True, f12=True)",0.9560467326267378
65.672,"FeatureMask(f0=True, f1=True, f2=True, f3=True, f4=False, f5=True, f6=True, f7=False, f8=False, f9=True, f10=False, f11=True, f12=True)",0.9560467326267378
65.672,"FeatureMask(f0=True, f1=True, f2=True, f3=True, f4=False, f5=True, f6=True, f7=False, f8=False, f9=True, f10=False, f11=True, f12=True)",0.9560467326267378
65.672,"FeatureMask(f0=True, f1=True, f2=True, f3=True, f4=False, f5=True, f6=True, f7=False, f8=False, f9=True, f10=False, f11=True, f12=True)",0.9560467326267378
65.672,"FeatureMask(f0=True, f1=True, f2=True, f3=True, f4=False, f5=True, f6=True, f7=False, f8=False, f9=True, f10=False, f11=True, f12=True)",0.9560467326267378
65.672,"FeatureMask(f0=True, f1=True, f2=True, f3=True, f4=False, f5=True, f6=True, f7=False, f8=False, f9=True, f10=False, f11=True, f12=True)",0.9560467326267378
65.672,"FeatureMask(f0=True, f1=True, f2=True, f3=True, f4=False, f5=True, f6=True, f7=False, f8=False, f9=True, f10=False, f11=True, f12=True)",0.9560467326267378
65.766,"FeatureMask(f0=True, f1=True, f2=True, f3=True, f4=False, f5=True, f6=True, f7=False, f8=False, f9=True, f10=False, f11=True, f12=True)",0.9560467326267378
65.766,"FeatureMask(f0=True, f1=True, f2=True, f3=True, f4=False, f5=True, f6=True, f7=False, f8=False, f9=True, f10=False, f11=True, f12=True)",0.9560467326267378
65.766,"FeatureMask(f0=True, f1=True, f2=True, f3=True, f4=False, f5=True, f6=True, f7=False, f8=False, f9=True, f10=False, f11=True, f12=True)",0.9560467326267378
65.766,"FeatureMask(f0=True, f1=True, f2=True, f3=True, f4=False, f5=True, f6=True, f7=False, f8=False, f9=True, f10=False, f11=True, f12=True)",0.9560467326267378
65.766,"FeatureMask(f0=True, f1=True, f2=True, f3=True, f4=False, f5=True, f6=True, f7=False, f8=False, f9=True, f10=False, f11=True, f12=True)",0.9560467326267378
65.766,"FeatureMask(f0=True, f1=True, f2=True, f3=True, f4=False, f5=True, f6=True, f7=False, f8=False, f9=True, f10=False, f11=True, f12=True)",0.9560467326267378
65.766,"FeatureMask(f0=True, f1=True, f2=True, f3=True, f4=False, f5=True, f6=True, f7=False, f8=False, f9=True, f10=False, f11=True, f12=True)",0.9560467326267378
65.766,"FeatureMask(f0=True, f1=True, f2=True, f3=True, f4=False, f5=True, f6=True, f7=False, f8=False, f9=True, f10=False, f11=True, f12=True)",0.9560467326267378
65.766,"FeatureMask(f0=True, f1=True, f2=True, f3=True, f4=False, f5=True, f6=True, f7=False, f8=False, f9=True, f10=False, f11=True, f12=True)",0.9560467326267378
65.766,"FeatureMask(f0=True, f1=True, f2=True, f3=True, f4=False, f5=True, f6=True, f7=False, f8=False, f9=True, f10=False, f11=True, f12=True)",0.9560467326267378
65.766,"FeatureMask(f0=True, f1=True, f2=True, f3=True, f4=False, f5=True, f6=True, f7=False, f8=False, f9=True, f10=False, f11=True, f12=True)",0.9560467326267378
65.766,"FeatureMask(f0=True, f1=True, f2=True, f3=True, f4=False, f5=True, f6=True, f7=False, f8=False, f9=True, f10=False, f11=True, f12=True)",0.9560467326267378
65.766,"FeatureMask(f0=True, f1=True, f2=True, f3=True, f4=False, f5=True, f6=True, f7=False, f8=False, f9=True, f10=False, f11=True, f12=True)",0.9560467326267378
65.766,"FeatureMask(f0=True, f1=True, f2=True, f3=True, f4=False, f5=True, f6=True, f7=False, f8=False, f9=True, f10=False, f11=True, f12=True)",0.9560467326267378
65.766,"FeatureMask(f0=True, f1=True, f2=True, f3=True, f4=False, f5=True, f6=True, f7=False, f8=False, f9=True, f10=False, f11=True, f12=True)",0.9560467326267378
65.781,"FeatureMask(f0=True, f1=True, f2=True, f3=True, f4=False, f5=True, f6=True, f7=False, f8=False, f9=True, f10=False, f11=True, f12=True)",0.9560467326267378
65.781,"FeatureMask(f0=True, f1=True, f2=True, f3=True, f4=False, f5=True, f6=True, f7=False, f8=False, f9=True, f10=False, f11=True, f12=True)",0.9560467326267378
65.797,"FeatureMask(f0=True, f1=True, f2=True, f3=True, f4=False, f5=True, f6=True, f7=False, f8=False, f9=True, f10=False, f11=True, f12=True)",0.9560467326267378
65.797,"FeatureMask(f0=True, f1=True, f2=True, f3=True, f4=False, f5=True, f6=True, f7=False, f8=False, f9=True, f10=False, f11=True, f12=True)",0.9560467326267378
65.813,"FeatureMask(f0=True, f1=True, f2=True, f3=True, f4=False, f5=True, f6=True, f7=False, f8=False, f9=True, f10=False, f11=True, f12=True)",0.9560467326267378
65.813,"FeatureMask(f0=True, f1=True, f2=True, f3=True, f4=False, f5=True, f6=True, f7=False, f8=False, f9=True, f10=False, f11=True, f12=True)",0.9560467326267378
65.813,"FeatureMask(f0=True, f1=True, f2=True, f3=True, f4=False, f5=True, f6=True, f7=False, f8=False, f9=True, f10=False, f11=True, f12=True)",0.9560467326267378
65.813,"FeatureMask(f0=True, f1=True, f2=True, f3=True, f4=False, f5=True, f6=True, f7=False, f8=False, f9=True, f10=False, f11=True, f12=True)",0.9560467326267378
65.828,"FeatureMask(f0=True, f1=True, f2=True, f3=True, f4=False, f5=True, f6=True, f7=False, f8=False, f9=True, f10=False, f11=True, f12=True)",0.9560467326267378
65.84400000000001,"FeatureMask(f0=True, f1=True, f2=True, f3=True, f4=False, f5=True, f6=True, f7=False, f8=False, f9=True, f10=False, f11=True, f12=True)",0.9560467326267378
65.84400000000001,"FeatureMask(f0=True, f1=True, f2=True, f3=True, f4=False, f5=True, f6=True, f7=False, f8=False, f9=True, f10=False, f11=True, f12=True)",0.9560467326267378
65.86,"FeatureMask(f0=True, f1=True, f2=True, f3=True, f4=False, f5=True, f6=True, f7=False, f8=False, f9=True, f10=False, f11=True, f12=True)",0.9560467326267378
65.86,"FeatureMask(f0=True, f1=True, f2=True, f3=True, f4=False, f5=True, f6=True, f7=False, f8=False, f9=True, f10=False, f11=True, f12=True)",0.9560467326267378
65.875,"FeatureMask(f0=True, f1=True, f2=True, f3=True, f4=False, f5=True, f6=True, f7=False, f8=False, f9=True, f10=False, f11=True, f12=True)",0.9560467326267378
65.875,"FeatureMask(f0=True, f1=True, f2=True, f3=True, f4=False, f5=True, f6=True, f7=False, f8=False, f9=True, f10=False, f11=True, f12=True)",0.9560467326267378
65.875,"FeatureMask(f0=True, f1=True, f2=True, f3=True, f4=False, f5=True, f6=True, f7=False, f8=False, f9=True, f10=False, f11=True, f12=True)",0.9560467326267378
65.875,"FeatureMask(f0=True, f1=True, f2=True, f3=True, f4=False, f5=True, f6=True, f7=False, f8=False, f9=True, f10=False, f11=True, f12=True)",0.9560467326267378
65.875,"FeatureMask(f0=True, f1=True, f2=True, f3=True, f4=False, f5=True, f6=True, f7=False, f8=False, f9=True, f10=False, f11=True, f12=True)",0.9560467326267378
65.875,"FeatureMask(f0=True, f1=True, f2=True, f3=True, f4=False, f5=True, f6=True, f7=False, f8=False, f9=True, f10=False, f11=True, f12=True)",0.9560467326267378
65.875,"FeatureMask(f0=True, f1=True, f2=True, f3=True, f4=False, f5=True, f6=True, f7=False, f8=False, f9=True, f10=False, f11=True, f12=True)",0.9560467326267378
65.875,"FeatureMask(f0=True, f1=True, f2=True, f3=True, f4=False, f5=True, f6=True, f7=False, f8=False, f9=True, f10=False, f11=True, f12=True)",0.9560467326267378
65.875,"FeatureMask(f0=True, f1=True, f2=True, f3=True, f4=False, f5=True, f6=True, f7=False, f8=False, f9=True, f10=False, f11=True, f12=True)",0.9560467326267378
65.875,"FeatureMask(f0=True, f1=True, f2=True, f3=True, f4=False, f5=True, f6=True, f7=False, f8=False, f9=True, f10=False, f11=True, f12=True)",0.9560467326267378
65.875,"FeatureMask(f0=True, f1=True, f2=True, f3=True, f4=False, f5=True, f6=True, f7=False, f8=False, f9=True, f10=False, f11=True, f12=True)",0.9560467326267378
65.875,"FeatureMask(f0=True, f1=True, f2=True, f3=True, f4=False, f5=True, f6=True, f7=False, f8=False, f9=True, f10=False, f11=True, f12=True)",0.9560467326267378
65.96900000000001,"FeatureMask(f0=True, f1=True, f2=True, f3=True, f4=False, f5=True, f6=True, f7=False, f8=False, f9=True, f10=False, f11=True, f12=True)",0.9560467326267378
65.96900000000001,"FeatureMask(f0=True, f1=True, f2=True, f3=True, f4=False, f5=True, f6=True, f7=False, f8=False, f9=True, f10=False, f11=True, f12=True)",0.9560467326267378
65.96900000000001,"FeatureMask(f0=True, f1=True, f2=True, f3=True, f4=False, f5=True, f6=True, f7=False, f8=False, f9=True, f10=False, f11=True, f12=True)",0.9560467326267378
65.96900000000001,"FeatureMask(f0=True, f1=True, f2=True, f3=True, f4=False, f5=True, f6=True, f7=False, f8=False, f9=True, f10=False, f11=True, f12=True)",0.9560467326267378
66.09400000000001,"FeatureMask(f0=True, f1=True, f2=True, f3=True, f4=False, f5=True, f6=True, f7=False, f8=False, f9=True, f10=False, f11=True, f12=True)",0.9560467326267378
66.09400000000001,"FeatureMask(f0=True, f1=True, f2=True, f3=True, f4=False, f5=True, f6=True, f7=False, f8=False, f9=True, f10=False, f11=True, f12=True)",0.9560467326267378
66.09400000000001,"FeatureMask(f0=True, f1=True, f2=True, f3=True, f4=False, f5=True, f6=True, f7=False, f8=False, f9=True, f10=False, f11=True, f12=True)",0.9560467326267378
66.09400000000001,"FeatureMask(f0=True, f1=True, f2=True, f3=True, f4=False, f5=True, f6=True, f7=False, f8=False, f9=True, f10=False, f11=True, f12=True)",0.9560467326267378
66.09400000000001,"FeatureMask(f0=True, f1=True, f2=True, f3=True, f4=False, f5=True, f6=True, f7=False, f8=False, f9=True, f10=False, f11=True, f12=True)",0.9560467326267378
66.09400000000001,"FeatureMask(f0=True, f1=True, f2=True, f3=True, f4=False, f5=True, f6=True, f7=False, f8=False, f9=True, f10=False, f11=True, f12=True)",0.9560467326267378
66.09400000000001,"FeatureMask(f0=True, f1=True, f2=True, f3=True, f4=False, f5=True, f6=True, f7=False, f8=False, f9=True, f10=False, f11=True, f12=True)",0.9560467326267378
66.09400000000001,"FeatureMask(f0=True, f1=True, f2=True, f3=True, f4=False, f5=True, f6=True, f7=False, f8=False, f9=True, f10=False, f11=True, f12=True)",0.9560467326267378
66.09400000000001,"FeatureMask(f0=True, f1=True, f2=True, f3=True, f4=False, f5=True, f6=True, f7=False, f8=False, f9=True, f10=False, f11=True, f12=True)",0.9560467326267378
66.09400000000001,"FeatureMask(f0=True, f1=True, f2=True, f3=True, f4=False, f5=True, f6=True, f7=False, f8=False, f9=True, f10=False, f11=True, f12=True)",0.9560467326267378
66.313,"FeatureMask(f0=True, f1=True, f2=True, f3=True, f4=False, f5=True, f6=True, f7=False, f8=False, f9=True, f10=False, f11=True, f12=True)",0.9560467326267378
66.313,"FeatureMask(f0=True, f1=True, f2=True, f3=True, f4=False, f5=True, f6=True, f7=False, f8=False, f9=True, f10=False, f11=True, f12=True)",0.9560467326267378
66.313,"FeatureMask(f0=True, f1=True, f2=True, f3=True, f4=False, f5=True, f6=True, f7=False, f8=False, f9=True, f10=False, f11=True, f12=True)",0.9560467326267378
66.313,"FeatureMask(f0=True, f1=True, f2=True, f3=True, f4=False, f5=True, f6=True, f7=False, f8=False, f9=True, f10=False, f11=True, f12=True)",0.9560467326267378
66.313,"FeatureMask(f0=True, f1=True, f2=True, f3=True, f4=False, f5=True, f6=True, f7=False, f8=False, f9=True, f10=False, f11=True, f12=True)",0.9560467326267378
66.313,"FeatureMask(f0=True, f1=True, f2=True, f3=True, f4=False, f5=True, f6=True, f7=False, f8=False, f9=True, f10=False, f11=True, f12=True)",0.9560467326267378
66.313,"FeatureMask(f0=True, f1=True, f2=True, f3=True, f4=False, f5=True, f6=True, f7=False, f8=False, f9=True, f10=False, f11=True, f12=True)",0.9560467326267378
66.313,"FeatureMask(f0=True, f1=True, f2=True, f3=True, f4=False, f5=True, f6=True, f7=False, f8=False, f9=True, f10=False, f11=True, f12=True)",0.9560467326267378
66.313,"FeatureMask(f0=True, f1=True, f2=True, f3=True, f4=False, f5=True, f6=True, f7=False, f8=False, f9=True, f10=False, f11=True, f12=True)",0.9560467326267378
66.313,"FeatureMask(f0=True, f1=True, f2=True, f3=True, f4=False, f5=True, f6=True, f7=False, f8=False, f9=True, f10=False, f11=True, f12=True)",0.9560467326267378
66.406,"FeatureMask(f0=True, f1=True, f2=True, f3=True, f4=False, f5=True, f6=True, f7=False, f8=False, f9=True, f10=False, f11=True, f12=True)",0.9560467326267378
66.531,"FeatureMask(f0=True, f1=True, f2=True, f3=True, f4=False, f5=True, f6=True, f7=False, f8=False, f9=True, f10=False, f11=True, f12=True)",0.9560467326267378
66.531,"FeatureMask(f0=True, f1=True, f2=True, f3=True, f4=False, f5=True, f6=True, f7=False, f8=False, f9=True, f10=False, f11=True, f12=True)",0.9560467326267378
66.531,"FeatureMask(f0=True, f1=True, f2=True, f3=True, f4=False, f5=True, f6=True, f7=False, f8=False, f9=True, f10=False, f11=True, f12=True)",0.9560467326267378
66.531,"FeatureMask(f0=True, f1=True, f2=True, f3=True, f4=False, f5=True, f6=True, f7=False, f8=False, f9=True, f10=False, f11=True, f12=True)",0.9560467326267378
66.531,"FeatureMask(f0=True, f1=True, f2=True, f3=True, f4=False, f5=True, f6=True, f7=False, f8=False, f9=True, f10=False, f11=True, f12=True)",0.9560467326267378
66.531,"FeatureMask(f0=True, f1=True, f2=True, f3=True, f4=False, f5=True, f6=True, f7=False, f8=False, f9=True, f10=False, f11=True, f12=True)",0.9560467326267378
66.531,"FeatureMask(f0=True, f1=True, f2=True, f3=True, f4=False, f5=True, f6=True, f7=False, f8=False, f9=True, f10=False, f11=True, f12=True)",0.9560467326267378
66.531,"FeatureMask(f0=True, f1=True, f2=True, f3=True, f4=False, f5=True, f6=True, f7=False, f8=False, f9=True, f10=False, f11=True, f12=True)",0.9560467326267378
66.531,"FeatureMask(f0=True, f1=True, f2=True, f3=True, f4=False, f5=True, f6=True, f7=False, f8=False, f9=True, f10=False, f11=True, f12=True)",0.9560467326267378
66.531,"FeatureMask(f0=True, f1=True, f2=True, f3=True, f4=False, f5=True, f6=True, f7=False, f8=False, f9=True, f10=False, f11=True, f12=True)",0.9560467326267378
66.61,"FeatureMask(f0=True, f1=True, f2=True, f3=True, f4=False, f5=True, f6=True, f7=False, f8=False, f9=True, f10=False, f11=True, f12=True)",0.9560467326267378
66.703,"FeatureMask(f0=True, f1=True, f2=True, f3=True, f4=False, f5=True, f6=True, f7=False, f8=False, f9=True, f10=False, f11=True, f12=True)",0.9560467326267378
66.703,"FeatureMask(f0=True, f1=True, f2=True, f3=True, f4=False, f5=True, f6=True, f7=False, f8=False, f9=True, f10=False, f11=True, f12=True)",0.9560467326267378
66.703,"FeatureMask(f0=True, f1=True, f2=True, f3=True, f4=False, f5=True, f6=True, f7=False, f8=False, f9=True, f10=False, f11=True, f12=True)",0.9560467326267378
66.703,"FeatureMask(f0=True, f1=True, f2=True, f3=True, f4=False, f5=True, f6=True, f7=False, f8=False, f9=True, f10=False, f11=True, f12=True)",0.9560467326267378
66.703,"FeatureMask(f0=True, f1=True, f2=True, f3=True, f4=False, f5=True, f6=True, f7=False, f8=False, f9=True, f10=False, f11=True, f12=True)",0.9560467326267378
66.703,"FeatureMask(f0=True, f1=True, f2=True, f3=True, f4=False, f5=True, f6=True, f7=False, f8=False, f9=True, f10=False, f11=True, f12=True)",0.9560467326267378
66.703,"FeatureMask(f0=True, f1=True, f2=True, f3=True, f4=False, f5=True, f6=True, f7=False, f8=False, f9=True, f10=False, f11=True, f12=True)",0.9560467326267378
66.703,"FeatureMask(f0=True, f1=True, f2=True, f3=True, f4=False, f5=True, f6=True, f7=False, f8=False, f9=True, f10=False, f11=True, f12=True)",0.9560467326267378
66.703,"FeatureMask(f0=True, f1=True, f2=True, f3=True, f4=False, f5=True, f6=True, f7=False, f8=False, f9=True, f10=False, f11=True, f12=True)",0.9560467326267378
66.703,"FeatureMask(f0=True, f1=True, f2=True, f3=True, f4=False, f5=True, f6=True, f7=False, f8=False, f9=True, f10=False, f11=True, f12=True)",0.9560467326267378
66.79700000000001,"FeatureMask(f0=True, f1=True, f2=True, f3=True, f4=False, f5=True, f6=True, f7=False, f8=False, f9=True, f10=False, f11=True, f12=True)",0.9560467326267378
66.79700000000001,"FeatureMask(f0=True, f1=True, f2=True, f3=True, f4=False, f5=True, f6=True, f7=False, f8=False, f9=True, f10=False, f11=True, f12=True)",0.9560467326267378
66.86,"FeatureMask(f0=True, f1=True, f2=True, f3=True, f4=False, f5=True, f6=True, f7=False, f8=False, f9=True, f10=False, f11=True, f12=True)",0.9560467326267378
66.86,"FeatureMask(f0=True, f1=True, f2=True, f3=True, f4=False, f5=True, f6=True, f7=False, f8=False, f9=True, f10=False, f11=True, f12=True)",0.9560467326267378
66.86,"FeatureMask(f0=True, f1=True, f2=True, f3=True, f4=False, f5=True, f6=True, f7=False, f8=False, f9=True, f10=False, f11=True, f12=True)",0.9560467326267378
66.86,"FeatureMask(f0=True, f1=True, f2=True, f3=True, f4=False, f5=True, f6=True, f7=False, f8=False, f9=True, f10=False, f11=True, f12=True)",0.9560467326267378
66.86,"FeatureMask(f0=True, f1=True, f2=True, f3=True, f4=False, f5=True, f6=True, f7=False, f8=False, f9=True, f10=False, f11=True, f12=True)",0.9560467326267378
66.86,"FeatureMask(f0=True, f1=True, f2=True, f3=True, f4=False, f5=True, f6=True, f7=False, f8=False, f9=True, f10=False, f11=True, f12=True)",0.9560467326267378
66.86,"FeatureMask(f0=True, f1=True, f2=True, f3=True, f4=False, f5=True, f6=True, f7=False, f8=False, f9=True, f10=False, f11=True, f12=True)",0.9560467326267378
66.86,"FeatureMask(f0=True, f1=True, f2=True, f3=True, f4=False, f5=True, f6=True, f7=False, f8=False, f9=True, f10=False, f11=True, f12=True)",0.9560467326267378
66.86,"FeatureMask(f0=True, f1=True, f2=True, f3=True, f4=False, f5=True, f6=True, f7=False, f8=False, f9=True, f10=False, f11=True, f12=True)",0.9560467326267378
66.86,"FeatureMask(f0=True, f1=True, f2=True, f3=True, f4=False, f5=True, f6=True, f7=False, f8=False, f9=True, f10=False, f11=True, f12=True)",0.9560467326267378
66.938,"FeatureMask(f0=True, f1=True, f2=True, f3=True, f4=False, f5=True, f6=True, f7=False, f8=False, f9=True, f10=False, f11=True, f12=True)",0.9560467326267378
67.063,"FeatureMask(f0=True, f1=True, f2=True, f3=True, f4=False, f5=True, f6=True, f7=False, f8=False, f9=True, f10=False, f11=True, f12=True)",0.9560467326267378
67.063,"FeatureMask(f0=True, f1=True, f2=True, f3=True, f4=False, f5=True, f6=True, f7=False, f8=False, f9=True, f10=False, f11=True, f12=True)",0.9560467326267378
67.063,"FeatureMask(f0=True, f1=True, f2=True, f3=True, f4=False, f5=True, f6=True, f7=False, f8=False, f9=True, f10=False, f11=True, f12=True)",0.9560467326267378
67.063,"FeatureMask(f0=True, f1=True, f2=True, f3=True, f4=False, f5=True, f6=True, f7=False, f8=False, f9=True, f10=False, f11=True, f12=True)",0.9560467326267378
67.063,"FeatureMask(f0=True, f1=True, f2=True, f3=True, f4=False, f5=True, f6=True, f7=False, f8=False, f9=True, f10=False, f11=True, f12=True)",0.9560467326267378
67.078,"FeatureMask(f0=True, f1=True, f2=True, f3=True, f4=False, f5=True, f6=True, f7=False, f8=False, f9=True, f10=False, f11=True, f12=True)",0.9560467326267378
67.078,"FeatureMask(f0=True, f1=True, f2=True, f3=True, f4=False, f5=True, f6=True, f7=False, f8=False, f9=True, f10=False, f11=True, f12=True)",0.9560467326267378
67.078,"FeatureMask(f0=True, f1=True, f2=True, f3=True, f4=False, f5=True, f6=True, f7=False, f8=False, f9=True, f10=False, f11=True, f12=True)",0.9560467326267378
67.078,"FeatureMask(f0=True, f1=True, f2=True, f3=True, f4=False, f5=True, f6=True, f7=False, f8=False, f9=True, f10=False, f11=True, f12=True)",0.9560467326267378
67.078,"FeatureMask(f0=True, f1=True, f2=True, f3=True, f4=False, f5=True, f6=True, f7=False, f8=False, f9=True, f10=False, f11=True, f12=True)",0.9560467326267378
67.156,"FeatureMask(f0=True, f1=True, f2=True, f3=True, f4=False, f5=True, f6=True, f7=False, f8=False, f9=True, f10=False, f11=True, f12=True)",0.9560467326267378
67.281,"FeatureMask(f0=True, f1=True, f2=True, f3=True, f4=False, f5=True, f6=True, f7=False, f8=False, f9=True, f10=False, f11=True, f12=True)",0.9560467326267378
67.281,"FeatureMask(f0=True, f1=True, f2=True, f3=True, f4=False, f5=True, f6=True, f7=False, f8=False, f9=True, f10=False, f11=True, f12=True)",0.9560467326267378
67.281,"FeatureMask(f0=True, f1=True, f2=True, f3=True, f4=False, f5=True, f6=True, f7=False, f8=False, f9=True, f10=False, f11=True, f12=True)",0.9560467326267378
67.281,"FeatureMask(f0=True, f1=True, f2=True, f3=True, f4=False, f5=True, f6=True, f7=False, f8=False, f9=True, f10=False, f11=True, f12=True)",0.9560467326267378
67.281,"FeatureMask(f0=True, f1=True, f2=True, f3=True, f4=False, f5=True, f6=True, f7=False, f8=False, f9=True, f10=False, f11=True, f12=True)",0.9560467326267378
67.281,"FeatureMask(f0=True, f1=True, f2=True, f3=True, f4=False, f5=True, f6=True, f7=False, f8=False, f9=True, f10=False, f11=True, f12=True)",0.9560467326267378
67.281,"FeatureMask(f0=True, f1=True, f2=True, f3=True, f4=False, f5=True, f6=True, f7=False, f8=False, f9=True, f10=False, f11=True, f12=True)",0.9560467326267378
67.281,"FeatureMask(f0=True, f1=True, f2=True, f3=True, f4=False, f5=True, f6=True, f7=False, f8=False, f9=True, f10=False, f11=True, f12=True)",0.9560467326267378
67.281,"FeatureMask(f0=True, f1=True, f2=True, f3=True, f4=False, f5=True, f6=True, f7=False, f8=False, f9=True, f10=False, f11=True, f12=True)",0.9560467326267378
67.281,"FeatureMask(f0=True, f1=True, f2=True, f3=True, f4=False, f5=True, f6=True, f7=False, f8=False, f9=True, f10=False, f11=True, f12=True)",0.9560467326267378
67.485,"FeatureMask(f0=True, f1=True, f2=True, f3=True, f4=False, f5=True, f6=True, f7=False, f8=False, f9=True, f10=False, f11=True, f12=True)",0.9560467326267378
67.485,"FeatureMask(f0=True, f1=True, f2=True, f3=True, f4=False, f5=True, f6=True, f7=False, f8=False, f9=True, f10=False, f11=True, f12=True)",0.9560467326267378
67.485,"FeatureMask(f0=True, f1=True, f2=True, f3=True, f4=False, f5=True, f6=True, f7=False, f8=False, f9=True, f10=False, f11=True, f12=True)",0.9560467326267378
67.485,"FeatureMask(f0=True, f1=True, f2=True, f3=True, f4=False, f5=True, f6=True, f7=False, f8=False, f9=True, f10=False, f11=True, f12=True)",0.9560467326267378
67.485,"FeatureMask(f0=True, f1=True, f2=True, f3=True, f4=False, f5=True, f6=True, f7=False, f8=False, f9=True, f10=False, f11=True, f12=True)",0.9560467326267378
67.485,"FeatureMask(f0=True, f1=True, f2=True, f3=True, f4=False, f5=True, f6=True, f7=False, f8=False, f9=True, f10=False, f11=True, f12=True)",0.9560467326267378
67.485,"FeatureMask(f0=True, f1=True, f2=True, f3=True, f4=False, f5=True, f6=True, f7=False, f8=False, f9=True, f10=False, f11=True, f12=True)",0.9560467326267378
67.485,"FeatureMask(f0=True, f1=True, f2=True, f3=True, f4=False, f5=True, f6=True, f7=False, f8=False, f9=True, f10=False, f11=True, f12=True)",0.9560467326267378
67.485,"FeatureMask(f0=True, f1=True, f2=True, f3=True, f4=False, f5=True, f6=True, f7=False, f8=False, f9=True, f10=False, f11=True, f12=True)",0.9560467326267378
67.485,"FeatureMask(f0=True, f1=True, f2=True, f3=True, f4=False, f5=True, f6=True, f7=False, f8=False, f9=True, f10=False, f11=True, f12=True)",0.9560467326267378
67.563,"FeatureMask(f0=True, f1=True, f2=True, f3=True, f4=False, f5=True, f6=True, f7=False, f8=False, f9=True, f10=False, f11=True, f12=True)",0.9560467326267378
67.656,"FeatureMask(f0=True, f1=True, f2=True, f3=True, f4=False, f5=True, f6=True, f7=False, f8=False, f9=True, f10=False, f11=True, f12=True)",0.9560467326267378
67.656,"FeatureMask(f0=True, f1=True, f2=True, f3=True, f4=False, f5=True, f6=True, f7=False, f8=False, f9=True, f10=False, f11=True, f12=True)",0.9560467326267378
67.656,"FeatureMask(f0=True, f1=True, f2=True, f3=True, f4=False, f5=True, f6=True, f7=False, f8=False, f9=True, f10=False, f11=True, f12=True)",0.9560467326267378
67.656,"FeatureMask(f0=True, f1=True, f2=True, f3=True, f4=False, f5=True, f6=True, f7=False, f8=False, f9=True, f10=False, f11=True, f12=True)",0.9560467326267378
67.656,"FeatureMask(f0=True, f1=True, f2=True, f3=True, f4=False, f5=True, f6=True, f7=False, f8=False, f9=True, f10=False, f11=True, f12=True)",0.9560467326267378
67.656,"FeatureMask(f0=True, f1=True, f2=True, f3=True, f4=False, f5=True, f6=True, f7=False, f8=False, f9=True, f10=False, f11=True, f12=True)",0.9560467326267378
67.656,"FeatureMask(f0=True, f1=True, f2=True, f3=True, f4=False, f5=True, f6=True, f7=False, f8=False, f9=True, f10=False, f11=True, f12=True)",0.9560467326267378
67.656,"FeatureMask(f0=True, f1=True, f2=True, f3=True, f4=False, f5=True, f6=True, f7=False, f8=False, f9=True, f10=False, f11=True, f12=True)",0.9560467326267378
67.656,"FeatureMask(f0=True, f1=True, f2=True, f3=True, f4=False, f5=True, f6=True, f7=False, f8=False, f9=True, f10=False, f11=True, f12=True)",0.9560467326267378
67.656,"FeatureMask(f0=True, f1=True, f2=True, f3=True, f4=False, f5=True, f6=True, f7=False, f8=False, f9=True, f10=False, f11=True, f12=True)",0.9560467326267378
67.86,"FeatureMask(f0=True, f1=True, f2=True, f3=True, f4=False, f5=True, f6=True, f7=False, f8=False, f9=True, f10=False, f11=True, f12=True)",0.9560467326267378
67.86,"FeatureMask(f0=True, f1=True, f2=True, f3=True, f4=False, f5=True, f6=True, f7=False, f8=False, f9=True, f10=False, f11=True, f12=True)",0.9560467326267378
67.86,"FeatureMask(f0=True, f1=True, f2=True, f3=True, f4=False, f5=True, f6=True, f7=False, f8=False, f9=True, f10=False, f11=True, f12=True)",0.9560467326267378
67.86,"FeatureMask(f0=True, f1=True, f2=True, f3=True, f4=False, f5=True, f6=True, f7=False, f8=False, f9=True, f10=False, f11=True, f12=True)",0.9560467326267378
67.86,"FeatureMask(f0=True, f1=True, f2=True, f3=True, f4=False, f5=True, f6=True, f7=False, f8=False, f9=True, f10=False, f11=True, f12=True)",0.9560467326267378
67.86,"FeatureMask(f0=True, f1=True, f2=True, f3=True, f4=False, f5=True, f6=True, f7=False, f8=False, f9=True, f10=False, f11=True, f12=True)",0.9560467326267378
67.86,"FeatureMask(f0=True, f1=True, f2=True, f3=True, f4=False, f5=True, f6=True, f7=False, f8=False, f9=True, f10=False, f11=True, f12=True)",0.9560467326267378
67.86,"FeatureMask(f0=True, f1=True, f2=True, f3=True, f4=False, f5=True, f6=True, f7=False, f8=False, f9=True, f10=False, f11=True, f12=True)",0.9560467326267378
67.86,"FeatureMask(f0=True, f1=True, f2=True, f3=True, f4=False, f5=True, f6=True, f7=False, f8=False, f9=True, f10=False, f11=True, f12=True)",0.9560467326267378
67.86,"FeatureMask(f0=True, f1=True, f2=True, f3=True, f4=False, f5=True, f6=True, f7=False, f8=False, f9=True, f10=False, f11=True, f12=True)",0.9560467326267378
67.953,"FeatureMask(f0=True, f1=True, f2=True, f3=True, f4=False, f5=True, f6=True, f7=False, f8=False, f9=True, f10=False, f11=True, f12=True)",0.9560467326267378
67.953,"FeatureMask(f0=True, f1=True, f2=True, f3=True, f4=False, f5=True, f6=True, f7=False, f8=False, f9=True, f10=False, f11=True, f12=True)",0.9560467326267378
68.031,"FeatureMask(f0=True, f1=True, f2=True, f3=True, f4=False, f5=True, f6=True, f7=False, f8=False, f9=True, f10=False, f11=True, f12=True)",0.9560467326267378
68.031,"FeatureMask(f0=True, f1=True, f2=True, f3=True, f4=False, f5=True, f6=True, f7=False, f8=False, f9=True, f10=False, f11=True, f12=True)",0.9560467326267378
68.031,"FeatureMask(f0=True, f1=True, f2=True, f3=True, f4=False, f5=True, f6=True, f7=False, f8=False, f9=True, f10=False, f11=True, f12=True)",0.9560467326267378
68.031,"FeatureMask(f0=True, f1=True, f2=True, f3=True, f4=False, f5=True, f6=True, f7=False, f8=False, f9=True, f10=False, f11=True, f12=True)",0.9560467326267378
68.031,"FeatureMask(f0=True, f1=True, f2=True, f3=True, f4=False, f5=True, f6=True, f7=False, f8=False, f9=True, f10=False, f11=True, f12=True)",0.9560467326267378
68.031,"FeatureMask(f0=True, f1=True, f2=True, f3=True, f4=False, f5=True, f6=True, f7=False, f8=False, f9=True, f10=False, f11=True, f12=True)",0.9560467326267378
68.031,"FeatureMask(f0=True, f1=True, f2=True, f3=True, f4=False, f5=True, f6=True, f7=False, f8=False, f9=True, f10=False, f11=True, f12=True)",0.9560467326267378
68.031,"FeatureMask(f0=True, f1=True, f2=True, f3=True, f4=False, f5=True, f6=True, f7=False, f8=False, f9=True, f10=False, f11=True, f12=True)",0.9560467326267378
68.031,"FeatureMask(f0=True, f1=True, f2=True, f3=True, f4=False, f5=True, f6=True, f7=False, f8=False, f9=True, f10=False, f11=True, f12=True)",0.9560467326267378
68.031,"FeatureMask(f0=True, f1=True, f2=True, f3=True, f4=False, f5=True, f6=True, f7=False, f8=False, f9=True, f10=False, f11=True, f12=True)",0.9560467326267378
68.11,"FeatureMask(f0=True, f1=True, f2=True, f3=True, f4=False, f5=True, f6=True, f7=False, f8=False, f9=True, f10=False, f11=True, f12=True)",0.9560467326267378
68.11,"FeatureMask(f0=True, f1=True, f2=True, f3=True, f4=False, f5=True, f6=True, f7=False, f8=False, f9=True, f10=False, f11=True, f12=True)",0.9560467326267378
68.11,"FeatureMask(f0=True, f1=True, f2=True, f3=True, f4=False, f5=True, f6=True, f7=False, f8=False, f9=True, f10=False, f11=True, f12=True)",0.9560467326267378
68.21900000000001,"FeatureMask(f0=True, f1=True, f2=True, f3=True, f4=False, f5=True, f6=True, f7=False, f8=False, f9=True, f10=False, f11=True, f12=True)",0.9560467326267378
68.21900000000001,"FeatureMask(f0=True, f1=True, f2=True, f3=True, f4=False, f5=True, f6=True, f7=False, f8=False, f9=True, f10=False, f11=True, f12=True)",0.9560467326267378
68.21900000000001,"FeatureMask(f0=True, f1=True, f2=True, f3=True, f4=False, f5=True, f6=True, f7=False, f8=False, f9=True, f10=False, f11=True, f12=True)",0.9560467326267378
68.21900000000001,"FeatureMask(f0=True, f1=True, f2=True, f3=True, f4=False, f5=True, f6=True, f7=False, f8=False, f9=True, f10=False, f11=True, f12=True)",0.9560467326267378
68.21900000000001,"FeatureMask(f0=True, f1=True, f2=True, f3=True, f4=False, f5=True, f6=True, f7=False, f8=False, f9=True, f10=False, f11=True, f12=True)",0.9560467326267378
68.21900000000001,"FeatureMask(f0=True, f1=True, f2=True, f3=True, f4=False, f5=True, f6=True, f7=False, f8=False, f9=True, f10=False, f11=True, f12=True)",0.9560467326267378
68.21900000000001,"FeatureMask(f0=True, f1=True, f2=True, f3=True, f4=False, f5=True, f6=True, f7=False, f8=False, f9=True, f10=False, f11=True, f12=True)",0.9560467326267378
68.21900000000001,"FeatureMask(f0=True, f1=True, f2=True, f3=True, f4=False, f5=True, f6=True, f7=False, f8=False, f9=True, f10=False, f11=True, f12=True)",0.9560467326267378
68.21900000000001,"FeatureMask(f0=True, f1=True, f2=True, f3=True, f4=False, f5=True, f6=True, f7=False, f8=False, f9=True, f10=False, f11=True, f12=True)",0.9560467326267378
68.21900000000001,"FeatureMask(f0=True, f1=True, f2=True, f3=True, f4=False, f5=True, f6=True, f7=False, f8=False, f9=True, f10=False, f11=True, f12=True)",0.9560467326267378
68.391,"FeatureMask(f0=True, f1=True, f2=True, f3=True, f4=False, f5=True, f6=True, f7=False, f8=False, f9=True, f10=False, f11=True, f12=True)",0.9560467326267378
68.391,"FeatureMask(f0=True, f1=True, f2=True, f3=True, f4=False, f5=True, f6=True, f7=False, f8=False, f9=True, f10=False, f11=True, f12=True)",0.9560467326267378
68.406,"FeatureMask(f0=True, f1=True, f2=True, f3=True, f4=False, f5=True, f6=True, f7=False, f8=False, f9=True, f10=False, f11=True, f12=True)",0.9560467326267378
68.406,"FeatureMask(f0=True, f1=True, f2=True, f3=True, f4=False, f5=True, f6=True, f7=False, f8=False, f9=True, f10=False, f11=True, f12=True)",0.9560467326267378
68.406,"FeatureMask(f0=True, f1=True, f2=True, f3=True, f4=False, f5=True, f6=True, f7=False, f8=False, f9=True, f10=False, f11=True, f12=True)",0.9560467326267378
68.406,"FeatureMask(f0=True, f1=True, f2=True, f3=True, f4=False, f5=True, f6=True, f7=False, f8=False, f9=True, f10=False, f11=True, f12=True)",0.9560467326267378
68.406,"FeatureMask(f0=True, f1=True, f2=True, f3=True, f4=False, f5=True, f6=True, f7=False, f8=False, f9=True, f10=False, f11=True, f12=True)",0.9560467326267378
68.406,"FeatureMask(f0=True, f1=True, f2=True, f3=True, f4=False, f5=True, f6=True, f7=False, f8=False, f9=True, f10=False, f11=True, f12=True)",0.9560467326267378
68.406,"FeatureMask(f0=True, f1=True, f2=True, f3=True, f4=False, f5=True, f6=True, f7=False, f8=False, f9=True, f10=False, f11=True, f12=True)",0.9560467326267378
68.406,"FeatureMask(f0=True, f1=True, f2=True, f3=True, f4=False, f5=True, f6=True, f7=False, f8=False, f9=True, f10=False, f11=True, f12=True)",0.9560467326267378
68.485,"FeatureMask(f0=True, f1=True, f2=True, f3=True, f4=False, f5=True, f6=True, f7=False, f8=False, f9=True, f10=False, f11=True, f12=True)",0.9560467326267378
68.485,"FeatureMask(f0=True, f1=True, f2=True, f3=True, f4=False, f5=True, f6=True, f7=False, f8=False, f9=True, f10=False, f11=True, f12=True)",0.9560467326267378
68.59400000000001,"FeatureMask(f0=True, f1=True, f2=True, f3=True, f4=False, f5=True, f6=True, f7=False, f8=False, f9=True, f10=False, f11=True, f12=True)",0.9560467326267378
68.59400000000001,"FeatureMask(f0=True, f1=True, f2=True, f3=True, f4=False, f5=True, f6=True, f7=False, f8=False, f9=True, f10=False, f11=True, f12=True)",0.9560467326267378
68.59400000000001,"FeatureMask(f0=True, f1=True, f2=True, f3=True, f4=False, f5=True, f6=True, f7=False, f8=False, f9=True, f10=False, f11=True, f12=True)",0.9560467326267378
68.59400000000001,"FeatureMask(f0=True, f1=True, f2=True, f3=True, f4=False, f5=True, f6=True, f7=False, f8=False, f9=True, f10=False, f11=True, f12=True)",0.9560467326267378
68.59400000000001,"FeatureMask(f0=True, f1=True, f2=True, f3=True, f4=False, f5=True, f6=True, f7=False, f8=False, f9=True, f10=False, f11=True, f12=True)",0.9560467326267378
68.59400000000001,"FeatureMask(f0=True, f1=True, f2=True, f3=True, f4=False, f5=True, f6=True, f7=False, f8=False, f9=True, f10=False, f11=True, f12=True)",0.9560467326267378
68.59400000000001,"FeatureMask(f0=True, f1=True, f2=True, f3=True, f4=False, f5=True, f6=True, f7=False, f8=False, f9=True, f10=False, f11=True, f12=True)",0.9560467326267378
68.59400000000001,"FeatureMask(f0=True, f1=True, f2=True, f3=True, f4=False, f5=True, f6=True, f7=False, f8=False, f9=True, f10=False, f11=True, f12=True)",0.9560467326267378
68.59400000000001,"FeatureMask(f0=True, f1=True, f2=True, f3=True, f4=False, f5=True, f6=True, f7=False, f8=False, f9=True, f10=False, f11=True, f12=True)",0.9560467326267378
68.59400000000001,"FeatureMask(f0=True, f1=True, f2=True, f3=True, f4=False, f5=True, f6=True, f7=False, f8=False, f9=True, f10=False, f11=True, f12=True)",0.9560467326267378
68.67200000000001,"FeatureMask(f0=True, f1=True, f2=True, f3=True, f4=False, f5=True, f6=True, f7=False, f8=False, f9=True, f10=False, f11=True, f12=True)",0.9560467326267378
68.79700000000001,"FeatureMask(f0=True, f1=True, f2=True, f3=True, f4=False, f5=True, f6=True, f7=False, f8=False, f9=True, f10=False, f11=True, f12=True)",0.9560467326267378
68.79700000000001,"FeatureMask(f0=True, f1=True, f2=True, f3=True, f4=False, f5=True, f6=True, f7=False, f8=False, f9=True, f10=False, f11=True, f12=True)",0.9560467326267378
68.79700000000001,"FeatureMask(f0=True, f1=True, f2=True, f3=True, f4=False, f5=True, f6=True, f7=False, f8=False, f9=True, f10=False, f11=True, f12=True)",0.9560467326267378
68.79700000000001,"FeatureMask(f0=True, f1=True, f2=True, f3=True, f4=False, f5=True, f6=True, f7=False, f8=False, f9=True, f10=False, f11=True, f12=True)",0.9560467326267378
68.79700000000001,"FeatureMask(f0=True, f1=True, f2=True, f3=True, f4=False, f5=True, f6=True, f7=False, f8=False, f9=True, f10=False, f11=True, f12=True)",0.9560467326267378
68.79700000000001,"FeatureMask(f0=True, f1=True, f2=True, f3=True, f4=False, f5=True, f6=True, f7=False, f8=False, f9=True, f10=False, f11=True, f12=True)",0.9560467326267378
68.79700000000001,"FeatureMask(f0=True, f1=True, f2=True, f3=True, f4=False, f5=True, f6=True, f7=False, f8=False, f9=True, f10=False, f11=True, f12=True)",0.9560467326267378
68.79700000000001,"FeatureMask(f0=True, f1=True, f2=True, f3=True, f4=False, f5=True, f6=True, f7=False, f8=False, f9=True, f10=False, f11=True, f12=True)",0.9560467326267378
68.79700000000001,"FeatureMask(f0=True, f1=True, f2=True, f3=True, f4=False, f5=True, f6=True, f7=False, f8=False, f9=True, f10=False, f11=True, f12=True)",0.9560467326267378
68.79700000000001,"FeatureMask(f0=True, f1=True, f2=True, f3=True, f4=False, f5=True, f6=True, f7=False, f8=False, f9=True, f10=False, f11=True, f12=True)",0.9560467326267378
69.0,"FeatureMask(f0=True, f1=True, f2=True, f3=True, f4=False, f5=True, f6=True, f7=False, f8=False, f9=True, f10=False, f11=True, f12=True)",0.9560467326267378
69.0,"FeatureMask(f0=True, f1=True, f2=True, f3=True, f4=False, f5=True, f6=True, f7=False, f8=False, f9=True, f10=False, f11=True, f12=True)",0.9560467326267378
69.0,"FeatureMask(f0=True, f1=True, f2=True, f3=True, f4=False, f5=True, f6=True, f7=False, f8=False, f9=True, f10=False, f11=True, f12=True)",0.9560467326267378
69.0,"FeatureMask(f0=True, f1=True, f2=True, f3=True, f4=False, f5=True, f6=True, f7=False, f8=False, f9=True, f10=False, f11=True, f12=True)",0.9560467326267378
69.0,"FeatureMask(f0=True, f1=True, f2=True, f3=True, f4=False, f5=True, f6=True, f7=False, f8=False, f9=True, f10=False, f11=True, f12=True)",0.9560467326267378
69.0,"FeatureMask(f0=True, f1=True, f2=True, f3=True, f4=False, f5=True, f6=True, f7=False, f8=False, f9=True, f10=False, f11=True, f12=True)",0.9560467326267378
69.0,"FeatureMask(f0=True, f1=True, f2=True, f3=True, f4=False, f5=True, f6=True, f7=False, f8=False, f9=True, f10=False, f11=True, f12=True)",0.9560467326267378
69.0,"FeatureMask(f0=True, f1=True, f2=True, f3=True, f4=False, f5=True, f6=True, f7=False, f8=False, f9=True, f10=False, f11=True, f12=True)",0.9560467326267378
69.0,"FeatureMask(f0=True, f1=True, f2=True, f3=True, f4=False, f5=True, f6=True, f7=False, f8=False, f9=True, f10=False, f11=True, f12=True)",0.9560467326267378
69.0,"FeatureMask(f0=True, f1=True, f2=True, f3=True, f4=False, f5=True, f6=True, f7=False, f8=False, f9=True, f10=False, f11=True, f12=True)",0.9560467326267378
69.09400000000001,"FeatureMask(f0=True, f1=True, f2=True, f3=True, f4=False, f5=True, f6=True, f7=False, f8=False, f9=True, f10=False, f11=True, f12=True)",0.9560467326267378
69.21900000000001,"FeatureMask(f0=True, f1=True, f2=True, f3=True, f4=False, f5=True, f6=True, f7=False, f8=False, f9=True, f10=False, f11=True, f12=True)",0.9560467326267378
69.21900000000001,"FeatureMask(f0=True, f1=True, f2=True, f3=True, f4=False, f5=True, f6=True, f7=False, f8=False, f9=True, f10=False, f11=True, f12=True)",0.9560467326267378
69.21900000000001,"FeatureMask(f0=True, f1=True, f2=True, f3=True, f4=False, f5=True, f6=True, f7=False, f8=False, f9=True, f10=False, f11=True, f12=True)",0.9560467326267378
69.21900000000001,"FeatureMask(f0=True, f1=True, f2=True, f3=True, f4=False, f5=True, f6=True, f7=False, f8=False, f9=True, f10=False, f11=True, f12=True)",0.9560467326267378
69.21900000000001,"FeatureMask(f0=True, f1=True, f2=True, f3=True, f4=False, f5=True, f6=True, f7=False, f8=False, f9=True, f10=False, f11=True, f12=True)",0.9560467326267378
69.21900000000001,"FeatureMask(f0=True, f1=True, f2=True, f3=True, f4=False, f5=True, f6=True, f7=False, f8=False, f9=True, f10=False, f11=True, f12=True)",0.9560467326267378
69.21900000000001,"FeatureMask(f0=True, f1=True, f2=True, f3=True, f4=False, f5=True, f6=True, f7=False, f8=False, f9=True, f10=False, f11=True, f12=True)",0.9560467326267378
69.21900000000001,"FeatureMask(f0=True, f1=True, f2=True, f3=True, f4=False, f5=True, f6=True, f7=False, f8=False, f9=True, f10=False, f11=True, f12=True)",0.9560467326267378
69.21900000000001,"FeatureMask(f0=True, f1=True, f2=True, f3=True, f4=False, f5=True, f6=True, f7=False, f8=False, f9=True, f10=False, f11=True, f12=True)",0.9560467326267378
69.21900000000001,"FeatureMask(f0=True, f1=True, f2=True, f3=True, f4=False, f5=True, f6=True, f7=False, f8=False, f9=True, f10=False, f11=True, f12=True)",0.9560467326267378
69.313,"FeatureMask(f0=True, f1=True, f2=True, f3=True, f4=False, f5=True, f6=True, f7=False, f8=False, f9=True, f10=False, f11=True, f12=True)",0.9560467326267378
69.313,"FeatureMask(f0=True, f1=True, f2=True, f3=True, f4=False, f5=True, f6=True, f7=False, f8=False, f9=True, f10=False, f11=True, f12=True)",0.9560467326267378
69.42200000000001,"FeatureMask(f0=True, f1=True, f2=True, f3=True, f4=False, f5=True, f6=True, f7=False, f8=False, f9=True, f10=False, f11=True, f12=True)",0.9560467326267378
69.42200000000001,"FeatureMask(f0=True, f1=True, f2=True, f3=True, f4=False, f5=True, f6=True, f7=False, f8=False, f9=True, f10=False, f11=True, f12=True)",0.9560467326267378
69.42200000000001,"FeatureMask(f0=True, f1=True, f2=True, f3=True, f4=False, f5=True, f6=True, f7=False, f8=False, f9=True, f10=False, f11=True, f12=True)",0.9560467326267378
69.42200000000001,"FeatureMask(f0=True, f1=True, f2=True, f3=True, f4=False, f5=True, f6=True, f7=False, f8=False, f9=True, f10=False, f11=True, f12=True)",0.9560467326267378
69.42200000000001,"FeatureMask(f0=True, f1=True, f2=True, f3=True, f4=False, f5=True, f6=True, f7=False, f8=False, f9=True, f10=False, f11=True, f12=True)",0.9560467326267378
69.42200000000001,"FeatureMask(f0=True, f1=True, f2=True, f3=True, f4=False, f5=True, f6=True, f7=False, f8=False, f9=True, f10=False, f11=True, f12=True)",0.9560467326267378
69.42200000000001,"FeatureMask(f0=True, f1=True, f2=True, f3=True, f4=False, f5=True, f6=True, f7=False, f8=False, f9=True, f10=False, f11=True, f12=True)",0.9560467326267378
69.42200000000001,"FeatureMask(f0=True, f1=True, f2=True, f3=True, f4=False, f5=True, f6=True, f7=False, f8=False, f9=True, f10=False, f11=True, f12=True)",0.9560467326267378
69.42200000000001,"FeatureMask(f0=True, f1=True, f2=True, f3=True, f4=False, f5=True, f6=True, f7=False, f8=False, f9=True, f10=False, f11=True, f12=True)",0.9560467326267378
69.42200000000001,"FeatureMask(f0=True, f1=True, f2=True, f3=True, f4=False, f5=True, f6=True, f7=False, f8=False, f9=True, f10=False, f11=True, f12=True)",0.9560467326267378
69.516,"FeatureMask(f0=True, f1=True, f2=True, f3=True, f4=False, f5=True, f6=True, f7=False, f8=False, f9=True, f10=False, f11=True, f12=True)",0.9560467326267378
69.516,"FeatureMask(f0=True, f1=True, f2=True, f3=True, f4=False, f5=True, f6=True, f7=False, f8=False, f9=True, f10=False, f11=True, f12=True)",0.9560467326267378
69.625,"FeatureMask(f0=True, f1=True, f2=True, f3=True, f4=False, f5=True, f6=True, f7=False, f8=False, f9=True, f10=False, f11=True, f12=True)",0.9560467326267378
69.625,"FeatureMask(f0=True, f1=True, f2=True, f3=True, f4=False, f5=True, f6=True, f7=False, f8=False, f9=True, f10=False, f11=True, f12=True)",0.9560467326267378
69.625,"FeatureMask(f0=True, f1=True, f2=True, f3=True, f4=False, f5=True, f6=True, f7=False, f8=False, f9=True, f10=False, f11=True, f12=True)",0.9560467326267378
69.625,"FeatureMask(f0=True, f1=True, f2=True, f3=True, f4=False, f5=True, f6=True, f7=False, f8=False, f9=True, f10=False, f11=True, f12=True)",0.9560467326267378
69.625,"FeatureMask(f0=True, f1=True, f2=True, f3=True, f4=False, f5=True, f6=True, f7=False, f8=False, f9=True, f10=False, f11=True, f12=True)",0.9560467326267378
69.625,"FeatureMask(f0=True, f1=True, f2=True, f3=True, f4=False, f5=True, f6=True, f7=False, f8=False, f9=True, f10=False, f11=True, f12=True)",0.9560467326267378
69.625,"FeatureMask(f0=True, f1=True, f2=True, f3=True, f4=False, f5=True, f6=True, f7=False, f8=False, f9=True, f10=False, f11=True, f12=True)",0.9560467326267378
69.625,"FeatureMask(f0=True, f1=True, f2=True, f3=True, f4=False, f5=True, f6=True, f7=False, f8=False, f9=True, f10=False, f11=True, f12=True)",0.9560467326267378
69.625,"FeatureMask(f0=True, f1=True, f2=True, f3=True, f4=False, f5=True, f6=True, f7=False, f8=False, f9=True, f10=False, f11=True, f12=True)",0.9560467326267378
69.625,"FeatureMask(f0=True, f1=True, f2=True, f3=True, f4=False, f5=True, f6=True, f7=False, f8=False, f9=True, f10=False, f11=True, f12=True)",0.9560467326267378
69.71900000000001,"FeatureMask(f0=True, f1=True, f2=True, f3=True, f4=False, f5=True, f6=True, f7=False, f8=False, f9=True, f10=False, f11=True, f12=True)",0.9560467326267378
69.828,"FeatureMask(f0=True, f1=True, f2=True, f3=True, f4=False, f5=True, f6=True, f7=False, f8=False, f9=True, f10=False, f11=True, f12=True)",0.9560467326267378
69.828,"FeatureMask(f0=True, f1=True, f2=True, f3=True, f4=False, f5=True, f6=True, f7=False, f8=False, f9=True, f10=False, f11=True, f12=True)",0.9560467326267378
69.828,"FeatureMask(f0=True, f1=True, f2=True, f3=True, f4=False, f5=True, f6=True, f7=False, f8=False, f9=True, f10=False, f11=True, f12=True)",0.9560467326267378
69.828,"FeatureMask(f0=True, f1=True, f2=True, f3=True, f4=False, f5=True, f6=True, f7=False, f8=False, f9=True, f10=False, f11=True, f12=True)",0.9560467326267378
69.828,"FeatureMask(f0=True, f1=True, f2=True, f3=True, f4=False, f5=True, f6=True, f7=False, f8=False, f9=True, f10=False, f11=True, f12=True)",0.9560467326267378
69.828,"FeatureMask(f0=True, f1=True, f2=True, f3=True, f4=False, f5=True, f6=True, f7=False, f8=False, f9=True, f10=False, f11=True, f12=True)",0.9560467326267378
69.828,"FeatureMask(f0=True, f1=True, f2=True, f3=True, f4=False, f5=True, f6=True, f7=False, f8=False, f9=True, f10=False, f11=True, f12=True)",0.9560467326267378
69.828,"FeatureMask(f0=True, f1=True, f2=True, f3=True, f4=False, f5=True, f6=True, f7=False, f8=False, f9=True, f10=False, f11=True, f12=True)",0.9560467326267378
69.828,"FeatureMask(f0=True, f1=True, f2=True, f3=True, f4=False, f5=True, f6=True, f7=False, f8=False, f9=True, f10=False, f11=True, f12=True)",0.9560467326267378
69.828,"FeatureMask(f0=True, f1=True, f2=True, f3=True, f4=False, f5=True, f6=True, f7=False, f8=False, f9=True, f10=False, f11=True, f12=True)",0.9560467326267378
69.92200000000001,"FeatureMask(f0=True, f1=True, f2=True, f3=True, f4=False, f5=True, f6=True, f7=False, f8=False, f9=True, f10=False, f11=True, f12=True)",0.9560467326267378
70.016,"FeatureMask(f0=True, f1=True, f2=True, f3=True, f4=False, f5=True, f6=True, f7=False, f8=False, f9=True, f10=False, f11=True, f12=True)",0.9560467326267378
70.016,"FeatureMask(f0=True, f1=True, f2=True, f3=True, f4=False, f5=True, f6=True, f7=False, f8=False, f9=True, f10=False, f11=True, f12=True)",0.9560467326267378
70.016,"FeatureMask(f0=True, f1=True, f2=True, f3=True, f4=False, f5=True, f6=True, f7=False, f8=False, f9=True, f10=False, f11=True, f12=True)",0.9560467326267378
70.016,"FeatureMask(f0=True, f1=True, f2=True, f3=True, f4=False, f5=True, f6=True, f7=False, f8=False, f9=True, f10=False, f11=True, f12=True)",0.9560467326267378
70.016,"FeatureMask(f0=True, f1=True, f2=True, f3=True, f4=False, f5=True, f6=True, f7=False, f8=False, f9=True, f10=False, f11=True, f12=True)",0.9560467326267378
70.016,"FeatureMask(f0=True, f1=True, f2=True, f3=True, f4=False, f5=True, f6=True, f7=False, f8=False, f9=True, f10=False, f11=True, f12=True)",0.9560467326267378
70.016,"FeatureMask(f0=True, f1=True, f2=True, f3=True, f4=False, f5=True, f6=True, f7=False, f8=False, f9=True, f10=False, f11=True, f12=True)",0.9560467326267378
70.016,"FeatureMask(f0=True, f1=True, f2=True, f3=True, f4=False, f5=True, f6=True, f7=False, f8=False, f9=True, f10=False, f11=True, f12=True)",0.9560467326267378
70.016,"FeatureMask(f0=True, f1=True, f2=True, f3=True, f4=False, f5=True, f6=True, f7=False, f8=False, f9=True, f10=False, f11=True, f12=True)",0.9560467326267378
70.016,"FeatureMask(f0=True, f1=True, f2=True, f3=True, f4=False, f5=True, f6=True, f7=False, f8=False, f9=True, f10=False, f11=True, f12=True)",0.9560467326267378
70.09400000000001,"FeatureMask(f0=True, f1=True, f2=True, f3=True, f4=False, f5=True, f6=True, f7=False, f8=False, f9=True, f10=False, f11=True, f12=True)",0.9560467326267378
70.203,"FeatureMask(f0=True, f1=True, f2=True, f3=True, f4=False, f5=True, f6=True, f7=False, f8=False, f9=True, f10=False, f11=True, f12=True)",0.9560467326267378
70.203,"FeatureMask(f0=True, f1=True, f2=True, f3=True, f4=False, f5=True, f6=True, f7=False, f8=False, f9=True, f10=False, f11=True, f12=True)",0.9560467326267378
70.203,"FeatureMask(f0=True, f1=True, f2=True, f3=True, f4=False, f5=True, f6=True, f7=False, f8=False, f9=True, f10=False, f11=True, f12=True)",0.9560467326267378
70.203,"FeatureMask(f0=True, f1=True, f2=True, f3=True, f4=False, f5=True, f6=True, f7=False, f8=False, f9=True, f10=False, f11=True, f12=True)",0.9560467326267378
70.203,"FeatureMask(f0=True, f1=True, f2=True, f3=True, f4=False, f5=True, f6=True, f7=False, f8=False, f9=True, f10=False, f11=True, f12=True)",0.9560467326267378
70.203,"FeatureMask(f0=True, f1=True, f2=True, f3=True, f4=False, f5=True, f6=True, f7=False, f8=False, f9=True, f10=False, f11=True, f12=True)",0.9560467326267378
70.203,"FeatureMask(f0=True, f1=True, f2=True, f3=True, f4=False, f5=True, f6=True, f7=False, f8=False, f9=True, f10=False, f11=True, f12=True)",0.9560467326267378
70.203,"FeatureMask(f0=True, f1=True, f2=True, f3=True, f4=False, f5=True, f6=True, f7=False, f8=False, f9=True, f10=False, f11=True, f12=True)",0.9560467326267378
70.203,"FeatureMask(f0=True, f1=True, f2=True, f3=True, f4=False, f5=True, f6=True, f7=False, f8=False, f9=True, f10=False, f11=True, f12=True)",0.9560467326267378
70.203,"FeatureMask(f0=True, f1=True, f2=True, f3=True, f4=False, f5=True, f6=True, f7=False, f8=False, f9=True, f10=False, f11=True, f12=True)",0.9560467326267378
70.281,"FeatureMask(f0=True, f1=True, f2=True, f3=True, f4=False, f5=True, f6=True, f7=False, f8=False, f9=True, f10=False, f11=True, f12=True)",0.9560467326267378
70.36,"FeatureMask(f0=True, f1=True, f2=True, f3=True, f4=False, f5=True, f6=True, f7=False, f8=False, f9=True, f10=False, f11=True, f12=True)",0.9560467326267378
70.36,"FeatureMask(f0=True, f1=True, f2=True, f3=True, f4=False, f5=True, f6=True, f7=False, f8=False, f9=True, f10=False, f11=True, f12=True)",0.9560467326267378
70.36,"FeatureMask(f0=True, f1=True, f2=True, f3=True, f4=False, f5=True, f6=True, f7=False, f8=False, f9=True, f10=False, f11=True, f12=True)",0.9560467326267378
70.36,"FeatureMask(f0=True, f1=True, f2=True, f3=True, f4=False, f5=True, f6=True, f7=False, f8=False, f9=True, f10=False, f11=True, f12=True)",0.9560467326267378
70.36,"FeatureMask(f0=True, f1=True, f2=True, f3=True, f4=False, f5=True, f6=True, f7=False, f8=False, f9=True, f10=False, f11=True, f12=True)",0.9560467326267378
70.36,"FeatureMask(f0=True, f1=True, f2=True, f3=True, f4=False, f5=True, f6=True, f7=False, f8=False, f9=True, f10=False, f11=True, f12=True)",0.9560467326267378
70.36,"FeatureMask(f0=True, f1=True, f2=True, f3=True, f4=False, f5=True, f6=True, f7=False, f8=False, f9=True, f10=False, f11=True, f12=True)",0.9560467326267378
70.36,"FeatureMask(f0=True, f1=True, f2=True, f3=True, f4=False, f5=True, f6=True, f7=False, f8=False, f9=True, f10=False, f11=True, f12=True)",0.9560467326267378
70.36,"FeatureMask(f0=True, f1=True, f2=True, f3=True, f4=False, f5=True, f6=True, f7=False, f8=False, f9=True, f10=False, f11=True, f12=True)",0.9560467326267378
70.36,"FeatureMask(f0=True, f1=True, f2=True, f3=True, f4=False, f5=True, f6=True, f7=False, f8=False, f9=True, f10=False, f11=True, f12=True)",0.9560467326267378
70.563,"FeatureMask(f0=True, f1=True, f2=True, f3=True, f4=False, f5=True, f6=True, f7=False, f8=False, f9=True, f10=False, f11=True, f12=True)",0.9560467326267378
70.563,"FeatureMask(f0=True, f1=True, f2=True, f3=True, f4=False, f5=True, f6=True, f7=False, f8=False, f9=True, f10=False, f11=True, f12=True)",0.9560467326267378
70.563,"FeatureMask(f0=True, f1=True, f2=True, f3=True, f4=False, f5=True, f6=True, f7=False, f8=False, f9=True, f10=False, f11=True, f12=True)",0.9560467326267378
70.563,"FeatureMask(f0=True, f1=True, f2=True, f3=True, f4=False, f5=True, f6=True, f7=False, f8=False, f9=True, f10=False, f11=True, f12=True)",0.9560467326267378
70.563,"FeatureMask(f0=True, f1=True, f2=True, f3=True, f4=False, f5=True, f6=True, f7=False, f8=False, f9=True, f10=False, f11=True, f12=True)",0.9560467326267378
70.563,"FeatureMask(f0=True, f1=True, f2=True, f3=True, f4=False, f5=True, f6=True, f7=False, f8=False, f9=True, f10=False, f11=True, f12=True)",0.9560467326267378
70.563,"FeatureMask(f0=True, f1=True, f2=True, f3=True, f4=False, f5=True, f6=True, f7=False, f8=False, f9=True, f10=False, f11=True, f12=True)",0.9560467326267378
70.563,"FeatureMask(f0=True, f1=True, f2=True, f3=True, f4=False, f5=True, f6=True, f7=False, f8=False, f9=True, f10=False, f11=True, f12=True)",0.9560467326267378
70.563,"FeatureMask(f0=True, f1=True, f2=True, f3=True, f4=False, f5=True, f6=True, f7=False, f8=False, f9=True, f10=False, f11=True, f12=True)",0.9560467326267378
70.563,"FeatureMask(f0=True, f1=True, f2=True, f3=True, f4=False, f5=True, f6=True, f7=False, f8=False, f9=True, f10=False, f11=True, f12=True)",0.9560467326267378
70.641,"FeatureMask(f0=True, f1=True, f2=True, f3=True, f4=False, f5=True, f6=True, f7=False, f8=False, f9=True, f10=False, f11=True, f12=True)",0.9560467326267378
70.735,"FeatureMask(f0=True, f1=True, f2=True, f3=True, f4=False, f5=True, f6=True, f7=False, f8=False, f9=True, f10=False, f11=True, f12=True)",0.9560467326267378
70.735,"FeatureMask(f0=True, f1=True, f2=True, f3=True, f4=False, f5=True, f6=True, f7=False, f8=False, f9=True, f10=False, f11=True, f12=True)",0.9560467326267378
70.735,"FeatureMask(f0=True, f1=True, f2=True, f3=True, f4=False, f5=True, f6=True, f7=False, f8=False, f9=True, f10=False, f11=True, f12=True)",0.9560467326267378
70.735,"FeatureMask(f0=True, f1=True, f2=True, f3=True, f4=False, f5=True, f6=True, f7=False, f8=False, f9=True, f10=False, f11=True, f12=True)",0.9560467326267378
70.735,"FeatureMask(f0=True, f1=True, f2=True, f3=True, f4=False, f5=True, f6=True, f7=False, f8=False, f9=True, f10=False, f11=True, f12=True)",0.9560467326267378
70.735,"FeatureMask(f0=True, f1=True, f2=True, f3=True, f4=False, f5=True, f6=True, f7=False, f8=False, f9=True, f10=False, f11=True, f12=True)",0.9560467326267378
70.735,"FeatureMask(f0=True, f1=True, f2=True, f3=True, f4=False, f5=True, f6=True, f7=False, f8=False, f9=True, f10=False, f11=True, f12=True)",0.9560467326267378
70.735,"FeatureMask(f0=True, f1=True, f2=True, f3=True, f4=False, f5=True, f6=True, f7=False, f8=False, f9=True, f10=False, f11=True, f12=True)",0.9560467326267378
70.735,"FeatureMask(f0=True, f1=True, f2=True, f3=True, f4=False, f5=True, f6=True, f7=False, f8=False, f9=True, f10=False, f11=True, f12=True)",0.9560467326267378
70.735,"FeatureMask(f0=True, f1=True, f2=True, f3=True, f4=False, f5=True, f6=True, f7=False, f8=False, f9=True, f10=False, f11=True, f12=True)",0.9560467326267378
70.92200000000001,"FeatureMask(f0=True, f1=True, f2=True, f3=True, f4=False, f5=True, f6=True, f7=False, f8=False, f9=True, f10=False, f11=True, f12=True)",0.9560467326267378
70.92200000000001,"FeatureMask(f0=True, f1=True, f2=True, f3=True, f4=False, f5=True, f6=True, f7=False, f8=False, f9=True, f10=False, f11=True, f12=True)",0.9560467326267378
70.92200000000001,"FeatureMask(f0=True, f1=True, f2=True, f3=True, f4=False, f5=True, f6=True, f7=False, f8=False, f9=True, f10=False, f11=True, f12=True)",0.9560467326267378
70.92200000000001,"FeatureMask(f0=True, f1=True, f2=True, f3=True, f4=False, f5=True, f6=True, f7=False, f8=False, f9=True, f10=False, f11=True, f12=True)",0.9560467326267378
70.92200000000001,"FeatureMask(f0=True, f1=True, f2=True, f3=True, f4=False, f5=True, f6=True, f7=False, f8=False, f9=True, f10=False, f11=True, f12=True)",0.9560467326267378
70.92200000000001,"FeatureMask(f0=True, f1=True, f2=True, f3=True, f4=False, f5=True, f6=True, f7=False, f8=False, f9=True, f10=False, f11=True, f12=True)",0.9560467326267378
70.92200000000001,"FeatureMask(f0=True, f1=True, f2=True, f3=True, f4=False, f5=True, f6=True, f7=False, f8=False, f9=True, f10=False, f11=True, f12=True)",0.9560467326267378
70.92200000000001,"FeatureMask(f0=True, f1=True, f2=True, f3=True, f4=False, f5=True, f6=True, f7=False, f8=False, f9=True, f10=False, f11=True, f12=True)",0.9560467326267378
70.92200000000001,"FeatureMask(f0=True, f1=True, f2=True, f3=True, f4=False, f5=True, f6=True, f7=False, f8=False, f9=True, f10=False, f11=True, f12=True)",0.9560467326267378
70.92200000000001,"FeatureMask(f0=True, f1=True, f2=True, f3=True, f4=False, f5=True, f6=True, f7=False, f8=False, f9=True, f10=False, f11=True, f12=True)",0.9560467326267378
71.016,"FeatureMask(f0=True, f1=True, f2=True, f3=True, f4=False, f5=True, f6=True, f7=False, f8=False, f9=True, f10=False, f11=True, f12=True)",0.9560467326267378
71.125,"FeatureMask(f0=True, f1=True, f2=True, f3=True, f4=False, f5=True, f6=True, f7=False, f8=False, f9=True, f10=False, f11=True, f12=True)",0.9560467326267378
71.125,"FeatureMask(f0=True, f1=True, f2=True, f3=True, f4=False, f5=True, f6=True, f7=False, f8=False, f9=True, f10=False, f11=True, f12=True)",0.9560467326267378
71.125,"FeatureMask(f0=True, f1=True, f2=True, f3=True, f4=False, f5=True, f6=True, f7=False, f8=False, f9=True, f10=False, f11=True, f12=True)",0.9560467326267378
71.125,"FeatureMask(f0=True, f1=True, f2=True, f3=True, f4=False, f5=True, f6=True, f7=False, f8=False, f9=True, f10=False, f11=True, f12=True)",0.9560467326267378
71.125,"FeatureMask(f0=True, f1=True, f2=True, f3=True, f4=False, f5=True, f6=True, f7=False, f8=False, f9=True, f10=False, f11=True, f12=True)",0.9560467326267378
71.125,"FeatureMask(f0=True, f1=True, f2=True, f3=True, f4=False, f5=True, f6=True, f7=False, f8=False, f9=True, f10=False, f11=True, f12=True)",0.9560467326267378
71.125,"FeatureMask(f0=True, f1=True, f2=True, f3=True, f4=False, f5=True, f6=True, f7=False, f8=False, f9=True, f10=False, f11=True, f12=True)",0.9560467326267378
71.125,"FeatureMask(f0=True, f1=True, f2=True, f3=True, f4=False, f5=True, f6=True, f7=False, f8=False, f9=True, f10=False, f11=True, f12=True)",0.9560467326267378
71.125,"FeatureMask(f0=True, f1=True, f2=True, f3=True, f4=False, f5=True, f6=True, f7=False, f8=False, f9=True, f10=False, f11=True, f12=True)",0.9560467326267378
71.125,"FeatureMask(f0=True, f1=True, f2=True, f3=True, f4=False, f5=True, f6=True, f7=False, f8=False, f9=True, f10=False, f11=True, f12=True)",0.9560467326267378
71.21900000000001,"FeatureMask(f0=True, f1=True, f2=True, f3=True, f4=False, f5=True, f6=True, f7=False, f8=False, f9=True, f10=False, f11=True, f12=True)",0.9560467326267378
71.313,"FeatureMask(f0=True, f1=True, f2=True, f3=True, f4=False, f5=True, f6=True, f7=False, f8=False, f9=True, f10=False, f11=True, f12=True)",0.9560467326267378
71.313,"FeatureMask(f0=True, f1=True, f2=True, f3=True, f4=False, f5=True, f6=True, f7=False, f8=False, f9=True, f10=False, f11=True, f12=True)",0.9560467326267378
71.313,"FeatureMask(f0=True, f1=True, f2=True, f3=True, f4=False, f5=True, f6=True, f7=False, f8=False, f9=True, f10=False, f11=True, f12=True)",0.9560467326267378
71.313,"FeatureMask(f0=True, f1=True, f2=True, f3=True, f4=False, f5=True, f6=True, f7=False, f8=False, f9=True, f10=False, f11=True, f12=True)",0.9560467326267378
71.313,"FeatureMask(f0=True, f1=True, f2=True, f3=True, f4=False, f5=True, f6=True, f7=False, f8=False, f9=True, f10=False, f11=True, f12=True)",0.9560467326267378
71.313,"FeatureMask(f0=True, f1=True, f2=True, f3=True, f4=False, f5=True, f6=True, f7=False, f8=False, f9=True, f10=False, f11=True, f12=True)",0.9560467326267378
71.313,"FeatureMask(f0=True, f1=True, f2=True, f3=True, f4=False, f5=True, f6=True, f7=False, f8=False, f9=True, f10=False, f11=True, f12=True)",0.9560467326267378
71.313,"FeatureMask(f0=True, f1=True, f2=True, f3=True, f4=False, f5=True, f6=True, f7=False, f8=False, f9=True, f10=False, f11=True, f12=True)",0.9560467326267378
71.313,"FeatureMask(f0=True, f1=True, f2=True, f3=True, f4=False, f5=True, f6=True, f7=False, f8=False, f9=True, f10=False, f11=True, f12=True)",0.9560467326267378
71.313,"FeatureMask(f0=True, f1=True, f2=True, f3=True, f4=False, f5=True, f6=True, f7=False, f8=False, f9=True, f10=False, f11=True, f12=True)",0.9560467326267378
71.5,"FeatureMask(f0=True, f1=True, f2=True, f3=True, f4=False, f5=True, f6=True, f7=False, f8=False, f9=True, f10=False, f11=True, f12=True)",0.9560467326267378
71.5,"FeatureMask(f0=True, f1=True, f2=True, f3=True, f4=False, f5=True, f6=True, f7=False, f8=False, f9=True, f10=False, f11=True, f12=True)",0.9560467326267378
71.5,"FeatureMask(f0=True, f1=True, f2=True, f3=True, f4=False, f5=True, f6=True, f7=False, f8=False, f9=True, f10=False, f11=True, f12=True)",0.9560467326267378
71.5,"FeatureMask(f0=True, f1=True, f2=True, f3=True, f4=False, f5=True, f6=True, f7=False, f8=False, f9=True, f10=False, f11=True, f12=True)",0.9560467326267378
71.5,"FeatureMask(f0=True, f1=True, f2=True, f3=True, f4=False, f5=True, f6=True, f7=False, f8=False, f9=True, f10=False, f11=True, f12=True)",0.9560467326267378
71.5,"FeatureMask(f0=True, f1=True, f2=True, f3=True, f4=False, f5=True, f6=True, f7=False, f8=False, f9=True, f10=False, f11=True, f12=True)",0.9560467326267378
71.5,"FeatureMask(f0=True, f1=True, f2=True, f3=True, f4=False, f5=True, f6=True, f7=False, f8=False, f9=True, f10=False, f11=True, f12=True)",0.9560467326267378
71.5,"FeatureMask(f0=True, f1=True, f2=True, f3=True, f4=False, f5=True, f6=True, f7=False, f8=False, f9=True, f10=False, f11=True, f12=True)",0.9560467326267378
71.5,"FeatureMask(f0=True, f1=True, f2=True, f3=True, f4=False, f5=True, f6=True, f7=False, f8=False, f9=True, f10=False, f11=True, f12=True)",0.9560467326267378
71.5,"FeatureMask(f0=True, f1=True, f2=True, f3=True, f4=False, f5=True, f6=True, f7=False, f8=False, f9=True, f10=False, f11=True, f12=True)",0.9560467326267378
71.703,"FeatureMask(f0=True, f1=True, f2=True, f3=True, f4=False, f5=True, f6=True, f7=False, f8=False, f9=True, f10=False, f11=True, f12=True)",0.9560467326267378
71.703,"FeatureMask(f0=True, f1=True, f2=True, f3=True, f4=False, f5=True, f6=True, f7=False, f8=False, f9=True, f10=False, f11=True, f12=True)",0.9560467326267378
71.703,"FeatureMask(f0=True, f1=True, f2=True, f3=True, f4=False, f5=True, f6=True, f7=False, f8=False, f9=True, f10=False, f11=True, f12=True)",0.9560467326267378
71.703,"FeatureMask(f0=True, f1=True, f2=True, f3=True, f4=False, f5=True, f6=True, f7=False, f8=False, f9=True, f10=False, f11=True, f12=True)",0.9560467326267378
71.703,"FeatureMask(f0=True, f1=True, f2=True, f3=True, f4=False, f5=True, f6=True, f7=False, f8=False, f9=True, f10=False, f11=True, f12=True)",0.9560467326267378
71.703,"FeatureMask(f0=True, f1=True, f2=True, f3=True, f4=False, f5=True, f6=True, f7=False, f8=False, f9=True, f10=False, f11=True, f12=True)",0.9560467326267378
71.703,"FeatureMask(f0=True, f1=True, f2=True, f3=True, f4=False, f5=True, f6=True, f7=False, f8=False, f9=True, f10=False, f11=True, f12=True)",0.9560467326267378
71.703,"FeatureMask(f0=True, f1=True, f2=True, f3=True, f4=False, f5=True, f6=True, f7=False, f8=False, f9=True, f10=False, f11=True, f12=True)",0.9560467326267378
71.703,"FeatureMask(f0=True, f1=True, f2=True, f3=True, f4=False, f5=True, f6=True, f7=False, f8=False, f9=True, f10=False, f11=True, f12=True)",0.9560467326267378
71.703,"FeatureMask(f0=True, f1=True, f2=True, f3=True, f4=False, f5=True, f6=True, f7=False, f8=False, f9=True, f10=False, f11=True, f12=True)",0.9560467326267378
71.79700000000001,"FeatureMask(f0=True, f1=True, f2=True, f3=True, f4=False, f5=True, f6=True, f7=False, f8=False, f9=True, f10=False, f11=True, f12=True)",0.9560467326267378
71.906,"FeatureMask(f0=True, f1=True, f2=True, f3=True, f4=False, f5=True, f6=True, f7=False, f8=False, f9=True, f10=False, f11=True, f12=True)",0.9560467326267378
71.906,"FeatureMask(f0=True, f1=True, f2=True, f3=True, f4=False, f5=True, f6=True, f7=False, f8=False, f9=True, f10=False, f11=True, f12=True)",0.9560467326267378
71.906,"FeatureMask(f0=True, f1=True, f2=True, f3=True, f4=False, f5=True, f6=True, f7=False, f8=False, f9=True, f10=False, f11=True, f12=True)",0.9560467326267378
71.906,"FeatureMask(f0=True, f1=True, f2=True, f3=True, f4=False, f5=True, f6=True, f7=False, f8=False, f9=True, f10=False, f11=True, f12=True)",0.9560467326267378
71.906,"FeatureMask(f0=True, f1=True, f2=True, f3=True, f4=False, f5=True, f6=True, f7=False, f8=False, f9=True, f10=False, f11=True, f12=True)",0.9560467326267378
71.906,"FeatureMask(f0=True, f1=True, f2=True, f3=True, f4=False, f5=True, f6=True, f7=False, f8=False, f9=True, f10=False, f11=True, f12=True)",0.9560467326267378
71.906,"FeatureMask(f0=True, f1=True, f2=True, f3=True, f4=False, f5=True, f6=True, f7=False, f8=False, f9=True, f10=False, f11=True, f12=True)",0.9560467326267378
71.906,"FeatureMask(f0=True, f1=True, f2=True, f3=True, f4=False, f5=True, f6=True, f7=False, f8=False, f9=True, f10=False, f11=True, f12=True)",0.9560467326267378
71.906,"FeatureMask(f0=True, f1=True, f2=True, f3=True, f4=False, f5=True, f6=True, f7=False, f8=False, f9=True, f10=False, f11=True, f12=True)",0.9560467326267378
71.906,"FeatureMask(f0=True, f1=True, f2=True, f3=True, f4=False, f5=True, f6=True, f7=False, f8=False, f9=True, f10=False, f11=True, f12=True)",0.9560467326267378
72.078,"FeatureMask(f0=True, f1=True, f2=True, f3=True, f4=False, f5=True, f6=True, f7=False, f8=False, f9=True, f10=False, f11=True, f12=True)",0.9560467326267378
72.078,"FeatureMask(f0=True, f1=True, f2=True, f3=True, f4=False, f5=True, f6=True, f7=False, f8=False, f9=True, f10=False, f11=True, f12=True)",0.9560467326267378
72.078,"FeatureMask(f0=True, f1=True, f2=True, f3=True, f4=False, f5=True, f6=True, f7=False, f8=False, f9=True, f10=False, f11=True, f12=True)",0.9560467326267378
72.078,"FeatureMask(f0=True, f1=True, f2=True, f3=True, f4=False, f5=True, f6=True, f7=False, f8=False, f9=True, f10=False, f11=True, f12=True)",0.9560467326267378
72.078,"FeatureMask(f0=True, f1=True, f2=True, f3=True, f4=False, f5=True, f6=True, f7=False, f8=False, f9=True, f10=False, f11=True, f12=True)",0.9560467326267378
72.078,"FeatureMask(f0=True, f1=True, f2=True, f3=True, f4=False, f5=True, f6=True, f7=False, f8=False, f9=True, f10=False, f11=True, f12=True)",0.9560467326267378
72.078,"FeatureMask(f0=True, f1=True, f2=True, f3=True, f4=False, f5=True, f6=True, f7=False, f8=False, f9=True, f10=False, f11=True, f12=True)",0.9560467326267378
72.078,"FeatureMask(f0=True, f1=True, f2=True, f3=True, f4=False, f5=True, f6=True, f7=False, f8=False, f9=True, f10=False, f11=True, f12=True)",0.9560467326267378
72.078,"FeatureMask(f0=True, f1=True, f2=True, f3=True, f4=False, f5=True, f6=True, f7=False, f8=False, f9=True, f10=False, f11=True, f12=True)",0.9560467326267378
72.078,"FeatureMask(f0=True, f1=True, f2=True, f3=True, f4=False, f5=True, f6=True, f7=False, f8=False, f9=True, f10=False, f11=True, f12=True)",0.9560467326267378
72.25,"FeatureMask(f0=True, f1=True, f2=True, f3=True, f4=False, f5=True, f6=True, f7=False, f8=False, f9=True, f10=False, f11=True, f12=True)",0.9560467326267378
72.25,"FeatureMask(f0=True, f1=True, f2=True, f3=True, f4=False, f5=True, f6=True, f7=False, f8=False, f9=True, f10=False, f11=True, f12=True)",0.9560467326267378
72.25,"FeatureMask(f0=True, f1=True, f2=True, f3=True, f4=False, f5=True, f6=True, f7=False, f8=False, f9=True, f10=False, f11=True, f12=True)",0.9560467326267378
72.25,"FeatureMask(f0=True, f1=True, f2=True, f3=True, f4=False, f5=True, f6=True, f7=False, f8=False, f9=True, f10=False, f11=True, f12=True)",0.9560467326267378
72.25,"FeatureMask(f0=True, f1=True, f2=True, f3=True, f4=False, f5=True, f6=True, f7=False, f8=False, f9=True, f10=False, f11=True, f12=True)",0.9560467326267378
72.25,"FeatureMask(f0=True, f1=True, f2=True, f3=True, f4=False, f5=True, f6=True, f7=False, f8=False, f9=True, f10=False, f11=True, f12=True)",0.9560467326267378
72.25,"FeatureMask(f0=True, f1=True, f2=True, f3=True, f4=False, f5=True, f6=True, f7=False, f8=False, f9=True, f10=False, f11=True, f12=True)",0.9560467326267378
72.25,"FeatureMask(f0=True, f1=True, f2=True, f3=True, f4=False, f5=True, f6=True, f7=False, f8=False, f9=True, f10=False, f11=True, f12=True)",0.9560467326267378
72.25,"FeatureMask(f0=True, f1=True, f2=True, f3=True, f4=False, f5=True, f6=True, f7=False, f8=False, f9=True, f10=False, f11=True, f12=True)",0.9560467326267378
72.25,"FeatureMask(f0=True, f1=True, f2=True, f3=True, f4=False, f5=True, f6=True, f7=False, f8=False, f9=True, f10=False, f11=True, f12=True)",0.9560467326267378
72.46900000000001,"FeatureMask(f0=True, f1=True, f2=True, f3=True, f4=False, f5=True, f6=True, f7=False, f8=False, f9=True, f10=False, f11=True, f12=True)",0.9560467326267378
72.46900000000001,"FeatureMask(f0=True, f1=True, f2=True, f3=True, f4=False, f5=True, f6=True, f7=False, f8=False, f9=True, f10=False, f11=True, f12=True)",0.9560467326267378
72.46900000000001,"FeatureMask(f0=True, f1=True, f2=True, f3=True, f4=False, f5=True, f6=True, f7=False, f8=False, f9=True, f10=False, f11=True, f12=True)",0.9560467326267378
72.46900000000001,"FeatureMask(f0=True, f1=True, f2=True, f3=True, f4=False, f5=True, f6=True, f7=False, f8=False, f9=True, f10=False, f11=True, f12=True)",0.9560467326267378
72.46900000000001,"FeatureMask(f0=True, f1=True, f2=True, f3=True, f4=False, f5=True, f6=True, f7=False, f8=False, f9=True, f10=False, f11=True, f12=True)",0.9560467326267378
72.46900000000001,"FeatureMask(f0=True, f1=True, f2=True, f3=True, f4=False, f5=True, f6=True, f7=False, f8=False, f9=True, f10=False, f11=True, f12=True)",0.9560467326267378
72.46900000000001,"FeatureMask(f0=True, f1=True, f2=True, f3=True, f4=False, f5=True, f6=True, f7=False, f8=False, f9=True, f10=False, f11=True, f12=True)",0.9560467326267378
72.46900000000001,"FeatureMask(f0=True, f1=True, f2=True, f3=True, f4=False, f5=True, f6=True, f7=False, f8=False, f9=True, f10=False, f11=True, f12=True)",0.9560467326267378
72.46900000000001,"FeatureMask(f0=True, f1=True, f2=True, f3=True, f4=False, f5=True, f6=True, f7=False, f8=False, f9=True, f10=False, f11=True, f12=True)",0.9560467326267378
72.46900000000001,"FeatureMask(f0=True, f1=True, f2=True, f3=True, f4=False, f5=True, f6=True, f7=False, f8=False, f9=True, f10=False, f11=True, f12=True)",0.9560467326267378
72.54700000000001,"FeatureMask(f0=True, f1=True, f2=True, f3=True, f4=False, f5=True, f6=True, f7=False, f8=False, f9=True, f10=False, f11=True, f12=True)",0.9560467326267378
72.625,"FeatureMask(f0=True, f1=True, f2=True, f3=True, f4=False, f5=True, f6=True, f7=False, f8=False, f9=True, f10=False, f11=True, f12=True)",0.9560467326267378
72.625,"FeatureMask(f0=True, f1=True, f2=True, f3=True, f4=False, f5=True, f6=True, f7=False, f8=False, f9=True, f10=False, f11=True, f12=True)",0.9560467326267378
72.641,"FeatureMask(f0=True, f1=True, f2=True, f3=True, f4=False, f5=True, f6=True, f7=False, f8=False, f9=True, f10=False, f11=True, f12=True)",0.9560467326267378
72.641,"FeatureMask(f0=True, f1=True, f2=True, f3=True, f4=False, f5=True, f6=True, f7=False, f8=False, f9=True, f10=False, f11=True, f12=True)",0.9560467326267378
72.641,"FeatureMask(f0=True, f1=True, f2=True, f3=True, f4=False, f5=True, f6=True, f7=False, f8=False, f9=True, f10=False, f11=True, f12=True)",0.9560467326267378
72.641,"FeatureMask(f0=True, f1=True, f2=True, f3=True, f4=False, f5=True, f6=True, f7=False, f8=False, f9=True, f10=False, f11=True, f12=True)",0.9560467326267378
72.641,"FeatureMask(f0=True, f1=True, f2=True, f3=True, f4=False, f5=True, f6=True, f7=False, f8=False, f9=True, f10=False, f11=True, f12=True)",0.9560467326267378
72.641,"FeatureMask(f0=True, f1=True, f2=True, f3=True, f4=False, f5=True, f6=True, f7=False, f8=False, f9=True, f10=False, f11=True, f12=True)",0.9560467326267378
72.641,"FeatureMask(f0=True, f1=True, f2=True, f3=True, f4=False, f5=True, f6=True, f7=False, f8=False, f9=True, f10=False, f11=True, f12=True)",0.9560467326267378
72.641,"FeatureMask(f0=True, f1=True, f2=True, f3=True, f4=False, f5=True, f6=True, f7=False, f8=False, f9=True, f10=False, f11=True, f12=True)",0.9560467326267378
72.828,"FeatureMask(f0=True, f1=True, f2=True, f3=True, f4=False, f5=True, f6=True, f7=False, f8=False, f9=True, f10=False, f11=True, f12=True)",0.9560467326267378
72.828,"FeatureMask(f0=True, f1=True, f2=True, f3=True, f4=False, f5=True, f6=True, f7=False, f8=False, f9=True, f10=False, f11=True, f12=True)",0.9560467326267378
72.828,"FeatureMask(f0=True, f1=True, f2=True, f3=True, f4=False, f5=True, f6=True, f7=False, f8=False, f9=True, f10=False, f11=True, f12=True)",0.9560467326267378
72.828,"FeatureMask(f0=True, f1=True, f2=True, f3=True, f4=False, f5=True, f6=True, f7=False, f8=False, f9=True, f10=False, f11=True, f12=True)",0.9560467326267378
72.828,"FeatureMask(f0=True, f1=True, f2=True, f3=True, f4=False, f5=True, f6=True, f7=False, f8=False, f9=True, f10=False, f11=True, f12=True)",0.9560467326267378
72.828,"FeatureMask(f0=True, f1=True, f2=True, f3=True, f4=False, f5=True, f6=True, f7=False, f8=False, f9=True, f10=False, f11=True, f12=True)",0.9560467326267378
72.828,"FeatureMask(f0=True, f1=True, f2=True, f3=True, f4=False, f5=True, f6=True, f7=False, f8=False, f9=True, f10=False, f11=True, f12=True)",0.9560467326267378
72.828,"FeatureMask(f0=True, f1=True, f2=True, f3=True, f4=False, f5=True, f6=True, f7=False, f8=False, f9=True, f10=False, f11=True, f12=True)",0.9560467326267378
72.828,"FeatureMask(f0=True, f1=True, f2=True, f3=True, f4=False, f5=True, f6=True, f7=False, f8=False, f9=True, f10=False, f11=True, f12=True)",0.9560467326267378
72.828,"FeatureMask(f0=True, f1=True, f2=True, f3=True, f4=False, f5=True, f6=True, f7=False, f8=False, f9=True, f10=False, f11=True, f12=True)",0.9560467326267378
72.92200000000001,"FeatureMask(f0=True, f1=True, f2=True, f3=True, f4=False, f5=True, f6=True, f7=False, f8=False, f9=True, f10=False, f11=True, f12=True)",0.9560467326267378
73.031,"FeatureMask(f0=True, f1=True, f2=True, f3=True, f4=False, f5=True, f6=True, f7=False, f8=False, f9=True, f10=False, f11=True, f12=True)",0.9560467326267378
73.031,"FeatureMask(f0=True, f1=True, f2=True, f3=True, f4=False, f5=True, f6=True, f7=False, f8=False, f9=True, f10=False, f11=True, f12=True)",0.9560467326267378
73.031,"FeatureMask(f0=True, f1=True, f2=True, f3=True, f4=False, f5=True, f6=True, f7=False, f8=False, f9=True, f10=False, f11=True, f12=True)",0.9560467326267378
73.031,"FeatureMask(f0=True, f1=True, f2=True, f3=True, f4=False, f5=True, f6=True, f7=False, f8=False, f9=True, f10=False, f11=True, f12=True)",0.9560467326267378
73.031,"FeatureMask(f0=True, f1=True, f2=True, f3=True, f4=False, f5=True, f6=True, f7=False, f8=False, f9=True, f10=False, f11=True, f12=True)",0.9560467326267378
73.031,"FeatureMask(f0=True, f1=True, f2=True, f3=True, f4=False, f5=True, f6=True, f7=False, f8=False, f9=True, f10=False, f11=True, f12=True)",0.9560467326267378
73.031,"FeatureMask(f0=True, f1=True, f2=True, f3=True, f4=False, f5=True, f6=True, f7=False, f8=False, f9=True, f10=False, f11=True, f12=True)",0.9560467326267378
73.031,"FeatureMask(f0=True, f1=True, f2=True, f3=True, f4=False, f5=True, f6=True, f7=False, f8=False, f9=True, f10=False, f11=True, f12=True)",0.9560467326267378
73.031,"FeatureMask(f0=True, f1=True, f2=True, f3=True, f4=False, f5=True, f6=True, f7=False, f8=False, f9=True, f10=False, f11=True, f12=True)",0.9560467326267378
73.031,"FeatureMask(f0=True, f1=True, f2=True, f3=True, f4=False, f5=True, f6=True, f7=False, f8=False, f9=True, f10=False, f11=True, f12=True)",0.9560467326267378
73.125,"FeatureMask(f0=True, f1=True, f2=True, f3=True, f4=False, f5=True, f6=True, f7=False, f8=False, f9=True, f10=False, f11=True, f12=True)",0.9560467326267378
73.21900000000001,"FeatureMask(f0=True, f1=True, f2=True, f3=True, f4=False, f5=True, f6=True, f7=False, f8=False, f9=True, f10=False, f11=True, f12=True)",0.9560467326267378
73.21900000000001,"FeatureMask(f0=True, f1=True, f2=True, f3=True, f4=False, f5=True, f6=True, f7=False, f8=False, f9=True, f10=False, f11=True, f12=True)",0.9560467326267378
73.21900000000001,"FeatureMask(f0=True, f1=True, f2=True, f3=True, f4=False, f5=True, f6=True, f7=False, f8=False, f9=True, f10=False, f11=True, f12=True)",0.9560467326267378
73.21900000000001,"FeatureMask(f0=True, f1=True, f2=True, f3=True, f4=False, f5=True, f6=True, f7=False, f8=False, f9=True, f10=False, f11=True, f12=True)",0.9560467326267378
73.21900000000001,"FeatureMask(f0=True, f1=True, f2=True, f3=True, f4=False, f5=True, f6=True, f7=False, f8=False, f9=True, f10=False, f11=True, f12=True)",0.9560467326267378
73.21900000000001,"FeatureMask(f0=True, f1=True, f2=True, f3=True, f4=False, f5=True, f6=True, f7=False, f8=False, f9=True, f10=False, f11=True, f12=True)",0.9560467326267378
73.21900000000001,"FeatureMask(f0=True, f1=True, f2=True, f3=True, f4=False, f5=True, f6=True, f7=False, f8=False, f9=True, f10=False, f11=True, f12=True)",0.9560467326267378
73.21900000000001,"FeatureMask(f0=True, f1=True, f2=True, f3=True, f4=False, f5=True, f6=True, f7=False, f8=False, f9=True, f10=False, f11=True, f12=True)",0.9560467326267378
73.21900000000001,"FeatureMask(f0=True, f1=True, f2=True, f3=True, f4=False, f5=True, f6=True, f7=False, f8=False, f9=True, f10=False, f11=True, f12=True)",0.9560467326267378
73.21900000000001,"FeatureMask(f0=True, f1=True, f2=True, f3=True, f4=False, f5=True, f6=True, f7=False, f8=False, f9=True, f10=False, f11=True, f12=True)",0.9560467326267378
73.42200000000001,"FeatureMask(f0=True, f1=True, f2=True, f3=True, f4=False, f5=True, f6=True, f7=False, f8=False, f9=True, f10=False, f11=True, f12=True)",0.9560467326267378
73.42200000000001,"FeatureMask(f0=True, f1=True, f2=True, f3=True, f4=False, f5=True, f6=True, f7=False, f8=False, f9=True, f10=False, f11=True, f12=True)",0.9560467326267378
73.42200000000001,"FeatureMask(f0=True, f1=True, f2=True, f3=True, f4=False, f5=True, f6=True, f7=False, f8=False, f9=True, f10=False, f11=True, f12=True)",0.9560467326267378
73.42200000000001,"FeatureMask(f0=True, f1=True, f2=True, f3=True, f4=False, f5=True, f6=True, f7=False, f8=False, f9=True, f10=False, f11=True, f12=True)",0.9560467326267378
73.42200000000001,"FeatureMask(f0=True, f1=True, f2=True, f3=True, f4=False, f5=True, f6=True, f7=False, f8=False, f9=True, f10=False, f11=True, f12=True)",0.9560467326267378
73.42200000000001,"FeatureMask(f0=True, f1=True, f2=True, f3=True, f4=False, f5=True, f6=True, f7=False, f8=False, f9=True, f10=False, f11=True, f12=True)",0.9560467326267378
73.42200000000001,"FeatureMask(f0=True, f1=True, f2=True, f3=True, f4=False, f5=True, f6=True, f7=False, f8=False, f9=True, f10=False, f11=True, f12=True)",0.9560467326267378
73.42200000000001,"FeatureMask(f0=True, f1=True, f2=True, f3=True, f4=False, f5=True, f6=True, f7=False, f8=False, f9=True, f10=False, f11=True, f12=True)",0.9560467326267378
73.42200000000001,"FeatureMask(f0=True, f1=True, f2=True, f3=True, f4=False, f5=True, f6=True, f7=False, f8=False, f9=True, f10=False, f11=True, f12=True)",0.9560467326267378
73.42200000000001,"FeatureMask(f0=True, f1=True, f2=True, f3=True, f4=False, f5=True, f6=True, f7=False, f8=False, f9=True, f10=False, f11=True, f12=True)",0.9560467326267378
73.625,"FeatureMask(f0=True, f1=True, f2=True, f3=True, f4=False, f5=True, f6=True, f7=False, f8=False, f9=True, f10=False, f11=True, f12=True)",0.9560467326267378
73.625,"FeatureMask(f0=True, f1=True, f2=True, f3=True, f4=False, f5=True, f6=True, f7=False, f8=False, f9=True, f10=False, f11=True, f12=True)",0.9560467326267378
73.625,"FeatureMask(f0=True, f1=True, f2=True, f3=True, f4=False, f5=True, f6=True, f7=False, f8=False, f9=True, f10=False, f11=True, f12=True)",0.9560467326267378
73.625,"FeatureMask(f0=True, f1=True, f2=True, f3=True, f4=False, f5=True, f6=True, f7=False, f8=False, f9=True, f10=False, f11=True, f12=True)",0.9560467326267378
73.625,"FeatureMask(f0=True, f1=True, f2=True, f3=True, f4=False, f5=True, f6=True, f7=False, f8=False, f9=True, f10=False, f11=True, f12=True)",0.9560467326267378
73.625,"FeatureMask(f0=True, f1=True, f2=True, f3=True, f4=False, f5=True, f6=True, f7=False, f8=False, f9=True, f10=False, f11=True, f12=True)",0.9560467326267378
73.625,"FeatureMask(f0=True, f1=True, f2=True, f3=True, f4=False, f5=True, f6=True, f7=False, f8=False, f9=True, f10=False, f11=True, f12=True)",0.9560467326267378
73.625,"FeatureMask(f0=True, f1=True, f2=True, f3=True, f4=False, f5=True, f6=True, f7=False, f8=False, f9=True, f10=False, f11=True, f12=True)",0.9560467326267378
73.625,"FeatureMask(f0=True, f1=True, f2=True, f3=True, f4=False, f5=True, f6=True, f7=False, f8=False, f9=True, f10=False, f11=True, f12=True)",0.9560467326267378
73.625,"FeatureMask(f0=True, f1=True, f2=True, f3=True, f4=False, f5=True, f6=True, f7=False, f8=False, f9=True, f10=False, f11=True, f12=True)",0.9560467326267378
73.71900000000001,"FeatureMask(f0=True, f1=True, f2=True, f3=True, f4=False, f5=True, f6=True, f7=False, f8=False, f9=True, f10=False, f11=True, f12=True)",0.9560467326267378
73.79700000000001,"FeatureMask(f0=True, f1=True, f2=True, f3=True, f4=False, f5=True, f6=True, f7=False, f8=False, f9=True, f10=False, f11=True, f12=True)",0.9560467326267378
73.79700000000001,"FeatureMask(f0=True, f1=True, f2=True, f3=True, f4=False, f5=True, f6=True, f7=False, f8=False, f9=True, f10=False, f11=True, f12=True)",0.9560467326267378
73.79700000000001,"FeatureMask(f0=True, f1=True, f2=True, f3=True, f4=False, f5=True, f6=True, f7=False, f8=False, f9=True, f10=False, f11=True, f12=True)",0.9560467326267378
73.79700000000001,"FeatureMask(f0=True, f1=True, f2=True, f3=True, f4=False, f5=True, f6=True, f7=False, f8=False, f9=True, f10=False, f11=True, f12=True)",0.9560467326267378
73.79700000000001,"FeatureMask(f0=True, f1=True, f2=True, f3=True, f4=False, f5=True, f6=True, f7=False, f8=False, f9=True, f10=False, f11=True, f12=True)",0.9560467326267378
73.79700000000001,"FeatureMask(f0=True, f1=True, f2=True, f3=True, f4=False, f5=True, f6=True, f7=False, f8=False, f9=True, f10=False, f11=True, f12=True)",0.9560467326267378
73.79700000000001,"FeatureMask(f0=True, f1=True, f2=True, f3=True, f4=False, f5=True, f6=True, f7=False, f8=False, f9=True, f10=False, f11=True, f12=True)",0.9560467326267378
73.79700000000001,"FeatureMask(f0=True, f1=True, f2=True, f3=True, f4=False, f5=True, f6=True, f7=False, f8=False, f9=True, f10=False, f11=True, f12=True)",0.9560467326267378
73.79700000000001,"FeatureMask(f0=True, f1=True, f2=True, f3=True, f4=False, f5=True, f6=True, f7=False, f8=False, f9=True, f10=False, f11=True, f12=True)",0.9560467326267378
73.79700000000001,"FeatureMask(f0=True, f1=True, f2=True, f3=True, f4=False, f5=True, f6=True, f7=False, f8=False, f9=True, f10=False, f11=True, f12=True)",0.9560467326267378
73.875,"FeatureMask(f0=True, f1=True, f2=True, f3=True, f4=False, f5=True, f6=True, f7=False, f8=False, f9=True, f10=False, f11=True, f12=True)",0.9560467326267378
73.875,"FeatureMask(f0=True, f1=True, f2=True, f3=True, f4=False, f5=True, f6=True, f7=False, f8=False, f9=True, f10=False, f11=True, f12=True)",0.9560467326267378
74.0,"FeatureMask(f0=True, f1=True, f2=True, f3=True, f4=False, f5=True, f6=True, f7=False, f8=False, f9=True, f10=False, f11=True, f12=True)",0.9560467326267378
74.0,"FeatureMask(f0=True, f1=True, f2=True, f3=True, f4=False, f5=True, f6=True, f7=False, f8=False, f9=True, f10=False, f11=True, f12=True)",0.9560467326267378
74.0,"FeatureMask(f0=True, f1=True, f2=True, f3=True, f4=False, f5=True, f6=True, f7=False, f8=False, f9=True, f10=False, f11=True, f12=True)",0.9560467326267378
74.0,"FeatureMask(f0=True, f1=True, f2=True, f3=True, f4=False, f5=True, f6=True, f7=False, f8=False, f9=True, f10=False, f11=True, f12=True)",0.9560467326267378
74.0,"FeatureMask(f0=True, f1=True, f2=True, f3=True, f4=False, f5=True, f6=True, f7=False, f8=False, f9=True, f10=False, f11=True, f12=True)",0.9560467326267378
74.0,"FeatureMask(f0=True, f1=True, f2=True, f3=True, f4=False, f5=True, f6=True, f7=False, f8=False, f9=True, f10=False, f11=True, f12=True)",0.9560467326267378
74.0,"FeatureMask(f0=True, f1=True, f2=True, f3=True, f4=False, f5=True, f6=True, f7=False, f8=False, f9=True, f10=False, f11=True, f12=True)",0.9560467326267378
74.0,"FeatureMask(f0=True, f1=True, f2=True, f3=True, f4=False, f5=True, f6=True, f7=False, f8=False, f9=True, f10=False, f11=True, f12=True)",0.9560467326267378
74.0,"FeatureMask(f0=True, f1=True, f2=True, f3=True, f4=False, f5=True, f6=True, f7=False, f8=False, f9=True, f10=False, f11=True, f12=True)",0.9560467326267378
74.0,"FeatureMask(f0=True, f1=True, f2=True, f3=True, f4=False, f5=True, f6=True, f7=False, f8=False, f9=True, f10=False, f11=True, f12=True)",0.9560467326267378
74.09400000000001,"FeatureMask(f0=True, f1=True, f2=True, f3=True, f4=False, f5=True, f6=True, f7=False, f8=False, f9=True, f10=False, f11=True, f12=True)",0.9560467326267378
74.09400000000001,"FeatureMask(f0=True, f1=True, f2=True, f3=True, f4=False, f5=True, f6=True, f7=False, f8=False, f9=True, f10=False, f11=True, f12=True)",0.9560467326267378
74.21900000000001,"FeatureMask(f0=True, f1=True, f2=True, f3=True, f4=False, f5=True, f6=True, f7=False, f8=False, f9=True, f10=False, f11=True, f12=True)",0.9560467326267378
74.21900000000001,"FeatureMask(f0=True, f1=True, f2=True, f3=True, f4=False, f5=True, f6=True, f7=False, f8=False, f9=True, f10=False, f11=True, f12=True)",0.9560467326267378
74.21900000000001,"FeatureMask(f0=True, f1=True, f2=True, f3=True, f4=False, f5=True, f6=True, f7=False, f8=False, f9=True, f10=False, f11=True, f12=True)",0.9560467326267378
74.21900000000001,"FeatureMask(f0=True, f1=True, f2=True, f3=True, f4=False, f5=True, f6=True, f7=False, f8=False, f9=True, f10=False, f11=True, f12=True)",0.9560467326267378
74.21900000000001,"FeatureMask(f0=True, f1=True, f2=True, f3=True, f4=False, f5=True, f6=True, f7=False, f8=False, f9=True, f10=False, f11=True, f12=True)",0.9560467326267378
74.21900000000001,"FeatureMask(f0=True, f1=True, f2=True, f3=True, f4=False, f5=True, f6=True, f7=False, f8=False, f9=True, f10=False, f11=True, f12=True)",0.9560467326267378
74.21900000000001,"FeatureMask(f0=True, f1=True, f2=True, f3=True, f4=False, f5=True, f6=True, f7=False, f8=False, f9=True, f10=False, f11=True, f12=True)",0.9560467326267378
74.21900000000001,"FeatureMask(f0=True, f1=True, f2=True, f3=True, f4=False, f5=True, f6=True, f7=False, f8=False, f9=True, f10=False, f11=True, f12=True)",0.9560467326267378
74.21900000000001,"FeatureMask(f0=True, f1=True, f2=True, f3=True, f4=False, f5=True, f6=True, f7=False, f8=False, f9=True, f10=False, f11=True, f12=True)",0.9560467326267378
74.21900000000001,"FeatureMask(f0=True, f1=True, f2=True, f3=True, f4=False, f5=True, f6=True, f7=False, f8=False, f9=True, f10=False, f11=True, f12=True)",0.9560467326267378
74.406,"FeatureMask(f0=True, f1=True, f2=True, f3=True, f4=False, f5=True, f6=True, f7=False, f8=False, f9=True, f10=False, f11=True, f12=True)",0.9560467326267378
74.406,"FeatureMask(f0=True, f1=True, f2=True, f3=True, f4=False, f5=True, f6=True, f7=False, f8=False, f9=True, f10=False, f11=True, f12=True)",0.9560467326267378
74.406,"FeatureMask(f0=True, f1=True, f2=True, f3=True, f4=False, f5=True, f6=True, f7=False, f8=False, f9=True, f10=False, f11=True, f12=True)",0.9560467326267378
74.406,"FeatureMask(f0=True, f1=True, f2=True, f3=True, f4=False, f5=True, f6=True, f7=False, f8=False, f9=True, f10=False, f11=True, f12=True)",0.9560467326267378
74.406,"FeatureMask(f0=True, f1=True, f2=True, f3=True, f4=False, f5=True, f6=True, f7=False, f8=False, f9=True, f10=False, f11=True, f12=True)",0.9560467326267378
74.406,"FeatureMask(f0=True, f1=True, f2=True, f3=True, f4=False, f5=True, f6=True, f7=False, f8=False, f9=True, f10=False, f11=True, f12=True)",0.9560467326267378
74.406,"FeatureMask(f0=True, f1=True, f2=True, f3=True, f4=False, f5=True, f6=True, f7=False, f8=False, f9=True, f10=False, f11=True, f12=True)",0.9560467326267378
74.406,"FeatureMask(f0=True, f1=True, f2=True, f3=True, f4=False, f5=True, f6=True, f7=False, f8=False, f9=True, f10=False, f11=True, f12=True)",0.9560467326267378
74.406,"FeatureMask(f0=True, f1=True, f2=True, f3=True, f4=False, f5=True, f6=True, f7=False, f8=False, f9=True, f10=False, f11=True, f12=True)",0.9560467326267378
74.406,"FeatureMask(f0=True, f1=True, f2=True, f3=True, f4=False, f5=True, f6=True, f7=False, f8=False, f9=True, f10=False, f11=True, f12=True)",0.9560467326267378
74.59400000000001,"FeatureMask(f0=True, f1=True, f2=True, f3=True, f4=False, f5=True, f6=True, f7=False, f8=False, f9=True, f10=False, f11=True, f12=True)",0.9560467326267378
74.59400000000001,"FeatureMask(f0=True, f1=True, f2=True, f3=True, f4=False, f5=True, f6=True, f7=False, f8=False, f9=True, f10=False, f11=True, f12=True)",0.9560467326267378
74.59400000000001,"FeatureMask(f0=True, f1=True, f2=True, f3=True, f4=False, f5=True, f6=True, f7=False, f8=False, f9=True, f10=False, f11=True, f12=True)",0.9560467326267378
74.59400000000001,"FeatureMask(f0=True, f1=True, f2=True, f3=True, f4=False, f5=True, f6=True, f7=False, f8=False, f9=True, f10=False, f11=True, f12=True)",0.9560467326267378
74.59400000000001,"FeatureMask(f0=True, f1=True, f2=True, f3=True, f4=False, f5=True, f6=True, f7=False, f8=False, f9=True, f10=False, f11=True, f12=True)",0.9560467326267378
74.59400000000001,"FeatureMask(f0=True, f1=True, f2=True, f3=True, f4=False, f5=True, f6=True, f7=False, f8=False, f9=True, f10=False, f11=True, f12=True)",0.9560467326267378
74.59400000000001,"FeatureMask(f0=True, f1=True, f2=True, f3=True, f4=False, f5=True, f6=True, f7=False, f8=False, f9=True, f10=False, f11=True, f12=True)",0.9560467326267378
74.59400000000001,"FeatureMask(f0=True, f1=True, f2=True, f3=True, f4=False, f5=True, f6=True, f7=False, f8=False, f9=True, f10=False, f11=True, f12=True)",0.9560467326267378
74.61,"FeatureMask(f0=True, f1=True, f2=True, f3=True, f4=False, f5=True, f6=True, f7=False, f8=False, f9=True, f10=False, f11=True, f12=True)",0.9560467326267378
74.61,"FeatureMask(f0=True, f1=True, f2=True, f3=True, f4=False, f5=True, f6=True, f7=False, f8=False, f9=True, f10=False, f11=True, f12=True)",0.9560467326267378
74.688,"FeatureMask(f0=True, f1=True, f2=True, f3=True, f4=False, f5=True, f6=True, f7=False, f8=False, f9=True, f10=False, f11=True, f12=True)",0.9560467326267378
74.79700000000001,"FeatureMask(f0=True, f1=True, f2=True, f3=True, f4=False, f5=True, f6=True, f7=False, f8=False, f9=True, f10=False, f11=True, f12=True)",0.9560467326267378
74.79700000000001,"FeatureMask(f0=True, f1=True, f2=True, f3=True, f4=False, f5=True, f6=True, f7=False, f8=False, f9=True, f10=False, f11=True, f12=True)",0.9560467326267378
74.79700000000001,"FeatureMask(f0=True, f1=True, f2=True, f3=True, f4=False, f5=True, f6=True, f7=False, f8=False, f9=True, f10=False, f11=True, f12=True)",0.9560467326267378
74.79700000000001,"FeatureMask(f0=True, f1=True, f2=True, f3=True, f4=False, f5=True, f6=True, f7=False, f8=False, f9=True, f10=False, f11=True, f12=True)",0.9560467326267378
74.79700000000001,"FeatureMask(f0=True, f1=True, f2=True, f3=True, f4=False, f5=True, f6=True, f7=False, f8=False, f9=True, f10=False, f11=True, f12=True)",0.9560467326267378
74.79700000000001,"FeatureMask(f0=True, f1=True, f2=True, f3=True, f4=False, f5=True, f6=True, f7=False, f8=False, f9=True, f10=False, f11=True, f12=True)",0.9560467326267378
74.79700000000001,"FeatureMask(f0=True, f1=True, f2=True, f3=True, f4=False, f5=True, f6=True, f7=False, f8=False, f9=True, f10=False, f11=True, f12=True)",0.9560467326267378
74.79700000000001,"FeatureMask(f0=True, f1=True, f2=True, f3=True, f4=False, f5=True, f6=True, f7=False, f8=False, f9=True, f10=False, f11=True, f12=True)",0.9560467326267378
74.79700000000001,"FeatureMask(f0=True, f1=True, f2=True, f3=True, f4=False, f5=True, f6=True, f7=False, f8=False, f9=True, f10=False, f11=True, f12=True)",0.9560467326267378
74.79700000000001,"FeatureMask(f0=True, f1=True, f2=True, f3=True, f4=False, f5=True, f6=True, f7=False, f8=False, f9=True, f10=False, f11=True, f12=True)",0.9560467326267378
75.0,"FeatureMask(f0=True, f1=True, f2=True, f3=True, f4=False, f5=True, f6=True, f7=False, f8=False, f9=True, f10=False, f11=True, f12=True)",0.9560467326267378
75.0,"FeatureMask(f0=True, f1=True, f2=True, f3=True, f4=False, f5=True, f6=True, f7=False, f8=False, f9=True, f10=False, f11=True, f12=True)",0.9560467326267378
75.0,"FeatureMask(f0=True, f1=True, f2=True, f3=True, f4=False, f5=True, f6=True, f7=False, f8=False, f9=True, f10=False, f11=True, f12=True)",0.9560467326267378
75.0,"FeatureMask(f0=True, f1=True, f2=True, f3=True, f4=False, f5=True, f6=True, f7=False, f8=False, f9=True, f10=False, f11=True, f12=True)",0.9560467326267378
75.0,"FeatureMask(f0=True, f1=True, f2=True, f3=True, f4=False, f5=True, f6=True, f7=False, f8=False, f9=True, f10=False, f11=True, f12=True)",0.9560467326267378
75.0,"FeatureMask(f0=True, f1=True, f2=True, f3=True, f4=False, f5=True, f6=True, f7=False, f8=False, f9=True, f10=False, f11=True, f12=True)",0.9560467326267378
75.0,"FeatureMask(f0=True, f1=True, f2=True, f3=True, f4=False, f5=True, f6=True, f7=False, f8=False, f9=True, f10=False, f11=True, f12=True)",0.9560467326267378
75.0,"FeatureMask(f0=True, f1=True, f2=True, f3=True, f4=False, f5=True, f6=True, f7=False, f8=False, f9=True, f10=False, f11=True, f12=True)",0.9560467326267378
75.0,"FeatureMask(f0=True, f1=True, f2=True, f3=True, f4=False, f5=True, f6=True, f7=False, f8=False, f9=True, f10=False, f11=True, f12=True)",0.9560467326267378
75.0,"FeatureMask(f0=True, f1=True, f2=True, f3=True, f4=False, f5=True, f6=True, f7=False, f8=False, f9=True, f10=False, f11=True, f12=True)",0.9560467326267378
75.203,"FeatureMask(f0=True, f1=True, f2=True, f3=True, f4=False, f5=True, f6=True, f7=False, f8=False, f9=True, f10=False, f11=True, f12=True)",0.9560467326267378
75.203,"FeatureMask(f0=True, f1=True, f2=True, f3=True, f4=False, f5=True, f6=True, f7=False, f8=False, f9=True, f10=False, f11=True, f12=True)",0.9560467326267378
75.203,"FeatureMask(f0=True, f1=True, f2=True, f3=True, f4=False, f5=True, f6=True, f7=False, f8=False, f9=True, f10=False, f11=True, f12=True)",0.9560467326267378
75.203,"FeatureMask(f0=True, f1=True, f2=True, f3=True, f4=False, f5=True, f6=True, f7=False, f8=False, f9=True, f10=False, f11=True, f12=True)",0.9560467326267378
75.203,"FeatureMask(f0=True, f1=True, f2=True, f3=True, f4=False, f5=True, f6=True, f7=False, f8=False, f9=True, f10=False, f11=True, f12=True)",0.9560467326267378
75.203,"FeatureMask(f0=True, f1=True, f2=True, f3=True, f4=False, f5=True, f6=True, f7=False, f8=False, f9=True, f10=False, f11=True, f12=True)",0.9560467326267378
75.203,"FeatureMask(f0=True, f1=True, f2=True, f3=True, f4=False, f5=True, f6=True, f7=False, f8=False, f9=True, f10=False, f11=True, f12=True)",0.9560467326267378
75.203,"FeatureMask(f0=True, f1=True, f2=True, f3=True, f4=False, f5=True, f6=True, f7=False, f8=False, f9=True, f10=False, f11=True, f12=True)",0.9560467326267378
75.203,"FeatureMask(f0=True, f1=True, f2=True, f3=True, f4=False, f5=True, f6=True, f7=False, f8=False, f9=True, f10=False, f11=True, f12=True)",0.9560467326267378
75.203,"FeatureMask(f0=True, f1=True, f2=True, f3=True, f4=False, f5=True, f6=True, f7=False, f8=False, f9=True, f10=False, f11=True, f12=True)",0.9560467326267378
75.375,"FeatureMask(f0=True, f1=True, f2=True, f3=True, f4=False, f5=True, f6=True, f7=False, f8=False, f9=True, f10=False, f11=True, f12=True)",0.9560467326267378
75.375,"FeatureMask(f0=True, f1=True, f2=True, f3=True, f4=False, f5=True, f6=True, f7=False, f8=False, f9=True, f10=False, f11=True, f12=True)",0.9560467326267378
75.375,"FeatureMask(f0=True, f1=True, f2=True, f3=True, f4=False, f5=True, f6=True, f7=False, f8=False, f9=True, f10=False, f11=True, f12=True)",0.9560467326267378
75.391,"FeatureMask(f0=True, f1=True, f2=True, f3=True, f4=False, f5=True, f6=True, f7=False, f8=False, f9=True, f10=False, f11=True, f12=True)",0.9560467326267378
75.391,"FeatureMask(f0=True, f1=True, f2=True, f3=True, f4=False, f5=True, f6=True, f7=False, f8=False, f9=True, f10=False, f11=True, f12=True)",0.9560467326267378
75.391,"FeatureMask(f0=True, f1=True, f2=True, f3=True, f4=False, f5=True, f6=True, f7=False, f8=False, f9=True, f10=False, f11=True, f12=True)",0.9560467326267378
75.391,"FeatureMask(f0=True, f1=True, f2=True, f3=True, f4=False, f5=True, f6=True, f7=False, f8=False, f9=True, f10=False, f11=True, f12=True)",0.9560467326267378
75.391,"FeatureMask(f0=True, f1=True, f2=True, f3=True, f4=False, f5=True, f6=True, f7=False, f8=False, f9=True, f10=False, f11=True, f12=True)",0.9560467326267378
75.391,"FeatureMask(f0=True, f1=True, f2=True, f3=True, f4=False, f5=True, f6=True, f7=False, f8=False, f9=True, f10=False, f11=True, f12=True)",0.9560467326267378
75.391,"FeatureMask(f0=True, f1=True, f2=True, f3=True, f4=False, f5=True, f6=True, f7=False, f8=False, f9=True, f10=False, f11=True, f12=True)",0.9560467326267378
75.46900000000001,"FeatureMask(f0=True, f1=True, f2=True, f3=True, f4=False, f5=True, f6=True, f7=False, f8=False, f9=True, f10=False, f11=True, f12=True)",0.9560467326267378
75.46900000000001,"FeatureMask(f0=True, f1=True, f2=True, f3=True, f4=False, f5=True, f6=True, f7=False, f8=False, f9=True, f10=False, f11=True, f12=True)",0.9560467326267378
75.578,"FeatureMask(f0=True, f1=True, f2=True, f3=True, f4=False, f5=True, f6=True, f7=False, f8=False, f9=True, f10=False, f11=True, f12=True)",0.9560467326267378
75.578,"FeatureMask(f0=True, f1=True, f2=True, f3=True, f4=False, f5=True, f6=True, f7=False, f8=False, f9=True, f10=False, f11=True, f12=True)",0.9560467326267378
75.578,"FeatureMask(f0=True, f1=True, f2=True, f3=True, f4=False, f5=True, f6=True, f7=False, f8=False, f9=True, f10=False, f11=True, f12=True)",0.9560467326267378
75.578,"FeatureMask(f0=True, f1=True, f2=True, f3=True, f4=False, f5=True, f6=True, f7=False, f8=False, f9=True, f10=False, f11=True, f12=True)",0.9560467326267378
75.578,"FeatureMask(f0=True, f1=True, f2=True, f3=True, f4=False, f5=True, f6=True, f7=False, f8=False, f9=True, f10=False, f11=True, f12=True)",0.9560467326267378
75.578,"FeatureMask(f0=True, f1=True, f2=True, f3=True, f4=False, f5=True, f6=True, f7=False, f8=False, f9=True, f10=False, f11=True, f12=True)",0.9560467326267378
75.578,"FeatureMask(f0=True, f1=True, f2=True, f3=True, f4=False, f5=True, f6=True, f7=False, f8=False, f9=True, f10=False, f11=True, f12=True)",0.9560467326267378
75.578,"FeatureMask(f0=True, f1=True, f2=True, f3=True, f4=False, f5=True, f6=True, f7=False, f8=False, f9=True, f10=False, f11=True, f12=True)",0.9560467326267378
75.578,"FeatureMask(f0=True, f1=True, f2=True, f3=True, f4=False, f5=True, f6=True, f7=False, f8=False, f9=True, f10=False, f11=True, f12=True)",0.9560467326267378
75.578,"FeatureMask(f0=True, f1=True, f2=True, f3=True, f4=False, f5=True, f6=True, f7=False, f8=False, f9=True, f10=False, f11=True, f12=True)",0.9560467326267378
75.735,"FeatureMask(f0=True, f1=True, f2=True, f3=True, f4=False, f5=True, f6=True, f7=False, f8=False, f9=True, f10=False, f11=True, f12=True)",0.9560467326267378
75.735,"FeatureMask(f0=True, f1=True, f2=True, f3=True, f4=False, f5=True, f6=True, f7=False, f8=False, f9=True, f10=False, f11=True, f12=True)",0.9560467326267378
75.735,"FeatureMask(f0=True, f1=True, f2=True, f3=True, f4=False, f5=True, f6=True, f7=False, f8=False, f9=True, f10=False, f11=True, f12=True)",0.9560467326267378
75.735,"FeatureMask(f0=True, f1=True, f2=True, f3=True, f4=False, f5=True, f6=True, f7=False, f8=False, f9=True, f10=False, f11=True, f12=True)",0.9560467326267378
75.735,"FeatureMask(f0=True, f1=True, f2=True, f3=True, f4=False, f5=True, f6=True, f7=False, f8=False, f9=True, f10=False, f11=True, f12=True)",0.9560467326267378
75.735,"FeatureMask(f0=True, f1=True, f2=True, f3=True, f4=False, f5=True, f6=True, f7=False, f8=False, f9=True, f10=False, f11=True, f12=True)",0.9560467326267378
75.735,"FeatureMask(f0=True, f1=True, f2=True, f3=True, f4=False, f5=True, f6=True, f7=False, f8=False, f9=True, f10=False, f11=True, f12=True)",0.9560467326267378
75.735,"FeatureMask(f0=True, f1=True, f2=True, f3=True, f4=False, f5=True, f6=True, f7=False, f8=False, f9=True, f10=False, f11=True, f12=True)",0.9560467326267378
75.735,"FeatureMask(f0=True, f1=True, f2=True, f3=True, f4=False, f5=True, f6=True, f7=False, f8=False, f9=True, f10=False, f11=True, f12=True)",0.9560467326267378
75.735,"FeatureMask(f0=True, f1=True, f2=True, f3=True, f4=False, f5=True, f6=True, f7=False, f8=False, f9=True, f10=False, f11=True, f12=True)",0.9560467326267378
75.938,"FeatureMask(f0=True, f1=True, f2=True, f3=True, f4=False, f5=True, f6=True, f7=False, f8=False, f9=True, f10=False, f11=True, f12=True)",0.9560467326267378
75.938,"FeatureMask(f0=True, f1=True, f2=True, f3=True, f4=False, f5=True, f6=True, f7=False, f8=False, f9=True, f10=False, f11=True, f12=True)",0.9560467326267378
75.938,"FeatureMask(f0=True, f1=True, f2=True, f3=True, f4=False, f5=True, f6=True, f7=False, f8=False, f9=True, f10=False, f11=True, f12=True)",0.9560467326267378
75.938,"FeatureMask(f0=True, f1=True, f2=True, f3=True, f4=False, f5=True, f6=True, f7=False, f8=False, f9=True, f10=False, f11=True, f12=True)",0.9560467326267378
75.938,"FeatureMask(f0=True, f1=True, f2=True, f3=True, f4=False, f5=True, f6=True, f7=False, f8=False, f9=True, f10=False, f11=True, f12=True)",0.9560467326267378
75.938,"FeatureMask(f0=True, f1=True, f2=True, f3=True, f4=False, f5=True, f6=True, f7=False, f8=False, f9=True, f10=False, f11=True, f12=True)",0.9560467326267378
75.938,"FeatureMask(f0=True, f1=True, f2=True, f3=True, f4=False, f5=True, f6=True, f7=False, f8=False, f9=True, f10=False, f11=True, f12=True)",0.9560467326267378
75.938,"FeatureMask(f0=True, f1=True, f2=True, f3=True, f4=False, f5=True, f6=True, f7=False, f8=False, f9=True, f10=False, f11=True, f12=True)",0.9560467326267378
75.938,"FeatureMask(f0=True, f1=True, f2=True, f3=True, f4=False, f5=True, f6=True, f7=False, f8=False, f9=True, f10=False, f11=True, f12=True)",0.9560467326267378
75.938,"FeatureMask(f0=True, f1=True, f2=True, f3=True, f4=False, f5=True, f6=True, f7=False, f8=False, f9=True, f10=False, f11=True, f12=True)",0.9560467326267378
76.016,"FeatureMask(f0=True, f1=True, f2=True, f3=True, f4=False, f5=True, f6=True, f7=False, f8=False, f9=True, f10=False, f11=True, f12=True)",0.9560467326267378
76.125,"FeatureMask(f0=True, f1=True, f2=True, f3=True, f4=False, f5=True, f6=True, f7=False, f8=False, f9=True, f10=False, f11=True, f12=True)",0.9560467326267378
76.125,"FeatureMask(f0=True, f1=True, f2=True, f3=True, f4=False, f5=True, f6=True, f7=False, f8=False, f9=True, f10=False, f11=True, f12=True)",0.9560467326267378
76.125,"FeatureMask(f0=True, f1=True, f2=True, f3=True, f4=False, f5=True, f6=True, f7=False, f8=False, f9=True, f10=False, f11=True, f12=True)",0.9560467326267378
76.125,"FeatureMask(f0=True, f1=True, f2=True, f3=True, f4=False, f5=True, f6=True, f7=False, f8=False, f9=True, f10=False, f11=True, f12=True)",0.9560467326267378
76.125,"FeatureMask(f0=True, f1=True, f2=True, f3=True, f4=False, f5=True, f6=True, f7=False, f8=False, f9=True, f10=False, f11=True, f12=True)",0.9560467326267378
76.125,"FeatureMask(f0=True, f1=True, f2=True, f3=True, f4=False, f5=True, f6=True, f7=False, f8=False, f9=True, f10=False, f11=True, f12=True)",0.9560467326267378
76.125,"FeatureMask(f0=True, f1=True, f2=True, f3=True, f4=False, f5=True, f6=True, f7=False, f8=False, f9=True, f10=False, f11=True, f12=True)",0.9560467326267378
76.125,"FeatureMask(f0=True, f1=True, f2=True, f3=True, f4=False, f5=True, f6=True, f7=False, f8=False, f9=True, f10=False, f11=True, f12=True)",0.9560467326267378
76.125,"FeatureMask(f0=True, f1=True, f2=True, f3=True, f4=False, f5=True, f6=True, f7=False, f8=False, f9=True, f10=False, f11=True, f12=True)",0.9560467326267378
76.125,"FeatureMask(f0=True, f1=True, f2=True, f3=True, f4=False, f5=True, f6=True, f7=False, f8=False, f9=True, f10=False, f11=True, f12=True)",0.9560467326267378
76.203,"FeatureMask(f0=True, f1=True, f2=True, f3=True, f4=False, f5=True, f6=True, f7=False, f8=False, f9=True, f10=False, f11=True, f12=True)",0.9560467326267378
76.281,"FeatureMask(f0=True, f1=True, f2=True, f3=True, f4=False, f5=True, f6=True, f7=False, f8=False, f9=True, f10=False, f11=True, f12=True)",0.9560467326267378
76.281,"FeatureMask(f0=True, f1=True, f2=True, f3=True, f4=False, f5=True, f6=True, f7=False, f8=False, f9=True, f10=False, f11=True, f12=True)",0.9560467326267378
76.281,"FeatureMask(f0=True, f1=True, f2=True, f3=True, f4=False, f5=True, f6=True, f7=False, f8=False, f9=True, f10=False, f11=True, f12=True)",0.9560467326267378
76.281,"FeatureMask(f0=True, f1=True, f2=True, f3=True, f4=False, f5=True, f6=True, f7=False, f8=False, f9=True, f10=False, f11=True, f12=True)",0.9560467326267378
76.281,"FeatureMask(f0=True, f1=True, f2=True, f3=True, f4=False, f5=True, f6=True, f7=False, f8=False, f9=True, f10=False, f11=True, f12=True)",0.9560467326267378
76.281,"FeatureMask(f0=True, f1=True, f2=True, f3=True, f4=False, f5=True, f6=True, f7=False, f8=False, f9=True, f10=False, f11=True, f12=True)",0.9560467326267378
76.281,"FeatureMask(f0=True, f1=True, f2=True, f3=True, f4=False, f5=True, f6=True, f7=False, f8=False, f9=True, f10=False, f11=True, f12=True)",0.9560467326267378
76.29700000000001,"FeatureMask(f0=True, f1=True, f2=True, f3=True, f4=False, f5=True, f6=True, f7=False, f8=False, f9=True, f10=False, f11=True, f12=True)",0.9560467326267378
76.29700000000001,"FeatureMask(f0=True, f1=True, f2=True, f3=True, f4=False, f5=True, f6=True, f7=False, f8=False, f9=True, f10=False, f11=True, f12=True)",0.9560467326267378
76.29700000000001,"FeatureMask(f0=True, f1=True, f2=True, f3=True, f4=False, f5=True, f6=True, f7=False, f8=False, f9=True, f10=False, f11=True, f12=True)",0.9560467326267378
76.485,"FeatureMask(f0=True, f1=True, f2=True, f3=True, f4=False, f5=True, f6=True, f7=False, f8=False, f9=True, f10=False, f11=True, f12=True)",0.9560467326267378
76.485,"FeatureMask(f0=True, f1=True, f2=True, f3=True, f4=False, f5=True, f6=True, f7=False, f8=False, f9=True, f10=False, f11=True, f12=True)",0.9560467326267378
76.485,"FeatureMask(f0=True, f1=True, f2=True, f3=True, f4=False, f5=True, f6=True, f7=False, f8=False, f9=True, f10=False, f11=True, f12=True)",0.9560467326267378
76.485,"FeatureMask(f0=True, f1=True, f2=True, f3=True, f4=False, f5=True, f6=True, f7=False, f8=False, f9=True, f10=False, f11=True, f12=True)",0.9560467326267378
76.485,"FeatureMask(f0=True, f1=True, f2=True, f3=True, f4=False, f5=True, f6=True, f7=False, f8=False, f9=True, f10=False, f11=True, f12=True)",0.9560467326267378
76.485,"FeatureMask(f0=True, f1=True, f2=True, f3=True, f4=False, f5=True, f6=True, f7=False, f8=False, f9=True, f10=False, f11=True, f12=True)",0.9560467326267378
76.485,"FeatureMask(f0=True, f1=True, f2=True, f3=True, f4=False, f5=True, f6=True, f7=False, f8=False, f9=True, f10=False, f11=True, f12=True)",0.9560467326267378
76.485,"FeatureMask(f0=True, f1=True, f2=True, f3=True, f4=False, f5=True, f6=True, f7=False, f8=False, f9=True, f10=False, f11=True, f12=True)",0.9560467326267378
76.485,"FeatureMask(f0=True, f1=True, f2=True, f3=True, f4=False, f5=True, f6=True, f7=False, f8=False, f9=True, f10=False, f11=True, f12=True)",0.9560467326267378
76.485,"FeatureMask(f0=True, f1=True, f2=True, f3=True, f4=False, f5=True, f6=True, f7=False, f8=False, f9=True, f10=False, f11=True, f12=True)",0.9560467326267378
76.578,"FeatureMask(f0=True, f1=True, f2=True, f3=True, f4=False, f5=True, f6=True, f7=False, f8=False, f9=True, f10=False, f11=True, f12=True)",0.9560467326267378
76.578,"FeatureMask(f0=True, f1=True, f2=True, f3=True, f4=False, f5=True, f6=True, f7=False, f8=False, f9=True, f10=False, f11=True, f12=True)",0.9560467326267378
76.578,"FeatureMask(f0=True, f1=True, f2=True, f3=True, f4=False, f5=True, f6=True, f7=False, f8=False, f9=True, f10=False, f11=True, f12=True)",0.9560467326267378
76.578,"FeatureMask(f0=True, f1=True, f2=True, f3=True, f4=False, f5=True, f6=True, f7=False, f8=False, f9=True, f10=False, f11=True, f12=True)",0.9560467326267378
76.578,"FeatureMask(f0=True, f1=True, f2=True, f3=True, f4=False, f5=True, f6=True, f7=False, f8=False, f9=True, f10=False, f11=True, f12=True)",0.9560467326267378
76.578,"FeatureMask(f0=True, f1=True, f2=True, f3=True, f4=False, f5=True, f6=True, f7=False, f8=False, f9=True, f10=False, f11=True, f12=True)",0.9560467326267378
76.578,"FeatureMask(f0=True, f1=True, f2=True, f3=True, f4=False, f5=True, f6=True, f7=False, f8=False, f9=True, f10=False, f11=True, f12=True)",0.9560467326267378
76.578,"FeatureMask(f0=True, f1=True, f2=True, f3=True, f4=False, f5=True, f6=True, f7=False, f8=False, f9=True, f10=False, f11=True, f12=True)",0.9560467326267378
76.578,"FeatureMask(f0=True, f1=True, f2=True, f3=True, f4=False, f5=True, f6=True, f7=False, f8=False, f9=True, f10=False, f11=True, f12=True)",0.9560467326267378
76.578,"FeatureMask(f0=True, f1=True, f2=True, f3=True, f4=False, f5=True, f6=True, f7=False, f8=False, f9=True, f10=False, f11=True, f12=True)",0.9560467326267378
76.578,"FeatureMask(f0=True, f1=True, f2=True, f3=True, f4=False, f5=True, f6=True, f7=False, f8=False, f9=True, f10=False, f11=True, f12=True)",0.9560467326267378
76.578,"FeatureMask(f0=True, f1=True, f2=True, f3=True, f4=False, f5=True, f6=True, f7=False, f8=False, f9=True, f10=False, f11=True, f12=True)",0.9560467326267378
76.578,"FeatureMask(f0=True, f1=True, f2=True, f3=True, f4=False, f5=True, f6=True, f7=False, f8=False, f9=True, f10=False, f11=True, f12=True)",0.9560467326267378
76.578,"FeatureMask(f0=True, f1=True, f2=True, f3=True, f4=False, f5=True, f6=True, f7=False, f8=False, f9=True, f10=False, f11=True, f12=True)",0.9560467326267378
76.578,"FeatureMask(f0=True, f1=True, f2=True, f3=True, f4=False, f5=True, f6=True, f7=False, f8=False, f9=True, f10=False, f11=True, f12=True)",0.9560467326267378
76.578,"FeatureMask(f0=True, f1=True, f2=True, f3=True, f4=False, f5=True, f6=True, f7=False, f8=False, f9=True, f10=False, f11=True, f12=True)",0.9560467326267378
76.59400000000001,"FeatureMask(f0=True, f1=True, f2=True, f3=True, f4=False, f5=True, f6=True, f7=False, f8=False, f9=True, f10=False, f11=True, f12=True)",0.9560467326267378
76.61,"FeatureMask(f0=True, f1=True, f2=True, f3=True, f4=False, f5=True, f6=True, f7=False, f8=False, f9=True, f10=False, f11=True, f12=True)",0.9560467326267378
76.61,"FeatureMask(f0=True, f1=True, f2=True, f3=True, f4=False, f5=True, f6=True, f7=False, f8=False, f9=True, f10=False, f11=True, f12=True)",0.9560467326267378
76.625,"FeatureMask(f0=True, f1=True, f2=True, f3=True, f4=False, f5=True, f6=True, f7=False, f8=False, f9=True, f10=False, f11=True, f12=True)",0.9560467326267378
76.625,"FeatureMask(f0=True, f1=True, f2=True, f3=True, f4=False, f5=True, f6=True, f7=False, f8=False, f9=True, f10=False, f11=True, f12=True)",0.9560467326267378
76.641,"FeatureMask(f0=True, f1=True, f2=True, f3=True, f4=False, f5=True, f6=True, f7=False, f8=False, f9=True, f10=False, f11=True, f12=True)",0.9560467326267378
76.641,"FeatureMask(f0=True, f1=True, f2=True, f3=True, f4=False, f5=True, f6=True, f7=False, f8=False, f9=True, f10=False, f11=True, f12=True)",0.9560467326267378
76.641,"FeatureMask(f0=True, f1=True, f2=True, f3=True, f4=False, f5=True, f6=True, f7=False, f8=False, f9=True, f10=False, f11=True, f12=True)",0.9560467326267378
76.641,"FeatureMask(f0=True, f1=True, f2=True, f3=True, f4=False, f5=True, f6=True, f7=False, f8=False, f9=True, f10=False, f11=True, f12=True)",0.9560467326267378
76.641,"FeatureMask(f0=True, f1=True, f2=True, f3=True, f4=False, f5=True, f6=True, f7=False, f8=False, f9=True, f10=False, f11=True, f12=True)",0.9560467326267378
76.641,"FeatureMask(f0=True, f1=True, f2=True, f3=True, f4=False, f5=True, f6=True, f7=False, f8=False, f9=True, f10=False, f11=True, f12=True)",0.9560467326267378
76.656,"FeatureMask(f0=True, f1=True, f2=True, f3=True, f4=False, f5=True, f6=True, f7=False, f8=False, f9=True, f10=False, f11=True, f12=True)",0.9560467326267378
76.656,"FeatureMask(f0=True, f1=True, f2=True, f3=True, f4=False, f5=True, f6=True, f7=False, f8=False, f9=True, f10=False, f11=True, f12=True)",0.9560467326267378
76.656,"FeatureMask(f0=True, f1=True, f2=True, f3=True, f4=False, f5=True, f6=True, f7=False, f8=False, f9=True, f10=False, f11=True, f12=True)",0.9560467326267378
76.656,"FeatureMask(f0=True, f1=True, f2=True, f3=True, f4=False, f5=True, f6=True, f7=False, f8=False, f9=True, f10=False, f11=True, f12=True)",0.9560467326267378
76.67200000000001,"FeatureMask(f0=True, f1=True, f2=True, f3=True, f4=False, f5=True, f6=True, f7=False, f8=False, f9=True, f10=False, f11=True, f12=True)",0.9560467326267378
76.67200000000001,"FeatureMask(f0=True, f1=True, f2=True, f3=True, f4=False, f5=True, f6=True, f7=False, f8=False, f9=True, f10=False, f11=True, f12=True)",0.9560467326267378
76.67200000000001,"FeatureMask(f0=True, f1=True, f2=True, f3=True, f4=False, f5=True, f6=True, f7=False, f8=False, f9=True, f10=False, f11=True, f12=True)",0.9560467326267378
76.67200000000001,"FeatureMask(f0=True, f1=True, f2=True, f3=True, f4=False, f5=True, f6=True, f7=False, f8=False, f9=True, f10=False, f11=True, f12=True)",0.9560467326267378
76.67200000000001,"FeatureMask(f0=True, f1=True, f2=True, f3=True, f4=False, f5=True, f6=True, f7=False, f8=False, f9=True, f10=False, f11=True, f12=True)",0.9560467326267378
76.67200000000001,"FeatureMask(f0=True, f1=True, f2=True, f3=True, f4=False, f5=True, f6=True, f7=False, f8=False, f9=True, f10=False, f11=True, f12=True)",0.9560467326267378
76.67200000000001,"FeatureMask(f0=True, f1=True, f2=True, f3=True, f4=False, f5=True, f6=True, f7=False, f8=False, f9=True, f10=False, f11=True, f12=True)",0.9560467326267378
76.67200000000001,"FeatureMask(f0=True, f1=True, f2=True, f3=True, f4=False, f5=True, f6=True, f7=False, f8=False, f9=True, f10=False, f11=True, f12=True)",0.9560467326267378
76.67200000000001,"FeatureMask(f0=True, f1=True, f2=True, f3=True, f4=False, f5=True, f6=True, f7=False, f8=False, f9=True, f10=False, f11=True, f12=True)",0.9560467326267378
76.75,"FeatureMask(f0=True, f1=True, f2=True, f3=True, f4=False, f5=True, f6=True, f7=False, f8=False, f9=True, f10=False, f11=True, f12=True)",0.9560467326267378
76.75,"FeatureMask(f0=True, f1=True, f2=True, f3=True, f4=False, f5=True, f6=True, f7=False, f8=False, f9=True, f10=False, f11=True, f12=True)",0.9560467326267378
76.875,"FeatureMask(f0=True, f1=True, f2=True, f3=True, f4=False, f5=True, f6=True, f7=False, f8=False, f9=True, f10=False, f11=True, f12=True)",0.9560467326267378
76.875,"FeatureMask(f0=True, f1=True, f2=True, f3=True, f4=False, f5=True, f6=True, f7=False, f8=False, f9=True, f10=False, f11=True, f12=True)",0.9560467326267378
76.875,"FeatureMask(f0=True, f1=True, f2=True, f3=True, f4=False, f5=True, f6=True, f7=False, f8=False, f9=True, f10=False, f11=True, f12=True)",0.9560467326267378
76.875,"FeatureMask(f0=True, f1=True, f2=True, f3=True, f4=False, f5=True, f6=True, f7=False, f8=False, f9=True, f10=False, f11=True, f12=True)",0.9560467326267378
76.875,"FeatureMask(f0=True, f1=True, f2=True, f3=True, f4=False, f5=True, f6=True, f7=False, f8=False, f9=True, f10=False, f11=True, f12=True)",0.9560467326267378
76.875,"FeatureMask(f0=True, f1=True, f2=True, f3=True, f4=False, f5=True, f6=True, f7=False, f8=False, f9=True, f10=False, f11=True, f12=True)",0.9560467326267378
76.875,"FeatureMask(f0=True, f1=True, f2=True, f3=True, f4=False, f5=True, f6=True, f7=False, f8=False, f9=True, f10=False, f11=True, f12=True)",0.9560467326267378
76.875,"FeatureMask(f0=True, f1=True, f2=True, f3=True, f4=False, f5=True, f6=True, f7=False, f8=False, f9=True, f10=False, f11=True, f12=True)",0.9560467326267378
76.875,"FeatureMask(f0=True, f1=True, f2=True, f3=True, f4=False, f5=True, f6=True, f7=False, f8=False, f9=True, f10=False, f11=True, f12=True)",0.9560467326267378
76.875,"FeatureMask(f0=True, f1=True, f2=True, f3=True, f4=False, f5=True, f6=True, f7=False, f8=False, f9=True, f10=False, f11=True, f12=True)",0.9560467326267378
77.031,"FeatureMask(f0=True, f1=True, f2=True, f3=True, f4=False, f5=True, f6=True, f7=False, f8=False, f9=True, f10=False, f11=True, f12=True)",0.9560467326267378
77.031,"FeatureMask(f0=True, f1=True, f2=True, f3=True, f4=False, f5=True, f6=True, f7=False, f8=False, f9=True, f10=False, f11=True, f12=True)",0.9560467326267378
77.031,"FeatureMask(f0=True, f1=True, f2=True, f3=True, f4=False, f5=True, f6=True, f7=False, f8=False, f9=True, f10=False, f11=True, f12=True)",0.9560467326267378
77.031,"FeatureMask(f0=True, f1=True, f2=True, f3=True, f4=False, f5=True, f6=True, f7=False, f8=False, f9=True, f10=False, f11=True, f12=True)",0.9560467326267378
77.031,"FeatureMask(f0=True, f1=True, f2=True, f3=True, f4=False, f5=True, f6=True, f7=False, f8=False, f9=True, f10=False, f11=True, f12=True)",0.9560467326267378
77.031,"FeatureMask(f0=True, f1=True, f2=True, f3=True, f4=False, f5=True, f6=True, f7=False, f8=False, f9=True, f10=False, f11=True, f12=True)",0.9560467326267378
77.031,"FeatureMask(f0=True, f1=True, f2=True, f3=True, f4=False, f5=True, f6=True, f7=False, f8=False, f9=True, f10=False, f11=True, f12=True)",0.9560467326267378
77.031,"FeatureMask(f0=True, f1=True, f2=True, f3=True, f4=False, f5=True, f6=True, f7=False, f8=False, f9=True, f10=False, f11=True, f12=True)",0.9560467326267378
77.031,"FeatureMask(f0=True, f1=True, f2=True, f3=True, f4=False, f5=True, f6=True, f7=False, f8=False, f9=True, f10=False, f11=True, f12=True)",0.9560467326267378
77.031,"FeatureMask(f0=True, f1=True, f2=True, f3=True, f4=False, f5=True, f6=True, f7=False, f8=False, f9=True, f10=False, f11=True, f12=True)",0.9560467326267378
77.125,"FeatureMask(f0=True, f1=True, f2=True, f3=True, f4=False, f5=True, f6=True, f7=False, f8=False, f9=True, f10=False, f11=True, f12=True)",0.9560467326267378
77.125,"FeatureMask(f0=True, f1=True, f2=True, f3=True, f4=False, f5=True, f6=True, f7=False, f8=False, f9=True, f10=False, f11=True, f12=True)",0.9560467326267378
77.125,"FeatureMask(f0=True, f1=True, f2=True, f3=True, f4=False, f5=True, f6=True, f7=False, f8=False, f9=True, f10=False, f11=True, f12=True)",0.9560467326267378
77.25,"FeatureMask(f0=True, f1=True, f2=True, f3=True, f4=False, f5=True, f6=True, f7=False, f8=False, f9=True, f10=False, f11=True, f12=True)",0.9560467326267378
77.25,"FeatureMask(f0=True, f1=True, f2=True, f3=True, f4=False, f5=True, f6=True, f7=False, f8=False, f9=True, f10=False, f11=True, f12=True)",0.9560467326267378
77.25,"FeatureMask(f0=True, f1=True, f2=True, f3=True, f4=False, f5=True, f6=True, f7=False, f8=False, f9=True, f10=False, f11=True, f12=True)",0.9560467326267378
77.25,"FeatureMask(f0=True, f1=True, f2=True, f3=True, f4=False, f5=True, f6=True, f7=False, f8=False, f9=True, f10=False, f11=True, f12=True)",0.9560467326267378
77.25,"FeatureMask(f0=True, f1=True, f2=True, f3=True, f4=False, f5=True, f6=True, f7=False, f8=False, f9=True, f10=False, f11=True, f12=True)",0.9560467326267378
77.25,"FeatureMask(f0=True, f1=True, f2=True, f3=True, f4=False, f5=True, f6=True, f7=False, f8=False, f9=True, f10=False, f11=True, f12=True)",0.9560467326267378
77.25,"FeatureMask(f0=True, f1=True, f2=True, f3=True, f4=False, f5=True, f6=True, f7=False, f8=False, f9=True, f10=False, f11=True, f12=True)",0.9560467326267378
77.25,"FeatureMask(f0=True, f1=True, f2=True, f3=True, f4=False, f5=True, f6=True, f7=False, f8=False, f9=True, f10=False, f11=True, f12=True)",0.9560467326267378
77.25,"FeatureMask(f0=True, f1=True, f2=True, f3=True, f4=False, f5=True, f6=True, f7=False, f8=False, f9=True, f10=False, f11=True, f12=True)",0.9560467326267378
77.25,"FeatureMask(f0=True, f1=True, f2=True, f3=True, f4=False, f5=True, f6=True, f7=False, f8=False, f9=True, f10=False, f11=True, f12=True)",0.9560467326267378
77.328,"FeatureMask(f0=True, f1=True, f2=True, f3=True, f4=False, f5=True, f6=True, f7=False, f8=False, f9=True, f10=False, f11=True, f12=True)",0.9560467326267378
77.453,"FeatureMask(f0=True, f1=True, f2=True, f3=True, f4=False, f5=True, f6=True, f7=False, f8=False, f9=True, f10=False, f11=True, f12=True)",0.9560467326267378
77.453,"FeatureMask(f0=True, f1=True, f2=True, f3=True, f4=False, f5=True, f6=True, f7=False, f8=False, f9=True, f10=False, f11=True, f12=True)",0.9560467326267378
77.453,"FeatureMask(f0=True, f1=True, f2=True, f3=True, f4=False, f5=True, f6=True, f7=False, f8=False, f9=True, f10=False, f11=True, f12=True)",0.9560467326267378
77.453,"FeatureMask(f0=True, f1=True, f2=True, f3=True, f4=False, f5=True, f6=True, f7=False, f8=False, f9=True, f10=False, f11=True, f12=True)",0.9560467326267378
77.453,"FeatureMask(f0=True, f1=True, f2=True, f3=True, f4=False, f5=True, f6=True, f7=False, f8=False, f9=True, f10=False, f11=True, f12=True)",0.9560467326267378
77.453,"FeatureMask(f0=True, f1=True, f2=True, f3=True, f4=False, f5=True, f6=True, f7=False, f8=False, f9=True, f10=False, f11=True, f12=True)",0.9560467326267378
77.453,"FeatureMask(f0=True, f1=True, f2=True, f3=True, f4=False, f5=True, f6=True, f7=False, f8=False, f9=True, f10=False, f11=True, f12=True)",0.9560467326267378
77.453,"FeatureMask(f0=True, f1=True, f2=True, f3=True, f4=False, f5=True, f6=True, f7=False, f8=False, f9=True, f10=False, f11=True, f12=True)",0.9560467326267378
77.453,"FeatureMask(f0=True, f1=True, f2=True, f3=True, f4=False, f5=True, f6=True, f7=False, f8=False, f9=True, f10=False, f11=True, f12=True)",0.9560467326267378
77.453,"FeatureMask(f0=True, f1=True, f2=True, f3=True, f4=False, f5=True, f6=True, f7=False, f8=False, f9=True, f10=False, f11=True, f12=True)",0.9560467326267378
77.641,"FeatureMask(f0=True, f1=True, f2=True, f3=True, f4=False, f5=True, f6=True, f7=False, f8=False, f9=True, f10=False, f11=True, f12=True)",0.9560467326267378
77.641,"FeatureMask(f0=True, f1=True, f2=True, f3=True, f4=False, f5=True, f6=True, f7=False, f8=False, f9=True, f10=False, f11=True, f12=True)",0.9560467326267378
77.641,"FeatureMask(f0=True, f1=True, f2=True, f3=True, f4=False, f5=True, f6=True, f7=False, f8=False, f9=True, f10=False, f11=True, f12=True)",0.9560467326267378
77.641,"FeatureMask(f0=True, f1=True, f2=True, f3=True, f4=False, f5=True, f6=True, f7=False, f8=False, f9=True, f10=False, f11=True, f12=True)",0.9560467326267378
77.641,"FeatureMask(f0=True, f1=True, f2=True, f3=True, f4=False, f5=True, f6=True, f7=False, f8=False, f9=True, f10=False, f11=True, f12=True)",0.9560467326267378
77.641,"FeatureMask(f0=True, f1=True, f2=True, f3=True, f4=False, f5=True, f6=True, f7=False, f8=False, f9=True, f10=False, f11=True, f12=True)",0.9560467326267378
77.641,"FeatureMask(f0=True, f1=True, f2=True, f3=True, f4=False, f5=True, f6=True, f7=False, f8=False, f9=True, f10=False, f11=True, f12=True)",0.9560467326267378
77.641,"FeatureMask(f0=True, f1=True, f2=True, f3=True, f4=False, f5=True, f6=True, f7=False, f8=False, f9=True, f10=False, f11=True, f12=True)",0.9560467326267378
77.641,"FeatureMask(f0=True, f1=True, f2=True, f3=True, f4=False, f5=True, f6=True, f7=False, f8=False, f9=True, f10=False, f11=True, f12=True)",0.9560467326267378
77.641,"FeatureMask(f0=True, f1=True, f2=True, f3=True, f4=False, f5=True, f6=True, f7=False, f8=False, f9=True, f10=False, f11=True, f12=True)",0.9560467326267378
77.84400000000001,"FeatureMask(f0=True, f1=True, f2=True, f3=True, f4=False, f5=True, f6=True, f7=False, f8=False, f9=True, f10=False, f11=True, f12=True)",0.9560467326267378
77.84400000000001,"FeatureMask(f0=True, f1=True, f2=True, f3=True, f4=False, f5=True, f6=True, f7=False, f8=False, f9=True, f10=False, f11=True, f12=True)",0.9560467326267378
77.84400000000001,"FeatureMask(f0=True, f1=True, f2=True, f3=True, f4=False, f5=True, f6=True, f7=False, f8=False, f9=True, f10=False, f11=True, f12=True)",0.9560467326267378
77.84400000000001,"FeatureMask(f0=True, f1=True, f2=True, f3=True, f4=False, f5=True, f6=True, f7=False, f8=False, f9=True, f10=False, f11=True, f12=True)",0.9560467326267378
77.84400000000001,"FeatureMask(f0=True, f1=True, f2=True, f3=True, f4=False, f5=True, f6=True, f7=False, f8=False, f9=True, f10=False, f11=True, f12=True)",0.9560467326267378
77.84400000000001,"FeatureMask(f0=True, f1=True, f2=True, f3=True, f4=False, f5=True, f6=True, f7=False, f8=False, f9=True, f10=False, f11=True, f12=True)",0.9560467326267378
77.84400000000001,"FeatureMask(f0=True, f1=True, f2=True, f3=True, f4=False, f5=True, f6=True, f7=False, f8=False, f9=True, f10=False, f11=True, f12=True)",0.9560467326267378
77.84400000000001,"FeatureMask(f0=True, f1=True, f2=True, f3=True, f4=False, f5=True, f6=True, f7=False, f8=False, f9=True, f10=False, f11=True, f12=True)",0.9560467326267378
77.84400000000001,"FeatureMask(f0=True, f1=True, f2=True, f3=True, f4=False, f5=True, f6=True, f7=False, f8=False, f9=True, f10=False, f11=True, f12=True)",0.9560467326267378
77.84400000000001,"FeatureMask(f0=True, f1=True, f2=True, f3=True, f4=False, f5=True, f6=True, f7=False, f8=False, f9=True, f10=False, f11=True, f12=True)",0.9560467326267378
77.938,"FeatureMask(f0=True, f1=True, f2=True, f3=True, f4=False, f5=True, f6=True, f7=False, f8=False, f9=True, f10=False, f11=True, f12=True)",0.9560467326267378
77.938,"FeatureMask(f0=True, f1=True, f2=True, f3=True, f4=False, f5=True, f6=True, f7=False, f8=False, f9=True, f10=False, f11=True, f12=True)",0.9560467326267378
78.063,"FeatureMask(f0=True, f1=True, f2=True, f3=True, f4=False, f5=True, f6=True, f7=False, f8=False, f9=True, f10=False, f11=True, f12=True)",0.9560467326267378
78.063,"FeatureMask(f0=True, f1=True, f2=True, f3=True, f4=False, f5=True, f6=True, f7=False, f8=False, f9=True, f10=False, f11=True, f12=True)",0.9560467326267378
78.063,"FeatureMask(f0=True, f1=True, f2=True, f3=True, f4=False, f5=True, f6=True, f7=False, f8=False, f9=True, f10=False, f11=True, f12=True)",0.9560467326267378
78.063,"FeatureMask(f0=True, f1=True, f2=True, f3=True, f4=False, f5=True, f6=True, f7=False, f8=False, f9=True, f10=False, f11=True, f12=True)",0.9560467326267378
78.063,"FeatureMask(f0=True, f1=True, f2=True, f3=True, f4=False, f5=True, f6=True, f7=False, f8=False, f9=True, f10=False, f11=True, f12=True)",0.9560467326267378
78.063,"FeatureMask(f0=True, f1=True, f2=True, f3=True, f4=False, f5=True, f6=True, f7=False, f8=False, f9=True, f10=False, f11=True, f12=True)",0.9560467326267378
78.063,"FeatureMask(f0=True, f1=True, f2=True, f3=True, f4=False, f5=True, f6=True, f7=False, f8=False, f9=True, f10=False, f11=True, f12=True)",0.9560467326267378
78.063,"FeatureMask(f0=True, f1=True, f2=True, f3=True, f4=False, f5=True, f6=True, f7=False, f8=False, f9=True, f10=False, f11=True, f12=True)",0.9560467326267378
78.063,"FeatureMask(f0=True, f1=True, f2=True, f3=True, f4=False, f5=True, f6=True, f7=False, f8=False, f9=True, f10=False, f11=True, f12=True)",0.9560467326267378
78.063,"FeatureMask(f0=True, f1=True, f2=True, f3=True, f4=False, f5=True, f6=True, f7=False, f8=False, f9=True, f10=False, f11=True, f12=True)",0.9560467326267378
78.156,"FeatureMask(f0=True, f1=True, f2=True, f3=True, f4=False, f5=True, f6=True, f7=False, f8=False, f9=True, f10=False, f11=True, f12=True)",0.9560467326267378
78.266,"FeatureMask(f0=True, f1=True, f2=True, f3=True, f4=False, f5=True, f6=True, f7=False, f8=False, f9=True, f10=False, f11=True, f12=True)",0.9560467326267378
78.266,"FeatureMask(f0=True, f1=True, f2=True, f3=True, f4=False, f5=True, f6=True, f7=False, f8=False, f9=True, f10=False, f11=True, f12=True)",0.9560467326267378
78.266,"FeatureMask(f0=True, f1=True, f2=True, f3=True, f4=False, f5=True, f6=True, f7=False, f8=False, f9=True, f10=False, f11=True, f12=True)",0.9560467326267378
78.266,"FeatureMask(f0=True, f1=True, f2=True, f3=True, f4=False, f5=True, f6=True, f7=False, f8=False, f9=True, f10=False, f11=True, f12=True)",0.9560467326267378
78.266,"FeatureMask(f0=True, f1=True, f2=True, f3=True, f4=False, f5=True, f6=True, f7=False, f8=False, f9=True, f10=False, f11=True, f12=True)",0.9560467326267378
78.266,"FeatureMask(f0=True, f1=True, f2=True, f3=True, f4=False, f5=True, f6=True, f7=False, f8=False, f9=True, f10=False, f11=True, f12=True)",0.9560467326267378
78.266,"FeatureMask(f0=True, f1=True, f2=True, f3=True, f4=False, f5=True, f6=True, f7=False, f8=False, f9=True, f10=False, f11=True, f12=True)",0.9560467326267378
78.266,"FeatureMask(f0=True, f1=True, f2=True, f3=True, f4=False, f5=True, f6=True, f7=False, f8=False, f9=True, f10=False, f11=True, f12=True)",0.9560467326267378
78.266,"FeatureMask(f0=True, f1=True, f2=True, f3=True, f4=False, f5=True, f6=True, f7=False, f8=False, f9=True, f10=False, f11=True, f12=True)",0.9560467326267378
78.266,"FeatureMask(f0=True, f1=True, f2=True, f3=True, f4=False, f5=True, f6=True, f7=False, f8=False, f9=True, f10=False, f11=True, f12=True)",0.9560467326267378
78.453,"FeatureMask(f0=True, f1=True, f2=True, f3=True, f4=False, f5=True, f6=True, f7=False, f8=False, f9=True, f10=False, f11=True, f12=True)",0.9560467326267378
78.453,"FeatureMask(f0=True, f1=True, f2=True, f3=True, f4=False, f5=True, f6=True, f7=False, f8=False, f9=True, f10=False, f11=True, f12=True)",0.9560467326267378
78.453,"FeatureMask(f0=True, f1=True, f2=True, f3=True, f4=False, f5=True, f6=True, f7=False, f8=False, f9=True, f10=False, f11=True, f12=True)",0.9560467326267378
78.453,"FeatureMask(f0=True, f1=True, f2=True, f3=True, f4=False, f5=True, f6=True, f7=False, f8=False, f9=True, f10=False, f11=True, f12=True)",0.9560467326267378
78.453,"FeatureMask(f0=True, f1=True, f2=True, f3=True, f4=False, f5=True, f6=True, f7=False, f8=False, f9=True, f10=False, f11=True, f12=True)",0.9560467326267378
78.453,"FeatureMask(f0=True, f1=True, f2=True, f3=True, f4=False, f5=True, f6=True, f7=False, f8=False, f9=True, f10=False, f11=True, f12=True)",0.9560467326267378
78.453,"FeatureMask(f0=True, f1=True, f2=True, f3=True, f4=False, f5=True, f6=True, f7=False, f8=False, f9=True, f10=False, f11=True, f12=True)",0.9560467326267378
78.453,"FeatureMask(f0=True, f1=True, f2=True, f3=True, f4=False, f5=True, f6=True, f7=False, f8=False, f9=True, f10=False, f11=True, f12=True)",0.9560467326267378
78.453,"FeatureMask(f0=True, f1=True, f2=True, f3=True, f4=False, f5=True, f6=True, f7=False, f8=False, f9=True, f10=False, f11=True, f12=True)",0.9560467326267378
78.453,"FeatureMask(f0=True, f1=True, f2=True, f3=True, f4=False, f5=True, f6=True, f7=False, f8=False, f9=True, f10=False, f11=True, f12=True)",0.9560467326267378
78.625,"FeatureMask(f0=True, f1=True, f2=True, f3=True, f4=False, f5=True, f6=True, f7=False, f8=False, f9=True, f10=False, f11=True, f12=True)",0.9560467326267378
78.625,"FeatureMask(f0=True, f1=True, f2=True, f3=True, f4=False, f5=True, f6=True, f7=False, f8=False, f9=True, f10=False, f11=True, f12=True)",0.9560467326267378
78.625,"FeatureMask(f0=True, f1=True, f2=True, f3=True, f4=False, f5=True, f6=True, f7=False, f8=False, f9=True, f10=False, f11=True, f12=True)",0.9560467326267378
78.625,"FeatureMask(f0=True, f1=True, f2=True, f3=True, f4=False, f5=True, f6=True, f7=False, f8=False, f9=True, f10=False, f11=True, f12=True)",0.9560467326267378
78.625,"FeatureMask(f0=True, f1=True, f2=True, f3=True, f4=False, f5=True, f6=True, f7=False, f8=False, f9=True, f10=False, f11=True, f12=True)",0.9560467326267378
78.625,"FeatureMask(f0=True, f1=True, f2=True, f3=True, f4=False, f5=True, f6=True, f7=False, f8=False, f9=True, f10=False, f11=True, f12=True)",0.9560467326267378
78.625,"FeatureMask(f0=True, f1=True, f2=True, f3=True, f4=False, f5=True, f6=True, f7=False, f8=False, f9=True, f10=False, f11=True, f12=True)",0.9560467326267378
78.625,"FeatureMask(f0=True, f1=True, f2=True, f3=True, f4=False, f5=True, f6=True, f7=False, f8=False, f9=True, f10=False, f11=True, f12=True)",0.9560467326267378
78.625,"FeatureMask(f0=True, f1=True, f2=True, f3=True, f4=False, f5=True, f6=True, f7=False, f8=False, f9=True, f10=False, f11=True, f12=True)",0.9560467326267378
78.625,"FeatureMask(f0=True, f1=True, f2=True, f3=True, f4=False, f5=True, f6=True, f7=False, f8=False, f9=True, f10=False, f11=True, f12=True)",0.9560467326267378
78.71900000000001,"FeatureMask(f0=True, f1=True, f2=True, f3=True, f4=False, f5=True, f6=True, f7=False, f8=False, f9=True, f10=False, f11=True, f12=True)",0.9560467326267378
78.828,"FeatureMask(f0=True, f1=True, f2=True, f3=True, f4=False, f5=True, f6=True, f7=False, f8=False, f9=True, f10=False, f11=True, f12=True)",0.9560467326267378
78.828,"FeatureMask(f0=True, f1=True, f2=True, f3=True, f4=False, f5=True, f6=True, f7=False, f8=False, f9=True, f10=False, f11=True, f12=True)",0.9560467326267378
78.828,"FeatureMask(f0=True, f1=True, f2=True, f3=True, f4=False, f5=True, f6=True, f7=False, f8=False, f9=True, f10=False, f11=True, f12=True)",0.9560467326267378
78.828,"FeatureMask(f0=True, f1=True, f2=True, f3=True, f4=False, f5=True, f6=True, f7=False, f8=False, f9=True, f10=False, f11=True, f12=True)",0.9560467326267378
78.828,"FeatureMask(f0=True, f1=True, f2=True, f3=True, f4=False, f5=True, f6=True, f7=False, f8=False, f9=True, f10=False, f11=True, f12=True)",0.9560467326267378
78.828,"FeatureMask(f0=True, f1=True, f2=True, f3=True, f4=False, f5=True, f6=True, f7=False, f8=False, f9=True, f10=False, f11=True, f12=True)",0.9560467326267378
78.828,"FeatureMask(f0=True, f1=True, f2=True, f3=True, f4=False, f5=True, f6=True, f7=False, f8=False, f9=True, f10=False, f11=True, f12=True)",0.9560467326267378
78.828,"FeatureMask(f0=True, f1=True, f2=True, f3=True, f4=False, f5=True, f6=True, f7=False, f8=False, f9=True, f10=False, f11=True, f12=True)",0.9560467326267378
78.828,"FeatureMask(f0=True, f1=True, f2=True, f3=True, f4=False, f5=True, f6=True, f7=False, f8=False, f9=True, f10=False, f11=True, f12=True)",0.9560467326267378
78.828,"FeatureMask(f0=True, f1=True, f2=True, f3=True, f4=False, f5=True, f6=True, f7=False, f8=False, f9=True, f10=False, f11=True, f12=True)",0.9560467326267378
78.906,"FeatureMask(f0=True, f1=True, f2=True, f3=True, f4=False, f5=True, f6=True, f7=False, f8=False, f9=True, f10=False, f11=True, f12=True)",0.9560467326267378
79.0,"FeatureMask(f0=True, f1=True, f2=True, f3=True, f4=False, f5=True, f6=True, f7=False, f8=False, f9=True, f10=False, f11=True, f12=True)",0.9560467326267378
79.0,"FeatureMask(f0=True, f1=True, f2=True, f3=True, f4=False, f5=True, f6=True, f7=False, f8=False, f9=True, f10=False, f11=True, f12=True)",0.9560467326267378
79.0,"FeatureMask(f0=True, f1=True, f2=True, f3=True, f4=False, f5=True, f6=True, f7=False, f8=False, f9=True, f10=False, f11=True, f12=True)",0.9560467326267378
79.0,"FeatureMask(f0=True, f1=True, f2=True, f3=True, f4=False, f5=True, f6=True, f7=False, f8=False, f9=True, f10=False, f11=True, f12=True)",0.9560467326267378
79.0,"FeatureMask(f0=True, f1=True, f2=True, f3=True, f4=False, f5=True, f6=True, f7=False, f8=False, f9=True, f10=False, f11=True, f12=True)",0.9560467326267378
79.0,"FeatureMask(f0=True, f1=True, f2=True, f3=True, f4=False, f5=True, f6=True, f7=False, f8=False, f9=True, f10=False, f11=True, f12=True)",0.9560467326267378
79.0,"FeatureMask(f0=True, f1=True, f2=True, f3=True, f4=False, f5=True, f6=True, f7=False, f8=False, f9=True, f10=False, f11=True, f12=True)",0.9560467326267378
79.0,"FeatureMask(f0=True, f1=True, f2=True, f3=True, f4=False, f5=True, f6=True, f7=False, f8=False, f9=True, f10=False, f11=True, f12=True)",0.9560467326267378
79.0,"FeatureMask(f0=True, f1=True, f2=True, f3=True, f4=False, f5=True, f6=True, f7=False, f8=False, f9=True, f10=False, f11=True, f12=True)",0.9560467326267378
79.0,"FeatureMask(f0=True, f1=True, f2=True, f3=True, f4=False, f5=True, f6=True, f7=False, f8=False, f9=True, f10=False, f11=True, f12=True)",0.9560467326267378
79.11,"FeatureMask(f0=True, f1=True, f2=True, f3=True, f4=False, f5=True, f6=True, f7=False, f8=False, f9=True, f10=False, f11=True, f12=True)",0.9560467326267378
79.203,"FeatureMask(f0=True, f1=True, f2=True, f3=True, f4=False, f5=True, f6=True, f7=False, f8=False, f9=True, f10=False, f11=True, f12=True)",0.9560467326267378
79.203,"FeatureMask(f0=True, f1=True, f2=True, f3=True, f4=False, f5=True, f6=True, f7=False, f8=False, f9=True, f10=False, f11=True, f12=True)",0.9560467326267378
79.203,"FeatureMask(f0=True, f1=True, f2=True, f3=True, f4=False, f5=True, f6=True, f7=False, f8=False, f9=True, f10=False, f11=True, f12=True)",0.9560467326267378
79.203,"FeatureMask(f0=True, f1=True, f2=True, f3=True, f4=False, f5=True, f6=True, f7=False, f8=False, f9=True, f10=False, f11=True, f12=True)",0.9560467326267378
79.203,"FeatureMask(f0=True, f1=True, f2=True, f3=True, f4=False, f5=True, f6=True, f7=False, f8=False, f9=True, f10=False, f11=True, f12=True)",0.9560467326267378
79.203,"FeatureMask(f0=True, f1=True, f2=True, f3=True, f4=False, f5=True, f6=True, f7=False, f8=False, f9=True, f10=False, f11=True, f12=True)",0.9560467326267378
79.203,"FeatureMask(f0=True, f1=True, f2=True, f3=True, f4=False, f5=True, f6=True, f7=False, f8=False, f9=True, f10=False, f11=True, f12=True)",0.9560467326267378
79.203,"FeatureMask(f0=True, f1=True, f2=True, f3=True, f4=False, f5=True, f6=True, f7=False, f8=False, f9=True, f10=False, f11=True, f12=True)",0.9560467326267378
79.203,"FeatureMask(f0=True, f1=True, f2=True, f3=True, f4=False, f5=True, f6=True, f7=False, f8=False, f9=True, f10=False, f11=True, f12=True)",0.9560467326267378
79.203,"FeatureMask(f0=True, f1=True, f2=True, f3=True, f4=False, f5=True, f6=True, f7=False, f8=False, f9=True, f10=False, f11=True, f12=True)",0.9560467326267378
79.281,"FeatureMask(f0=True, f1=True, f2=True, f3=True, f4=False, f5=True, f6=True, f7=False, f8=False, f9=True, f10=False, f11=True, f12=True)",0.9560467326267378
79.281,"FeatureMask(f0=True, f1=True, f2=True, f3=True, f4=False, f5=True, f6=True, f7=False, f8=False, f9=True, f10=False, f11=True, f12=True)",0.9560467326267378
79.281,"FeatureMask(f0=True, f1=True, f2=True, f3=True, f4=False, f5=True, f6=True, f7=False, f8=False, f9=True, f10=False, f11=True, f12=True)",0.9560467326267378
79.391,"FeatureMask(f0=True, f1=True, f2=True, f3=True, f4=False, f5=True, f6=True, f7=False, f8=False, f9=True, f10=False, f11=True, f12=True)",0.9560467326267378
79.391,"FeatureMask(f0=True, f1=True, f2=True, f3=True, f4=False, f5=True, f6=True, f7=False, f8=False, f9=True, f10=False, f11=True, f12=True)",0.9560467326267378
79.391,"FeatureMask(f0=True, f1=True, f2=True, f3=True, f4=False, f5=True, f6=True, f7=False, f8=False, f9=True, f10=False, f11=True, f12=True)",0.9560467326267378
79.391,"FeatureMask(f0=True, f1=True, f2=True, f3=True, f4=False, f5=True, f6=True, f7=False, f8=False, f9=True, f10=False, f11=True, f12=True)",0.9560467326267378
79.391,"FeatureMask(f0=True, f1=True, f2=True, f3=True, f4=False, f5=True, f6=True, f7=False, f8=False, f9=True, f10=False, f11=True, f12=True)",0.9560467326267378
79.391,"FeatureMask(f0=True, f1=True, f2=True, f3=True, f4=False, f5=True, f6=True, f7=False, f8=False, f9=True, f10=False, f11=True, f12=True)",0.9560467326267378
79.391,"FeatureMask(f0=True, f1=True, f2=True, f3=True, f4=False, f5=True, f6=True, f7=False, f8=False, f9=True, f10=False, f11=True, f12=True)",0.9560467326267378
79.391,"FeatureMask(f0=True, f1=True, f2=True, f3=True, f4=False, f5=True, f6=True, f7=False, f8=False, f9=True, f10=False, f11=True, f12=True)",0.9560467326267378
79.391,"FeatureMask(f0=True, f1=True, f2=True, f3=True, f4=False, f5=True, f6=True, f7=False, f8=False, f9=True, f10=False, f11=True, f12=True)",0.9560467326267378
79.391,"FeatureMask(f0=True, f1=True, f2=True, f3=True, f4=False, f5=True, f6=True, f7=False, f8=False, f9=True, f10=False, f11=True, f12=True)",0.9560467326267378
79.59400000000001,"FeatureMask(f0=True, f1=True, f2=True, f3=True, f4=False, f5=True, f6=True, f7=False, f8=False, f9=True, f10=False, f11=True, f12=True)",0.9560467326267378
79.59400000000001,"FeatureMask(f0=True, f1=True, f2=True, f3=True, f4=False, f5=True, f6=True, f7=False, f8=False, f9=True, f10=False, f11=True, f12=True)",0.9560467326267378
79.59400000000001,"FeatureMask(f0=True, f1=True, f2=True, f3=True, f4=False, f5=True, f6=True, f7=False, f8=False, f9=True, f10=False, f11=True, f12=True)",0.9560467326267378
79.59400000000001,"FeatureMask(f0=True, f1=True, f2=True, f3=True, f4=False, f5=True, f6=True, f7=False, f8=False, f9=True, f10=False, f11=True, f12=True)",0.9560467326267378
79.59400000000001,"FeatureMask(f0=True, f1=True, f2=True, f3=True, f4=False, f5=True, f6=True, f7=False, f8=False, f9=True, f10=False, f11=True, f12=True)",0.9560467326267378
79.59400000000001,"FeatureMask(f0=True, f1=True, f2=True, f3=True, f4=False, f5=True, f6=True, f7=False, f8=False, f9=True, f10=False, f11=True, f12=True)",0.9560467326267378
79.61,"FeatureMask(f0=True, f1=True, f2=True, f3=True, f4=False, f5=True, f6=True, f7=False, f8=False, f9=True, f10=False, f11=True, f12=True)",0.9560467326267378
79.61,"FeatureMask(f0=True, f1=True, f2=True, f3=True, f4=False, f5=True, f6=True, f7=False, f8=False, f9=True, f10=False, f11=True, f12=True)",0.9560467326267378
79.61,"FeatureMask(f0=True, f1=True, f2=True, f3=True, f4=False, f5=True, f6=True, f7=False, f8=False, f9=True, f10=False, f11=True, f12=True)",0.9560467326267378
79.61,"FeatureMask(f0=True, f1=True, f2=True, f3=True, f4=False, f5=True, f6=True, f7=False, f8=False, f9=True, f10=False, f11=True, f12=True)",0.9560467326267378
79.688,"FeatureMask(f0=True, f1=True, f2=True, f3=True, f4=False, f5=True, f6=True, f7=False, f8=False, f9=True, f10=False, f11=True, f12=True)",0.9560467326267378
79.688,"FeatureMask(f0=True, f1=True, f2=True, f3=True, f4=False, f5=True, f6=True, f7=False, f8=False, f9=True, f10=False, f11=True, f12=True)",0.9560467326267378
79.781,"FeatureMask(f0=True, f1=True, f2=True, f3=True, f4=False, f5=True, f6=True, f7=False, f8=False, f9=True, f10=False, f11=True, f12=True)",0.9560467326267378
79.781,"FeatureMask(f0=True, f1=True, f2=True, f3=True, f4=False, f5=True, f6=True, f7=False, f8=False, f9=True, f10=False, f11=True, f12=True)",0.9560467326267378
79.781,"FeatureMask(f0=True, f1=True, f2=True, f3=True, f4=False, f5=True, f6=True, f7=False, f8=False, f9=True, f10=False, f11=True, f12=True)",0.9560467326267378
79.781,"FeatureMask(f0=True, f1=True, f2=True, f3=True, f4=False, f5=True, f6=True, f7=False, f8=False, f9=True, f10=False, f11=True, f12=True)",0.9560467326267378
79.781,"FeatureMask(f0=True, f1=True, f2=True, f3=True, f4=False, f5=True, f6=True, f7=False, f8=False, f9=True, f10=False, f11=True, f12=True)",0.9560467326267378
79.781,"FeatureMask(f0=True, f1=True, f2=True, f3=True, f4=False, f5=True, f6=True, f7=False, f8=False, f9=True, f10=False, f11=True, f12=True)",0.9560467326267378
79.781,"FeatureMask(f0=True, f1=True, f2=True, f3=True, f4=False, f5=True, f6=True, f7=False, f8=False, f9=True, f10=False, f11=True, f12=True)",0.9560467326267378
79.781,"FeatureMask(f0=True, f1=True, f2=True, f3=True, f4=False, f5=True, f6=True, f7=False, f8=False, f9=True, f10=False, f11=True, f12=True)",0.9560467326267378
79.781,"FeatureMask(f0=True, f1=True, f2=True, f3=True, f4=False, f5=True, f6=True, f7=False, f8=False, f9=True, f10=False, f11=True, f12=True)",0.9560467326267378
79.781,"FeatureMask(f0=True, f1=True, f2=True, f3=True, f4=False, f5=True, f6=True, f7=False, f8=False, f9=True, f10=False, f11=True, f12=True)",0.9560467326267378
79.86,"FeatureMask(f0=True, f1=True, f2=True, f3=True, f4=False, f5=True, f6=True, f7=False, f8=False, f9=True, f10=False, f11=True, f12=True)",0.9560467326267378
79.96900000000001,"FeatureMask(f0=True, f1=True, f2=True, f3=True, f4=False, f5=True, f6=True, f7=False, f8=False, f9=True, f10=False, f11=True, f12=True)",0.9560467326267378
79.96900000000001,"FeatureMask(f0=True, f1=True, f2=True, f3=True, f4=False, f5=True, f6=True, f7=False, f8=False, f9=True, f10=False, f11=True, f12=True)",0.9560467326267378
79.96900000000001,"FeatureMask(f0=True, f1=True, f2=True, f3=True, f4=False, f5=True, f6=True, f7=False, f8=False, f9=True, f10=False, f11=True, f12=True)",0.9560467326267378
79.96900000000001,"FeatureMask(f0=True, f1=True, f2=True, f3=True, f4=False, f5=True, f6=True, f7=False, f8=False, f9=True, f10=False, f11=True, f12=True)",0.9560467326267378
79.96900000000001,"FeatureMask(f0=True, f1=True, f2=True, f3=True, f4=False, f5=True, f6=True, f7=False, f8=False, f9=True, f10=False, f11=True, f12=True)",0.9560467326267378
79.96900000000001,"FeatureMask(f0=True, f1=True, f2=True, f3=True, f4=False, f5=True, f6=True, f7=False, f8=False, f9=True, f10=False, f11=True, f12=True)",0.9560467326267378
79.96900000000001,"FeatureMask(f0=True, f1=True, f2=True, f3=True, f4=False, f5=True, f6=True, f7=False, f8=False, f9=True, f10=False, f11=True, f12=True)",0.9560467326267378
79.96900000000001,"FeatureMask(f0=True, f1=True, f2=True, f3=True, f4=False, f5=True, f6=True, f7=False, f8=False, f9=True, f10=False, f11=True, f12=True)",0.9560467326267378
79.96900000000001,"FeatureMask(f0=True, f1=True, f2=True, f3=True, f4=False, f5=True, f6=True, f7=False, f8=False, f9=True, f10=False, f11=True, f12=True)",0.9560467326267378
79.96900000000001,"FeatureMask(f0=True, f1=True, f2=True, f3=True, f4=False, f5=True, f6=True, f7=False, f8=False, f9=True, f10=False, f11=True, f12=True)",0.9560467326267378
80.078,"FeatureMask(f0=True, f1=True, f2=True, f3=True, f4=False, f5=True, f6=True, f7=False, f8=False, f9=True, f10=False, f11=True, f12=True)",0.9560467326267378
80.078,"FeatureMask(f0=True, f1=True, f2=True, f3=True, f4=False, f5=True, f6=True, f7=False, f8=False, f9=True, f10=False, f11=True, f12=True)",0.9560467326267378
80.17200000000001,"FeatureMask(f0=True, f1=True, f2=True, f3=True, f4=False, f5=True, f6=True, f7=False, f8=False, f9=True, f10=False, f11=True, f12=True)",0.9560467326267378
80.17200000000001,"FeatureMask(f0=True, f1=True, f2=True, f3=True, f4=False, f5=True, f6=True, f7=False, f8=False, f9=True, f10=False, f11=True, f12=True)",0.9560467326267378
80.17200000000001,"FeatureMask(f0=True, f1=True, f2=True, f3=True, f4=False, f5=True, f6=True, f7=False, f8=False, f9=True, f10=False, f11=True, f12=True)",0.9560467326267378
80.17200000000001,"FeatureMask(f0=True, f1=True, f2=True, f3=True, f4=False, f5=True, f6=True, f7=False, f8=False, f9=True, f10=False, f11=True, f12=True)",0.9560467326267378
80.17200000000001,"FeatureMask(f0=True, f1=True, f2=True, f3=True, f4=False, f5=True, f6=True, f7=False, f8=False, f9=True, f10=False, f11=True, f12=True)",0.9560467326267378
80.17200000000001,"FeatureMask(f0=True, f1=True, f2=True, f3=True, f4=False, f5=True, f6=True, f7=False, f8=False, f9=True, f10=False, f11=True, f12=True)",0.9560467326267378
80.17200000000001,"FeatureMask(f0=True, f1=True, f2=True, f3=True, f4=False, f5=True, f6=True, f7=False, f8=False, f9=True, f10=False, f11=True, f12=True)",0.9560467326267378
80.17200000000001,"FeatureMask(f0=True, f1=True, f2=True, f3=True, f4=False, f5=True, f6=True, f7=False, f8=False, f9=True, f10=False, f11=True, f12=True)",0.9560467326267378
80.17200000000001,"FeatureMask(f0=True, f1=True, f2=True, f3=True, f4=False, f5=True, f6=True, f7=False, f8=False, f9=True, f10=False, f11=True, f12=True)",0.9560467326267378
80.17200000000001,"FeatureMask(f0=True, f1=True, f2=True, f3=True, f4=False, f5=True, f6=True, f7=False, f8=False, f9=True, f10=False, f11=True, f12=True)",0.9560467326267378
80.375,"FeatureMask(f0=True, f1=True, f2=True, f3=True, f4=False, f5=True, f6=True, f7=False, f8=False, f9=True, f10=False, f11=True, f12=True)",0.9560467326267378
80.375,"FeatureMask(f0=True, f1=True, f2=True, f3=True, f4=False, f5=True, f6=True, f7=False, f8=False, f9=True, f10=False, f11=True, f12=True)",0.9560467326267378
80.375,"FeatureMask(f0=True, f1=True, f2=True, f3=True, f4=False, f5=True, f6=True, f7=False, f8=False, f9=True, f10=False, f11=True, f12=True)",0.9560467326267378
80.375,"FeatureMask(f0=True, f1=True, f2=True, f3=True, f4=False, f5=True, f6=True, f7=False, f8=False, f9=True, f10=False, f11=True, f12=True)",0.9560467326267378
80.375,"FeatureMask(f0=True, f1=True, f2=True, f3=True, f4=False, f5=True, f6=True, f7=False, f8=False, f9=True, f10=False, f11=True, f12=True)",0.9560467326267378
80.375,"FeatureMask(f0=True, f1=True, f2=True, f3=True, f4=False, f5=True, f6=True, f7=False, f8=False, f9=True, f10=False, f11=True, f12=True)",0.9560467326267378
80.375,"FeatureMask(f0=True, f1=True, f2=True, f3=True, f4=False, f5=True, f6=True, f7=False, f8=False, f9=True, f10=False, f11=True, f12=True)",0.9560467326267378
80.375,"FeatureMask(f0=True, f1=True, f2=True, f3=True, f4=False, f5=True, f6=True, f7=False, f8=False, f9=True, f10=False, f11=True, f12=True)",0.9560467326267378
80.375,"FeatureMask(f0=True, f1=True, f2=True, f3=True, f4=False, f5=True, f6=True, f7=False, f8=False, f9=True, f10=False, f11=True, f12=True)",0.9560467326267378
80.375,"FeatureMask(f0=True, f1=True, f2=True, f3=True, f4=False, f5=True, f6=True, f7=False, f8=False, f9=True, f10=False, f11=True, f12=True)",0.9560467326267378
80.453,"FeatureMask(f0=True, f1=True, f2=True, f3=True, f4=False, f5=True, f6=True, f7=False, f8=False, f9=True, f10=False, f11=True, f12=True)",0.9560467326267378
80.453,"FeatureMask(f0=True, f1=True, f2=True, f3=True, f4=False, f5=True, f6=True, f7=False, f8=False, f9=True, f10=False, f11=True, f12=True)",0.9560467326267378
80.453,"FeatureMask(f0=True, f1=True, f2=True, f3=True, f4=False, f5=True, f6=True, f7=False, f8=False, f9=True, f10=False, f11=True, f12=True)",0.9560467326267378
80.453,"FeatureMask(f0=True, f1=True, f2=True, f3=True, f4=False, f5=True, f6=True, f7=False, f8=False, f9=True, f10=False, f11=True, f12=True)",0.9560467326267378
80.453,"FeatureMask(f0=True, f1=True, f2=True, f3=True, f4=False, f5=True, f6=True, f7=False, f8=False, f9=True, f10=False, f11=True, f12=True)",0.9560467326267378
80.453,"FeatureMask(f0=True, f1=True, f2=True, f3=True, f4=False, f5=True, f6=True, f7=False, f8=False, f9=True, f10=False, f11=True, f12=True)",0.9560467326267378
80.453,"FeatureMask(f0=True, f1=True, f2=True, f3=True, f4=False, f5=True, f6=True, f7=False, f8=False, f9=True, f10=False, f11=True, f12=True)",0.9560467326267378
80.453,"FeatureMask(f0=True, f1=True, f2=True, f3=True, f4=False, f5=True, f6=True, f7=False, f8=False, f9=True, f10=False, f11=True, f12=True)",0.9560467326267378
80.453,"FeatureMask(f0=True, f1=True, f2=True, f3=True, f4=False, f5=True, f6=True, f7=False, f8=False, f9=True, f10=False, f11=True, f12=True)",0.9560467326267378
80.453,"FeatureMask(f0=True, f1=True, f2=True, f3=True, f4=False, f5=True, f6=True, f7=False, f8=False, f9=True, f10=False, f11=True, f12=True)",0.9560467326267378
80.453,"FeatureMask(f0=True, f1=True, f2=True, f3=True, f4=False, f5=True, f6=True, f7=False, f8=False, f9=True, f10=False, f11=True, f12=True)",0.9560467326267378
80.453,"FeatureMask(f0=True, f1=True, f2=True, f3=True, f4=False, f5=True, f6=True, f7=False, f8=False, f9=True, f10=False, f11=True, f12=True)",0.9560467326267378
80.453,"FeatureMask(f0=True, f1=True, f2=True, f3=True, f4=False, f5=True, f6=True, f7=False, f8=False, f9=True, f10=False, f11=True, f12=True)",0.9560467326267378
80.453,"FeatureMask(f0=True, f1=True, f2=True, f3=True, f4=False, f5=True, f6=True, f7=False, f8=False, f9=True, f10=False, f11=True, f12=True)",0.9560467326267378
80.453,"FeatureMask(f0=True, f1=True, f2=True, f3=True, f4=False, f5=True, f6=True, f7=False, f8=False, f9=True, f10=False, f11=True, f12=True)",0.9560467326267378
80.46900000000001,"FeatureMask(f0=True, f1=True, f2=True, f3=True, f4=False, f5=True, f6=True, f7=False, f8=False, f9=True, f10=False, f11=True, f12=True)",0.9560467326267378
80.46900000000001,"FeatureMask(f0=True, f1=True, f2=True, f3=True, f4=False, f5=True, f6=True, f7=False, f8=False, f9=True, f10=False, f11=True, f12=True)",0.9560467326267378
80.485,"FeatureMask(f0=True, f1=True, f2=True, f3=True, f4=False, f5=True, f6=True, f7=False, f8=False, f9=True, f10=False, f11=True, f12=True)",0.9560467326267378
80.5,"FeatureMask(f0=True, f1=True, f2=True, f3=True, f4=False, f5=True, f6=True, f7=False, f8=False, f9=True, f10=False, f11=True, f12=True)",0.9560467326267378
80.5,"FeatureMask(f0=True, f1=True, f2=True, f3=True, f4=False, f5=True, f6=True, f7=False, f8=False, f9=True, f10=False, f11=True, f12=True)",0.9560467326267378
80.516,"FeatureMask(f0=True, f1=True, f2=True, f3=True, f4=False, f5=True, f6=True, f7=False, f8=False, f9=True, f10=False, f11=True, f12=True)",0.9560467326267378
80.516,"FeatureMask(f0=True, f1=True, f2=True, f3=True, f4=False, f5=True, f6=True, f7=False, f8=False, f9=True, f10=False, f11=True, f12=True)",0.9560467326267378
80.516,"FeatureMask(f0=True, f1=True, f2=True, f3=True, f4=False, f5=True, f6=True, f7=False, f8=False, f9=True, f10=False, f11=True, f12=True)",0.9560467326267378
80.516,"FeatureMask(f0=True, f1=True, f2=True, f3=True, f4=False, f5=True, f6=True, f7=False, f8=False, f9=True, f10=False, f11=True, f12=True)",0.9560467326267378
80.531,"FeatureMask(f0=True, f1=True, f2=True, f3=True, f4=False, f5=True, f6=True, f7=False, f8=False, f9=True, f10=False, f11=True, f12=True)",0.9560467326267378
80.531,"FeatureMask(f0=True, f1=True, f2=True, f3=True, f4=False, f5=True, f6=True, f7=False, f8=False, f9=True, f10=False, f11=True, f12=True)",0.9560467326267378
80.54700000000001,"FeatureMask(f0=True, f1=True, f2=True, f3=True, f4=False, f5=True, f6=True, f7=False, f8=False, f9=True, f10=False, f11=True, f12=True)",0.9560467326267378
80.54700000000001,"FeatureMask(f0=True, f1=True, f2=True, f3=True, f4=False, f5=True, f6=True, f7=False, f8=False, f9=True, f10=False, f11=True, f12=True)",0.9560467326267378
80.563,"FeatureMask(f0=True, f1=True, f2=True, f3=True, f4=False, f5=True, f6=True, f7=False, f8=False, f9=True, f10=False, f11=True, f12=True)",0.9560467326267378
80.563,"FeatureMask(f0=True, f1=True, f2=True, f3=True, f4=False, f5=True, f6=True, f7=False, f8=False, f9=True, f10=False, f11=True, f12=True)",0.9560467326267378
80.563,"FeatureMask(f0=True, f1=True, f2=True, f3=True, f4=False, f5=True, f6=True, f7=False, f8=False, f9=True, f10=False, f11=True, f12=True)",0.9560467326267378
80.563,"FeatureMask(f0=True, f1=True, f2=True, f3=True, f4=False, f5=True, f6=True, f7=False, f8=False, f9=True, f10=False, f11=True, f12=True)",0.9560467326267378
80.563,"FeatureMask(f0=True, f1=True, f2=True, f3=True, f4=False, f5=True, f6=True, f7=False, f8=False, f9=True, f10=False, f11=True, f12=True)",0.9560467326267378
80.563,"FeatureMask(f0=True, f1=True, f2=True, f3=True, f4=False, f5=True, f6=True, f7=False, f8=False, f9=True, f10=False, f11=True, f12=True)",0.9560467326267378
80.563,"FeatureMask(f0=True, f1=True, f2=True, f3=True, f4=False, f5=True, f6=True, f7=False, f8=False, f9=True, f10=False, f11=True, f12=True)",0.9560467326267378
80.563,"FeatureMask(f0=True, f1=True, f2=True, f3=True, f4=False, f5=True, f6=True, f7=False, f8=False, f9=True, f10=False, f11=True, f12=True)",0.9560467326267378
80.563,"FeatureMask(f0=True, f1=True, f2=True, f3=True, f4=False, f5=True, f6=True, f7=False, f8=False, f9=True, f10=False, f11=True, f12=True)",0.9560467326267378
80.563,"FeatureMask(f0=True, f1=True, f2=True, f3=True, f4=False, f5=True, f6=True, f7=False, f8=False, f9=True, f10=False, f11=True, f12=True)",0.9560467326267378
80.563,"FeatureMask(f0=True, f1=True, f2=True, f3=True, f4=False, f5=True, f6=True, f7=False, f8=False, f9=True, f10=False, f11=True, f12=True)",0.9560467326267378
80.563,"FeatureMask(f0=True, f1=True, f2=True, f3=True, f4=False, f5=True, f6=True, f7=False, f8=False, f9=True, f10=False, f11=True, f12=True)",0.9560467326267378
80.641,"FeatureMask(f0=True, f1=True, f2=True, f3=True, f4=False, f5=True, f6=True, f7=False, f8=False, f9=True, f10=False, f11=True, f12=True)",0.9560467326267378
80.656,"FeatureMask(f0=True, f1=True, f2=True, f3=True, f4=False, f5=True, f6=True, f7=False, f8=False, f9=True, f10=False, f11=True, f12=True)",0.9560467326267378
80.656,"FeatureMask(f0=True, f1=True, f2=True, f3=True, f4=False, f5=True, f6=True, f7=False, f8=False, f9=True, f10=False, f11=True, f12=True)",0.9560467326267378
80.656,"FeatureMask(f0=True, f1=True, f2=True, f3=True, f4=False, f5=True, f6=True, f7=False, f8=False, f9=True, f10=False, f11=True, f12=True)",0.9560467326267378
80.656,"FeatureMask(f0=True, f1=True, f2=True, f3=True, f4=False, f5=True, f6=True, f7=False, f8=False, f9=True, f10=False, f11=True, f12=True)",0.9560467326267378
80.67200000000001,"FeatureMask(f0=True, f1=True, f2=True, f3=True, f4=False, f5=True, f6=True, f7=False, f8=False, f9=True, f10=False, f11=True, f12=True)",0.9560467326267378
80.67200000000001,"FeatureMask(f0=True, f1=True, f2=True, f3=True, f4=False, f5=True, f6=True, f7=False, f8=False, f9=True, f10=False, f11=True, f12=True)",0.9560467326267378
80.67200000000001,"FeatureMask(f0=True, f1=True, f2=True, f3=True, f4=False, f5=True, f6=True, f7=False, f8=False, f9=True, f10=False, f11=True, f12=True)",0.9560467326267378
80.67200000000001,"FeatureMask(f0=True, f1=True, f2=True, f3=True, f4=False, f5=True, f6=True, f7=False, f8=False, f9=True, f10=False, f11=True, f12=True)",0.9560467326267378
80.67200000000001,"FeatureMask(f0=True, f1=True, f2=True, f3=True, f4=False, f5=True, f6=True, f7=False, f8=False, f9=True, f10=False, f11=True, f12=True)",0.9560467326267378
80.67200000000001,"FeatureMask(f0=True, f1=True, f2=True, f3=True, f4=False, f5=True, f6=True, f7=False, f8=False, f9=True, f10=False, f11=True, f12=True)",0.9560467326267378
80.67200000000001,"FeatureMask(f0=True, f1=True, f2=True, f3=True, f4=False, f5=True, f6=True, f7=False, f8=False, f9=True, f10=False, f11=True, f12=True)",0.9560467326267378
80.67200000000001,"FeatureMask(f0=True, f1=True, f2=True, f3=True, f4=False, f5=True, f6=True, f7=False, f8=False, f9=True, f10=False, f11=True, f12=True)",0.9560467326267378
80.67200000000001,"FeatureMask(f0=True, f1=True, f2=True, f3=True, f4=False, f5=True, f6=True, f7=False, f8=False, f9=True, f10=False, f11=True, f12=True)",0.9560467326267378
80.688,"FeatureMask(f0=True, f1=True, f2=True, f3=True, f4=False, f5=True, f6=True, f7=False, f8=False, f9=True, f10=False, f11=True, f12=True)",0.9560467326267378
80.688,"FeatureMask(f0=True, f1=True, f2=True, f3=True, f4=False, f5=True, f6=True, f7=False, f8=False, f9=True, f10=False, f11=True, f12=True)",0.9560467326267378
80.703,"FeatureMask(f0=True, f1=True, f2=True, f3=True, f4=False, f5=True, f6=True, f7=False, f8=False, f9=True, f10=False, f11=True, f12=True)",0.9560467326267378
80.703,"FeatureMask(f0=True, f1=True, f2=True, f3=True, f4=False, f5=True, f6=True, f7=False, f8=False, f9=True, f10=False, f11=True, f12=True)",0.9560467326267378
80.71900000000001,"FeatureMask(f0=True, f1=True, f2=True, f3=True, f4=False, f5=True, f6=True, f7=False, f8=False, f9=True, f10=False, f11=True, f12=True)",0.9560467326267378
80.735,"FeatureMask(f0=True, f1=True, f2=True, f3=True, f4=False, f5=True, f6=True, f7=False, f8=False, f9=True, f10=False, f11=True, f12=True)",0.9560467326267378
80.735,"FeatureMask(f0=True, f1=True, f2=True, f3=True, f4=False, f5=True, f6=True, f7=False, f8=False, f9=True, f10=False, f11=True, f12=True)",0.9560467326267378
80.75,"FeatureMask(f0=True, f1=True, f2=True, f3=True, f4=False, f5=True, f6=True, f7=False, f8=False, f9=True, f10=False, f11=True, f12=True)",0.9560467326267378
80.75,"FeatureMask(f0=True, f1=True, f2=True, f3=True, f4=False, f5=True, f6=True, f7=False, f8=False, f9=True, f10=False, f11=True, f12=True)",0.9560467326267378
80.766,"FeatureMask(f0=True, f1=True, f2=True, f3=True, f4=False, f5=True, f6=True, f7=False, f8=False, f9=True, f10=False, f11=True, f12=True)",0.9560467326267378
80.766,"FeatureMask(f0=True, f1=True, f2=True, f3=True, f4=False, f5=True, f6=True, f7=False, f8=False, f9=True, f10=False, f11=True, f12=True)",0.9560467326267378
80.781,"FeatureMask(f0=True, f1=True, f2=True, f3=True, f4=False, f5=True, f6=True, f7=False, f8=False, f9=True, f10=False, f11=True, f12=True)",0.9560467326267378
80.79700000000001,"FeatureMask(f0=True, f1=True, f2=True, f3=True, f4=False, f5=True, f6=True, f7=False, f8=False, f9=True, f10=False, f11=True, f12=True)",0.9560467326267378
80.79700000000001,"FeatureMask(f0=True, f1=True, f2=True, f3=True, f4=False, f5=True, f6=True, f7=False, f8=False, f9=True, f10=False, f11=True, f12=True)",0.9560467326267378
80.79700000000001,"FeatureMask(f0=True, f1=True, f2=True, f3=True, f4=False, f5=True, f6=True, f7=False, f8=False, f9=True, f10=False, f11=True, f12=True)",0.9560467326267378
80.79700000000001,"FeatureMask(f0=True, f1=True, f2=True, f3=True, f4=False, f5=True, f6=True, f7=False, f8=False, f9=True, f10=False, f11=True, f12=True)",0.9560467326267378
80.79700000000001,"FeatureMask(f0=True, f1=True, f2=True, f3=True, f4=False, f5=True, f6=True, f7=False, f8=False, f9=True, f10=False, f11=True, f12=True)",0.9560467326267378
80.79700000000001,"FeatureMask(f0=True, f1=True, f2=True, f3=True, f4=False, f5=True, f6=True, f7=False, f8=False, f9=True, f10=False, f11=True, f12=True)",0.9560467326267378
80.79700000000001,"FeatureMask(f0=True, f1=True, f2=True, f3=True, f4=False, f5=True, f6=True, f7=False, f8=False, f9=True, f10=False, f11=True, f12=True)",0.9560467326267378
80.79700000000001,"FeatureMask(f0=True, f1=True, f2=True, f3=True, f4=False, f5=True, f6=True, f7=False, f8=False, f9=True, f10=False, f11=True, f12=True)",0.9560467326267378
80.79700000000001,"FeatureMask(f0=True, f1=True, f2=True, f3=True, f4=False, f5=True, f6=True, f7=False, f8=False, f9=True, f10=False, f11=True, f12=True)",0.9560467326267378
80.79700000000001,"FeatureMask(f0=True, f1=True, f2=True, f3=True, f4=False, f5=True, f6=True, f7=False, f8=False, f9=True, f10=False, f11=True, f12=True)",0.9560467326267378
80.79700000000001,"FeatureMask(f0=True, f1=True, f2=True, f3=True, f4=False, f5=True, f6=True, f7=False, f8=False, f9=True, f10=False, f11=True, f12=True)",0.9560467326267378
80.79700000000001,"FeatureMask(f0=True, f1=True, f2=True, f3=True, f4=False, f5=True, f6=True, f7=False, f8=False, f9=True, f10=False, f11=True, f12=True)",0.9560467326267378
80.875,"FeatureMask(f0=True, f1=True, f2=True, f3=True, f4=False, f5=True, f6=True, f7=False, f8=False, f9=True, f10=False, f11=True, f12=True)",0.9560467326267378
80.875,"FeatureMask(f0=True, f1=True, f2=True, f3=True, f4=False, f5=True, f6=True, f7=False, f8=False, f9=True, f10=False, f11=True, f12=True)",0.9560467326267378
80.875,"FeatureMask(f0=True, f1=True, f2=True, f3=True, f4=False, f5=True, f6=True, f7=False, f8=False, f9=True, f10=False, f11=True, f12=True)",0.9560467326267378
80.875,"FeatureMask(f0=True, f1=True, f2=True, f3=True, f4=False, f5=True, f6=True, f7=False, f8=False, f9=True, f10=False, f11=True, f12=True)",0.9560467326267378
80.96900000000001,"FeatureMask(f0=True, f1=True, f2=True, f3=True, f4=False, f5=True, f6=True, f7=False, f8=False, f9=True, f10=False, f11=True, f12=True)",0.9560467326267378
80.96900000000001,"FeatureMask(f0=True, f1=True, f2=True, f3=True, f4=False, f5=True, f6=True, f7=False, f8=False, f9=True, f10=False, f11=True, f12=True)",0.9560467326267378
80.96900000000001,"FeatureMask(f0=True, f1=True, f2=True, f3=True, f4=False, f5=True, f6=True, f7=False, f8=False, f9=True, f10=False, f11=True, f12=True)",0.9560467326267378
80.96900000000001,"FeatureMask(f0=True, f1=True, f2=True, f3=True, f4=False, f5=True, f6=True, f7=False, f8=False, f9=True, f10=False, f11=True, f12=True)",0.9560467326267378
80.96900000000001,"FeatureMask(f0=True, f1=True, f2=True, f3=True, f4=False, f5=True, f6=True, f7=False, f8=False, f9=True, f10=False, f11=True, f12=True)",0.9560467326267378
80.96900000000001,"FeatureMask(f0=True, f1=True, f2=True, f3=True, f4=False, f5=True, f6=True, f7=False, f8=False, f9=True, f10=False, f11=True, f12=True)",0.9560467326267378
80.96900000000001,"FeatureMask(f0=True, f1=True, f2=True, f3=True, f4=False, f5=True, f6=True, f7=False, f8=False, f9=True, f10=False, f11=True, f12=True)",0.9560467326267378
80.96900000000001,"FeatureMask(f0=True, f1=True, f2=True, f3=True, f4=False, f5=True, f6=True, f7=False, f8=False, f9=True, f10=False, f11=True, f12=True)",0.9560467326267378
80.96900000000001,"FeatureMask(f0=True, f1=True, f2=True, f3=True, f4=False, f5=True, f6=True, f7=False, f8=False, f9=True, f10=False, f11=True, f12=True)",0.9560467326267378
80.96900000000001,"FeatureMask(f0=True, f1=True, f2=True, f3=True, f4=False, f5=True, f6=True, f7=False, f8=False, f9=True, f10=False, f11=True, f12=True)",0.9560467326267378
81.17200000000001,"FeatureMask(f0=True, f1=True, f2=True, f3=True, f4=False, f5=True, f6=True, f7=False, f8=False, f9=True, f10=False, f11=True, f12=True)",0.9560467326267378
81.17200000000001,"FeatureMask(f0=True, f1=True, f2=True, f3=True, f4=False, f5=True, f6=True, f7=False, f8=False, f9=True, f10=False, f11=True, f12=True)",0.9560467326267378
81.17200000000001,"FeatureMask(f0=True, f1=True, f2=True, f3=True, f4=False, f5=True, f6=True, f7=False, f8=False, f9=True, f10=False, f11=True, f12=True)",0.9560467326267378
81.17200000000001,"FeatureMask(f0=True, f1=True, f2=True, f3=True, f4=False, f5=True, f6=True, f7=False, f8=False, f9=True, f10=False, f11=True, f12=True)",0.9560467326267378
81.17200000000001,"FeatureMask(f0=True, f1=True, f2=True, f3=True, f4=False, f5=True, f6=True, f7=False, f8=False, f9=True, f10=False, f11=True, f12=True)",0.9560467326267378
81.17200000000001,"FeatureMask(f0=True, f1=True, f2=True, f3=True, f4=False, f5=True, f6=True, f7=False, f8=False, f9=True, f10=False, f11=True, f12=True)",0.9560467326267378
81.17200000000001,"FeatureMask(f0=True, f1=True, f2=True, f3=True, f4=False, f5=True, f6=True, f7=False, f8=False, f9=True, f10=False, f11=True, f12=True)",0.9560467326267378
81.17200000000001,"FeatureMask(f0=True, f1=True, f2=True, f3=True, f4=False, f5=True, f6=True, f7=False, f8=False, f9=True, f10=False, f11=True, f12=True)",0.9560467326267378
81.17200000000001,"FeatureMask(f0=True, f1=True, f2=True, f3=True, f4=False, f5=True, f6=True, f7=False, f8=False, f9=True, f10=False, f11=True, f12=True)",0.9560467326267378
81.17200000000001,"FeatureMask(f0=True, f1=True, f2=True, f3=True, f4=False, f5=True, f6=True, f7=False, f8=False, f9=True, f10=False, f11=True, f12=True)",0.9560467326267378
81.375,"FeatureMask(f0=True, f1=True, f2=True, f3=True, f4=False, f5=True, f6=True, f7=False, f8=False, f9=True, f10=False, f11=True, f12=True)",0.9560467326267378
81.375,"FeatureMask(f0=True, f1=True, f2=True, f3=True, f4=False, f5=True, f6=True, f7=False, f8=False, f9=True, f10=False, f11=True, f12=True)",0.9560467326267378
81.375,"FeatureMask(f0=True, f1=True, f2=True, f3=True, f4=False, f5=True, f6=True, f7=False, f8=False, f9=True, f10=False, f11=True, f12=True)",0.9560467326267378
81.375,"FeatureMask(f0=True, f1=True, f2=True, f3=True, f4=False, f5=True, f6=True, f7=False, f8=False, f9=True, f10=False, f11=True, f12=True)",0.9560467326267378
81.375,"FeatureMask(f0=True, f1=True, f2=True, f3=True, f4=False, f5=True, f6=True, f7=False, f8=False, f9=True, f10=False, f11=True, f12=True)",0.9560467326267378
81.375,"FeatureMask(f0=True, f1=True, f2=True, f3=True, f4=False, f5=True, f6=True, f7=False, f8=False, f9=True, f10=False, f11=True, f12=True)",0.9560467326267378
81.375,"FeatureMask(f0=True, f1=True, f2=True, f3=True, f4=False, f5=True, f6=True, f7=False, f8=False, f9=True, f10=False, f11=True, f12=True)",0.9560467326267378
81.375,"FeatureMask(f0=True, f1=True, f2=True, f3=True, f4=False, f5=True, f6=True, f7=False, f8=False, f9=True, f10=False, f11=True, f12=True)",0.9560467326267378
81.375,"FeatureMask(f0=True, f1=True, f2=True, f3=True, f4=False, f5=True, f6=True, f7=False, f8=False, f9=True, f10=False, f11=True, f12=True)",0.9560467326267378
81.375,"FeatureMask(f0=True, f1=True, f2=True, f3=True, f4=False, f5=True, f6=True, f7=False, f8=False, f9=True, f10=False, f11=True, f12=True)",0.9560467326267378
81.54700000000001,"FeatureMask(f0=True, f1=True, f2=True, f3=True, f4=False, f5=True, f6=True, f7=False, f8=False, f9=True, f10=False, f11=True, f12=True)",0.9560467326267378
81.54700000000001,"FeatureMask(f0=True, f1=True, f2=True, f3=True, f4=False, f5=True, f6=True, f7=False, f8=False, f9=True, f10=False, f11=True, f12=True)",0.9560467326267378
81.54700000000001,"FeatureMask(f0=True, f1=True, f2=True, f3=True, f4=False, f5=True, f6=True, f7=False, f8=False, f9=True, f10=False, f11=True, f12=True)",0.9560467326267378
81.54700000000001,"FeatureMask(f0=True, f1=True, f2=True, f3=True, f4=False, f5=True, f6=True, f7=False, f8=False, f9=True, f10=False, f11=True, f12=True)",0.9560467326267378
81.54700000000001,"FeatureMask(f0=True, f1=True, f2=True, f3=True, f4=False, f5=True, f6=True, f7=False, f8=False, f9=True, f10=False, f11=True, f12=True)",0.9560467326267378
81.54700000000001,"FeatureMask(f0=True, f1=True, f2=True, f3=True, f4=False, f5=True, f6=True, f7=False, f8=False, f9=True, f10=False, f11=True, f12=True)",0.9560467326267378
81.54700000000001,"FeatureMask(f0=True, f1=True, f2=True, f3=True, f4=False, f5=True, f6=True, f7=False, f8=False, f9=True, f10=False, f11=True, f12=True)",0.9560467326267378
81.54700000000001,"FeatureMask(f0=True, f1=True, f2=True, f3=True, f4=False, f5=True, f6=True, f7=False, f8=False, f9=True, f10=False, f11=True, f12=True)",0.9560467326267378
81.54700000000001,"FeatureMask(f0=True, f1=True, f2=True, f3=True, f4=False, f5=True, f6=True, f7=False, f8=False, f9=True, f10=False, f11=True, f12=True)",0.9560467326267378
81.54700000000001,"FeatureMask(f0=True, f1=True, f2=True, f3=True, f4=False, f5=True, f6=True, f7=False, f8=False, f9=True, f10=False, f11=True, f12=True)",0.9560467326267378
81.641,"FeatureMask(f0=True, f1=True, f2=True, f3=True, f4=False, f5=True, f6=True, f7=False, f8=False, f9=True, f10=False, f11=True, f12=True)",0.9560467326267378
81.735,"FeatureMask(f0=True, f1=True, f2=True, f3=True, f4=False, f5=True, f6=True, f7=False, f8=False, f9=True, f10=False, f11=True, f12=True)",0.9560467326267378
81.735,"FeatureMask(f0=True, f1=True, f2=True, f3=True, f4=False, f5=True, f6=True, f7=False, f8=False, f9=True, f10=False, f11=True, f12=True)",0.9560467326267378
81.735,"FeatureMask(f0=True, f1=True, f2=True, f3=True, f4=False, f5=True, f6=True, f7=False, f8=False, f9=True, f10=False, f11=True, f12=True)",0.9560467326267378
81.735,"FeatureMask(f0=True, f1=True, f2=True, f3=True, f4=False, f5=True, f6=True, f7=False, f8=False, f9=True, f10=False, f11=True, f12=True)",0.9560467326267378
81.735,"FeatureMask(f0=True, f1=True, f2=True, f3=True, f4=False, f5=True, f6=True, f7=False, f8=False, f9=True, f10=False, f11=True, f12=True)",0.9560467326267378
81.735,"FeatureMask(f0=True, f1=True, f2=True, f3=True, f4=False, f5=True, f6=True, f7=False, f8=False, f9=True, f10=False, f11=True, f12=True)",0.9560467326267378
81.735,"FeatureMask(f0=True, f1=True, f2=True, f3=True, f4=False, f5=True, f6=True, f7=False, f8=False, f9=True, f10=False, f11=True, f12=True)",0.9560467326267378
81.735,"FeatureMask(f0=True, f1=True, f2=True, f3=True, f4=False, f5=True, f6=True, f7=False, f8=False, f9=True, f10=False, f11=True, f12=True)",0.9560467326267378
81.735,"FeatureMask(f0=True, f1=True, f2=True, f3=True, f4=False, f5=True, f6=True, f7=False, f8=False, f9=True, f10=False, f11=True, f12=True)",0.9560467326267378
81.735,"FeatureMask(f0=True, f1=True, f2=True, f3=True, f4=False, f5=True, f6=True, f7=False, f8=False, f9=True, f10=False, f11=True, f12=True)",0.9560467326267378
81.828,"FeatureMask(f0=True, f1=True, f2=True, f3=True, f4=False, f5=True, f6=True, f7=False, f8=False, f9=True, f10=False, f11=True, f12=True)",0.9560467326267378
81.828,"FeatureMask(f0=True, f1=True, f2=True, f3=True, f4=False, f5=True, f6=True, f7=False, f8=False, f9=True, f10=False, f11=True, f12=True)",0.9560467326267378
81.953,"FeatureMask(f0=True, f1=True, f2=True, f3=True, f4=False, f5=True, f6=True, f7=False, f8=False, f9=True, f10=False, f11=True, f12=True)",0.9560467326267378
81.953,"FeatureMask(f0=True, f1=True, f2=True, f3=True, f4=False, f5=True, f6=True, f7=False, f8=False, f9=True, f10=False, f11=True, f12=True)",0.9560467326267378
81.953,"FeatureMask(f0=True, f1=True, f2=True, f3=True, f4=False, f5=True, f6=True, f7=False, f8=False, f9=True, f10=False, f11=True, f12=True)",0.9560467326267378
81.953,"FeatureMask(f0=True, f1=True, f2=True, f3=True, f4=False, f5=True, f6=True, f7=False, f8=False, f9=True, f10=False, f11=True, f12=True)",0.9560467326267378
81.953,"FeatureMask(f0=True, f1=True, f2=True, f3=True, f4=False, f5=True, f6=True, f7=False, f8=False, f9=True, f10=False, f11=True, f12=True)",0.9560467326267378
81.953,"FeatureMask(f0=True, f1=True, f2=True, f3=True, f4=False, f5=True, f6=True, f7=False, f8=False, f9=True, f10=False, f11=True, f12=True)",0.9560467326267378
81.953,"FeatureMask(f0=True, f1=True, f2=True, f3=True, f4=False, f5=True, f6=True, f7=False, f8=False, f9=True, f10=False, f11=True, f12=True)",0.9560467326267378
81.953,"FeatureMask(f0=True, f1=True, f2=True, f3=True, f4=False, f5=True, f6=True, f7=False, f8=False, f9=True, f10=False, f11=True, f12=True)",0.9560467326267378
81.953,"FeatureMask(f0=True, f1=True, f2=True, f3=True, f4=False, f5=True, f6=True, f7=False, f8=False, f9=True, f10=False, f11=True, f12=True)",0.9560467326267378
81.953,"FeatureMask(f0=True, f1=True, f2=True, f3=True, f4=False, f5=True, f6=True, f7=False, f8=False, f9=True, f10=False, f11=True, f12=True)",0.9560467326267378
82.031,"FeatureMask(f0=True, f1=True, f2=True, f3=True, f4=False, f5=True, f6=True, f7=False, f8=False, f9=True, f10=False, f11=True, f12=True)",0.9560467326267378
82.031,"FeatureMask(f0=True, f1=True, f2=True, f3=True, f4=False, f5=True, f6=True, f7=False, f8=False, f9=True, f10=False, f11=True, f12=True)",0.9560467326267378
82.125,"FeatureMask(f0=True, f1=True, f2=True, f3=True, f4=False, f5=True, f6=True, f7=False, f8=False, f9=True, f10=False, f11=True, f12=True)",0.9560467326267378
82.125,"FeatureMask(f0=True, f1=True, f2=True, f3=True, f4=False, f5=True, f6=True, f7=False, f8=False, f9=True, f10=False, f11=True, f12=True)",0.9560467326267378
82.125,"FeatureMask(f0=True, f1=True, f2=True, f3=True, f4=False, f5=True, f6=True, f7=False, f8=False, f9=True, f10=False, f11=True, f12=True)",0.9560467326267378
82.125,"FeatureMask(f0=True, f1=True, f2=True, f3=True, f4=False, f5=True, f6=True, f7=False, f8=False, f9=True, f10=False, f11=True, f12=True)",0.9560467326267378
82.125,"FeatureMask(f0=True, f1=True, f2=True, f3=True, f4=False, f5=True, f6=True, f7=False, f8=False, f9=True, f10=False, f11=True, f12=True)",0.9560467326267378
82.125,"FeatureMask(f0=True, f1=True, f2=True, f3=True, f4=False, f5=True, f6=True, f7=False, f8=False, f9=True, f10=False, f11=True, f12=True)",0.9560467326267378
82.125,"FeatureMask(f0=True, f1=True, f2=True, f3=True, f4=False, f5=True, f6=True, f7=False, f8=False, f9=True, f10=False, f11=True, f12=True)",0.9560467326267378
82.125,"FeatureMask(f0=True, f1=True, f2=True, f3=True, f4=False, f5=True, f6=True, f7=False, f8=False, f9=True, f10=False, f11=True, f12=True)",0.9560467326267378
82.125,"FeatureMask(f0=True, f1=True, f2=True, f3=True, f4=False, f5=True, f6=True, f7=False, f8=False, f9=True, f10=False, f11=True, f12=True)",0.9560467326267378
82.125,"FeatureMask(f0=True, f1=True, f2=True, f3=True, f4=False, f5=True, f6=True, f7=False, f8=False, f9=True, f10=False, f11=True, f12=True)",0.9560467326267378
82.313,"FeatureMask(f0=True, f1=True, f2=True, f3=True, f4=False, f5=True, f6=True, f7=False, f8=False, f9=True, f10=False, f11=True, f12=True)",0.9560467326267378
82.313,"FeatureMask(f0=True, f1=True, f2=True, f3=True, f4=False, f5=True, f6=True, f7=False, f8=False, f9=True, f10=False, f11=True, f12=True)",0.9560467326267378
82.313,"FeatureMask(f0=True, f1=True, f2=True, f3=True, f4=False, f5=True, f6=True, f7=False, f8=False, f9=True, f10=False, f11=True, f12=True)",0.9560467326267378
82.313,"FeatureMask(f0=True, f1=True, f2=True, f3=True, f4=False, f5=True, f6=True, f7=False, f8=False, f9=True, f10=False, f11=True, f12=True)",0.9560467326267378
82.313,"FeatureMask(f0=True, f1=True, f2=True, f3=True, f4=False, f5=True, f6=True, f7=False, f8=False, f9=True, f10=False, f11=True, f12=True)",0.9560467326267378
82.313,"FeatureMask(f0=True, f1=True, f2=True, f3=True, f4=False, f5=True, f6=True, f7=False, f8=False, f9=True, f10=False, f11=True, f12=True)",0.9560467326267378
82.313,"FeatureMask(f0=True, f1=True, f2=True, f3=True, f4=False, f5=True, f6=True, f7=False, f8=False, f9=True, f10=False, f11=True, f12=True)",0.9560467326267378
82.313,"FeatureMask(f0=True, f1=True, f2=True, f3=True, f4=False, f5=True, f6=True, f7=False, f8=False, f9=True, f10=False, f11=True, f12=True)",0.9560467326267378
82.313,"FeatureMask(f0=True, f1=True, f2=True, f3=True, f4=False, f5=True, f6=True, f7=False, f8=False, f9=True, f10=False, f11=True, f12=True)",0.9560467326267378
82.313,"FeatureMask(f0=True, f1=True, f2=True, f3=True, f4=False, f5=True, f6=True, f7=False, f8=False, f9=True, f10=False, f11=True, f12=True)",0.9560467326267378
82.406,"FeatureMask(f0=True, f1=True, f2=True, f3=True, f4=False, f5=True, f6=True, f7=False, f8=False, f9=True, f10=False, f11=True, f12=True)",0.9560467326267378
82.406,"FeatureMask(f0=True, f1=True, f2=True, f3=True, f4=False, f5=True, f6=True, f7=False, f8=False, f9=True, f10=False, f11=True, f12=True)",0.9560467326267378
82.516,"FeatureMask(f0=True, f1=True, f2=True, f3=True, f4=False, f5=True, f6=True, f7=False, f8=False, f9=True, f10=False, f11=True, f12=True)",0.9560467326267378
82.516,"FeatureMask(f0=True, f1=True, f2=True, f3=True, f4=False, f5=True, f6=True, f7=False, f8=False, f9=True, f10=False, f11=True, f12=True)",0.9560467326267378
82.516,"FeatureMask(f0=True, f1=True, f2=True, f3=True, f4=False, f5=True, f6=True, f7=False, f8=False, f9=True, f10=False, f11=True, f12=True)",0.9560467326267378
82.516,"FeatureMask(f0=True, f1=True, f2=True, f3=True, f4=False, f5=True, f6=True, f7=False, f8=False, f9=True, f10=False, f11=True, f12=True)",0.9560467326267378
82.516,"FeatureMask(f0=True, f1=True, f2=True, f3=True, f4=False, f5=True, f6=True, f7=False, f8=False, f9=True, f10=False, f11=True, f12=True)",0.9560467326267378
82.516,"FeatureMask(f0=True, f1=True, f2=True, f3=True, f4=False, f5=True, f6=True, f7=False, f8=False, f9=True, f10=False, f11=True, f12=True)",0.9560467326267378
82.516,"FeatureMask(f0=True, f1=True, f2=True, f3=True, f4=False, f5=True, f6=True, f7=False, f8=False, f9=True, f10=False, f11=True, f12=True)",0.9560467326267378
82.516,"FeatureMask(f0=True, f1=True, f2=True, f3=True, f4=False, f5=True, f6=True, f7=False, f8=False, f9=True, f10=False, f11=True, f12=True)",0.9560467326267378
82.516,"FeatureMask(f0=True, f1=True, f2=True, f3=True, f4=False, f5=True, f6=True, f7=False, f8=False, f9=True, f10=False, f11=True, f12=True)",0.9560467326267378
82.516,"FeatureMask(f0=True, f1=True, f2=True, f3=True, f4=False, f5=True, f6=True, f7=False, f8=False, f9=True, f10=False, f11=True, f12=True)",0.9560467326267378
82.67200000000001,"FeatureMask(f0=True, f1=True, f2=True, f3=True, f4=False, f5=True, f6=True, f7=False, f8=False, f9=True, f10=False, f11=True, f12=True)",0.9560467326267378
82.67200000000001,"FeatureMask(f0=True, f1=True, f2=True, f3=True, f4=False, f5=True, f6=True, f7=False, f8=False, f9=True, f10=False, f11=True, f12=True)",0.9560467326267378
82.67200000000001,"FeatureMask(f0=True, f1=True, f2=True, f3=True, f4=False, f5=True, f6=True, f7=False, f8=False, f9=True, f10=False, f11=True, f12=True)",0.9560467326267378
82.67200000000001,"FeatureMask(f0=True, f1=True, f2=True, f3=True, f4=False, f5=True, f6=True, f7=False, f8=False, f9=True, f10=False, f11=True, f12=True)",0.9560467326267378
82.67200000000001,"FeatureMask(f0=True, f1=True, f2=True, f3=True, f4=False, f5=True, f6=True, f7=False, f8=False, f9=True, f10=False, f11=True, f12=True)",0.9560467326267378
82.67200000000001,"FeatureMask(f0=True, f1=True, f2=True, f3=True, f4=False, f5=True, f6=True, f7=False, f8=False, f9=True, f10=False, f11=True, f12=True)",0.9560467326267378
82.67200000000001,"FeatureMask(f0=True, f1=True, f2=True, f3=True, f4=False, f5=True, f6=True, f7=False, f8=False, f9=True, f10=False, f11=True, f12=True)",0.9560467326267378
82.67200000000001,"FeatureMask(f0=True, f1=True, f2=True, f3=True, f4=False, f5=True, f6=True, f7=False, f8=False, f9=True, f10=False, f11=True, f12=True)",0.9560467326267378
82.67200000000001,"FeatureMask(f0=True, f1=True, f2=True, f3=True, f4=False, f5=True, f6=True, f7=False, f8=False, f9=True, f10=False, f11=True, f12=True)",0.9560467326267378
82.67200000000001,"FeatureMask(f0=True, f1=True, f2=True, f3=True, f4=False, f5=True, f6=True, f7=False, f8=False, f9=True, f10=False, f11=True, f12=True)",0.9560467326267378
82.875,"FeatureMask(f0=True, f1=True, f2=True, f3=True, f4=False, f5=True, f6=True, f7=False, f8=False, f9=True, f10=False, f11=True, f12=True)",0.9560467326267378
82.875,"FeatureMask(f0=True, f1=True, f2=True, f3=True, f4=False, f5=True, f6=True, f7=False, f8=False, f9=True, f10=False, f11=True, f12=True)",0.9560467326267378
82.875,"FeatureMask(f0=True, f1=True, f2=True, f3=True, f4=False, f5=True, f6=True, f7=False, f8=False, f9=True, f10=False, f11=True, f12=True)",0.9560467326267378
82.875,"FeatureMask(f0=True, f1=True, f2=True, f3=True, f4=False, f5=True, f6=True, f7=False, f8=False, f9=True, f10=False, f11=True, f12=True)",0.9560467326267378
82.875,"FeatureMask(f0=True, f1=True, f2=True, f3=True, f4=False, f5=True, f6=True, f7=False, f8=False, f9=True, f10=False, f11=True, f12=True)",0.9560467326267378
82.875,"FeatureMask(f0=True, f1=True, f2=True, f3=True, f4=False, f5=True, f6=True, f7=False, f8=False, f9=True, f10=False, f11=True, f12=True)",0.9560467326267378
82.875,"FeatureMask(f0=True, f1=True, f2=True, f3=True, f4=False, f5=True, f6=True, f7=False, f8=False, f9=True, f10=False, f11=True, f12=True)",0.9560467326267378
82.875,"FeatureMask(f0=True, f1=True, f2=True, f3=True, f4=False, f5=True, f6=True, f7=False, f8=False, f9=True, f10=False, f11=True, f12=True)",0.9560467326267378
82.875,"FeatureMask(f0=True, f1=True, f2=True, f3=True, f4=False, f5=True, f6=True, f7=False, f8=False, f9=True, f10=False, f11=True, f12=True)",0.9560467326267378
82.875,"FeatureMask(f0=True, f1=True, f2=True, f3=True, f4=False, f5=True, f6=True, f7=False, f8=False, f9=True, f10=False, f11=True, f12=True)",0.9560467326267378
82.953,"FeatureMask(f0=True, f1=True, f2=True, f3=True, f4=False, f5=True, f6=True, f7=False, f8=False, f9=True, f10=False, f11=True, f12=True)",0.9560467326267378
83.063,"FeatureMask(f0=True, f1=True, f2=True, f3=True, f4=False, f5=True, f6=True, f7=False, f8=False, f9=True, f10=False, f11=True, f12=True)",0.9560467326267378
83.063,"FeatureMask(f0=True, f1=True, f2=True, f3=True, f4=False, f5=True, f6=True, f7=False, f8=False, f9=True, f10=False, f11=True, f12=True)",0.9560467326267378
83.078,"FeatureMask(f0=True, f1=True, f2=True, f3=True, f4=False, f5=True, f6=True, f7=False, f8=False, f9=True, f10=False, f11=True, f12=True)",0.9560467326267378
83.078,"FeatureMask(f0=True, f1=True, f2=True, f3=True, f4=False, f5=True, f6=True, f7=False, f8=False, f9=True, f10=False, f11=True, f12=True)",0.9560467326267378
83.078,"FeatureMask(f0=True, f1=True, f2=True, f3=True, f4=False, f5=True, f6=True, f7=False, f8=False, f9=True, f10=False, f11=True, f12=True)",0.9560467326267378
83.078,"FeatureMask(f0=True, f1=True, f2=True, f3=True, f4=False, f5=True, f6=True, f7=False, f8=False, f9=True, f10=False, f11=True, f12=True)",0.9560467326267378
83.078,"FeatureMask(f0=True, f1=True, f2=True, f3=True, f4=False, f5=True, f6=True, f7=False, f8=False, f9=True, f10=False, f11=True, f12=True)",0.9560467326267378
83.078,"FeatureMask(f0=True, f1=True, f2=True, f3=True, f4=False, f5=True, f6=True, f7=False, f8=False, f9=True, f10=False, f11=True, f12=True)",0.9560467326267378
83.078,"FeatureMask(f0=True, f1=True, f2=True, f3=True, f4=False, f5=True, f6=True, f7=False, f8=False, f9=True, f10=False, f11=True, f12=True)",0.9560467326267378
83.078,"FeatureMask(f0=True, f1=True, f2=True, f3=True, f4=False, f5=True, f6=True, f7=False, f8=False, f9=True, f10=False, f11=True, f12=True)",0.9560467326267378
83.156,"FeatureMask(f0=True, f1=True, f2=True, f3=True, f4=False, f5=True, f6=True, f7=False, f8=False, f9=True, f10=False, f11=True, f12=True)",0.9560467326267378
83.281,"FeatureMask(f0=True, f1=True, f2=True, f3=True, f4=False, f5=True, f6=True, f7=False, f8=False, f9=True, f10=False, f11=True, f12=True)",0.9560467326267378
83.281,"FeatureMask(f0=True, f1=True, f2=True, f3=True, f4=False, f5=True, f6=True, f7=False, f8=False, f9=True, f10=False, f11=True, f12=True)",0.9560467326267378
83.281,"FeatureMask(f0=True, f1=True, f2=True, f3=True, f4=False, f5=True, f6=True, f7=False, f8=False, f9=True, f10=False, f11=True, f12=True)",0.9560467326267378
83.281,"FeatureMask(f0=True, f1=True, f2=True, f3=True, f4=False, f5=True, f6=True, f7=False, f8=False, f9=True, f10=False, f11=True, f12=True)",0.9560467326267378
83.281,"FeatureMask(f0=True, f1=True, f2=True, f3=True, f4=False, f5=True, f6=True, f7=False, f8=False, f9=True, f10=False, f11=True, f12=True)",0.9560467326267378
83.281,"FeatureMask(f0=True, f1=True, f2=True, f3=True, f4=False, f5=True, f6=True, f7=False, f8=False, f9=True, f10=False, f11=True, f12=True)",0.9560467326267378
83.281,"FeatureMask(f0=True, f1=True, f2=True, f3=True, f4=False, f5=True, f6=True, f7=False, f8=False, f9=True, f10=False, f11=True, f12=True)",0.9560467326267378
83.281,"FeatureMask(f0=True, f1=True, f2=True, f3=True, f4=False, f5=True, f6=True, f7=False, f8=False, f9=True, f10=False, f11=True, f12=True)",0.9560467326267378
83.281,"FeatureMask(f0=True, f1=True, f2=True, f3=True, f4=False, f5=True, f6=True, f7=False, f8=False, f9=True, f10=False, f11=True, f12=True)",0.9560467326267378
83.281,"FeatureMask(f0=True, f1=True, f2=True, f3=True, f4=False, f5=True, f6=True, f7=False, f8=False, f9=True, f10=False, f11=True, f12=True)",0.9560467326267378
83.375,"FeatureMask(f0=True, f1=True, f2=True, f3=True, f4=False, f5=True, f6=True, f7=False, f8=False, f9=True, f10=False, f11=True, f12=True)",0.9560467326267378
83.485,"FeatureMask(f0=True, f1=True, f2=True, f3=True, f4=False, f5=True, f6=True, f7=False, f8=False, f9=True, f10=False, f11=True, f12=True)",0.9560467326267378
83.485,"FeatureMask(f0=True, f1=True, f2=True, f3=True, f4=False, f5=True, f6=True, f7=False, f8=False, f9=True, f10=False, f11=True, f12=True)",0.9560467326267378
83.485,"FeatureMask(f0=True, f1=True, f2=True, f3=True, f4=False, f5=True, f6=True, f7=False, f8=False, f9=True, f10=False, f11=True, f12=True)",0.9560467326267378
83.485,"FeatureMask(f0=True, f1=True, f2=True, f3=True, f4=False, f5=True, f6=True, f7=False, f8=False, f9=True, f10=False, f11=True, f12=True)",0.9560467326267378
83.485,"FeatureMask(f0=True, f1=True, f2=True, f3=True, f4=False, f5=True, f6=True, f7=False, f8=False, f9=True, f10=False, f11=True, f12=True)",0.9560467326267378
83.485,"FeatureMask(f0=True, f1=True, f2=True, f3=True, f4=False, f5=True, f6=True, f7=False, f8=False, f9=True, f10=False, f11=True, f12=True)",0.9560467326267378
83.485,"FeatureMask(f0=True, f1=True, f2=True, f3=True, f4=False, f5=True, f6=True, f7=False, f8=False, f9=True, f10=False, f11=True, f12=True)",0.9560467326267378
83.485,"FeatureMask(f0=True, f1=True, f2=True, f3=True, f4=False, f5=True, f6=True, f7=False, f8=False, f9=True, f10=False, f11=True, f12=True)",0.9560467326267378
83.485,"FeatureMask(f0=True, f1=True, f2=True, f3=True, f4=False, f5=True, f6=True, f7=False, f8=False, f9=True, f10=False, f11=True, f12=True)",0.9560467326267378
83.485,"FeatureMask(f0=True, f1=True, f2=True, f3=True, f4=False, f5=True, f6=True, f7=False, f8=False, f9=True, f10=False, f11=True, f12=True)",0.9560467326267378
83.688,"FeatureMask(f0=True, f1=True, f2=True, f3=True, f4=False, f5=True, f6=True, f7=False, f8=False, f9=True, f10=False, f11=True, f12=True)",0.9560467326267378
83.688,"FeatureMask(f0=True, f1=True, f2=True, f3=True, f4=False, f5=True, f6=True, f7=False, f8=False, f9=True, f10=False, f11=True, f12=True)",0.9560467326267378
83.688,"FeatureMask(f0=True, f1=True, f2=True, f3=True, f4=False, f5=True, f6=True, f7=False, f8=False, f9=True, f10=False, f11=True, f12=True)",0.9560467326267378
83.688,"FeatureMask(f0=True, f1=True, f2=True, f3=True, f4=False, f5=True, f6=True, f7=False, f8=False, f9=True, f10=False, f11=True, f12=True)",0.9560467326267378
83.688,"FeatureMask(f0=True, f1=True, f2=True, f3=True, f4=False, f5=True, f6=True, f7=False, f8=False, f9=True, f10=False, f11=True, f12=True)",0.9560467326267378
83.688,"FeatureMask(f0=True, f1=True, f2=True, f3=True, f4=False, f5=True, f6=True, f7=False, f8=False, f9=True, f10=False, f11=True, f12=True)",0.9560467326267378
83.688,"FeatureMask(f0=True, f1=True, f2=True, f3=True, f4=False, f5=True, f6=True, f7=False, f8=False, f9=True, f10=False, f11=True, f12=True)",0.9560467326267378
83.688,"FeatureMask(f0=True, f1=True, f2=True, f3=True, f4=False, f5=True, f6=True, f7=False, f8=False, f9=True, f10=False, f11=True, f12=True)",0.9560467326267378
83.688,"FeatureMask(f0=True, f1=True, f2=True, f3=True, f4=False, f5=True, f6=True, f7=False, f8=False, f9=True, f10=False, f11=True, f12=True)",0.9560467326267378
83.688,"FeatureMask(f0=True, f1=True, f2=True, f3=True, f4=False, f5=True, f6=True, f7=False, f8=False, f9=True, f10=False, f11=True, f12=True)",0.9560467326267378
83.766,"FeatureMask(f0=True, f1=True, f2=True, f3=True, f4=False, f5=True, f6=True, f7=False, f8=False, f9=True, f10=False, f11=True, f12=True)",0.9560467326267378
83.875,"FeatureMask(f0=True, f1=True, f2=True, f3=True, f4=False, f5=True, f6=True, f7=False, f8=False, f9=True, f10=False, f11=True, f12=True)",0.9560467326267378
83.875,"FeatureMask(f0=True, f1=True, f2=True, f3=True, f4=False, f5=True, f6=True, f7=False, f8=False, f9=True, f10=False, f11=True, f12=True)",0.9560467326267378
83.875,"FeatureMask(f0=True, f1=True, f2=True, f3=True, f4=False, f5=True, f6=True, f7=False, f8=False, f9=True, f10=False, f11=True, f12=True)",0.9560467326267378
83.875,"FeatureMask(f0=True, f1=True, f2=True, f3=True, f4=False, f5=True, f6=True, f7=False, f8=False, f9=True, f10=False, f11=True, f12=True)",0.9560467326267378
83.875,"FeatureMask(f0=True, f1=True, f2=True, f3=True, f4=False, f5=True, f6=True, f7=False, f8=False, f9=True, f10=False, f11=True, f12=True)",0.9560467326267378
83.875,"FeatureMask(f0=True, f1=True, f2=True, f3=True, f4=False, f5=True, f6=True, f7=False, f8=False, f9=True, f10=False, f11=True, f12=True)",0.9560467326267378
83.875,"FeatureMask(f0=True, f1=True, f2=True, f3=True, f4=False, f5=True, f6=True, f7=False, f8=False, f9=True, f10=False, f11=True, f12=True)",0.9560467326267378
83.875,"FeatureMask(f0=True, f1=True, f2=True, f3=True, f4=False, f5=True, f6=True, f7=False, f8=False, f9=True, f10=False, f11=True, f12=True)",0.9560467326267378
83.875,"FeatureMask(f0=True, f1=True, f2=True, f3=True, f4=False, f5=True, f6=True, f7=False, f8=False, f9=True, f10=False, f11=True, f12=True)",0.9560467326267378
83.875,"FeatureMask(f0=True, f1=True, f2=True, f3=True, f4=False, f5=True, f6=True, f7=False, f8=False, f9=True, f10=False, f11=True, f12=True)",0.9560467326267378
84.078,"FeatureMask(f0=True, f1=True, f2=True, f3=True, f4=False, f5=True, f6=True, f7=False, f8=False, f9=True, f10=False, f11=True, f12=True)",0.9560467326267378
84.078,"FeatureMask(f0=True, f1=True, f2=True, f3=True, f4=False, f5=True, f6=True, f7=False, f8=False, f9=True, f10=False, f11=True, f12=True)",0.9560467326267378
84.078,"FeatureMask(f0=True, f1=True, f2=True, f3=True, f4=False, f5=True, f6=True, f7=False, f8=False, f9=True, f10=False, f11=True, f12=True)",0.9560467326267378
84.078,"FeatureMask(f0=True, f1=True, f2=True, f3=True, f4=False, f5=True, f6=True, f7=False, f8=False, f9=True, f10=False, f11=True, f12=True)",0.9560467326267378
84.078,"FeatureMask(f0=True, f1=True, f2=True, f3=True, f4=False, f5=True, f6=True, f7=False, f8=False, f9=True, f10=False, f11=True, f12=True)",0.9560467326267378
84.078,"FeatureMask(f0=True, f1=True, f2=True, f3=True, f4=False, f5=True, f6=True, f7=False, f8=False, f9=True, f10=False, f11=True, f12=True)",0.9560467326267378
84.078,"FeatureMask(f0=True, f1=True, f2=True, f3=True, f4=False, f5=True, f6=True, f7=False, f8=False, f9=True, f10=False, f11=True, f12=True)",0.9560467326267378
84.078,"FeatureMask(f0=True, f1=True, f2=True, f3=True, f4=False, f5=True, f6=True, f7=False, f8=False, f9=True, f10=False, f11=True, f12=True)",0.9560467326267378
84.078,"FeatureMask(f0=True, f1=True, f2=True, f3=True, f4=False, f5=True, f6=True, f7=False, f8=False, f9=True, f10=False, f11=True, f12=True)",0.9560467326267378
84.078,"FeatureMask(f0=True, f1=True, f2=True, f3=True, f4=False, f5=True, f6=True, f7=False, f8=False, f9=True, f10=False, f11=True, f12=True)",0.9560467326267378
84.156,"FeatureMask(f0=True, f1=True, f2=True, f3=True, f4=False, f5=True, f6=True, f7=False, f8=False, f9=True, f10=False, f11=True, f12=True)",0.9560467326267378
84.235,"FeatureMask(f0=True, f1=True, f2=True, f3=True, f4=False, f5=True, f6=True, f7=False, f8=False, f9=True, f10=False, f11=True, f12=True)",0.9560467326267378
84.235,"FeatureMask(f0=True, f1=True, f2=True, f3=True, f4=False, f5=True, f6=True, f7=False, f8=False, f9=True, f10=False, f11=True, f12=True)",0.9560467326267378
84.235,"FeatureMask(f0=True, f1=True, f2=True, f3=True, f4=False, f5=True, f6=True, f7=False, f8=False, f9=True, f10=False, f11=True, f12=True)",0.9560467326267378
84.235,"FeatureMask(f0=True, f1=True, f2=True, f3=True, f4=False, f5=True, f6=True, f7=False, f8=False, f9=True, f10=False, f11=True, f12=True)",0.9560467326267378
84.235,"FeatureMask(f0=True, f1=True, f2=True, f3=True, f4=False, f5=True, f6=True, f7=False, f8=False, f9=True, f10=False, f11=True, f12=True)",0.9560467326267378
84.235,"FeatureMask(f0=True, f1=True, f2=True, f3=True, f4=False, f5=True, f6=True, f7=False, f8=False, f9=True, f10=False, f11=True, f12=True)",0.9560467326267378
84.235,"FeatureMask(f0=True, f1=True, f2=True, f3=True, f4=False, f5=True, f6=True, f7=False, f8=False, f9=True, f10=False, f11=True, f12=True)",0.9560467326267378
84.235,"FeatureMask(f0=True, f1=True, f2=True, f3=True, f4=False, f5=True, f6=True, f7=False, f8=False, f9=True, f10=False, f11=True, f12=True)",0.9560467326267378
84.235,"FeatureMask(f0=True, f1=True, f2=True, f3=True, f4=False, f5=True, f6=True, f7=False, f8=False, f9=True, f10=False, f11=True, f12=True)",0.9560467326267378
84.235,"FeatureMask(f0=True, f1=True, f2=True, f3=True, f4=False, f5=True, f6=True, f7=False, f8=False, f9=True, f10=False, f11=True, f12=True)",0.9560467326267378
84.313,"FeatureMask(f0=True, f1=True, f2=True, f3=True, f4=False, f5=True, f6=True, f7=False, f8=False, f9=True, f10=False, f11=True, f12=True)",0.9560467326267378
84.42200000000001,"FeatureMask(f0=True, f1=True, f2=True, f3=True, f4=False, f5=True, f6=True, f7=False, f8=False, f9=True, f10=False, f11=True, f12=True)",0.9560467326267378
84.42200000000001,"FeatureMask(f0=True, f1=True, f2=True, f3=True, f4=False, f5=True, f6=True, f7=False, f8=False, f9=True, f10=False, f11=True, f12=True)",0.9560467326267378
84.42200000000001,"FeatureMask(f0=True, f1=True, f2=True, f3=True, f4=False, f5=True, f6=True, f7=False, f8=False, f9=True, f10=False, f11=True, f12=True)",0.9560467326267378
84.42200000000001,"FeatureMask(f0=True, f1=True, f2=True, f3=True, f4=False, f5=True, f6=True, f7=False, f8=False, f9=True, f10=False, f11=True, f12=True)",0.9560467326267378
84.42200000000001,"FeatureMask(f0=True, f1=True, f2=True, f3=True, f4=False, f5=True, f6=True, f7=False, f8=False, f9=True, f10=False, f11=True, f12=True)",0.9560467326267378
84.42200000000001,"FeatureMask(f0=True, f1=True, f2=True, f3=True, f4=False, f5=True, f6=True, f7=False, f8=False, f9=True, f10=False, f11=True, f12=True)",0.9560467326267378
84.42200000000001,"FeatureMask(f0=True, f1=True, f2=True, f3=True, f4=False, f5=True, f6=True, f7=False, f8=False, f9=True, f10=False, f11=True, f12=True)",0.9560467326267378
84.42200000000001,"FeatureMask(f0=True, f1=True, f2=True, f3=True, f4=False, f5=True, f6=True, f7=False, f8=False, f9=True, f10=False, f11=True, f12=True)",0.9560467326267378
84.42200000000001,"FeatureMask(f0=True, f1=True, f2=True, f3=True, f4=False, f5=True, f6=True, f7=False, f8=False, f9=True, f10=False, f11=True, f12=True)",0.9560467326267378
84.42200000000001,"FeatureMask(f0=True, f1=True, f2=True, f3=True, f4=False, f5=True, f6=True, f7=False, f8=False, f9=True, f10=False, f11=True, f12=True)",0.9560467326267378
84.516,"FeatureMask(f0=True, f1=True, f2=True, f3=True, f4=False, f5=True, f6=True, f7=False, f8=False, f9=True, f10=False, f11=True, f12=True)",0.9560467326267378
84.625,"FeatureMask(f0=True, f1=True, f2=True, f3=True, f4=False, f5=True, f6=True, f7=False, f8=False, f9=True, f10=False, f11=True, f12=True)",0.9560467326267378
84.625,"FeatureMask(f0=True, f1=True, f2=True, f3=True, f4=False, f5=True, f6=True, f7=False, f8=False, f9=True, f10=False, f11=True, f12=True)",0.9560467326267378
84.625,"FeatureMask(f0=True, f1=True, f2=True, f3=True, f4=False, f5=True, f6=True, f7=False, f8=False, f9=True, f10=False, f11=True, f12=True)",0.9560467326267378
84.625,"FeatureMask(f0=True, f1=True, f2=True, f3=True, f4=False, f5=True, f6=True, f7=False, f8=False, f9=True, f10=False, f11=True, f12=True)",0.9560467326267378
84.625,"FeatureMask(f0=True, f1=True, f2=True, f3=True, f4=False, f5=True, f6=True, f7=False, f8=False, f9=True, f10=False, f11=True, f12=True)",0.9560467326267378
84.625,"FeatureMask(f0=True, f1=True, f2=True, f3=True, f4=False, f5=True, f6=True, f7=False, f8=False, f9=True, f10=False, f11=True, f12=True)",0.9560467326267378
84.625,"FeatureMask(f0=True, f1=True, f2=True, f3=True, f4=False, f5=True, f6=True, f7=False, f8=False, f9=True, f10=False, f11=True, f12=True)",0.9560467326267378
84.625,"FeatureMask(f0=True, f1=True, f2=True, f3=True, f4=False, f5=True, f6=True, f7=False, f8=False, f9=True, f10=False, f11=True, f12=True)",0.9560467326267378
84.625,"FeatureMask(f0=True, f1=True, f2=True, f3=True, f4=False, f5=True, f6=True, f7=False, f8=False, f9=True, f10=False, f11=True, f12=True)",0.9560467326267378
84.625,"FeatureMask(f0=True, f1=True, f2=True, f3=True, f4=False, f5=True, f6=True, f7=False, f8=False, f9=True, f10=False, f11=True, f12=True)",0.9560467326267378
84.71900000000001,"FeatureMask(f0=True, f1=True, f2=True, f3=True, f4=False, f5=True, f6=True, f7=False, f8=False, f9=True, f10=False, f11=True, f12=True)",0.9560467326267378
84.71900000000001,"FeatureMask(f0=True, f1=True, f2=True, f3=True, f4=False, f5=True, f6=True, f7=False, f8=False, f9=True, f10=False, f11=True, f12=True)",0.9560467326267378
84.86,"FeatureMask(f0=True, f1=True, f2=True, f3=True, f4=False, f5=True, f6=True, f7=False, f8=False, f9=True, f10=False, f11=True, f12=True)",0.9560467326267378
84.86,"FeatureMask(f0=True, f1=True, f2=True, f3=True, f4=False, f5=True, f6=True, f7=False, f8=False, f9=True, f10=False, f11=True, f12=True)",0.9560467326267378
84.86,"FeatureMask(f0=True, f1=True, f2=True, f3=True, f4=False, f5=True, f6=True, f7=False, f8=False, f9=True, f10=False, f11=True, f12=True)",0.9560467326267378
84.86,"FeatureMask(f0=True, f1=True, f2=True, f3=True, f4=False, f5=True, f6=True, f7=False, f8=False, f9=True, f10=False, f11=True, f12=True)",0.9560467326267378
84.86,"FeatureMask(f0=True, f1=True, f2=True, f3=True, f4=False, f5=True, f6=True, f7=False, f8=False, f9=True, f10=False, f11=True, f12=True)",0.9560467326267378
84.86,"FeatureMask(f0=True, f1=True, f2=True, f3=True, f4=False, f5=True, f6=True, f7=False, f8=False, f9=True, f10=False, f11=True, f12=True)",0.9560467326267378
84.86,"FeatureMask(f0=True, f1=True, f2=True, f3=True, f4=False, f5=True, f6=True, f7=False, f8=False, f9=True, f10=False, f11=True, f12=True)",0.9560467326267378
84.875,"FeatureMask(f0=True, f1=True, f2=True, f3=True, f4=False, f5=True, f6=True, f7=False, f8=False, f9=True, f10=False, f11=True, f12=True)",0.9560467326267378
84.875,"FeatureMask(f0=True, f1=True, f2=True, f3=True, f4=False, f5=True, f6=True, f7=False, f8=False, f9=True, f10=False, f11=True, f12=True)",0.9560467326267378
84.875,"FeatureMask(f0=True, f1=True, f2=True, f3=True, f4=False, f5=True, f6=True, f7=False, f8=False, f9=True, f10=False, f11=True, f12=True)",0.9560467326267378
84.953,"FeatureMask(f0=True, f1=True, f2=True, f3=True, f4=False, f5=True, f6=True, f7=False, f8=False, f9=True, f10=False, f11=True, f12=True)",0.9560467326267378
85.078,"FeatureMask(f0=True, f1=True, f2=True, f3=True, f4=False, f5=True, f6=True, f7=False, f8=False, f9=True, f10=False, f11=True, f12=True)",0.9560467326267378
85.078,"FeatureMask(f0=True, f1=True, f2=True, f3=True, f4=False, f5=True, f6=True, f7=False, f8=False, f9=True, f10=False, f11=True, f12=True)",0.9560467326267378
85.078,"FeatureMask(f0=True, f1=True, f2=True, f3=True, f4=False, f5=True, f6=True, f7=False, f8=False, f9=True, f10=False, f11=True, f12=True)",0.9560467326267378
85.078,"FeatureMask(f0=True, f1=True, f2=True, f3=True, f4=False, f5=True, f6=True, f7=False, f8=False, f9=True, f10=False, f11=True, f12=True)",0.9560467326267378
85.078,"FeatureMask(f0=True, f1=True, f2=True, f3=True, f4=False, f5=True, f6=True, f7=False, f8=False, f9=True, f10=False, f11=True, f12=True)",0.9560467326267378
85.078,"FeatureMask(f0=True, f1=True, f2=True, f3=True, f4=False, f5=True, f6=True, f7=False, f8=False, f9=True, f10=False, f11=True, f12=True)",0.9560467326267378
85.078,"FeatureMask(f0=True, f1=True, f2=True, f3=True, f4=False, f5=True, f6=True, f7=False, f8=False, f9=True, f10=False, f11=True, f12=True)",0.9560467326267378
85.078,"FeatureMask(f0=True, f1=True, f2=True, f3=True, f4=False, f5=True, f6=True, f7=False, f8=False, f9=True, f10=False, f11=True, f12=True)",0.9560467326267378
85.078,"FeatureMask(f0=True, f1=True, f2=True, f3=True, f4=False, f5=True, f6=True, f7=False, f8=False, f9=True, f10=False, f11=True, f12=True)",0.9560467326267378
85.078,"FeatureMask(f0=True, f1=True, f2=True, f3=True, f4=False, f5=True, f6=True, f7=False, f8=False, f9=True, f10=False, f11=True, f12=True)",0.9560467326267378
85.17200000000001,"FeatureMask(f0=True, f1=True, f2=True, f3=True, f4=False, f5=True, f6=True, f7=False, f8=False, f9=True, f10=False, f11=True, f12=True)",0.9560467326267378
85.281,"FeatureMask(f0=True, f1=True, f2=True, f3=True, f4=False, f5=True, f6=True, f7=False, f8=False, f9=True, f10=False, f11=True, f12=True)",0.9560467326267378
85.281,"FeatureMask(f0=True, f1=True, f2=True, f3=True, f4=False, f5=True, f6=True, f7=False, f8=False, f9=True, f10=False, f11=True, f12=True)",0.9560467326267378
85.281,"FeatureMask(f0=True, f1=True, f2=True, f3=True, f4=False, f5=True, f6=True, f7=False, f8=False, f9=True, f10=False, f11=True, f12=True)",0.9560467326267378
85.281,"FeatureMask(f0=True, f1=True, f2=True, f3=True, f4=False, f5=True, f6=True, f7=False, f8=False, f9=True, f10=False, f11=True, f12=True)",0.9560467326267378
85.281,"FeatureMask(f0=True, f1=True, f2=True, f3=True, f4=False, f5=True, f6=True, f7=False, f8=False, f9=True, f10=False, f11=True, f12=True)",0.9560467326267378
85.281,"FeatureMask(f0=True, f1=True, f2=True, f3=True, f4=False, f5=True, f6=True, f7=False, f8=False, f9=True, f10=False, f11=True, f12=True)",0.9560467326267378
85.281,"FeatureMask(f0=True, f1=True, f2=True, f3=True, f4=False, f5=True, f6=True, f7=False, f8=False, f9=True, f10=False, f11=True, f12=True)",0.9560467326267378
85.281,"FeatureMask(f0=True, f1=True, f2=True, f3=True, f4=False, f5=True, f6=True, f7=False, f8=False, f9=True, f10=False, f11=True, f12=True)",0.9560467326267378
85.281,"FeatureMask(f0=True, f1=True, f2=True, f3=True, f4=False, f5=True, f6=True, f7=False, f8=False, f9=True, f10=False, f11=True, f12=True)",0.9560467326267378
85.281,"FeatureMask(f0=True, f1=True, f2=True, f3=True, f4=False, f5=True, f6=True, f7=False, f8=False, f9=True, f10=False, f11=True, f12=True)",0.9560467326267378
85.375,"FeatureMask(f0=True, f1=True, f2=True, f3=True, f4=False, f5=True, f6=True, f7=False, f8=False, f9=True, f10=False, f11=True, f12=True)",0.9560467326267378
85.453,"FeatureMask(f0=True, f1=True, f2=True, f3=True, f4=False, f5=True, f6=True, f7=False, f8=False, f9=True, f10=False, f11=True, f12=True)",0.9560467326267378
85.453,"FeatureMask(f0=True, f1=True, f2=True, f3=True, f4=False, f5=True, f6=True, f7=False, f8=False, f9=True, f10=False, f11=True, f12=True)",0.9560467326267378
85.453,"FeatureMask(f0=True, f1=True, f2=True, f3=True, f4=False, f5=True, f6=True, f7=False, f8=False, f9=True, f10=False, f11=True, f12=True)",0.9560467326267378
85.453,"FeatureMask(f0=True, f1=True, f2=True, f3=True, f4=False, f5=True, f6=True, f7=False, f8=False, f9=True, f10=False, f11=True, f12=True)",0.9560467326267378
85.453,"FeatureMask(f0=True, f1=True, f2=True, f3=True, f4=False, f5=True, f6=True, f7=False, f8=False, f9=True, f10=False, f11=True, f12=True)",0.9560467326267378
85.453,"FeatureMask(f0=True, f1=True, f2=True, f3=True, f4=False, f5=True, f6=True, f7=False, f8=False, f9=True, f10=False, f11=True, f12=True)",0.9560467326267378
85.453,"FeatureMask(f0=True, f1=True, f2=True, f3=True, f4=False, f5=True, f6=True, f7=False, f8=False, f9=True, f10=False, f11=True, f12=True)",0.9560467326267378
85.453,"FeatureMask(f0=True, f1=True, f2=True, f3=True, f4=False, f5=True, f6=True, f7=False, f8=False, f9=True, f10=False, f11=True, f12=True)",0.9560467326267378
85.453,"FeatureMask(f0=True, f1=True, f2=True, f3=True, f4=False, f5=True, f6=True, f7=False, f8=False, f9=True, f10=False, f11=True, f12=True)",0.9560467326267378
85.453,"FeatureMask(f0=True, f1=True, f2=True, f3=True, f4=False, f5=True, f6=True, f7=False, f8=False, f9=True, f10=False, f11=True, f12=True)",0.9560467326267378
85.656,"FeatureMask(f0=True, f1=True, f2=True, f3=True, f4=False, f5=True, f6=True, f7=False, f8=False, f9=True, f10=False, f11=True, f12=True)",0.9560467326267378
85.656,"FeatureMask(f0=True, f1=True, f2=True, f3=True, f4=False, f5=True, f6=True, f7=False, f8=False, f9=True, f10=False, f11=True, f12=True)",0.9560467326267378
85.656,"FeatureMask(f0=True, f1=True, f2=True, f3=True, f4=False, f5=True, f6=True, f7=False, f8=False, f9=True, f10=False, f11=True, f12=True)",0.9560467326267378
85.656,"FeatureMask(f0=True, f1=True, f2=True, f3=True, f4=False, f5=True, f6=True, f7=False, f8=False, f9=True, f10=False, f11=True, f12=True)",0.9560467326267378
85.656,"FeatureMask(f0=True, f1=True, f2=True, f3=True, f4=False, f5=True, f6=True, f7=False, f8=False, f9=True, f10=False, f11=True, f12=True)",0.9560467326267378
85.656,"FeatureMask(f0=True, f1=True, f2=True, f3=True, f4=False, f5=True, f6=True, f7=False, f8=False, f9=True, f10=False, f11=True, f12=True)",0.9560467326267378
85.656,"FeatureMask(f0=True, f1=True, f2=True, f3=True, f4=False, f5=True, f6=True, f7=False, f8=False, f9=True, f10=False, f11=True, f12=True)",0.9560467326267378
85.656,"FeatureMask(f0=True, f1=True, f2=True, f3=True, f4=False, f5=True, f6=True, f7=False, f8=False, f9=True, f10=False, f11=True, f12=True)",0.9560467326267378
85.656,"FeatureMask(f0=True, f1=True, f2=True, f3=True, f4=False, f5=True, f6=True, f7=False, f8=False, f9=True, f10=False, f11=True, f12=True)",0.9560467326267378
85.656,"FeatureMask(f0=True, f1=True, f2=True, f3=True, f4=False, f5=True, f6=True, f7=False, f8=False, f9=True, f10=False, f11=True, f12=True)",0.9560467326267378
85.735,"FeatureMask(f0=True, f1=True, f2=True, f3=True, f4=False, f5=True, f6=True, f7=False, f8=False, f9=True, f10=False, f11=True, f12=True)",0.9560467326267378
85.813,"FeatureMask(f0=True, f1=True, f2=True, f3=True, f4=False, f5=True, f6=True, f7=False, f8=False, f9=True, f10=False, f11=True, f12=True)",0.9560467326267378
85.813,"FeatureMask(f0=True, f1=True, f2=True, f3=True, f4=False, f5=True, f6=True, f7=False, f8=False, f9=True, f10=False, f11=True, f12=True)",0.9560467326267378
85.813,"FeatureMask(f0=True, f1=True, f2=True, f3=True, f4=False, f5=True, f6=True, f7=False, f8=False, f9=True, f10=False, f11=True, f12=True)",0.9560467326267378
85.813,"FeatureMask(f0=True, f1=True, f2=True, f3=True, f4=False, f5=True, f6=True, f7=False, f8=False, f9=True, f10=False, f11=True, f12=True)",0.9560467326267378
85.813,"FeatureMask(f0=True, f1=True, f2=True, f3=True, f4=False, f5=True, f6=True, f7=False, f8=False, f9=True, f10=False, f11=True, f12=True)",0.9560467326267378
85.813,"FeatureMask(f0=True, f1=True, f2=True, f3=True, f4=False, f5=True, f6=True, f7=False, f8=False, f9=True, f10=False, f11=True, f12=True)",0.9560467326267378
85.813,"FeatureMask(f0=True, f1=True, f2=True, f3=True, f4=False, f5=True, f6=True, f7=False, f8=False, f9=True, f10=False, f11=True, f12=True)",0.9560467326267378
85.813,"FeatureMask(f0=True, f1=True, f2=True, f3=True, f4=False, f5=True, f6=True, f7=False, f8=False, f9=True, f10=False, f11=True, f12=True)",0.9560467326267378
85.813,"FeatureMask(f0=True, f1=True, f2=True, f3=True, f4=False, f5=True, f6=True, f7=False, f8=False, f9=True, f10=False, f11=True, f12=True)",0.9560467326267378
85.813,"FeatureMask(f0=True, f1=True, f2=True, f3=True, f4=False, f5=True, f6=True, f7=False, f8=False, f9=True, f10=False, f11=True, f12=True)",0.9560467326267378
85.906,"FeatureMask(f0=True, f1=True, f2=True, f3=True, f4=False, f5=True, f6=True, f7=False, f8=False, f9=True, f10=False, f11=True, f12=True)",0.9560467326267378
85.906,"FeatureMask(f0=True, f1=True, f2=True, f3=True, f4=False, f5=True, f6=True, f7=False, f8=False, f9=True, f10=False, f11=True, f12=True)",0.9560467326267378
85.906,"FeatureMask(f0=True, f1=True, f2=True, f3=True, f4=False, f5=True, f6=True, f7=False, f8=False, f9=True, f10=False, f11=True, f12=True)",0.9560467326267378
85.906,"FeatureMask(f0=True, f1=True, f2=True, f3=True, f4=False, f5=True, f6=True, f7=False, f8=False, f9=True, f10=False, f11=True, f12=True)",0.9560467326267378
85.906,"FeatureMask(f0=True, f1=True, f2=True, f3=True, f4=False, f5=True, f6=True, f7=False, f8=False, f9=True, f10=False, f11=True, f12=True)",0.9560467326267378
85.906,"FeatureMask(f0=True, f1=True, f2=True, f3=True, f4=False, f5=True, f6=True, f7=False, f8=False, f9=True, f10=False, f11=True, f12=True)",0.9560467326267378
85.906,"FeatureMask(f0=True, f1=True, f2=True, f3=True, f4=False, f5=True, f6=True, f7=False, f8=False, f9=True, f10=False, f11=True, f12=True)",0.9560467326267378
86.016,"FeatureMask(f0=True, f1=True, f2=True, f3=True, f4=False, f5=True, f6=True, f7=False, f8=False, f9=True, f10=False, f11=True, f12=True)",0.9560467326267378
86.016,"FeatureMask(f0=True, f1=True, f2=True, f3=True, f4=False, f5=True, f6=True, f7=False, f8=False, f9=True, f10=False, f11=True, f12=True)",0.9560467326267378
86.016,"FeatureMask(f0=True, f1=True, f2=True, f3=True, f4=False, f5=True, f6=True, f7=False, f8=False, f9=True, f10=False, f11=True, f12=True)",0.9560467326267378
86.016,"FeatureMask(f0=True, f1=True, f2=True, f3=True, f4=False, f5=True, f6=True, f7=False, f8=False, f9=True, f10=False, f11=True, f12=True)",0.9560467326267378
86.016,"FeatureMask(f0=True, f1=True, f2=True, f3=True, f4=False, f5=True, f6=True, f7=False, f8=False, f9=True, f10=False, f11=True, f12=True)",0.9560467326267378
86.016,"FeatureMask(f0=True, f1=True, f2=True, f3=True, f4=False, f5=True, f6=True, f7=False, f8=False, f9=True, f10=False, f11=True, f12=True)",0.9560467326267378
86.016,"FeatureMask(f0=True, f1=True, f2=True, f3=True, f4=False, f5=True, f6=True, f7=False, f8=False, f9=True, f10=False, f11=True, f12=True)",0.9560467326267378
86.016,"FeatureMask(f0=True, f1=True, f2=True, f3=True, f4=False, f5=True, f6=True, f7=False, f8=False, f9=True, f10=False, f11=True, f12=True)",0.9560467326267378
86.016,"FeatureMask(f0=True, f1=True, f2=True, f3=True, f4=False, f5=True, f6=True, f7=False, f8=False, f9=True, f10=False, f11=True, f12=True)",0.9560467326267378
86.016,"FeatureMask(f0=True, f1=True, f2=True, f3=True, f4=False, f5=True, f6=True, f7=False, f8=False, f9=True, f10=False, f11=True, f12=True)",0.9560467326267378
86.21900000000001,"FeatureMask(f0=True, f1=True, f2=True, f3=True, f4=False, f5=True, f6=True, f7=False, f8=False, f9=True, f10=False, f11=True, f12=True)",0.9560467326267378
86.21900000000001,"FeatureMask(f0=True, f1=True, f2=True, f3=True, f4=False, f5=True, f6=True, f7=False, f8=False, f9=True, f10=False, f11=True, f12=True)",0.9560467326267378
86.21900000000001,"FeatureMask(f0=True, f1=True, f2=True, f3=True, f4=False, f5=True, f6=True, f7=False, f8=False, f9=True, f10=False, f11=True, f12=True)",0.9560467326267378
86.21900000000001,"FeatureMask(f0=True, f1=True, f2=True, f3=True, f4=False, f5=True, f6=True, f7=False, f8=False, f9=True, f10=False, f11=True, f12=True)",0.9560467326267378
86.21900000000001,"FeatureMask(f0=True, f1=True, f2=True, f3=True, f4=False, f5=True, f6=True, f7=False, f8=False, f9=True, f10=False, f11=True, f12=True)",0.9560467326267378
86.21900000000001,"FeatureMask(f0=True, f1=True, f2=True, f3=True, f4=False, f5=True, f6=True, f7=False, f8=False, f9=True, f10=False, f11=True, f12=True)",0.9560467326267378
86.21900000000001,"FeatureMask(f0=True, f1=True, f2=True, f3=True, f4=False, f5=True, f6=True, f7=False, f8=False, f9=True, f10=False, f11=True, f12=True)",0.9560467326267378
86.21900000000001,"FeatureMask(f0=True, f1=True, f2=True, f3=True, f4=False, f5=True, f6=True, f7=False, f8=False, f9=True, f10=False, f11=True, f12=True)",0.9560467326267378
86.21900000000001,"FeatureMask(f0=True, f1=True, f2=True, f3=True, f4=False, f5=True, f6=True, f7=False, f8=False, f9=True, f10=False, f11=True, f12=True)",0.9560467326267378
86.21900000000001,"FeatureMask(f0=True, f1=True, f2=True, f3=True, f4=False, f5=True, f6=True, f7=False, f8=False, f9=True, f10=False, f11=True, f12=True)",0.9560467326267378
86.42200000000001,"FeatureMask(f0=True, f1=True, f2=True, f3=True, f4=False, f5=True, f6=True, f7=False, f8=False, f9=True, f10=False, f11=True, f12=True)",0.9560467326267378
86.42200000000001,"FeatureMask(f0=True, f1=True, f2=True, f3=True, f4=False, f5=True, f6=True, f7=False, f8=False, f9=True, f10=False, f11=True, f12=True)",0.9560467326267378
86.42200000000001,"FeatureMask(f0=True, f1=True, f2=True, f3=True, f4=False, f5=True, f6=True, f7=False, f8=False, f9=True, f10=False, f11=True, f12=True)",0.9560467326267378
86.42200000000001,"FeatureMask(f0=True, f1=True, f2=True, f3=True, f4=False, f5=True, f6=True, f7=False, f8=False, f9=True, f10=False, f11=True, f12=True)",0.9560467326267378
86.42200000000001,"FeatureMask(f0=True, f1=True, f2=True, f3=True, f4=False, f5=True, f6=True, f7=False, f8=False, f9=True, f10=False, f11=True, f12=True)",0.9560467326267378
86.42200000000001,"FeatureMask(f0=True, f1=True, f2=True, f3=True, f4=False, f5=True, f6=True, f7=False, f8=False, f9=True, f10=False, f11=True, f12=True)",0.9560467326267378
86.42200000000001,"FeatureMask(f0=True, f1=True, f2=True, f3=True, f4=False, f5=True, f6=True, f7=False, f8=False, f9=True, f10=False, f11=True, f12=True)",0.9560467326267378
86.42200000000001,"FeatureMask(f0=True, f1=True, f2=True, f3=True, f4=False, f5=True, f6=True, f7=False, f8=False, f9=True, f10=False, f11=True, f12=True)",0.9560467326267378
86.42200000000001,"FeatureMask(f0=True, f1=True, f2=True, f3=True, f4=False, f5=True, f6=True, f7=False, f8=False, f9=True, f10=False, f11=True, f12=True)",0.9560467326267378
86.42200000000001,"FeatureMask(f0=True, f1=True, f2=True, f3=True, f4=False, f5=True, f6=True, f7=False, f8=False, f9=True, f10=False, f11=True, f12=True)",0.9560467326267378
86.625,"FeatureMask(f0=True, f1=True, f2=True, f3=True, f4=False, f5=True, f6=True, f7=False, f8=False, f9=True, f10=False, f11=True, f12=True)",0.9560467326267378
86.625,"FeatureMask(f0=True, f1=True, f2=True, f3=True, f4=False, f5=True, f6=True, f7=False, f8=False, f9=True, f10=False, f11=True, f12=True)",0.9560467326267378
86.625,"FeatureMask(f0=True, f1=True, f2=True, f3=True, f4=False, f5=True, f6=True, f7=False, f8=False, f9=True, f10=False, f11=True, f12=True)",0.9560467326267378
86.625,"FeatureMask(f0=True, f1=True, f2=True, f3=True, f4=False, f5=True, f6=True, f7=False, f8=False, f9=True, f10=False, f11=True, f12=True)",0.9560467326267378
86.625,"FeatureMask(f0=True, f1=True, f2=True, f3=True, f4=False, f5=True, f6=True, f7=False, f8=False, f9=True, f10=False, f11=True, f12=True)",0.9560467326267378
86.625,"FeatureMask(f0=True, f1=True, f2=True, f3=True, f4=False, f5=True, f6=True, f7=False, f8=False, f9=True, f10=False, f11=True, f12=True)",0.9560467326267378
86.625,"FeatureMask(f0=True, f1=True, f2=True, f3=True, f4=False, f5=True, f6=True, f7=False, f8=False, f9=True, f10=False, f11=True, f12=True)",0.9560467326267378
86.625,"FeatureMask(f0=True, f1=True, f2=True, f3=True, f4=False, f5=True, f6=True, f7=False, f8=False, f9=True, f10=False, f11=True, f12=True)",0.9560467326267378
86.625,"FeatureMask(f0=True, f1=True, f2=True, f3=True, f4=False, f5=True, f6=True, f7=False, f8=False, f9=True, f10=False, f11=True, f12=True)",0.9560467326267378
86.625,"FeatureMask(f0=True, f1=True, f2=True, f3=True, f4=False, f5=True, f6=True, f7=False, f8=False, f9=True, f10=False, f11=True, f12=True)",0.9560467326267378
86.703,"FeatureMask(f0=True, f1=True, f2=True, f3=True, f4=False, f5=True, f6=True, f7=False, f8=False, f9=True, f10=False, f11=True, f12=True)",0.9560467326267378
86.813,"FeatureMask(f0=True, f1=True, f2=True, f3=True, f4=False, f5=True, f6=True, f7=False, f8=False, f9=True, f10=False, f11=True, f12=True)",0.9560467326267378
86.813,"FeatureMask(f0=True, f1=True, f2=True, f3=True, f4=False, f5=True, f6=True, f7=False, f8=False, f9=True, f10=False, f11=True, f12=True)",0.9560467326267378
86.813,"FeatureMask(f0=True, f1=True, f2=True, f3=True, f4=False, f5=True, f6=True, f7=False, f8=False, f9=True, f10=False, f11=True, f12=True)",0.9560467326267378
86.813,"FeatureMask(f0=True, f1=True, f2=True, f3=True, f4=False, f5=True, f6=True, f7=False, f8=False, f9=True, f10=False, f11=True, f12=True)",0.9560467326267378
86.813,"FeatureMask(f0=True, f1=True, f2=True, f3=True, f4=False, f5=True, f6=True, f7=False, f8=False, f9=True, f10=False, f11=True, f12=True)",0.9560467326267378
86.813,"FeatureMask(f0=True, f1=True, f2=True, f3=True, f4=False, f5=True, f6=True, f7=False, f8=False, f9=True, f10=False, f11=True, f12=True)",0.9560467326267378
86.813,"FeatureMask(f0=True, f1=True, f2=True, f3=True, f4=False, f5=True, f6=True, f7=False, f8=False, f9=True, f10=False, f11=True, f12=True)",0.9560467326267378
86.813,"FeatureMask(f0=True, f1=True, f2=True, f3=True, f4=False, f5=True, f6=True, f7=False, f8=False, f9=True, f10=False, f11=True, f12=True)",0.9560467326267378
86.813,"FeatureMask(f0=True, f1=True, f2=True, f3=True, f4=False, f5=True, f6=True, f7=False, f8=False, f9=True, f10=False, f11=True, f12=True)",0.9560467326267378
86.813,"FeatureMask(f0=True, f1=True, f2=True, f3=True, f4=False, f5=True, f6=True, f7=False, f8=False, f9=True, f10=False, f11=True, f12=True)",0.9560467326267378
86.891,"FeatureMask(f0=True, f1=True, f2=True, f3=True, f4=False, f5=True, f6=True, f7=False, f8=False, f9=True, f10=False, f11=True, f12=True)",0.9560467326267378
86.891,"FeatureMask(f0=True, f1=True, f2=True, f3=True, f4=False, f5=True, f6=True, f7=False, f8=False, f9=True, f10=False, f11=True, f12=True)",0.9560467326267378
86.891,"FeatureMask(f0=True, f1=True, f2=True, f3=True, f4=False, f5=True, f6=True, f7=False, f8=False, f9=True, f10=False, f11=True, f12=True)",0.9560467326267378
87.0,"FeatureMask(f0=True, f1=True, f2=True, f3=True, f4=False, f5=True, f6=True, f7=False, f8=False, f9=True, f10=False, f11=True, f12=True)",0.9560467326267378
87.0,"FeatureMask(f0=True, f1=True, f2=True, f3=True, f4=False, f5=True, f6=True, f7=False, f8=False, f9=True, f10=False, f11=True, f12=True)",0.9560467326267378
87.0,"FeatureMask(f0=True, f1=True, f2=True, f3=True, f4=False, f5=True, f6=True, f7=False, f8=False, f9=True, f10=False, f11=True, f12=True)",0.9560467326267378
87.0,"FeatureMask(f0=True, f1=True, f2=True, f3=True, f4=False, f5=True, f6=True, f7=False, f8=False, f9=True, f10=False, f11=True, f12=True)",0.9560467326267378
87.0,"FeatureMask(f0=True, f1=True, f2=True, f3=True, f4=False, f5=True, f6=True, f7=False, f8=False, f9=True, f10=False, f11=True, f12=True)",0.9560467326267378
87.0,"FeatureMask(f0=True, f1=True, f2=True, f3=True, f4=False, f5=True, f6=True, f7=False, f8=False, f9=True, f10=False, f11=True, f12=True)",0.9560467326267378
87.0,"FeatureMask(f0=True, f1=True, f2=True, f3=True, f4=False, f5=True, f6=True, f7=False, f8=False, f9=True, f10=False, f11=True, f12=True)",0.9560467326267378
87.0,"FeatureMask(f0=True, f1=True, f2=True, f3=True, f4=False, f5=True, f6=True, f7=False, f8=False, f9=True, f10=False, f11=True, f12=True)",0.9560467326267378
87.0,"FeatureMask(f0=True, f1=True, f2=True, f3=True, f4=False, f5=True, f6=True, f7=False, f8=False, f9=True, f10=False, f11=True, f12=True)",0.9560467326267378
87.0,"FeatureMask(f0=True, f1=True, f2=True, f3=True, f4=False, f5=True, f6=True, f7=False, f8=False, f9=True, f10=False, f11=True, f12=True)",0.9560467326267378
87.09400000000001,"FeatureMask(f0=True, f1=True, f2=True, f3=True, f4=False, f5=True, f6=True, f7=False, f8=False, f9=True, f10=False, f11=True, f12=True)",0.9560467326267378
87.203,"FeatureMask(f0=True, f1=True, f2=True, f3=True, f4=False, f5=True, f6=True, f7=False, f8=False, f9=True, f10=False, f11=True, f12=True)",0.9560467326267378
87.203,"FeatureMask(f0=True, f1=True, f2=True, f3=True, f4=False, f5=True, f6=True, f7=False, f8=False, f9=True, f10=False, f11=True, f12=True)",0.9560467326267378
87.203,"FeatureMask(f0=True, f1=True, f2=True, f3=True, f4=False, f5=True, f6=True, f7=False, f8=False, f9=True, f10=False, f11=True, f12=True)",0.9560467326267378
87.203,"FeatureMask(f0=True, f1=True, f2=True, f3=True, f4=False, f5=True, f6=True, f7=False, f8=False, f9=True, f10=False, f11=True, f12=True)",0.9560467326267378
87.203,"FeatureMask(f0=True, f1=True, f2=True, f3=True, f4=False, f5=True, f6=True, f7=False, f8=False, f9=True, f10=False, f11=True, f12=True)",0.9560467326267378
87.203,"FeatureMask(f0=True, f1=True, f2=True, f3=True, f4=False, f5=True, f6=True, f7=False, f8=False, f9=True, f10=False, f11=True, f12=True)",0.9560467326267378
87.203,"FeatureMask(f0=True, f1=True, f2=True, f3=True, f4=False, f5=True, f6=True, f7=False, f8=False, f9=True, f10=False, f11=True, f12=True)",0.9560467326267378
87.203,"FeatureMask(f0=True, f1=True, f2=True, f3=True, f4=False, f5=True, f6=True, f7=False, f8=False, f9=True, f10=False, f11=True, f12=True)",0.9560467326267378
87.203,"FeatureMask(f0=True, f1=True, f2=True, f3=True, f4=False, f5=True, f6=True, f7=False, f8=False, f9=True, f10=False, f11=True, f12=True)",0.9560467326267378
87.203,"FeatureMask(f0=True, f1=True, f2=True, f3=True, f4=False, f5=True, f6=True, f7=False, f8=False, f9=True, f10=False, f11=True, f12=True)",0.9560467326267378
87.29700000000001,"FeatureMask(f0=True, f1=True, f2=True, f3=True, f4=False, f5=True, f6=True, f7=False, f8=False, f9=True, f10=False, f11=True, f12=True)",0.9560467326267378
