,f1,f2,f3,f4,f5,f6,f7,f8,f9,f10,target,(f2 - (((f2 - f3) + (f3 * f2)) - ((f2 + f7) - f3))),(((f2 - (f2 - f3)) + f7) + (f2 - ((f7 - f7) * f3))),(f7 + f2),(f2 + (((f3 + f3) + (f7 - f3)) - f3)),((((f2 - f7) + (f7 * f7)) - f2) - (((f3 + f2) + f7) + ((f3 * f2) + f2))),(f2 + f7)
0,0.1675189729348078,1.759890437269322,-0.6814305494362397,3.0274430341073493,0.3364997888209008,-0.2733188939629085,1.2225525531697263,-0.6723935843265022,2.632447295005968,-2.410573051850007,0,4.181686098055067,2.3010124410028086,2.9824429904390484,2.9824429904390484,-2.589577578564022,2.9824429904390484
1,-0.3543694421135523,3.2842083612419293,4.212728291150685,-1.9177146600606565,-1.4413417457153697,-1.34772768931698,-4.082946968052413,2.299969124386473,-0.8816997954552249,-0.2241288646652983,1,-14.634216084247988,3.4139896843402013,-0.7987386068104838,-0.7987386068104829,0.21972738896116795,-0.7987386068104838
2,-1.465216617828672,2.008237737964633,-0.8999531304082328,-0.685609718726699,-0.7100154428915523,2.0174522784286744,3.075882067525303,-0.7598021319877752,4.11754927819336,0.6601194389984868,0,6.891439644375155,4.184166675081704,5.0841198054899355,5.0841198054899355,2.0000838516373145,5.0841198054899355
3,-1.2078467493364764,1.2635653757376644,1.6135049282555582,0.3115051146834593,0.439842886472828,2.381382742294319,1.2073119942509714,-0.0109390519600858,2.4503033341821125,-0.3623275195743813,1,0.43210840906282844,4.0843822982441935,2.470877369988636,2.470877369988636,-7.136426377696379,2.470877369988636
4,-2.939238382461511,-0.2908533784625478,0.790249240995827,-0.7676246851713125,-0.0416600233813347,0.0296396803221221,-0.3528390405292038,-0.3277950558774631,1.6920996070319805,0.3551340465085184,1,-0.41384575742065133,0.1465568220040755,-0.6436924189917516,-0.6436924189917517,0.8514776470803456,-0.6436924189917516
5,0.0707624094660432,3.271451125971021,2.7018800115778725,-1.97337599301704,-0.4119232343859531,-1.6732037275942349,-2.90064426456216,-1.229495157708088,-0.2852758373948314,1.0452246020671043,1,-8.468261544706166,3.0726868729867336,0.3708068614088611,0.3708068614088611,-3.868824990973266,0.3708068614088611
6,0.543188312829598,-2.597826579908121,-3.403993911053448,-3.256788946732497,1.1626480586861927,-0.491664328632817,-0.8737680742843286,0.3625430910929613,-4.5167978838735765,-4.008280659354001,0,-12.314580514172498,-6.875588565245898,-3.4715946541924496,-3.4715946541924496,2.267668007096842,-3.4715946541924496
7,-0.412305637288356,1.0093946270869072,-2.0620160161502668,1.3228824992183628,-0.5511162400406288,-0.8053866105621221,1.4481842689353843,-0.1266640273476633,2.2854550285877906,-1.3348174839296134,0,4.538966783691521,0.39556287987202476,2.4575788960222917,2.4575788960222917,1.3254837885668258,2.4575788960222917
8,-2.5932006811525588,-3.076799643732812,1.5814335713230072,-3.1242759084203118,-0.5953056976939823,-2.216428076445233,-4.974885471556316,-0.5527909175451801,-4.367069095388696,-1.450661717656905,0,-3.1859308664553914,-6.47025154396612,-8.051685115289128,-8.051685115289128,44.137176363191095,-8.051685115289128
9,-1.9387272357511236,1.043691563215587,1.643157601031323,3.1598283943405465,-0.6842421805152435,-0.6014061243559261,0.0418506259497361,-1.0878930121092585,3.554365904382494,0.0898608118252617,1,-0.6294075360646321,2.728699790196646,1.0855421891653232,1.0855421891653232,-5.52744022969954,1.0855421891653232
10,0.0621702011885105,4.28449548280966,4.374413956973534,-3.1408317737867923,0.7906723186907282,3.0932374584527143,-2.0711966394967893,0.9845928948957968,-0.7053524033861197,-4.341077752239274,1,-16.52885799527977,6.587712800286405,2.213298843312871,2.213298843312871,-23.25331296272912,2.213298843312871
11,-2.3005628501297326,1.7455197061397396,-4.326069594831129,1.0853431857744995,0.5032323845324963,1.5047595716213509,6.542204167762518,0.9338104260749966,7.821435158444014,2.41024198451129,0,15.838963601811953,3.961654279071128,8.287723873902257,8.287723873902257,38.10229694762556,8.287723873902257
12,-2.14533341971002,1.9115379606690464,1.991707168927756,1.2050522011019542,-1.2960486928239283,-1.885411943830932,-1.7363138753640297,1.0179570524293595,2.430861362133388,-0.1974639729026455,1,-3.631999774637065,2.1669312542327726,0.17522408530501665,0.17522408530501687,-3.1345933256982166,0.17522408530501665
13,-1.7977893544318302,-2.752942244308934,-0.2753087271535182,-1.9006915549267407,-0.0963846363148971,0.1264956771841467,-0.8603434788044312,0.2144632674675513,-1.6397304788452716,0.0354983546455811,0,-4.371194748321207,-3.888594450266883,-3.613285723113365,-3.613285723113365,7.484162049693717,-3.613285723113365
14,0.7619403098042712,3.222921551941431,0.4407126963345504,-0.0994920078919237,1.3908335481766434,1.2151840963632776,0.946354373833146,-0.3199072780029138,1.709856362927672,-1.611896531577257,0,2.7488934785437347,4.609988622109128,4.169275925774577,4.169275925774578,-9.30406039424142,4.169275925774577
15,1.1217071125845717,-2.8101817630345294,-0.9383279475514984,0.0243433515890274,-2.388531462477686,-1.239144773343951,-1.6438328584803792,0.5251693132621684,-3.874555320330555,-1.393938039597943,0,-7.09088670746975,-5.3923425690664075,-4.454014621514909,-4.454014621514909,9.911671571246249,-4.454014621514909
16,-1.4009906880764833,1.1573363756713062,0.2990453682507499,-0.0947745404637581,0.6623068966479679,1.3987752615569515,1.4632509650846564,0.1206085476135786,2.690566403476249,0.1663596671065521,1,2.2744912581033487,2.9196327090067125,2.6205873407559626,2.6205873407559626,-3.7452127455941104,2.6205873407559626
17,-1.7967721665169742,-2.118002105787171,-2.8159049559699625,-2.6699365593180997,-0.4469775528060408,-0.0466191311138854,0.7968712192561598,-0.3005693905852489,-0.5179621423620728,-0.3338863294204817,0,-7.285223512971923,-4.137035842500974,-1.3211308865310114,-1.3211308865310114,0.1290778426698722,-1.3211308865310114
18,-1.7115000058352638,0.9381061867150534,0.3579284395371147,3.034148394399023,0.087204992037267,-1.2654837308732914,0.8272145036467974,-1.4873744464039769,4.028411032805062,1.5929442311362811,1,1.4295458068308187,2.1232491298989653,1.7653206903618508,1.7653206903618508,-3.540060868748231,1.7653206903618508
19,-1.3158058869948164,-1.4705967666211266,-2.2235863160442837,-2.9853849760729827,-0.8664477699523984,0.5203027164189251,0.0642869271705367,-0.1535006955697838,-1.4978586359649655,-2.8822039346706463,0,-4.676308686128296,-3.6298961554948734,-1.40630983945059,-1.4063098394505897,1.7703399572727874,-1.40630983945059
20,-1.5831028515346293,1.6245297579675144,0.905057707045536,-1.4746141555585022,-1.503155069599602,0.7959548407321332,0.1581668967810283,0.294016399306631,1.793922102806717,0.0662610132063403,1,0.31240347697522486,2.6877543617940787,1.7826966547485428,1.7826966547485426,-5.915727427078599,1.7826966547485428
21,0.4289189533430653,-2.910371181038352,-2.074623523899609,-2.68921757315273,-0.1439999777016611,0.92705474558245,-0.2516724644378902,0.1926191475869363,-3.8912559894528767,-2.537528953907073,0,-9.199968160937894,-5.236667169375851,-3.162043645476242,-3.162043645476242,2.4241253287466815,-3.162043645476242
22,-1.931855211920173,1.4577288341671126,-2.9292011445129664,1.8014883572790068,0.7932624959550306,-3.5358059874606704,0.3541884710890685,-0.6449284603222979,3.385078621621437,-1.9887548578270355,0,6.081898274688039,-1.1172838392567859,1.811917305256181,1.811917305256181,3.7007969764848747,1.811917305256181
23,-1.10709935946733,2.074118090276156,1.7905866968804962,1.2210581244708116,-0.7737805788906578,-0.3514486786090913,-0.2532980899240254,-0.9857330334274744,2.6725099350081463,0.6619335244612067,1,-1.893068259855534,3.611406697232627,1.8208200003521304,1.8208200003521302,-9.08195503543326,1.8208200003521304
24,-1.5273689994215562,1.4630530224938465,2.930812172917056,-0.002222395615848,-0.3063954270865195,2.0404876193866075,0.2810550519891623,0.2850347420993615,2.346186310785397,0.9713571397483992,1,-2.543825533465048,4.674920247400065,1.7441080744830089,1.7441080744830086,-10.6279699875825,1.7441080744830089
25,-3.4469180214191253,-0.4918331360678667,-2.39730610350398,1.3358190792753466,-1.0247507500763902,1.9479884283659543,4.346519652948531,0.1755740849258218,5.601939625907643,0.0264623777696457,0,2.675611937879663,1.457380413376684,3.8546865168806637,3.8546865168806637,12.401091584209468,3.8546865168806637
26,-1.1804887408289764,-2.466777835347909,-1.8740926958845403,-1.9246091903564624,-0.8938332206390901,-2.611428450513433,-1.984863254461536,0.0322648107712527,-2.574890689656273,-0.6241671381910162,0,-9.074611413404838,-6.325733785693986,-4.451641089809446,-4.451641089809446,10.094086690819676,-4.451641089809446
27,0.8770838078304961,2.251039280234016,-0.3568488613651392,3.450425929307296,0.1434176306814761,2.09940309733785,3.149459581875976,-0.4846285646000813,3.674949103805612,-1.932060196763078,0,6.203779666149703,5.043650000744853,5.400498862109992,5.400498862109991,0.2782275990552643,5.400498862109992
28,-1.805288226985097,0.6651136527896517,-1.3915320663137107,2.0705253587786183,-1.2451505759600856,0.4430825854259292,1.8756611294263352,1.2696132625998429,3.418546029005081,-2.9109798789100747,0,3.466301757815831,1.1492427159022764,2.540774782215987,2.540774782215987,0.7536141499224563,2.540774782215987
29,-1.1678599454212235,0.884262610468659,-1.6935255131020297,2.8900333550211967,-0.265924194072433,-2.2369045377276597,2.2202821229959797,0.2740388406493032,4.843901980983739,4.159016169802532,1,4.602066024575515,1.4110192203626086,3.1045447334646386,3.1045447334646386,1.911610042979163,3.1045447334646386
30,-0.4748474520899635,-2.328872679546379,-2.2101834186577376,-3.747056426213858,1.007117823412373,0.6159250592348435,-0.524413036814972,-1.7890123905014412,-3.3995667893005868,-2.820593287310772,0,-8.000521496859774,-5.063469135019089,-2.853285716361351,-2.853285716361351,3.0445281040635184,-2.853285716361351
31,-3.941166933980463,-1.194871961930014,0.4439762275716328,0.066831947221948,0.8049425736373473,-2.337885542441221,-1.6842612890985258,0.6248178230538752,1.5935258033199504,0.5698975897006964,0,-2.3486385049397365,-2.435157023456907,-2.8791332510285397,-2.8791332510285397,8.681521110530078,-2.8791332510285397
32,-1.3614797925668645,-3.729717268187668,0.2977122577938207,-0.1103215631739287,-1.116064176071895,-2.63607943417708,-2.9724555530395245,0.1183302188982021,-2.9381276919906805,0.8750110073354773,0,-5.59179027238244,-6.404460563433371,-6.702172821227192,-6.702172821227192,23.05250794830082,-6.702172821227192
33,-2.8976624951952354,-0.4452191573514599,-1.3995469460814638,-0.8883317386479266,0.3476735422449994,-3.3560158229693,-1.4772102876535975,-0.2686778775249567,1.003989502382097,0.1065255377464722,0,-2.545534557013256,-3.3219763910865208,-1.9224294450050574,-1.9224294450050572,6.803450958033004,-1.9224294450050574
34,-1.7904372897822218,-2.0118739461558723,0.664833811415575,0.8159562626917798,-0.0885710672687899,-3.797077446950916,-3.431133681437919,1.0685495584552998,-1.4164909602968878,0.2737699830947679,0,-4.105445803883289,-4.778173816178216,-5.443007627593792,-5.443007627593792,23.331421607380236,-5.443007627593792
35,-0.5471060925128789,2.0028100789819208,0.7864473621369439,1.3908895845067055,1.1584719964733277,-2.203707245451601,-1.1190382694492282,-0.8193415927345735,1.7556517127070923,0.1837649035807109,1,-0.6913328939439234,1.6702191716696364,0.8837718095326925,0.8837718095326925,-2.8768490361870214,0.8837718095326925
36,-0.8620295184109884,-1.6311144287041452,-3.509791835370237,-2.046455556108679,1.295007149938418,-0.4071262707190608,0.7249502069483205,1.270088025254897,-1.014738917677623,-2.2588100318532125,0,-6.631036326176222,-4.415956057126062,-0.9061642217558248,-0.9061642217558248,0.12280097701590176,-0.9061642217558248
37,-1.124238048367772,1.107336709498365,-3.53147752752125,-1.342423457459475,-1.1309873884855863,-2.8807059945401736,-0.3637915305241644,-0.4908064664964202,0.592070118754044,-3.1833618938246016,0,4.654079883967004,-2.787932348547049,0.7435451789742007,0.7435451789742005,6.087266152246766,0.7435451789742007
38,0.7780398342802246,6.268255583745862,0.6305044447452275,0.4180382898127326,-1.7759822469618929,1.998297082345489,2.150540031052737,-0.3714620210876854,4.396944522965742,-2.8479885652011463,0,4.466632608447743,9.049300059543826,8.418795614798599,8.418795614798599,-16.795436255532973,8.418795614798599
39,-2.0229438479413435,0.5447377980919703,-3.7113199425617824,-1.680089970571273,0.7787743079777822,-1.8055857604031589,1.0747435382085169,-0.0973459688927327,1.966536553260296,-1.096887067331085,0,3.6411775898264103,-2.091838606261295,1.6194813363004872,1.6194813363004874,3.6491271964076937,1.6194813363004872
40,-2.2955179660682896,0.2824182134883235,0.1078980167719785,1.269526654871047,0.0395697241336481,-4.176372821788615,-2.84380847491698,-1.3135277983539944,0.7993508969000347,-1.4244968177777284,0,-2.591862626564332,-2.453492244656678,-2.561390261428657,-2.561390261428657,13.071656782959298,-2.561390261428657
41,0.1492134387509744,3.078227277414462,2.381998457309916,-0.9056741728771898,-0.6886944334452347,-1.05069500816252,-1.847011065832188,0.010021151740569,0.5717094500316534,1.040091934259022,1,-6.101116414468279,3.61321466889219,1.231216211582274,1.2312162115822738,-8.765313629218461,1.231216211582274
42,-0.752609812241194,2.3366978793120925,-0.291414932327974,-2.5728241129942813,0.2316480716109227,1.184798371675576,0.4540317548145283,-1.1363751667038573,0.9865013979092448,-2.1506913388171403,1,3.471678288497275,2.499314701798647,2.790729634126621,2.790729634126621,-4.402950847174655,2.790729634126621
43,-1.4232079255438084,2.815840540581139,-3.4147959836093555,3.5464115022011424,-0.2073160960082445,0.3114153007003266,4.342345354633597,-1.587188069678454,6.607058088996057,-3.305092682121032,0,16.773706863675606,3.743389911605381,7.158185895214736,7.158185895214736,17.569908340548736,7.158185895214736
44,-0.8821928941891067,1.846103452257925,1.412882561857934,-0.3655673504857388,-0.0524738560630494,-2.00539041075178,-0.90739663669446,-1.3646763259005417,1.978115985841548,4.359337949974803,1,-1.6696205595174882,2.3515893774213987,0.9387068155634649,0.938706815563465,-5.075254911781399,0.9387068155634649
45,-1.6901918337435733,-1.5166796197817312,0.5098918236657783,0.7073271068620364,-0.2071616890940402,-2.112541051858016,-1.7016435665210043,-0.3812372872728735,-0.13749775125432,0.9531295624008194,0,-2.4449806490555095,-2.708431362636957,-3.2183231863027357,-3.2183231863027357,9.595687913669241,-3.2183231863027357
46,-2.4697375824732357,0.9496434796857812,1.127108210898559,2.139391555859947,0.5001128296208667,-2.752478175800192,-1.1261781391892591,0.3360754125053464,3.160466929810877,1.6281124306020862,1,-1.246885622883601,0.9505735513950812,-0.1765346595034779,-0.17653465950347813,-0.5761126540839436,-0.1765346595034779
47,-1.963444448011386,-0.8472645149425926,-2.721517649485764,-2.512496254856246,0.0765180622437113,-2.3612991312521743,-0.955128046853862,0.9416190135514908,-0.6150888682291686,-1.4479758647216334,0,-4.108237892995715,-4.523910211282218,-1.8023925617964545,-1.8023925617964545,4.932727027766286,-1.8023925617964545
48,-3.469369037023108,-1.782102141157223,0.5777232241784445,-1.0420888740066854,0.201394558715281,-2.9236406607299044,-3.086107067661229,1.494141897266825,-0.5489976771444356,-0.0836108708274043,0,-3.838647414013792,-4.290485984640008,-4.8682092088184525,-4.8682092088184525,19.712313821331712,-4.8682092088184525
49,-1.4482291521323352,2.875159929012987,-3.061816388277294,0.9209960787027864,-0.6008871758538126,1.9706810301152649,5.4582631826050445,-1.5649738934417794,6.76373774055194,0.2964505136419193,0,17.136634901188177,5.271606723340738,8.333423111618032,8.33342311161803,24.990818925193125,8.333423111618032
50,-1.4834875015226645,1.0571561425233025,0.5574991688550087,2.410093381305621,0.4484132494791095,-1.7667664658536126,0.3202899203354302,-0.2673170231678089,3.537421508376826,2.5719433931075155,1,0.7880823920520245,1.9349452317137414,1.3774460628587326,1.3774460628587328,-3.799169332310706,1.3774460628587326
51,-0.3990622526580696,2.1229739770796243,-0.2767121958312275,1.225205073105978,-1.0958708107987174,0.9682147029942142,1.4833862893707106,-0.8358702556183059,2.7120084762604786,-2.260773849397318,0,4.193813057340592,3.3296480706191076,3.606360266450335,3.606360266450335,-4.14812066268618,3.606360266450335
52,0.4903795523320877,2.2206093323038347,1.1039883392879666,-1.0770859111351316,-0.2617807223427068,1.014927630324609,-0.4216990246457524,-0.9262391125885509,-0.0116325780097205,-1.9390159403737357,1,-0.6526165013193888,2.902898646946049,1.7989103076580824,1.7989103076580824,-6.975505696194423,1.7989103076580824
53,-1.6588973485804257,-0.8611510201300722,-3.085359453454699,-2.329093900191327,-0.027214132377857,0.0358725849449077,1.4532563822566542,0.4788475732177351,0.6839727905388692,-0.6501948847967143,0,-2.0648550786838937,-2.493254091328117,0.592105362126582,0.5921053621265823,1.356142400960758,0.592105362126582
54,-0.7735005982492146,2.873097454392498,-0.1460813877263929,1.9362202244662683,-0.9989363762455912,2.483398618375676,2.6286445916506684,-1.2540226524285163,4.134555010048076,-4.012574794085023,0,5.921448109253989,5.355660658316774,5.501742046043166,5.501742046043166,-3.5279242519348095,5.501742046043166
55,-0.9658402875840656,2.3207605104182685,-1.8264759531242167,0.7664099503454578,-0.7019572982951219,0.6978771245270786,2.426548813515768,-0.5632097340426203,3.7103673946326143,-2.4255049067852044,0,8.986122589173286,2.9208333708098193,4.7473093239340365,4.7473093239340365,2.4588097148701755,4.7473093239340365
56,-3.07399874775117,-1.9928093196913437,-0.2276916872351067,-1.745214466851578,1.4717088983618904,-1.4673969010042294,-1.5562530070795568,-0.0500805988564666,-0.3375708404686934,0.3952019703510909,0,-4.002808443109267,-3.7767540140060074,-3.5490623267709003,-3.5490623267709003,9.293993646482704,-3.5490623267709003
57,-3.1896201455402453,-1.0512298990152094,-3.044235646369909,-2.7288753708902966,-0.7084881015290911,-2.416920550637976,-0.8253470899709477,0.6389568142127453,0.1563859678838358,-1.9899418196111096,0,-5.0767685200980965,-4.920812635356066,-1.876576988986157,-1.8765769889861572,4.278395912153796,-1.876576988986157
58,-3.691934092939293,-0.6463551491541037,-2.8734460975480327,-2.418917083383936,0.563673654270156,-1.8685742023414011,0.4558259939774588,-0.081874177190839,2.076139953900321,0.3934024991422951,0,-2.0477958361435817,-3.0639752527246777,-0.19052915517664493,-0.19052915517664482,1.6050150637199248,-0.19052915517664493
59,-2.068623588378398,-0.2913784895598668,-2.102300042222263,2.18565917298575,0.9926281029794296,1.3523390886372009,3.460064176184926,1.5579054323183568,4.270792572783811,-1.0981187558621963,0,2.5561206757206913,1.066385644402796,3.168685686625059,3.168685686625059,7.124407761386048,3.168685686625059
60,-2.223809021127733,1.3653899814505686,-0.3733008690348851,-3.053632678856883,0.2394669887804349,0.8524463882141192,-0.1462909897393367,-0.1683376342371908,0.8847342567723775,-2.8520630406860112,1,1.7288002583582547,0.8457981226763467,1.2190989917112318,1.2190989917112318,-1.533794794061641,1.2190989917112318
61,-0.0489617438281659,2.7807339607047967,-0.0671628869699141,1.1921327282419183,-0.433990462215957,1.960137891795889,2.253772666269496,1.7872399646046684,3.279071867469528,-2.153495821571259,0,5.221268747670511,4.967343740004379,5.034506626974293,5.034506626974293,-4.735597015058941,5.034506626974293
62,0.4364194464974595,-0.6245145956231083,-3.098804529345492,-0.544039670190814,0.5487004763949003,0.0329895189163624,1.3573740714210094,-1.5144140623981206,-0.446635633282464,-2.2848741151390897,0,-1.202389181761355,-2.365945053547591,0.7328594757979011,0.7328594757979013,1.540301289956481,0.7328594757979011
63,-1.381717259889255,1.0964816288688093,1.840435207308324,-1.3470470357893922,-3.033989362145269,0.6924094641987851,-1.0543778551098877,0.4189116113727865,0.4386122995792311,-0.8481941453302919,1,-1.975899620178014,1.8825389810672457,0.0421037737589216,0.04210377375892138,-2.830933487416976,0.0421037737589216
64,0.2808410965536068,3.2348565477159856,4.814776002797593,-2.321842241499012,-0.0986083990046772,3.020181482211582,-2.5297774918541145,1.1263934497220656,-1.527819819009193,-4.357781908969681,1,-14.870030622573722,5.519855058659465,0.7050790558618711,0.7050790558618716,-15.400269634665237,0.7050790558618711
65,-3.3428071688554035,0.2485219002954206,-1.8875564121381845,-0.5837150337666427,-1.7262139619578896,-2.990687100129156,-0.6826958556220483,0.8254145978230849,2.26696927645503,-0.844862079736877,0,0.0349251511327599,-2.321730367464812,-0.43417395532662767,-0.43417395532662756,3.691077060534348,-0.43417395532662767
66,-1.1673136733027851,-3.5954646091348,-1.3669355358451631,-4.359345219529765,-0.8501977458146558,1.163081641721622,-1.0862056359220933,-1.5772283709195007,-4.227677350241646,-2.3186153402195893,0,-9.596438587156891,-6.048605780902056,-4.681670245056893,-4.681670245056893,6.995350367367871,-4.681670245056893
67,-2.2252730831354324,1.4586693163111748,2.253432493684956,-3.022549955624018,1.6785739643487574,0.1218962206990674,-1.960752924891614,0.2669757831275602,0.2717080713212247,-0.0668699989255294,1,-3.78909644349726,1.751348885104517,-0.5020836085804392,-0.5020836085804394,-0.6917260789698796,-0.5020836085804392
68,-0.9828285805246544,1.5230871984407508,3.1937249665987,0.0277520002195612,2.448586988174057,2.9398456323422217,0.108235123632262,-1.1275909512087632,1.4567384923002171,-1.2209089131745086,1,-3.232999289894082,4.825047288671713,1.6313223220730129,1.6313223220730126,-11.30897638072413,1.6313223220730129
69,-0.8917549782391397,1.2148185739084412,1.0885181052325883,1.1969274763764408,0.3975277565731539,-1.6787568366505587,-0.205906997058895,1.056288483746123,2.5136393051532617,3.6866559769864056,1,-0.31344043542262523,2.0974296820821343,1.0089115768495462,1.0089115768495462,-4.38629557976604,1.0089115768495462
70,1.5722278562121297,3.741508212604165,-3.005080289450607,3.6227712886382624,1.018537427650395,-2.400350590597664,1.3709884656475304,-0.7982060763581541,2.979388387015212,-4.36932288603068,0,16.356029260766043,2.1074163888010884,5.112496678251695,5.112496678251695,5.903228888400134,5.112496678251695
71,-1.3351787419516774,2.326459187107915,3.3973957644324013,-0.804285747742985,-1.1497414553678929,-0.7122590846960054,-2.1957598538810585,0.1661406130783306,1.1258348964577654,1.4283658446266103,1,-7.773203255178423,3.528095097659258,0.13069933322685667,0.13069933322685623,-6.741335683375624,0.13069933322685667
72,1.4231168165504189,0.9113133074697491,-1.686227681075864,3.42094036156894,0.0195458447981817,-0.721864001787937,1.5383395176113264,-1.7680567191743972,1.5766501047945385,-1.6667860534727208,0,3.9863345502693663,0.7634251440052112,2.4496528250810754,2.449652825081076,0.690092227546652,2.4496528250810754
73,-2.920367050170028,3.234743294516165,-2.5390445261740555,1.5501690788085405,-0.9607795582448904,3.375729840986444,6.722116879183655,-0.8898447709411417,9.115759373600644,0.2221132687239109,0,18.17001742921932,7.4178156475257655,9.95686017369982,9.95686017369982,36.02533677169973,9.95686017369982
74,-1.736857982559168,0.2681067030323654,-1.9526852729983932,1.632760579783907,1.278434957965715,0.5775703501051451,2.864840504949024,1.4955717364824264,3.9470221336946154,-0.2946197996237669,0,3.656475218584843,1.1802619349829961,3.132947207981389,3.132947207981389,4.417629986435647,3.132947207981389
75,-1.4009242258371883,-0.0095951523282782,-3.5126032634410183,-0.6315765213267426,-0.3270734308637865,-0.7544179031781982,1.5239924804697909,1.2710300994311403,1.5529005552758242,-2.286500871540345,0,1.4806933647599887,-1.9982059352995056,1.5143973281415126,1.5143973281415122,2.772657724304935,1.5143973281415126
76,-3.265726218851529,0.0636620508420584,-0.5949014637150428,-0.8114817218926949,-0.0233939602439462,-1.8044590773278388,-1.0742984852168336,-0.5927992331786469,1.570496666576254,-1.4437089974564528,0,-0.9727637871457331,-1.605537898089818,-1.0106364343747751,-1.0106364343747751,3.8081642150328183,-1.0106364343747751
77,-1.3555665855680818,2.7434625464220344,1.5570818321894753,-3.1284535049935256,1.6028442471779696,0.7960936864543134,-1.0762742946375772,0.3673603491474866,0.6740978658243446,-1.4387748049125206,1,-2.6046074365415675,3.2242700839739324,1.6671882517844572,1.6671882517844572,-8.0048876667868,1.6671882517844572
78,-4.093205622601905,-1.9857484108153187,-1.4900472923466874,-3.0303609573599743,-0.8033604327656939,0.8436750452352917,0.536372063362126,0.1183502011234362,0.9127844192978516,-1.1560408978300003,0,-4.4082353902702955,-2.9394236397998803,-1.4493763474531929,-1.4493763474531929,1.7176359347913146,-1.4493763474531929
79,-3.789270827076146,-1.637591986169596,1.306278243736415,-0.7169876650418292,-0.1245484796864237,-2.843228642039062,-3.840044998022332,1.2869472861164193,-0.8054776086215241,-1.7387969000508967,0,-3.338486200541481,-4.1713587404555135,-5.477636984191928,-5.477636984191928,26.53409209513422,-5.477636984191928
80,-0.6792820053103092,-1.974282320620541,-2.8459136721448703,-0.0382382723446252,0.1026905167485872,-1.332125120236836,0.5356155467103472,-1.165974185680461,-0.396087269999921,-0.5755553380178579,0,-7.057303822838095,-4.284580446055064,-1.438666773910194,-1.438666773910194,0.3914941849151814,-1.438666773910194
81,-1.952152661527112,1.1734305034581154,-0.3598791869528823,1.5827976750524613,-0.8574424295472166,1.7677376233101436,2.1789105111365057,-1.4194331965450098,3.805637848143108,-2.6765961107641645,0,3.774634230124839,2.9924618276417387,3.352341014594621,3.352341014594621,-1.1748586111649937,3.352341014594621
82,0.2122027124539671,2.0156724380316358,0.2899280593324538,1.5080358736899786,-0.2530868410141108,3.412381672020272,3.254339062665857,0.9937402628679574,3.386347828189763,-1.1135230448532,1,4.685611502489065,5.559939560029946,5.270011500697493,5.270011500697493,-0.8236283241429785,5.270011500697493
83,-3.0245937390354936,1.2574578823951184,-2.6850158116738934,0.0293374512544692,-1.3945284378654763,-1.6944143100018632,1.471153914203673,-0.6683581639908888,4.208210994690561,-0.6854666401505309,0,6.104906093343655,0.04359598492489791,2.7286117965987913,2.7286117965987913,2.7683803544979626,2.7286117965987913
84,3.2876911154991006,3.640889373821656,2.7988549498427,0.155591391933304,0.1808711114824324,0.2072957996926576,-2.374139307238532,-1.4942635290662387,-2.2349805714920943,-3.268379522801118,0,-8.923571179167308,4.065605016425824,1.266750066583124,1.266750066583124,-9.886138878584322,1.266750066583124
85,-0.4858138083385026,-2.051947556943489,-3.166936799935512,-1.8278719000408237,0.1860684324705468,-2.0359361620454126,-0.3437735907479912,-1.3070983443991324,-1.746846043956633,-0.1289345479415093,0,-8.894109377313583,-5.562657947626992,-2.39572114769148,-2.39572114769148,1.5781711473921352,-2.39572114769148
86,-4.175390521687087,-0.5710154706151402,-0.7624538026597077,-0.825699533174673,0.1949677059907586,-2.9510095644718337,-1.835959491608668,-0.6553275232007943,1.506798746179744,-1.2723231585351376,0,-2.8423478791718444,-3.169428764883516,-2.406974962223808,-2.406974962223808,8.511778064987247,-2.406974962223808
87,1.2821502215112917,-3.099029195108315,-2.657722573373236,-3.812299565421078,1.134768614866765,1.6831735468305729,0.1433456803527395,1.1760109851977063,-4.969305416096256,-2.722951429981739,0,-11.192043362137635,-5.613406088128812,-2.9556835147555756,-2.9556835147555756,0.3532777395781177,-2.9556835147555756
88,-3.2579482566114923,-2.5862397500380547,0.2843247277121401,-3.760823387029608,-0.129297457035508,-0.0791865368855286,-1.7720544508088996,0.2066776285391162,-1.627412608981872,0.2421146010969257,0,-3.622962288119071,-4.073969473134814,-4.358294200846954,-4.358294200846954,12.307772563341281,-4.358294200846954
89,-1.4818119780496457,1.126003144196308,1.2614325307706964,3.074878624368548,-0.2712965631476405,-0.1757049819161256,0.374858452185235,0.103117582445637,3.27319106649425,-0.6865408894165017,1,0.08048460054223283,2.7622941271522397,1.500861596381543,1.500861596381543,-5.543013860198382,1.500861596381543
90,0.6143345479297433,1.276889740287658,-3.382628426496538,3.2220409086942565,-0.0414911045773792,-0.6634909166853276,3.0670252901689468,-1.1173270089312346,3.3434879562581554,-1.734502490343444,0,8.66315856345542,0.9612866039600672,4.343915030456605,4.343915030456605,8.420686029118055,4.343915030456605
91,-3.9421579532960944,-0.0251317290647288,-4.100799464002756,2.1820956631399278,0.2932844290048521,1.81996660679177,6.713242645241491,-0.0181342435080817,8.477686127102215,2.2076589008049963,0,6.58505073509866,2.5873114521740064,6.688110916176762,6.688110916176762,35.6891442644601,6.688110916176762
92,-2.8750046766990933,-0.9270347529985496,0.3283832733233416,-0.0417296125893342,0.468523602818836,0.5118615450690535,0.5051865975933061,-0.5373625893133998,2.0544927537109903,0.5467707241975459,1,-0.1174254487310844,-0.09346488208190196,-0.42184815540524356,-0.42184815540524356,1.0749492425492058,-0.42184815540524356
93,-2.6549220676760497,1.7278009794674518,-1.916161952617696,-0.164033385551702,0.2299243454179375,0.0418948341811125,2.0417897052740352,-0.6257730437317763,4.268610761083598,-1.414952364101301,0,7.080337183292608,1.853428732123791,3.769590684741487,3.769590684741487,1.8566322822488739,3.769590684741487
94,-3.8704127634064993,-1.2812461692543065,-1.993423237742241,-1.16081916329092,1.5907957421712526,1.5747305948659414,3.057651050548408,0.2716835845000306,3.858653842877248,1.3849451447106187,0,-0.7776610057656614,-0.21701835644813938,1.7764048812941016,1.7764048812941016,5.235777535014058,1.7764048812941016
95,-0.7812266793216696,-2.328039764370182,-1.038073498691878,-1.1948087696065337,0.0748875843715577,-0.1652617990401339,-0.4976867911472682,0.3899455993834367,-1.7614025582660684,-0.7102804335199744,0,-5.24240293881102,-3.863800054209328,-2.8257265555174502,-2.8257265555174502,4.520542368515672,-2.8257265555174502
96,-0.8325267152489706,-2.7957481689722634,-1.2033684360541956,-1.4977189656598004,-0.7287901963773834,-2.2287988465186768,-2.1042303717047632,-0.8507827486281534,-2.9460333355428285,-0.2435116124496563,1,-8.264293642374561,-6.103346976731222,-4.899978540677027,-4.899978540677027,12.066795872915481,-4.899978540677027
97,0.9694611081546252,0.9919075925394812,-1.0786660221657538,2.042094934727765,0.829149035059542,0.5656183772311671,1.8422270472903528,-0.4037034339979068,1.6352608811092453,-1.1025646473018498,0,3.9040716570304057,1.7554686176640804,2.834134639829834,2.834134639829834,-0.1258657465252111,2.834134639829834
98,-0.2697937750396115,2.626612896051746,1.8798077960081216,-1.280467584615498,0.6084916486780788,1.35761761214466,0.0415169912302818,-0.2096399934191622,1.384697096774704,0.2922138783266321,1,-2.269397511811514,4.547937683290149,2.668129887282028,2.668129887282028,-12.151871309104903,2.668129887282028
99,-1.5075508023825772,1.1901813834706862,-1.836577783550302,3.0965236798087448,-1.873240111819152,1.731025385358416,4.281059078422762,-0.4992476144946552,5.667110125433906,-0.8738106965318934,0,7.657101149170873,3.6346626783431457,5.471240461893448,5.471240461893448,11.407424379986777,5.471240461893448
100,-1.1444219878855402,2.3050182348475143,2.734456832729656,0.2282218099142936,0.6188603301446354,0.1434425367014027,-0.9844260511655264,0.736763345167897,1.905820550212296,0.3009921470665411,1,-4.982380678163248,4.055049016411644,1.3205921836819878,1.3205921836819878,-10.709519411725516,1.3205921836819878
101,-4.372094346010526,-1.6200100351394475,-3.199946195996592,-5.808749136318881,0.1814610634806386,1.2907119955860966,1.295296009210203,-0.0942727172309659,0.686259906820235,-1.4686408826241628,0,-5.508658975350025,-3.5246602219258367,-0.3247140259292445,-0.3247140259292447,0.3432210499101793,-0.3247140259292445
102,1.590608935395208,0.8859267525418716,2.034494811171155,0.6609234287967399,0.9907108466240852,2.1891090588372206,-0.1186292615490665,1.8480401917708495,-0.9344014456147258,-1.7213112410745146,0,-1.0351158901313444,2.8017923021639604,0.7672974909928051,0.7672974909928049,-5.357430272585239,0.7672974909928051
103,-2.336839822731026,1.2839888340243646,0.5230541085226599,0.3898254880241432,1.0440251294423797,2.0036120159140225,0.9690625741584477,0.1206347608934541,2.7275744598497877,-4.019941725352657,0,1.5814557732491488,2.776105516705472,2.253051408182812,2.253051408182812,-4.761670287187352,2.253051408182812
104,-0.8791834809120386,3.5386361839602096,0.6465149138260742,2.257292961100425,-0.5387848378473886,3.534708735411601,3.119497994308112,1.3160074197184983,4.986571406426464,-4.185819387360086,0,4.370353110733458,7.304649092094396,6.658134178268321,6.658134178268321,-6.519296601405248,6.658134178268321
105,-4.6283382648892335,0.4697313123524018,-2.5279445652004418,-1.3223029328842295,0.3142674218011834,-2.0758164617151302,0.8554903910217783,0.6573210951195391,4.22269571086495,0.2135502801172426,0,2.5126764215399056,-1.2027228618262618,1.32522170337418,1.32522170337418,1.7968196857484022,1.32522170337418
106,-0.1532829411343133,-1.2074580481161077,-3.649245545449649,-1.5022602764201607,-1.0325332762094106,-1.62339911254576,0.07402917549058,-1.812727965073143,-1.4207408673352009,-2.255408628054385,0,-5.539739776030562,-4.782674418075176,-1.1334288726255277,-1.1334288726255275,1.515272706119486,-1.1334288726255277
107,-3.7262608648469695,0.1166421076494583,-0.8163924025208905,0.0139039459553946,-0.2407243039890507,2.2652255627296327,2.808247913972726,-0.6110850624767177,4.5339189955153545,-1.061989413919691,0,3.020115752121226,2.108497619101294,2.9248900216221845,2.9248900216221845,2.948094436107732,2.9248900216221845
108,-1.1963718480622405,1.5639914147740024,-1.1336612514624322,-2.4729714209803872,1.3561067142103251,-0.0679956109120591,0.3176569398725216,0.5292999339436693,1.0510979644091152,-1.0441239766150123,1,3.6546848191957193,0.7479871031840917,1.881648354646524,1.881648354646524,-0.7556930618322455,1.881648354646524
109,1.9980052803301451,-3.6583231578514734,-0.1197471448467863,-1.74292003271588,-1.1819955218978246,-0.1182079081949929,-2.937059795968288,-0.9593549606481228,-6.995010605959473,-3.1922503377329976,0,-7.033456706899354,-6.715130098666547,-6.595382953819762,-6.595382953819762,21.498759544499997,-6.595382953819762
110,-2.1343453265937367,1.4652898817016071,1.8687699403393656,3.242731775006968,0.1354913723167619,1.9430027997957744,1.7995280668597635,1.2473036506646775,4.811863713235995,-0.8455764791850493,1,0.5265282637539823,5.1335878889007365,3.2648179485613706,3.2648179485613706,-7.8983942588534575,3.2648179485613706
111,-0.8085441756025722,-0.865457171867655,-1.807798498014727,-1.9886074418959128,0.0439005331233884,-0.938633136081915,-1.0280230514814517,0.2900878996354323,-1.7464758268954983,-3.1168791554701767,0,-3.4580523987475265,-3.7012787213638334,-1.8934802233491066,-1.8934802233491066,5.087018163691756,-1.8934802233491066
112,-3.410063536227499,1.090849085424777,3.042569340716801,-1.5965169804553454,0.2127261211917848,0.5672263823158198,-1.213669052818845,0.6381840407282129,2.2041914528894786,1.383735377212168,1,-3.441803950056457,2.919749373322733,-0.12281996739406797,-0.12281996739406775,-4.642920818820862,-0.12281996739406797
113,-1.9089239159952829,0.0006474934972746,-2.0466561037811064,-1.7761754566274413,-1.125096327023029,-2.3267747700565216,-1.0762931099989557,-2.2484965344996555,0.0320966070281832,-1.8982092871058,0,-1.074320419983325,-3.122301720282788,-1.075645616501681,-1.0756456165016812,5.357679391934049,-1.075645616501681
114,-3.000410004777025,0.0731352487654539,1.417381038677816,-0.9528262221410736,1.7123046874375991,1.2142865078477394,-0.0972954931640709,2.546054535942792,1.8520924817413096,-0.5040179927241978,1,-0.12782075925775654,1.3932207942791992,-0.024160244398617012,-0.02416024439861693,-1.4632546517496818,-0.024160244398617012
115,-1.7796675437872511,0.6443159672039347,1.0895467415718607,1.9811658874704037,-0.3700224658372443,-0.9447730914706968,0.8423878793356291,0.3987128017903442,3.887923022467081,4.41542261125504,1,0.7846914839297947,2.5762505881114244,1.4867038465395637,1.486703846539564,-4.055349458009179,1.4867038465395637
116,0.6683964709379535,-1.5902553832553508,-2.616960814270328,-1.9837701544139852,-0.1513974919414092,-0.5119198759367916,-0.4900200200404023,-0.6705431614166831,-3.067598728799636,-2.996833095160773,0,-6.241911425957449,-4.697236217566081,-2.080275403295753,-2.0802754032957527,2.855995218240535,-2.080275403295753
117,-1.2817291363695182,0.0520740760979252,-3.188178625545715,0.4629663013708589,-0.0785907959688194,-2.3177353350443024,0.8125537711955662,-0.0558964666135955,1.7935637066306152,-0.90895376627615,0,1.0306493036539377,-2.323550778252224,0.8646278472934914,0.8646278472934912,2.285188018403315,0.8646278472934914
118,-1.7833589785999715,0.8381178740972612,1.5634587391499186,1.9016621561644684,1.045056145231206,-1.8070805203245617,-0.602928834144661,-0.4215823114402927,2.899598557877383,2.8986575328037145,1,-1.075173674742514,1.7986477791025188,0.2351890399526002,0.2351890399526002,-2.9806763547071933,0.2351890399526002
119,-1.691612894464771,0.4674371774963315,-2.7494597545847554,0.7814621202899132,-0.6270486146977409,0.6474796145601898,3.5569439524618365,-0.4915444138069045,4.285766167145854,0.6695368546433835,0,5.309580837281023,1.2749213753734125,4.024381129958168,4.024381129958168,8.637747482946105,4.024381129958168
120,0.7274041294917368,-0.9443438530157268,-2.838775141870609,-0.87457311947985,-1.315438265887262,-2.0561226332653533,-1.4410356360587793,0.3200581914932445,-3.014942614642668,-4.734221166382168,0,-5.0661593443938635,-5.224154630945114,-2.385379489074506,-2.3853794890745057,7.0053379690915945,-2.385379489074506
121,1.7206354399931043,1.8549434251780177,0.3881973217278551,2.345293019335457,0.9466183083304368,1.6737736156948404,1.9259621522374573,1.612868370707128,1.7491405846451704,-0.6642918503907799,0,3.060821507804675,4.16910289914333,3.780905577415475,3.780905577415475,-4.960762334318467,3.780905577415475
122,-0.7520989721398378,3.7899293311639295,2.4962020376803022,-2.9868608472397766,-1.4108022850909592,1.0557494048324352,-0.8602042414849594,0.2034820034522876,1.3049697242626204,0.317747655622258,1,-6.530704229436777,5.425927127359272,2.92972508967897,2.92972508967897,-17.076130199085274,2.92972508967897
123,-0.5624905410584166,2.443959921218636,1.1346876089213125,0.8962930190888467,-1.0053151259972355,2.532721015966036,1.3523423232226504,-1.259064911448193,2.5815551245046837,-3.213745721969125,0,1.0231712051341932,4.930989853362599,3.7963022444412866,3.796302244441286,-9.671593377931742,3.7963022444412866
124,-2.1932361604287154,1.5967276825578458,-3.1693793123755745,0.2481630315085239,0.5080122910545997,-3.21587411528656,0.7295220132513768,-0.6401465050936997,3.509112256264236,-0.527036548195991,0,7.386885380405452,-0.8431296165663515,2.3262496958092225,2.3262496958092225,4.109717973171701,2.3262496958092225
125,0.5226048967402606,1.5787066511411618,-0.2162007680812978,0.2649147992514116,-2.7452995536723845,-0.1239633181463759,-0.0201724731369353,-0.4894142344944204,0.4020554311833697,-2.012431470099642,0,1.8998517685559992,1.3423334099229287,1.5585341780042266,1.5585341780042266,-2.559143068702922,1.5585341780042266
126,-2.008965588659545,1.5925804329276885,-0.7028600750529508,1.5443304161871445,0.0415418405638946,4.203020117049696,5.246899861205544,0.8229885920033214,6.292579523185798,0.0422633926725921,0,7.958841496748649,6.136620219080282,6.839480294133232,6.839480294133232,15.67321884292066,6.839480294133232
127,-2.0813035898750534,1.0139347158447731,1.0415777121261076,1.9491769950034803,1.1222033332933687,-1.911722599963993,-0.1854716998271767,-0.2033182854175067,3.5295411262995966,2.7980663750704675,1,-0.2276287855572372,1.870040728143704,0.8284630160175964,0.8284630160175963,-3.720195794299352,0.8284630160175964
128,-0.5288162888753307,2.877964975749886,2.585208624799826,-1.1197369869664264,-0.5831228313242981,-0.6980167335667633,-1.7028687884058211,-0.0870152233181374,0.9914449999674576,1.199020562878808,1,-6.265043689836361,3.760304812143891,1.175096187344065,1.175096187344065,-9.475778766141675,1.175096187344065
129,2.9726985728674675,-2.174131947414541,-4.1171737730299975,-2.302585560594588,1.5789450927179751,2.1703496028924114,2.0432469635227224,-3.0185567705677925,-4.037982215334494,-3.2640150716210505,0,-9.0821640168936,-4.248058756921816,-0.13088498389181868,-0.13088498389181913,-0.3974771382433224,-0.13088498389181868
130,-1.0036055354674285,0.5030020779336363,-1.3289397797897076,0.0823385325160199,-0.8146856532376702,1.0115434389308249,2.162991590806602,-1.0188051975907135,2.454417133429173,-0.0873383963033753,0,3.3344531394231303,1.337053888950531,2.6659936687402386,2.6659936687402386,1.3439445348921986,2.6659936687402386
131,-2.326919430023482,-0.5913141532009755,-2.795030438021985,-1.4199423727079223,0.0974889390236968,-0.9620855576300528,0.9717435766748383,-0.8614434294642864,1.5232331310363267,-0.6073449297232901,0,-1.2723116331560589,-2.414601014548122,0.3804294234738629,0.38042942347386266,1.325716113253145,0.3804294234738629
132,-5.172441602226877,-0.2407901000807322,-0.362541341063884,0.6650642921962313,-1.5704750453679706,-3.912300023629344,-1.2254052726924336,-0.6302320736464391,4.034673497587225,1.8711540716551,0,-1.5534917385713414,-1.8287367138370498,-1.4661953727731658,-1.4661953727731658,4.709253803154457,-1.4661953727731658
133,-1.5613989309620906,0.7382283644112849,-3.033589710660669,3.233561514351489,0.3422255794243455,0.8507293359210579,4.341817093925713,0.2726335143194143,5.517431422548632,-1.2545311396040204,0,7.319527428732927,2.046455747676329,5.080045458336998,5.080045458336998,13.964356441488128,5.080045458336998
134,-1.781772762953287,-1.1188291469942746,-2.982075059894844,-2.3813121242567443,-0.5902219663056348,-1.20525146128365,0.351121516987225,-3.321114555589139,-0.00015610210098,-0.5372688086837254,0,-4.104140125542098,-3.7497826899018936,-0.7677076300070496,-0.7677076300070496,1.3043441440653047,-0.7677076300070496
135,-2.072730117162222,3.6018711588718118,6.465911028190196,-3.3320976710729457,-1.2428715860631347,2.9083850936846893,-3.2189000493363724,0.6325827996421973,0.058609168787525,-2.416426130913776,1,-22.90640733873401,6.848882137725635,0.38297110953543934,0.3829711095354398,-20.159914167912827,0.38297110953543934
136,-1.5565068671277718,1.6596291246492572,-1.6711014788395802,2.157822525110433,1.5761725277413785,0.6539865503829103,2.8792780500995256,0.4123559690859481,4.702259580039117,-1.703039635047614,0,7.312315859275394,2.8678056959092024,4.538907174748783,4.538907174748783,3.656937903653553,4.538907174748783
137,-2.847254215673152,0.5459326024315,-4.292636514396936,0.9888307472842686,-0.568876975197369,2.0742931875417803,6.424832695720585,0.7831556560131748,7.196782995957062,1.5264667732458124,0,9.314255521749287,2.678128783755149,6.9707652981520845,6.970765298152085,33.973071309690205,6.9707652981520845
138,-2.154891518145021,1.5631233106946367,1.9478101416588172,1.0500775051521825,2.116803054963853,-2.424276357498925,-1.8052625373573443,0.2335950812615763,2.403956825929348,1.517188029427524,1,-3.286806663897027,1.7056709149961096,-0.2421392266627076,-0.2421392266627076,-1.2492262967818446,-0.2421392266627076
139,0.2022824396881741,1.7842546191318605,-1.4519815076986742,1.9605528928217129,-0.2995494111991921,-0.4724246442382065,1.4612442261527494,-0.7506268219767557,2.462160771782255,-1.781017867970854,0,5.836203557290012,1.793517337585936,3.24549884528461,3.24549884528461,-0.3130767824003957,3.24549884528461
140,-0.4979126547156742,1.887573649287114,0.6581477384208483,-1.0075986693258134,0.0742736901901447,1.5462190742180326,0.6665802041457125,-0.042856247660338,1.367258187549628,-1.1371298290025478,1,1.3118515250517249,3.2123015918536746,2.5541538534328265,2.5541538534328265,-6.564428605108663,2.5541538534328265
141,0.7868586135704838,2.017207077173715,-0.4055134134614326,0.1932145487332557,0.1617915406027201,2.7644012537176144,1.9996818452052236,0.6734288127536935,1.273825736096677,-3.679414542320645,1,4.834893449902211,3.611375508917506,4.016888922378938,4.016888922378938,-2.811532421729804,4.016888922378938
142,-2.652081707064325,-4.193903658185439,-0.0588206683225227,-3.3136485671183467,0.8290984400183357,-0.3640666313550726,-1.9774547637842967,1.917287968605754,-2.998415174592181,0.8416265219098094,0,-6.418046638024476,-6.230179090292259,-6.171358421969736,-6.171358421969736,16.065176639020464,-6.171358421969736
143,-3.0154090582749857,-0.4311080615574953,-3.236274828978824,0.6395584639978841,2.0084730109816995,-0.0243923560128387,3.0473393248422758,-0.4304276988007158,4.287831557773148,-0.3043754118806281,0,1.2210470950964047,-0.6200435656940437,2.6162312632847806,2.6162312632847806,5.894905094951065,2.6162312632847806
144,-1.5367518272720158,1.5538501806289904,2.2204153858229576,1.7021621041006378,-2.810628316618084,-1.2831943351985633,-1.505508771304332,0.0690851927242711,1.9915554043421533,-0.3215005922276583,1,-3.401851439007734,2.268756795147616,0.04834140932465836,0.048341409324658136,-3.5007343923303873,0.04834140932465836
145,-1.4513135332453049,1.7740124862312834,0.3262641190634971,2.337157205528237,1.5668547072137862,-1.5176999821817985,0.2301536600445531,0.2736601192125019,3.5246953355670465,0.2547790510519505,1,1.4253695252479424,2.3304302653393334,2.0041661462758364,2.0041661462758364,-4.86042232541116,2.0041661462758364
146,-0.996651261359342,3.194657669139935,-1.7353325940403586,2.4469828825187694,0.8514099367626543,0.3367112638182568,2.686619342573684,0.9219363780076169,5.018487303277817,-3.3234079800752747,0,11.42507059177315,4.14594441767326,5.881277011713619,5.881277011713618,2.7344956425637035,5.881277011713619
147,0.5013721174107841,2.9589682918043527,0.8727772827809095,0.1232578019543491,2.4015836610303523,0.9898622033697224,0.4468216873125901,0.1849625873420866,1.5167103740684114,-1.7228971106029194,0,0.8232696735610703,4.2785672618978525,3.4057899791169426,3.4057899791169426,-10.067227926317797,3.4057899791169426
148,-0.4580163653897344,2.9600992818668885,2.7183146026059752,0.015376950110475,-0.750022681565717,-0.5225640223105937,-2.129402746899034,0.1207902325011102,0.6766731748665121,-1.9581063681771305,1,-7.215784568094369,3.54901113757383,0.8306965349678546,0.8306965349678546,-7.891832717102757,0.8306965349678546
149,-1.6984642479534182,1.2719254589518112,0.9213988362987404,1.8509677272098948,-0.1946636950246799,-2.2218090417760825,-0.6588818757428756,0.0035826018327832,2.912355035140357,1.7317104199175466,1,-0.5589070545280046,1.534442419507676,0.6130435832089356,0.6130435832089356,-2.8853113142711018,0.6130435832089356
150,-0.8838150814410308,0.6099080495717651,-5.398951157705293,2.4743539972262347,0.3310389028172135,-1.7398685076412717,4.278537188944593,-0.589915396249933,5.040560581066747,0.7452808440941423,0,8.181309008845616,-0.5105059191889342,4.888445238516359,4.888445238516359,17.220804928183735,4.888445238516359
151,-2.489207280189254,0.9059288966768884,1.042124484218807,1.0548703142510316,-0.2855416253072237,-3.5666474073829475,-1.5326419376851974,1.198225393201287,2.827048276834177,3.6671662471530246,1,-1.5708037251966245,0.41541144321049805,-0.626713041008309,-0.626713041008309,1.6162022227609318,-0.626713041008309
152,-1.4652379541287766,1.4744969813329978,-1.0493877511719434,0.6118707900838597,1.3049626887904189,2.0151992444873468,2.653817434799794,0.4202685290565615,3.558946043416212,-2.373606399304049,0,5.675633487483646,3.0789266649608487,4.128314416132792,4.128314416132792,1.3828249675045727,4.128314416132792
153,-0.529566782618811,2.8742360704313827,0.1273942443911193,1.3059685112508173,-0.9073265593722656,1.5022374658299895,1.3874395928410133,-0.0349415004586327,2.9805289161469246,-3.9585119245906135,0,3.895514530878089,4.389069907663515,4.2616756632723956,4.2616756632723956,-7.09191807954738,4.2616756632723956
154,-2.5165697831956955,-0.2418130318992934,1.1767385580566605,-1.3704313369378394,-0.467738683858582,1.9337344010756763,-0.2450824223861659,0.8201435941230599,0.6401460763762336,-2.5740438099182605,0,-0.20234473580897552,0.6898431037712013,-0.48689545428545933,-0.4868954542854592,0.14166846275341294,-0.48689545428545933
155,-0.4397566682195086,2.985168881667596,-1.422130734010976,1.8054459567323065,-1.095839163003958,-0.1541515388600394,1.7126508593944405,-0.6710148456624536,3.624238339279982,-3.1576478125514145,0,8.943120153894698,3.2756890070510605,4.697819741062037,4.697819741062037,-0.7950353690959187,4.697819741062037
156,-1.2025444917334474,1.1027425872545682,-0.5665816069037096,2.2460137982366875,-0.1873303098213008,1.8715874750300303,2.6532797364219105,0.5095135639296859,3.790336468931435,-2.169028297998257,0,4.380815990764326,3.189440716772769,3.7560223236764787,3.7560223236764787,0.7192239863457228,3.7560223236764787
157,-0.1047262470300001,0.4225237174975726,-1.4664475780572224,1.7121302649350354,0.2096860635744881,0.5941481102396623,2.351939342048364,0.4508123363317998,2.4741791748127624,-0.0783587795486548,0,3.394071941741986,1.3080154814887144,2.7744630595459365,2.774463059545937,2.0687490098362904,2.7744630595459365
158,-3.9708757608473046,-1.141736703990277,-1.0754178316725265,-1.901177871854462,0.4329729280436354,-1.5087706561074106,-0.9747565722603676,-0.1138247723074768,1.0316869283873475,-1.0276201531777924,0,-3.3443372867968058,-3.191911107923171,-2.1164932762506448,-2.1164932762506448,5.030710748792437,-2.1164932762506448
159,-0.6409282065909122,-2.4353469383820743,-3.2737878874706263,-3.5118523410750817,-1.6188225719864404,-0.2647241606740245,-0.1792365397102255,-0.6975419424751146,-2.891017789936753,-2.367293022383812,0,-10.587392786756208,-5.888371365562926,-2.6145834780922996,-2.6145834780922996,0.5622712721586125,-2.6145834780922996
160,-1.1901322470200124,0.7461467202868032,1.0455013482459687,1.809176527659293,0.5753567245201257,-1.8454922932823687,-0.1462185951046479,0.1434059610713044,2.753046049631391,3.7731537754006377,1,-0.18016927686700512,1.6454294734281238,0.5999281251821553,0.5999281251821552,-3.004075123105063,0.5999281251821553
161,-0.9021596517303307,-1.3217772689916931,-1.8954242904561345,-1.378309720563457,-0.2801110077500062,-1.1617795245543183,-0.8821289987240689,-0.1604500432656339,-1.5362660187367732,-2.57165211248566,0,-4.709235009935389,-4.099330558171896,-2.203906267715762,-2.2039062677157624,4.57605965405796,-2.203906267715762
162,0.353157400168461,1.791985513454239,0.8521649091972268,-0.1674859047596459,0.4548758006638433,3.084568567564431,0.9262796190009576,-1.0446665306312433,0.5080366563687507,-4.470738374598396,1,1.1911979600997193,3.5704300416524233,2.7182651324551967,2.7182651324551967,-6.957768413886538,2.7182651324551967
163,-0.8425819165987931,2.150624392704194,2.0591491974539187,-0.3368113371110084,-0.1091930945005526,-1.881049942928061,-1.6081240861545942,0.4621540960596773,1.491785591907207,2.9742219559816303,1,-3.885956185712062,2.6016495040035186,0.5425003065495999,0.5425003065495999,-4.9865432263442315,0.5425003065495999
164,-2.828598975228948,1.283305646348586,-1.2623126848633777,-3.664365945850788,-1.0910467171940743,-0.8786254725901919,-0.2455724920768246,-0.3112082891736814,1.520568823757466,-0.3030347193725879,1,2.657666150214377,-0.2245795305916165,1.0377331542717614,1.0377331542717614,0.8670852211272927,1.0377331542717614
165,-1.4667538151037367,1.8185185298782391,-1.4637824563357351,1.080053435369277,-0.049910233041162,2.1822802447809284,3.767363105385203,-1.5058324053306205,4.872225515042391,-0.984463315116739,0,8.247797155820662,4.122099178927707,5.585881635263442,5.585881635263442,7.146959474183708,5.585881635263442
166,-0.8294559773813382,0.2604964809836889,-3.8603376063600807,-0.8112881732433365,-0.4093202145866852,-1.8769116540896595,0.6295927343156128,-0.0739847815362688,0.6048490251087145,-2.993773607480628,0,1.8956935771650991,-2.9702483910607795,0.8900892152993016,0.8900892152993014,3.482150548730285,0.8900892152993016
167,-0.4440720943511342,3.498764179341066,0.2034477279484912,1.4209596210343711,-0.6132118924759965,0.3072647667022854,0.446163510054528,0.5948543733972447,2.768277846889204,-4.493684126871779,0,3.2331120664810866,4.148375417344085,3.944927689395594,3.944927689395594,-8.606056851950008,3.944927689395594
168,-2.784607162830129,-1.1018480686522414,-2.3659790420102675,-0.4778959748067539,-2.013824756281078,-4.099626875440152,-1.1694346846737522,0.4226286171925659,1.0091503671143915,0.8366148289746591,0,-4.8782321912366875,-4.637261795336261,-2.271282753325994,-2.271282753325994,5.669172592469559,-2.271282753325994
169,-3.1265595933167427,-1.880602872586274,0.1989428736388458,-0.6168614380194243,0.405850266692899,-3.725383193218112,-3.4014122864449363,0.9067842666754292,-0.8867251783414316,-0.2413366338335718,0,-4.907882619385429,-5.083072285392364,-5.282015159031211,-5.282015159031211,22.308825526447926,-5.282015159031211
170,-1.1342867739270086,-0.2935135636178037,-2.5435514998120627,-0.6447759416556716,0.9758368916238178,-1.7873100460723144,-0.0911503363556879,-0.0083607872714567,0.2450507603027957,-1.9575682945123436,0,-1.1312307649287392,-2.9282153997855547,-0.3846638999734916,-0.3846638999734917,2.5746208186215536,-0.3846638999734916
171,-2.219149113290668,-1.5195867392724514,-0.2536847157956303,-1.3015927897906263,0.2448973017127292,-3.6144672681822088,-3.401439668374707,0.365169001048321,-1.735530513387177,-0.7636895880412605,0,-5.306522337726299,-5.174711123442789,-4.921026407647158,-4.921026407647159,21.280033418603843,-4.921026407647158
172,-3.280377755830507,-0.5260250863800198,-2.766651255036336,-1.515479710920165,-0.1600386735793444,-2.6692154890160085,-0.1868283739088255,-1.894581150472303,1.7112382026768664,-0.3844403055566716,0,-2.168181425702724,-3.4795047153251812,-0.7128534602888452,-0.7128534602888452,2.7719350514975636,-0.7128534602888452
173,0.0484843811324513,3.1544002540537086,2.285150399158612,-1.3956394173238782,1.1966271208272423,-2.4506542568134853,-3.069644736954867,-0.0006084823222894,-0.1988144266214287,0.8352449823199232,1,-7.123523482558017,2.3699059162574536,0.08475551709884144,0.08475551709884188,-0.24022162189843677,0.08475551709884144
174,-2.43719238621643,-0.589889014557345,-0.3186788809184304,0.4275914180421609,-0.7064755007657966,-3.682508541904364,-2.6510920693393647,0.5881572644358652,0.1070303522920214,-1.4078039440174082,0,-3.42896625492192,-3.55965996481514,-3.2409810838967097,-3.2409810838967097,13.640945037800714,-3.2409810838967097
175,-1.2142755005066557,-0.5475612796507106,0.6923133302245114,1.4538056178930532,0.6089844464924351,1.137225905916003,0.8628932475152835,0.8730660663320997,1.6232694900587383,-0.2262353250519884,1,0.6944159408815511,1.0076452980890842,0.31533196786457296,0.31533196786457285,-0.19930853632920642,0.31533196786457296
176,-1.8973407916264196,2.008139395647696,2.290057416915533,-3.7424745474237753,1.0925378336083031,1.238308638255969,-2.477043292404548,1.465835978602963,-0.979979136330044,-4.420361052173153,1,-5.067658413960134,1.8211535201586813,-0.46890389675685196,-0.46890389675685196,0.18473933184125002,-0.46890389675685196
177,-0.5918011532288315,1.6150239304260008,-0.7105565372500124,-1.5017877462114413,-1.6833821330428256,0.4863824503022058,0.736830748833702,-0.0975938901544142,1.2357530441075522,-0.8576973417946139,1,3.4994204908391073,1.6412981420096906,2.351854679259703,2.351854679259703,-2.302667457263155,2.351854679259703
178,-1.2488725863032824,2.603851857129529,0.4282771448872902,0.7138387985617171,-0.2049324742416078,1.5527247283578414,1.218648826121107,-2.072135116096487,3.1431635329795,-3.256994418893324,0,2.7073304441697332,4.250777828137926,3.822500683250636,3.822500683250636,-7.703343789063112,3.822500683250636
179,-0.139705225969843,4.194667198765022,-2.230623959110852,2.789257971028949,-1.842936906247676,1.98327140539564,5.017073331149064,1.0525473107347487,6.67922866006773,-1.985336759170071,0,18.56846568397575,6.981116570803234,9.211740529914085,9.211740529914085,18.334892863471502,9.211740529914085
180,-0.5836278067290421,4.135620120165261,0.0904544264363469,2.106514675254499,-0.6007479306385678,3.209779707760336,3.814467085303436,-1.6880343251976782,5.78245735844211,-2.5888130719231026,0,7.576002059540532,8.040541631905043,7.950087205468697,7.950087205468697,-1.8145548384386139,7.950087205468697
181,-4.1849995531908295,-0.4150508532442065,2.210404718700205,-2.220353466005529,-1.8075896491814576,-0.4248008954244648,-2.0095308874763065,0.5432569649742733,1.1012091813938254,0.9206139694892116,1,-1.5071513762089725,-0.2141770220203078,-2.424581740720513,-2.4245817407205124,7.594403514973673,-2.424581740720513
182,-2.0967393431058543,-0.5291116312805869,1.2124127096352666,1.1396728834471013,0.5245846830476146,-3.818071968576073,-4.122461475569683,-0.0298037818514406,-0.979985022664616,-2.7785376126137957,0,-4.010071440269837,-3.439160397215003,-4.65157310685027,-4.65157310685027,25.72692378820187,-4.65157310685027
183,-1.2917634974676702,0.7778104697639319,-1.6289197675547733,4.324362538277796,-0.2606083323339582,-2.049077953803457,2.28128874816466,-0.7057555622271979,5.17208048003978,2.2153259220983803,1,4.326090067538125,1.4301794503738186,3.059099217928592,3.059099217928592,1.9819905338098043,3.059099217928592
184,-0.7792941151911096,1.519376587611341,0.7746297202986444,0.8088365166686382,-1.869731661954991,-1.821005560599722,0.0214429565747909,-0.2717300398697084,2.711046982695846,4.271963024729311,1,0.3638652830964497,2.3154492644847764,1.5408195441861319,1.5408195441861319,-5.0327632693739215,1.5408195441861319
185,-0.5632029134980665,1.3943423521415452,0.2585948809325982,2.627758550589647,-0.0279694144869822,-1.1014180495348378,0.5668884049195746,-0.4603923326566551,2.927251564168172,0.6666493021302856,1,1.600660962529798,2.219825637993718,1.9612307570611198,1.9612307570611198,-4.220263725953901,1.9612307570611198
186,-0.8727862682084961,1.4993023818585238,-0.8403060597796204,-0.8248074580921888,1.9529445539995067,3.7771642562694914,2.393409393281294,-0.3399837223515192,1.7719720981219058,-5.512621480977601,1,5.152584652057554,3.0524057153601976,3.8927117751398175,3.8927117751398175,0.04316391026485178,3.8927117751398175
187,1.04657634334807,1.2050350765291975,-0.7343801512731267,2.66846590197879,-0.2827593276293683,-0.4679439422926215,0.6969870603599665,-0.4906122340266526,1.1229167054456874,-2.303576408381485,0,2.7869759786801,1.1676419856160374,1.902022136889164,1.9020221368891639,-1.698919318405038,1.902022136889164
188,-2.7788455729541086,-0.0608509377074506,-1.885042536487954,-2.5257163766822623,-0.057866159214341,-1.1292492472580649,0.058959993772652,-0.8072156774844398,1.275606013171029,-0.2675983683698817,1,-0.11659754989852161,-1.8869334804227527,-0.0018909439347985987,-0.0018909439347986681,1.7775940992594992,-0.0018909439347985987
189,-2.4630668542266823,-0.8155324103010382,-2.585744235060308,-2.190250317000197,-1.129667459310537,-0.8077499068948075,0.5635560589060252,-0.2470794368077194,0.8882592550085191,-0.7743353701706078,0,-2.36073457983576,-2.837720586455321,-0.25197635139501295,-0.25197635139501307,1.2985341409392785,-0.25197635139501295
190,-0.318960755280322,2.6449174697481204,1.9973697728130584,-1.246897514380089,1.117933822727152,-1.8664144908193625,-2.0373454596972302,0.2262380886674214,0.6433762910984215,2.195389519067052,1,-4.675306195609203,2.6049417828639485,0.6075720100508901,0.6075720100508901,-4.3446154764260125,0.6075720100508901
191,-0.8577104784374544,1.4634292499299224,0.0780017297647703,1.1075185314841305,2.8013729896349786,-2.291672724734668,0.0316635521567821,-1.088634843059039,2.7523316620166245,3.3131686178691124,1,1.3809427892038102,1.5730945318514749,1.4950928020867045,1.4950928020867045,-3.1813347662858886,1.4950928020867045
192,-0.5684203039193001,1.8250441158286697,-0.4469743165467403,-1.339534456452908,1.7441031844659785,2.4809994848181445,1.307584973575432,-0.8463983057776877,1.145806759559716,-4.129468592532465,1,3.948376935744271,2.6856547728573616,3.1326290894041016,3.1326290894041016,-3.2927575528010298,3.1326290894041016
193,-2.242338052679486,0.0746906883124325,1.565060085522668,-0.4501468806614139,-0.4909489497318663,2.031392967840356,0.0456901924595249,-0.8312878954818901,1.2401118571105556,-2.0713535445977,1,0.00348546573395489,1.6854409662946255,0.12038088077195741,0.1203808807719575,-1.9206296684175972,0.12038088077195741
194,-1.0306764484774051,1.8633516704431528,-0.6477590974645838,2.5026910576711225,0.3753596961444733,1.9349885825979265,2.936843815169986,-0.0515091937539279,4.359313790843595,-2.5869285941706845,0,6.00719848191852,4.152436388148555,4.800195485613139,4.800195485613138,0.8794227172458848,4.800195485613139
195,-0.9242237096448074,2.490067062590307,2.460814470111267,0.4734056558634583,1.0277187487795334,-2.1217860655487883,-2.7944021167351503,-0.422495895432434,0.7735056804275526,-0.9222000368512916,1,-6.431928113314528,2.1564794159664236,-0.3043350541448433,-0.30433505414484374,-0.1710542309773757,-0.3043350541448433
196,-1.0580044201223386,-1.920961098101852,-2.208652345707778,-2.814529311705324,0.2808911266011715,1.2712942511321654,0.8685837796381118,-0.3720643253313259,-1.289262977709456,-1.6686133809057713,0,-5.295112553799783,-3.2610296641715175,-1.0523773184637402,-1.05237731846374,0.8251095295496429,-1.0523773184637402
197,-2.044524462446293,0.7704980124662073,2.06121726242883,0.7614813934474053,0.0092269929954689,-2.3101450427261083,-1.314693506002032,-0.0936090233663665,2.446617989439388,4.545501213008448,1,-2.132359297498275,1.5170217688930052,-0.5441954935358246,-0.5441954935358246,-0.8325710645957165,-0.5441954935358246
198,-3.142739047378914,1.0814744595264758,-3.368617897943719,1.8919313859073108,0.7271712595339491,1.1135044093633206,4.585751892159444,-0.1210210310095643,6.554678213574077,-1.6674810352133105,0,9.310300572215816,2.298608453742201,5.66722635168592,5.66722635168592,16.7063598315457,5.66722635168592
199,0.9840218756099706,-1.6620505950422304,-3.2943158765977083,-2.2662226300906534,0.9661253255303112,-2.590049399778401,-1.7232626786974103,-0.8516172401867081,-4.084047309405806,-2.80437949682618,0,-8.860632936695929,-6.679629150337349,-3.3853132737396407,-3.3853132737396407,7.559257020912076,-3.3853132737396407
200,0.2838767302775098,-1.7649278609804246,-2.41409808263951,-1.0950110434853506,-1.4548921652893103,-1.642727579442,-1.2333074422906298,-0.412420069849907,-2.929134751593557,-3.0920613576809988,0,-7.258944268460949,-5.412333385910564,-2.9982353032710547,-2.9982353032710547,5.6709069712011795,-2.9982353032710547
201,-1.5076854790791276,3.4672212833528318,2.339987850141493,-3.663414531042724,-1.4509129285940126,2.3620660390066703,-1.0184814615726976,0.5772623672009194,0.6489651340427662,-3.632595918484841,1,-5.664515855017488,4.788727671921627,2.4487398217801344,2.448739821780134,-14.313418682932124,2.4487398217801344
202,0.8714642835678195,2.161885440629816,-0.440773493379365,2.220529372738257,0.3876798790328464,1.8815393318520184,2.4618860423697058,-0.4625329663133788,2.6553211719743683,-2.339284161550692,0,5.576673280951914,4.182997989620157,4.623771482999522,4.623771482999522,-1.7929847890525137,4.623771482999522
203,-3.1541917989428723,-1.7330579117922222,-3.2186659159890416,-3.958915890972116,-1.451834745168435,0.9636594271395684,1.8025646389980552,0.9068341463729264,0.8862869688295621,-0.2948089287200379,0,-5.508627703914936,-3.1491591887832087,0.06950672720583295,0.0695067272058334,0.7507573082227954,0.06950672720583295
204,-0.4912329582470407,-1.8063420058338904,1.7375504475181494,2.3805690993833104,0.2688049344392308,-3.958255574536824,-4.462184021045202,-0.3360666965057405,-2.6051655295635654,-1.3931236121225243,0,-3.129915666271584,-4.530975579360943,-6.268526026879092,-6.268526026879092,33.849198204518665,-6.268526026879092
205,-0.514472605530229,1.0778898780044348,-0.8670734355917986,2.290554847532785,0.0316219739102477,2.8668797271610176,3.904328387397808,-2.1268334877992654,4.1475814823290005,-0.9506782236091142,0,5.916827945113173,4.115144829810444,4.982218265402243,4.982218265402242,7.081026741138612,4.982218265402243
206,0.3068661353501358,-4.110789101042074,1.8422749569193184,0.1383725391994639,1.5623545093732296,-1.9884592899760989,-4.4658150794898726,-1.177031631453071,-5.684675189033486,-0.8714553151841691,0,-1.0034003665052564,-6.734329223612628,-8.576604180531946,-8.576604180531946,42.8276415423704,-8.576604180531946
207,0.3317598804951449,-2.664167752121415,-3.252644596030713,-3.4853517712338533,-0.339088294526827,0.5201345260825461,0.4355140775387783,-0.4597413950630392,-3.3466930147663003,-1.5192390085547387,0,-10.894244516439649,-5.481298270613349,-2.2286536745826364,-2.2286536745826364,-0.7659663849265739,-2.2286536745826364
208,-2.4497124040546314,0.0203562670573886,-0.1301173130708195,-1.646266261496678,-0.748811671023577,-1.3904032468384648,-0.7342078017207129,-1.2814909728688244,1.1920586594332268,1.529619426206548,1,-0.7112028318896648,-0.8439688477341438,-0.7138515346633243,-0.7138515346633242,2.0995301812786886,-0.7138515346633243
209,-2.6657031878141364,0.7221434656406802,1.1568908579718773,3.4129805388239824,1.6776254421561343,-1.6142479740953355,-0.019422747732784,-0.4299001052078867,4.189788723800523,0.9371565590883608,1,-0.13272045563593515,1.8596115758797735,0.7027207179078963,0.7027207179078963,-3.39739622420201,0.7027207179078963
210,-0.1046820727510151,-3.461789384107587,0.0855204931529807,-2.3669956392011438,-0.1129811231066104,-0.4931518277405138,-2.8000950011991037,-0.1079836860126101,-5.099053371585798,-1.7621332428485994,0,-5.965830449986057,-6.17636389215371,-6.261884385306691,-6.26188438530669,20.574834228521244,-6.261884385306691
211,-0.9567664229706035,0.6720052499638861,-0.6057736098458939,2.6573350228458352,0.9492964983753156,-2.745547357351408,0.5502061279291534,1.2237936225131651,3.2920321064518565,3.3147421674914748,1,1.6292944239990552,0.6164377680471457,1.2222113778930395,1.2222113778930392,-1.1288393166233777,1.2222113778930395
212,-0.0482069421248751,-2.694087859058027,0.4052412358909254,-0.0994735356086811,0.6205008990991628,-3.136489004387934,-3.828394671966981,-0.304667833755656,-4.072118038076327,-0.7742968454094783,0,-5.430727037421596,-6.117241295134082,-6.522482531025008,-6.522482531025008,28.388085084107672,-6.522482531025008
213,-1.485009443008081,-1.7557061862132044,-2.495658322891446,-2.419194791971844,0.8995613767383077,-0.4418188609189764,-0.4267998030637092,1.0608000718059476,-1.6174916575339973,-3.2169829902597784,0,-6.564148745451897,-4.678164312168359,-2.1825059892769136,-2.1825059892769136,2.6611856171655113,-2.1825059892769136
214,-3.525683012961564,-0.5956227835352168,-2.4559842364896154,0.1380141617493009,-0.3070483409251014,0.0158116293352248,1.8910291699940271,-0.4627366479963379,3.4193025234460737,-1.868478412586211,0,-0.16743378079774818,-1.160577850030805,1.2954063864588103,1.2954063864588106,1.9783226180837348,1.2954063864588103
215,-0.8091445903209227,1.3700364174899926,2.0673905283906566,-0.3777356944981571,0.4207665625185863,0.1367670189253043,-0.6911853170192028,0.8898569517854946,1.156910238192146,1.474330315048105,1,-2.1535492125982882,2.7462416288614464,0.6788511004707898,0.6788511004707898,-5.779755899938379,0.6788511004707898
216,-0.9981238457166792,2.8091322400998093,0.3407552295866576,-0.0206877971618235,-0.4581369898417196,2.0838174337749806,1.9064508761780936,-1.026625482884179,3.4259972461746773,-1.655169608505675,0,3.758356614863411,5.05633834586456,4.715583116277903,4.7155831162779025,-7.0945930202767356,4.715583116277903
217,-2.096953325916148,-0.383061838344622,-0.5375221817688179,0.9052330190975112,0.925904176727718,-4.090228539944725,-2.368166295843744,0.7356551436413686,0.5047823700092293,-0.4790688513064012,0,-2.9571323692877414,-3.288750315957184,-2.751228134188366,-2.7512281341883664,11.442285819816455,-2.751228134188366
218,-2.7839849493975084,0.920486564086327,-2.494481923691719,0.7675750982384796,0.2589304282256898,2.201605353634477,4.917315991279095,-0.0962122620405789,6.212591334771472,0.7327994066369166,0,8.133939650479864,3.3433206316737025,5.837802555365422,5.837802555365422,17.29501046616442,5.837802555365422
219,-2.235294314931331,2.5326090338284275,-3.856448940446751,1.2991520297276449,-0.9009211185541528,-0.3399271142770006,3.9870714680128816,1.6742707660711302,6.31609673739107,-1.278723067217418,0,16.28655792691482,2.6632315613945576,6.519680501841309,6.519680501841309,16.480704252880038,6.519680501841309
220,-0.6178116346275384,4.697802551411442,-1.019452506318956,1.6956802862187197,-0.104009227724695,1.7665057298621338,3.5402012710736472,0.8268386307091143,5.928130658215272,-2.6854832694784,0,13.02719040771307,7.218551316166133,8.238003822485089,8.238003822485089,1.865656486288227,8.238003822485089
221,-1.3364183471020952,2.459280126626941,2.5313958573344566,0.3047308856563138,0.9099625408605586,-1.3503410605394102,-2.027271678301493,1.769913067655593,1.5645214794758076,-0.1605013813593419,1,-5.793403076242948,2.9634043056599046,0.43200844832544805,0.43200844832544805,-5.510993820910395,0.43200844832544805
222,-2.7781938732057583,-0.6887255284808518,-0.4150093140184661,5.009353376039742,1.7816847864668517,-2.131347131917169,1.5884043830911507,0.8855770816950449,5.382445778089893,3.1166483258055866,1,0.6138513454884551,0.48466954059183287,0.899678854610299,0.899678854610299,0.8528525798992035,0.899678854610299
223,-0.9106140616552816,1.572821668795688,2.8430434480262354,-0.6566189916159902,-0.975532935614632,1.3054063909307891,-0.8220084657389298,0.5981721503347945,0.8646533455657498,-0.0417675480639017,1,-3.720787137326513,3.5938566510829935,0.7508132030567581,0.750813203056758,-8.140572276776552,0.7508132030567581
224,-1.4138634466241335,1.60315040311947,-0.5090193440770291,1.0892662704634208,0.2690526930157071,1.4593905807900291,1.722715248146867,1.2065357234543024,3.0903612841647075,-3.343422418918668,0,4.1419002179190345,2.816846307189308,3.325865651266337,3.325865651266337,-2.358929565605226,3.325865651266337
225,-0.6747342154746727,1.8078215566092155,0.633800061341757,0.9916809953227852,0.4330639467413191,-2.1005569807379647,-0.2301060400005533,-1.1130641011871776,2.5989709610447758,3.2909264621654977,1,0.43191810313479073,2.2115155779504194,1.5777155166086623,1.577715516608662,-4.882079718388217,1.5777155166086623
226,-3.606589360231798,-1.9668766857044584,-0.0238302176511515,-0.6775330545315825,-0.4828777192911349,-2.3063834512372177,-1.732081789488773,-1.9037594056445932,0.561575227297604,0.9777258592625984,0,-3.745829574706544,-3.722788692844383,-3.6989584751932316,-3.698958475193231,10.374983394002932,-3.6989584751932316
227,-0.0855354361307276,-2.542981943146493,0.1337457985684258,-1.3059053328250296,0.7791306255883522,-1.4008761560932674,-2.956420442737598,-0.1796303727255153,-4.163936460311764,-1.9453192983145624,0,-5.159289235152876,-5.365656587315666,-5.499402385884091,-5.499402385884091,19.94559395816775,-5.499402385884091
228,0.7060328444484361,-3.713156762746043,2.1910748992974205,1.2517883920850412,0.8255570748695653,-2.2203550352446744,-3.9067615258968194,-0.3885070671188527,-4.633378466761077,1.1557847915663753,0,0.515886291366459,-5.428843389345442,-7.619918288642863,-7.619918288642863,36.44735187822528,-7.619918288642863
229,-2.8123167036976287,1.6369159510725422,-3.124136871605445,1.9426152944950024,0.2269319438002478,0.986348644923268,4.765692205845301,-1.0296109710894006,6.978933668885142,-0.4261409300627861,0,11.516557635382668,3.2784712853123983,6.402608156917843,6.402608156917843,18.144692237089238,6.402608156917843
230,0.0291295847394075,3.6671885158309663,3.3296772071440026,-2.326795759082781,0.0867610754626467,-1.9291480206974696,-4.085430376499938,-0.6626914834880354,-1.1329885675232214,-0.7044753416265408,1,-12.628795876131582,2.9114353464750313,-0.4182418606689713,-0.4182418606689713,1.9869938599597532,-0.4182418606689713
231,0.2282045476547656,2.1991902726885115,1.741322403274654,-1.309268693553325,0.6223791184731187,1.972577387722546,-0.4652554402304329,-0.7586652015427723,-0.141242499802998,-2.856081405500319,1,-2.0955644584381226,3.4752572357327325,1.7339348324580786,1.7339348324580786,-8.822228734422996,1.7339348324580786
232,-0.513215952836642,-2.453020191138914,0.4050645182016394,-1.10011265455648,0.5915710184530977,-1.3586251761514891,-2.910198432349369,-0.82932037436137,-3.628271882771653,-1.7619341633432206,0,-4.369587181625706,-4.958154105286644,-5.363218623488283,-5.363218623488283,19.78425908628623,-5.363218623488283
233,-1.1893305340715783,-1.3597647248215354,-2.2825292752161683,-1.842403006406529,1.366214785205788,-1.0562342288658009,-0.2260704875931196,0.3162737802597137,-0.8886285851400174,-1.1425931106798624,0,-4.689538004226067,-3.8683644876308234,-1.585835212414655,-1.585835212414655,2.4016047735946575,-1.585835212414655
234,0.6094146737348365,-2.903952583146265,-0.9285882842861132,-0.8425932041731344,0.432850402519974,-1.8097701577054,-2.3552459299190764,-1.178179687334277,-4.278192561413936,-1.401191443763258,0,-7.955774859897358,-6.187786797351455,-5.259198513065341,-5.259198513065341,14.297592353985156,-5.259198513065341
235,0.8917911597327017,2.3105229081616967,1.3611687173014206,1.8916397060397416,-0.2927579187724547,0.5563991200538918,-0.5780685458806233,-0.2168270502221433,0.4928513770850743,-4.156005447948761,0,-1.4125571409169315,3.093623079582494,1.7324543622810733,1.7324543622810733,-7.636925701325035,1.7324543622810733
236,2.5156986850510856,4.257936369435699,-0.1673266015148193,2.359780580361087,-0.6478722896465213,-0.889953702772107,-0.0058662525187954,1.0270604268730177,1.1352570706983618,-3.958093192812387,0,4.964536139080927,4.084743515402084,4.2520701169169035,4.2520701169169035,-7.62431319723635,4.2520701169169035
237,-0.5232577944220521,2.1613237352575823,-1.8913335815361925,2.0694736637204367,-0.4760625577778669,0.702799028373705,3.116874250624281,1.6641920547838993,4.3593467842447495,-1.3867882357037635,0,9.365982146945768,3.3868644043456704,5.278197985881864,5.278197985881864,5.137626865041044,5.278197985881864
238,-0.5893141057997543,2.642692434083446,0.19794334067876,2.7196082309896177,1.3906435959499572,0.3563236059418513,0.2956317936392253,0.5712242102362395,2.5087161908642828,-6.047214785070813,0,2.41522085893371,3.136267568401431,2.938324227722671,2.938324227722671,-6.510297007502718,2.938324227722671
239,-2.482693778763532,1.9835973769198536,-2.483519202157965,1.5739030599888713,-0.2167317891564616,2.263527058083879,5.205522325724946,0.123529201841093,6.992524208276565,-0.3538374340142669,0,12.115421877575425,4.705600500486835,7.189119702644799,7.189119702644799,20.129044655419843,7.189119702644799
240,-1.7455535173784258,1.9132404950881687,1.2351252596739737,-2.4617754172418165,-1.0033018309754966,1.2916920680361863,-0.3120776715051924,-0.2137702480623489,1.19386040915691,-1.2274401196783975,1,-0.76192883973156,2.83628808325695,1.6011628235829765,1.6011628235829762,-6.703150097102361,1.6011628235829765
241,-2.1917063653337663,0.8981643867031147,0.8248010901101259,3.6238007685331977,0.9154029704849368,0.2206589954144235,1.661281475626694,-0.6537420298069675,4.905191589277112,0.6749335609413772,1,1.818638897078987,3.3842469524399346,2.5594458623298086,2.5594458623298086,-3.92464363876016,2.5594458623298086
242,-3.598732934532206,-0.5527814638418331,0.8569628228356398,-0.0639700585508651,0.0546117829100704,-3.149516219340571,-3.038368439396625,0.4133720291303957,0.6251549293381542,-1.1278728677748249,0,-3.1174367395733436,-2.734187080402818,-3.591149903238458,-3.591149903238458,16.030732920827873,-3.591149903238458
243,-1.854263502473907,1.2754798298339614,-4.7122325875584,2.887719472897897,0.3699256130043903,0.2374350147872856,5.70376736587417,0.9346547073366236,7.117638302600232,0.3545425387920289,0,12.989604814625167,2.267014608149731,6.9792471957081315,6.979247195708132,29.29705797907034,6.9792471957081315
244,-1.060749154651371,2.566189018555342,2.0321150407554978,0.6905006124542782,0.2349281250881155,-0.7367148414618991,-0.7643520558989289,-0.2194123209720703,2.4669157486584044,0.7901818557105033,1,-3.412954339371488,3.8339520034119112,1.8018369626564135,1.8018369626564135,-10.266346202739307,1.8018369626564135
245,-1.6228163763817818,1.3618064920820916,0.3958340009709009,2.483623168980251,-0.8251658997455379,-1.542442146594618,0.1474409407150715,-0.6149441025160431,3.4182731553578485,0.3638009495263286,1,0.9701981204881613,1.9050814337680642,1.509247432797163,1.509247432797163,-3.931639347875284,1.509247432797163
246,-3.815532414901399,-0.0843416109101422,-2.1408029851436443,2.008480916779961,0.4337476093485353,3.1695875551360717,5.538301202226505,0.4575419340047812,7.0978908521418935,0.0383570269399073,0,5.273400818908106,3.313156606172718,5.453959591316362,5.453959591316362,21.725105236686208,5.453959591316362
247,-0.9566685112100468,1.7802861333005455,1.5862246251343923,0.5418805351840829,-0.1020563906288479,-1.639458549104245,-0.9367759597242172,0.283130822319525,2.036971164956363,2.559465123513513,1,-1.9804235308502864,2.4297347987107205,0.8435101735763283,0.8435101735763282,-5.219629477996435,0.8435101735763283
248,-1.7896002271889846,0.5303264735646313,0.006251328689778,-1.046136603385994,0.369052048589968,1.044848524911555,0.5530808127783711,-1.0429282618087377,1.453788708424279,-1.2662066724038303,1,1.080092041243859,1.0896586150327803,1.0834072863430024,1.0834072863430024,-1.8704827610113424,1.0834072863430024
249,-3.0294515412416803,1.311569316167481,-5.395118326633742,1.139513792326721,-0.7783085530065034,0.1390362841647638,5.90612718665921,-0.136422150277616,7.619516698457144,0.9365730464483812,0,14.293768157132352,1.8225781761929492,7.2176965028266915,7.2176965028266915,32.91813532028106,7.2176965028266915
250,-2.525661337628291,-1.72252190071835,-2.0764558730768417,-2.590220708225824,1.5018791337963189,-0.6077303938959322,0.170443945839273,2.714816939486321,0.0617647051841789,0.1121014874108476,0,-5.12881867212918,-3.628533827955919,-1.552077954879077,-1.5520779548790773,1.6329222042581546,-1.552077954879077
251,-2.7058005921207995,1.142313540361446,-0.3637167316244498,2.5689652404305234,-0.4966510521282467,1.560997456543894,2.2061345281681874,0.4185145591570548,4.655166275486967,-3.706694328387629,0,3.7639266159202522,2.9847313369051838,3.3484480685296334,3.348448068529633,-1.0506713016683267,3.3484480685296334
252,0.6829430799530929,2.9232034337062616,0.686944793940576,1.4210718904200976,-0.7843209703002557,1.7417153867045194,1.3321384939344618,-1.0706664061901785,2.2181655156690465,-2.7203295660077265,0,2.2472625472269905,4.942286721581299,4.255341927640723,4.255341927640723,-9.43111506261378,4.255341927640723
253,-0.8199867621637686,1.9462094324028951,2.318021706309051,0.1219609443190701,-0.2754823151790223,-3.253732307364104,-3.4167299077925977,1.0370053243691586,0.134096045754632,0.7386419508031413,1,-5.981876184723031,0.8475012309193486,-1.4705204753897025,-1.4705204753897025,7.785706797941438,-1.4705204753897025
254,-2.6672947899279817,0.8357723938931251,2.364321391516913,-2.2564875607403696,1.806858884146512,0.4734168707566462,-1.716688329035741,2.5083062730565637,0.5922489321612558,-0.4776198213489604,1,-2.856950484463431,1.4834054563742969,-0.880915935142616,-0.8809159351426158,0.3684947484950287,-0.880915935142616
255,-3.7329522408278097,0.4684533389753413,-1.3626650053961842,0.0903678008152881,0.659849612104565,-3.3643141269508767,-0.7314126063461442,-2.4923896515830672,3.1343300998564656,0.1671869662378426,0,0.37538570431189083,-1.625624272766987,-0.26295926737080294,-0.26295926737080283,3.0618929125425436,-0.26295926737080294
256,-2.1642853737811327,-3.958836580310952,0.7054838885281938,-0.7334195532627944,0.2020745061613126,-2.235451778190459,-3.2890465958874016,0.0960092679970499,-3.004468981061688,0.3016431851112897,0,-4.454987751472927,-6.54239928767016,-7.2478831761983535,-7.2478831761983535,27.401005398512446,-7.2478831761983535
257,-1.6246212792019714,1.3995708133731335,2.397419029255554,-1.117303382881565,0.293008807258655,2.034038214403316,-0.5553998812295805,1.1407858004524745,0.9591502913088704,-2.057756534139831,1,-2.511186768627871,3.2415899613991073,0.844170932143553,0.8441709321435531,-7.132649566244252,0.844170932143553
258,0.6053997559518542,-1.704449554465041,-3.2233617645460675,-1.7693508923716856,-0.589423411486891,-1.7624612717709862,-0.8087987219576791,1.3295342439705244,-3.04423075540273,-2.497262013200839,0,-8.007305799882914,-5.736610040968788,-2.51324827642272,-2.51324827642272,3.4099561665716895,-2.51324827642272
259,-2.351671161051156,-0.3971223209073813,-2.554085900592689,2.1615878485699014,-0.2345790296191875,1.0085822177778876,3.60172988401151,-0.8343736122951215,4.562325260657612,-0.9160957493456202,0,2.190323042463941,0.6505216625114396,3.204607563104129,3.204607563104129,8.10304441112581,3.204607563104129
260,-2.648746594154169,0.4806044498459796,0.702465607840824,1.5929344375344443,-0.3806946237950925,2.379512439625411,1.0361718047590245,2.1563496317292987,2.7638292984758466,-5.2345029766293,0,1.1791681576129431,2.219241862445828,1.516776254605004,1.516776254605004,-2.9999742050653193,1.516776254605004
261,-0.631909570087653,2.343180705772818,-2.0709001824994826,0.4691544715628266,-0.4659509780720507,1.195290849327478,3.6350371061541633,-1.3157974082181412,4.4940661060401,0.3779114860860399,0,10.830711163141176,3.9073176294274985,5.9782178119269815,5.978217811926981,8.18045267297735,5.9782178119269815
262,-1.9747983256219055,0.1849358115238304,2.3028776655468324,0.9451872906535316,-0.6167301099564017,3.2196200573188065,1.046008567463549,-0.5505339682007013,2.27735322281555,-1.5291699029427743,1,0.8050598290693722,3.5338220445342117,1.2309443789873795,1.2309443789873795,-4.096517050232452,1.2309443789873795
263,1.4194474596590827,-3.2000481086240704,-2.787991103018644,-1.900218532645234,0.841632255765075,-0.2105129677818737,-0.068131062376405,-0.3023495663317506,-4.097753800493143,-0.7650021756659573,0,-12.189884827076025,-6.05617027401912,-3.2681791710004755,-3.2681791710004755,0.40728563060458356,-3.2681791710004755
264,0.7003188307845014,3.851669959152043,0.1326088015469722,-2.817543185656798,2.177293447549065,1.902565889932106,0.2341418874084744,-0.4917666126562028,0.2120842734419689,-4.168546908612659,1,3.5750465093228896,4.2184206481074895,4.085811846560517,4.085811846560517,-8.76017540846643,4.085811846560517
265,-3.107299813522591,2.252351009147086,-2.158135590757809,2.067193937940158,1.982470450168928,1.8303059744404904,4.240945870871078,1.029604361419693,6.885129506272122,-2.976365354905985,0,11.354175755737758,4.3351612892603555,6.493296880018164,6.493296880018164,12.018042586099524,6.493296880018164
266,-0.4162201958368006,0.538267153405146,0.5540455015625054,1.4768432206896778,1.3255002197212566,2.5594885087861416,2.115401627259274,-0.3144437902976293,2.299860300985332,-0.8310962001279839,1,2.3554442856814433,3.2077142822269256,2.65366878066442,2.65366878066442,-1.6846835132631366,2.65366878066442
267,-0.8276275314876665,2.165513650567008,2.1185253520275427,-0.0910658576757572,0.6457976416037114,-2.3835188320773115,-2.222863247432501,-0.944908722685067,1.0902075473614252,2.035441460360115,1,-4.645045165753413,2.0611757551620498,-0.0573495968654929,-0.0573495968654929,-1.650400710398313,-0.0573495968654929
268,-0.8390312849269494,1.7501695439249416,-1.3284914472546516,3.13787106524152,1.4968802738508562,2.23387543998101,4.2163912024142025,-0.0762390173205976,5.362956420381783,-1.3362590473946068,0,8.291646016689004,4.638069299084492,5.966560746339145,5.966560746339145,9.498409996722106,5.966560746339145
269,-3.3819199745231594,1.2953210085779308,-0.7239603477208187,1.74136906803101,0.8917005810695752,2.7223804812659096,3.146920998883131,0.0201211295808599,5.421499552464282,-4.139344096042997,0,5.380003055241222,3.718281659740243,4.442242007461061,4.442242007461061,2.68034915379046,4.442242007461061
270,-1.849161669347092,4.266490254037254,3.297777723824441,-5.120048624060628,-0.9711898691379915,0.4725574785817503,-2.706866149721621,-0.1664855842815459,0.3481457222778536,-0.8318627875812241,1,-12.510312414362499,4.857401828140073,1.5596241043156325,1.5596241043156325,-13.159838098625087,1.5596241043156325
271,1.8270622869311968,2.7449589129494,0.5912727843619345,2.567596524891322,0.2688507864009919,1.10567111938199,1.2913877882445723,-0.4802144341323994,1.7758225249389357,-1.922313064467137,0,2.4133272017752714,4.627619485555907,4.036346701193972,4.036346701193972,-8.61930326654137,4.036346701193972
272,1.70662786768202,-0.6206828368625978,-3.477760742129929,-0.5428407352265381,1.6047350122948532,-2.144703588887718,-0.7689855778970885,-2.9469042192840145,-2.920260114706528,-4.033118761802331,0,-3.548254818114265,-4.8674291568896155,-1.3896684147596865,-1.389668414759687,4.689849987308442,-1.3896684147596865
273,-0.3757382841977463,3.9115664442618554,3.172936533271879,-1.409664219580414,0.867394492997976,1.5353555099960794,-0.4314837132812303,0.0125757696003142,1.9618806160428155,0.4647371921199559,1,-8.931069342338198,6.653019264252505,3.4800827309806253,3.4800827309806253,-22.358075873724992,3.4800827309806253
274,-3.494641827135617,-1.5876042199422766,-2.001960470738545,1.608236706123018,0.8717025855988134,2.1713988438282703,3.558618139877261,-0.5744867054162757,4.284297494900192,-1.545229922427021,0,-1.2073069715671565,-0.03094655080356068,1.9710139199349843,1.9710139199349848,7.545374804829933,1.9710139199349843
275,-1.3322750024949128,2.052173421566885,2.917613744758371,0.0592651426998671,-1.8897034836215452,-1.1976662567239131,-2.012625436621328,1.2813833981236349,1.4166328131944692,1.2906808617278354,1,-5.947901396445803,2.9571617297039285,0.039547984945557335,0.039547984945557335,-4.933497947905654,0.039547984945557335
276,0.1370583670599843,-1.357308439982502,0.6567876473568197,1.4855941747682828,0.5951311859137686,-2.4257488451176115,-2.756156162022537,-0.7113199105465682,-2.2209383823707105,-1.5755018285403046,0,-3.2220011849713757,-3.456676954648219,-4.113464602005039,-4.113464602005039,16.05800176314172,-4.113464602005039
277,-3.474756377037539,-0.901149238183076,-2.7911938253326296,3.5780639016417406,0.0954620413582965,1.1703136128349052,4.522981171339178,-0.1870575164736626,6.297223509690244,-0.7213448981117921,0,1.1065497438362968,0.8306381078234725,3.621831933156102,3.621831933156102,13.489606445989343,3.621831933156102
278,-2.1856493765178318,1.3248011519066103,2.463993219587861,2.543681860120656,-1.5285912962592862,0.3156441338979483,0.1763543147040456,-0.3317787717721222,3.7912398260266302,0.6248655068047867,1,-1.76314558898942,3.9651486861985172,1.501155466610656,1.5011554666106561,-8.699504364094514,1.501155466610656
279,-0.6935432716450757,2.8738284502633067,0.5304350494610381,-0.2792939861583678,-1.3845180194249966,1.7417136859288678,0.6411455266737489,-0.397548696545778,1.9541297327072285,-4.237615361177912,0,1.9905946407791002,4.045409026398094,3.5149739769370556,3.5149739769370556,-8.673694753119348,3.5149739769370556
280,-1.1530152495606592,2.6485029700518163,3.555186300819597,-2.924674644152737,0.0315890061525782,2.306032306508075,-2.13623729700388,-0.367114170072311,-0.6301789904863274,-3.944541602029512,1,-8.903655803760298,4.067451973867533,0.5122656730479362,0.5122656730479362,-9.432129334613254,0.5122656730479362
281,-3.3392364645114507,-1.0366021381708292,-2.2464294744521505,2.573446647555844,0.2384989256730541,2.134989471733835,4.516228816875354,0.1398213585182108,5.676067053498952,-0.4256319915883675,0,1.1509730822374529,1.2331972042523742,3.4796266787045247,3.4796266787045247,13.35484524695139,3.4796266787045247
282,-2.5622177915984867,2.286996116175477,-1.2282573546886837,1.6603904185763887,-0.1519511234719858,3.4412569078234583,5.297974050686581,0.1756035498043702,7.2655684674710574,-0.3152578650888664,0,10.393989966699042,6.356712812173374,7.584970166862059,7.584970166862059,16.93586586254993,7.584970166862059
283,-2.598784053921829,1.2455100303022144,2.514579115624456,1.1928597960025995,-0.1074448817942494,-1.09204279267082,-0.9033617413617244,0.5629106602850852,3.227486962224853,2.4482398044543143,1,-2.7897852215582413,2.8567274045649462,0.34214828894049,0.3421482889404901,-5.514746768248082,0.34214828894049
284,-2.073717399442656,0.5475989748239655,-0.9982974275306256,-2.4003807497644347,0.4373726741796683,-0.847327846979093,-0.2879951786276763,1.2322042374139113,0.922996045861416,-0.1926710455586575,1,0.8062704440814618,-0.7386936313343363,0.25960379619628915,0.25960379619628926,1.1086977059360068,0.25960379619628915
285,-2.230541502844579,0.736480283813505,1.6885937621685256,2.4045306802602777,1.8105224784209928,-2.0913631734118843,-1.0116430239647114,0.9308873827918376,2.981459861635986,1.7728516796664684,1,-1.5187787533587964,1.4134310220173192,-0.27516274015120634,-0.27516274015120634,-1.3584626871372372,-0.27516274015120634
286,-0.4401487629351259,4.143377649118839,-1.0593156650268778,1.892441673255985,1.1565816515942398,0.6850517947800779,2.3944509591153333,-1.2774366038453426,4.744953045035124,-3.4044876806437965,0,10.926973458067996,5.478512943207294,6.537828608234172,6.537828608234172,-1.8938013059993022,6.537828608234172
287,-1.3632750205427846,-1.005389171789683,-2.6960857865763965,-0.9213098359225638,-0.5335436258230818,-2.7483141706350973,-1.0542850032912174,-0.926513254779748,-0.7139602602237551,-2.152589144504212,0,-4.77028963112088,-4.755759961657297,-2.0596741750809002,-2.0596741750809007,5.216335548862981,-2.0596741750809002
288,-2.016982423806508,2.077132693510211,3.7038169699103793,0.8116063127548155,-1.0509411661889605,0.1818122924907621,-1.6128266794320611,0.7735476151070181,2.179941854508899,-0.3907481309369427,1,-7.229013304900623,4.168122983988529,0.46430601407814964,0.46430601407814986,-9.724538419157604,0.46430601407814964
289,-1.6556787525356993,1.4037512480966263,-4.635970278494108,2.7193523355375917,-0.04060623167853,2.2231081403950808,7.964739497490936,0.3812446551620988,8.706638661031182,3.258958011810326,0,15.87623981016253,4.732520467093455,9.368490745587563,9.368490745587563,55.84381311478613,9.368490745587563
290,-3.3404564125848872,0.7174540554442166,0.0310204565401834,2.3999030297305124,-1.866700586803942,3.413178509653782,3.532391193911902,-0.6514425498636812,5.667283341007768,-2.809570926364603,0,4.227589497009633,4.280865705896302,4.2498452493561185,4.249845249356119,3.924820839227448,4.2498452493561185
291,-0.3359841337623506,3.2096332436374206,0.1292700857628681,0.0791815263488402,-1.7394252442322782,0.1408909128871409,0.6354205272374343,1.4341770365203266,2.5552393579943447,-1.4526554432256826,0,3.4301442062024927,3.9743238566377226,3.8450537708748547,3.8450537708748547,-7.830527945750241,3.8450537708748547
292,-1.2272380062706352,1.619150394649608,-2.696237603076637,3.042529852725415,0.5328917202270399,2.286645192090128,5.453046819008994,1.21317918839159,6.406885167442368,-0.8647621671672442,0,11.437811392749252,4.3759596105819645,7.072197213658601,7.072197213658601,22.653176965154188,7.072197213658601
293,-0.4377647527803863,2.9134126999326497,-0.9024826315765946,-2.1553363477078755,0.8146844372940691,0.9904975553289568,1.3525439802182826,1.073340176863545,2.023450712157381,-1.046921448121694,1,6.895261040454821,3.3634740485743375,4.265956680150932,4.265956680150932,-3.1707511499966667,4.265956680150932
294,-1.2818818544923196,1.1434645170690043,1.6607634479765891,2.191723159202953,0.1057703835241232,-0.7211279121479913,-0.0134347590297256,1.2149441068549691,2.945429895645654,1.825763941808102,1,-0.7689943159671264,2.7907932060158678,1.1300297580392786,1.1300297580392786,-5.819666545311366,1.1300297580392786
295,-0.2077385729563774,3.0469108868056134,2.223372330065341,-0.7900619218273293,-1.1040256334723857,-2.3664183389084257,-3.1696819558805864,-0.8938164305816126,-0.1335919767692351,-0.758983776616609,1,-6.8971884269734245,2.100601260990368,-0.12277106907497304,-0.12277106907497304,1.2946361516211358,-0.12277106907497304
296,-0.6907641798087447,2.1060610368241024,3.429692046231682,-0.5739263823054097,-0.9465645185278148,-0.3772253060792561,-1.855472968865318,-0.5630810770523736,0.8535648387697211,2.1226168761881223,1,-6.972552718915289,3.680280114190466,0.2505880679587844,0.25058806795878397,-7.711229030833447,0.2505880679587844
297,0.3868519679733997,1.8012164783766282,0.0513461366425678,1.338827980799522,1.3011020630240928,1.4816014825675576,1.5199787634540685,1.1942144830139918,1.9455642703356395,-1.9858086710944671,0,3.228709734409126,3.3725413784732643,3.3211952418306967,3.3211952418306967,-4.4758866863741735,3.3211952418306967
298,0.0701445574921901,1.7541098838757998,-3.3142406543645366,4.524205135452847,-0.4751252784446032,0.9417334327212432,5.2539591105334384,0.6369080790029854,6.022784169006863,-0.7614772514127268,0,12.82161128377307,3.6938283400447016,7.008068994409238,7.008068994409239,22.715731290067215,7.008068994409238
299,-0.2114174005628821,3.0012615265434626,2.5886739000111394,-0.812218582449387,-0.9681285978523266,-1.6495752998423352,-2.5663264382402,-0.6512874649831818,0.3480289414794666,0.4741267129484796,1,-7.334352292567388,3.023608988314402,0.4349350883032628,0.4349350883032628,-4.641800069877686,0.4349350883032628
300,-5.873072674038399,0.5446876098022081,-6.151189388101507,1.57709480100889,1.7464906315946216,1.898945791998808,8.367813247022939,-0.7957176635206115,11.048572483761776,1.1588874470880717,0,12.262977502070864,2.76131146872364,8.912500856825147,8.912500856825147,61.696962856749515,8.912500856825147
301,-2.1453630033993867,0.5573626708694726,-2.158896216065688,1.4711931126543534,-0.3117855732560247,0.8502203357729713,3.071375847214709,0.8766058798421794,4.366887682519086,-1.2512269360243533,0,4.83202667920055,1.469842302018493,3.628738518084181,3.628738518084182,5.538056935867566,3.628738518084181
302,-4.047624720363964,1.3794175278543308,-4.979108535461531,1.5723905790825166,1.4137696482912587,1.863689572635971,7.424281192165806,1.4239538455411669,9.56261115588432,1.410336756184909,0,15.67196830692488,3.8245901845586054,8.803698720020137,8.803698720020137,49.35993190267292,8.803698720020137
303,-1.2032220479677715,-1.6251341592711508,-2.882382993090215,-2.961762392463324,0.2426028130549414,1.129507299133116,1.5367065522817347,-0.4817170509355259,-0.4989689492647076,-0.97326436381506,0,-4.772686669162546,-2.9708106000796315,-0.0884276069894161,-0.0884276069894161,0.7364461727215337,-0.0884276069894161
304,-2.205861953090855,1.8101911910045796,-2.795663268456784,0.9135765231528914,-1.489284264440218,0.5741642476043083,3.6190054667041593,1.20357805453346,5.424094657095698,-0.932646147711382,0,10.489881679284279,2.633533389251955,5.429196657708739,5.429196657708739,10.095155542649438,5.429196657708739
305,-0.6914678236556049,-2.1524947496324893,-3.562371290463068,-4.265889814960444,-0.3283209426905598,0.844795719749555,0.8347586375376956,-0.0123659382423645,-2.348615221341431,-2.037330220744788,0,-8.985721611058063,-4.8801074025578615,-1.3177361120947937,-1.3177361120947935,-0.7733200013668236,-1.3177361120947937
306,0.4452517052995792,-0.2374094380156766,-4.139623942377668,-1.1928039745975214,-0.3983270128816281,-1.5596158567635192,0.9056022222168914,0.6868274954528385,-0.570062464589125,-1.884081799135019,0,-0.31459300955490743,-3.471431158176453,0.6681927842012148,0.6681927842012145,2.6405679651032883,0.6681927842012148
307,-2.208626902613672,1.4942650789862189,1.532866153458118,1.977995697943237,-0.5217666572990717,-1.8390253914723225,-1.1094488712959252,-1.8481101123885368,2.946369689978181,0.0367312871593781,1,-1.9056921561821025,1.9176823611484117,0.3848162076902937,0.3848162076902937,-3.3621301346912995,0.3848162076902937
308,-1.5966790190724969,0.0363513415400964,-2.511290297919805,2.055960600783707,-0.72839031324171,0.3666402289927652,3.2250119876552903,0.0633833926377181,4.111815107970513,-0.1878450087473588,0,3.3526521005214,0.7500730312755817,3.2613633291953867,3.2613633291953867,6.480554731375371,3.2613633291953867
309,-3.395230863789231,-1.3002851019159225,-2.558144866345054,-3.884397994098454,0.8496447827066518,0.4208196238778476,0.5627928319389323,-0.3461042717800152,0.375183867738021,-2.051842606363603,0,-4.063809928228162,-3.295637136322044,-0.7374922699769902,-0.7374922699769901,1.0235475197297053,-0.7374922699769902
310,-0.778053323531066,2.747969066666841,1.667238552156045,0.3826229740103439,0.1794141710488413,-0.891298415928072,-1.1436051016082638,0.2510035431501465,1.7723738388408656,-0.775107831530931,1,-2.9771560030206454,3.271602517214622,1.604363965058577,1.6043639650585773,-8.149653821927975,1.604363965058577
311,0.1818830985220623,3.231899784889273,2.5573309131265702,-0.7179140126183503,1.4545384608877576,-1.1226486354611227,-2.410693895493697,-0.8505653895034339,0.1089836649509515,-0.6687144371215279,1,-7.443831338628875,3.378536802522146,0.8212058893955758,0.8212058893955758,-6.653334862171594,0.8212058893955758
312,-3.0000802348176303,1.101173344680866,1.638520949973532,-3.698273605734465,0.09468138947073,0.8827456587893513,-1.9577881955311616,1.2588862057428216,-0.1201649844282025,-3.158861753868165,1,-2.66091044566232,0.7819060991232365,-0.8566148508502955,-0.8566148508502953,2.1033477754761964,-0.8566148508502955
313,-2.872267828792215,3.1946726969430044,-1.30472450520853,1.0852513431548172,-0.2515519001841363,2.2061022177516127,3.4552643372547207,2.768373605625943,6.232700658513664,-4.0463159278991645,0,10.818104788019886,5.345212528989195,6.649937034197725,6.649937034197725,4.111869830939543,6.649937034197725
314,-1.507249594324552,-0.4272194202945094,-2.1148846954187306,-0.8133871696398342,-0.0808155731635576,-0.6736387892731205,0.5943553955401917,1.057427287114136,0.8425274631654837,-1.3199235967389955,0,-0.7363838383208376,-1.9477487201730483,0.1671359752456823,0.16713597524568252,1.2303512675685837,0.1671359752456823
315,-3.622582572450404,-0.821981103322031,-0.590540192256273,4.027170694089427,-0.2153882888600766,-2.6436676882039865,1.805392236940748,0.7811753362875992,6.154971614081573,5.737723275374827,1,0.4979982548319015,0.39287094136244405,0.983411133618717,0.9834111336187172,1.3977461754379414,0.983411133618717
316,0.0755000282986462,2.0876681731147886,3.462836621391816,0.4024369195557147,0.8380140545363104,3.323568572132954,-0.0207416643454809,-0.072822432590342,0.8283265095817832,-2.4413219754385183,1,-5.162327294406731,5.529763130161124,2.0669265087693076,2.0669265087693076,-14.82551322546665,2.0669265087693076
317,-0.0073614423490342,3.753682789692377,3.4638514353801364,-1.705240362059515,-0.1160708101204834,3.055382557291385,-0.4515830210385207,-0.1086166549383424,0.9089064852627547,-2.315604533396156,1,-9.700099750383798,6.765951204033993,3.3020997686538562,3.3020997686538562,-22.866323266835224,3.3020997686538562
318,-0.8228637050909744,-1.981424787923959,-1.9844169917947851,-0.8663971656426416,-0.2089179573708717,-2.342787163531539,-1.4607267936302986,-1.0456949708779122,-1.943819157363902,-1.4704847250118271,0,-7.374124598673941,-5.4265685733490425,-3.4421515815542576,-3.442151581554258,7.07046990341307,-3.4421515815542576
319,-3.369531055830755,1.4568059731016203,-4.303135529498774,2.0112332377361923,-0.6418214039443414,0.8476494486332544,5.43576752710995,0.686774070503355,7.660700273472443,-1.1778641212954892,0,13.161407042651186,2.5894379707127952,6.8925735002115704,6.8925735002115704,26.33439068029827,6.8925735002115704
320,-1.9437260900130864,0.2765061013629861,-1.7962760972167915,-1.2200545225772457,1.598110895751759,-2.7129694651006577,-1.2101934720262073,0.1243761223009295,0.4423123922770195,-1.6135012855822044,0,-0.4370060700502861,-2.7299634678800127,-0.9336873706632212,-0.9336873706632209,5.624900378891016,-0.9336873706632212
321,-1.4294711209989472,-1.3353804587045714,-3.244208058534169,1.34102094824851,0.3365830454590349,-0.8240682843147065,2.1656198068786963,-1.0756504835748877,2.2186735585401807,-0.2002039158025346,0,-3.5020126971643006,-2.4139687103600442,0.8302393481741248,0.8302393481741244,1.941386464792815,0.8302393481741248
322,-1.191686688501156,1.6768781950603089,1.2849991730091086,-1.4263630902620172,-2.55254015202075,0.96349444398836,-0.3688026702782943,1.2740635835161491,1.00929110424262,-1.107589798352584,1,-0.8467115691074889,2.593074697791123,1.3080755247820146,1.3080755247820146,-5.919921906858241,1.3080755247820146
323,-2.0300927871849943,-0.698338176658412,1.3724141947612398,0.9177712578353244,0.7875433243268652,2.0481934693076047,0.9501302521882278,-0.6115158020383546,1.95695914006656,-0.235296976594328,1,1.210201301919503,1.6242062702910558,0.25179207552981575,0.25179207552981553,-0.014841623307918939,0.25179207552981575
324,-2.084279174746081,2.867284226967495,-1.468681147587839,1.2532133349189862,0.6037814695529586,2.416745292428348,4.309030679114959,0.8452732970420956,6.3756849117911125,-1.4290735513087611,0,11.387441195005586,5.707633758494615,7.176314906082454,7.176314906082454,9.894923017899988,7.176314906082454
325,1.360744177847971,3.329847274286044,-0.3971169695493191,1.5293418399291705,-0.8927733072761507,-0.0484349009752791,0.6405889517125912,-1.2243872733579544,1.5794698768841595,-3.326169807728015,0,5.292775084625169,3.573319256449316,3.970436225998635,3.970436225998635,-5.8110624187651805,3.970436225998635
326,-3.5320616123131483,-2.66800430240277,0.4743471896680662,-3.8331359233714095,0.0712872605494616,0.1544790904951904,-2.079796773248089,0.0261851491857984,-1.884728541804628,-0.9777662612843953,0,-3.4822407327837954,-4.273453885982793,-4.747801075650859,-4.74780107565086,14.612369922513878,-4.747801075650859
327,-1.5020993096088349,-1.956113626833316,-2.8008905190858435,-4.291888437969997,-0.9803882514834747,-0.1558958900636402,-0.4938927988767571,0.4261565596461849,-2.4263763753395584,-2.506890957704233,0,-7.928866537362131,-5.250896944795916,-2.450006425710073,-2.4500064257100727,2.465973355636249,-2.450006425710073
328,-2.0322001249862867,-2.6009225710207966,-0.1157417259121009,-0.031320525808179,1.2721985542500975,-3.409594018809547,-3.03605495605261,-0.4214829971663628,-1.7584055022602552,-0.0289988756511105,0,-5.938012794407093,-5.752719252985507,-5.636977527073407,-5.636977527073407,20.306291208896845,-5.636977527073407
329,-1.926266326255342,2.6924738110666224,2.9306830230561696,0.1367737401014159,1.5991232408367342,-0.952449654921208,-2.1590799230285387,-0.1136568424990401,1.8790261535462576,-1.0309581451382144,1,-7.3573934000782115,3.4640769110942533,0.5333938880380837,0.5333938880380842,-7.22663197322371,0.5333938880380837
330,-1.4690901059401411,3.744938271827297,-1.50632361912133,1.5894434965351474,1.3227032199889794,1.795490521881794,4.0361032261189695,-0.2677655187248448,6.407957123454823,-1.7365728407485082,0,13.422130468951138,6.274717878824936,7.7810414979462665,7.7810414979462665,7.8754588461216235,7.7810414979462665
331,-0.6791266983093226,1.8459663844499925,-0.8802518853437054,-1.141121248898674,-1.4910799236114736,2.1204535434896163,1.917798140971716,1.7293008660447564,1.987472938802088,-2.483704357578985,1,5.388679915614917,2.883512640078003,3.7637645254217085,3.7637645254217085,-1.3444120657919325,3.7637645254217085
332,0.0219731062484143,-0.4782910193715708,-2.989759158055765,-0.513290332254232,0.537179814541736,-0.0684274590635554,1.047703747225338,-0.4060291544127153,-0.3422654194431962,-3.250735951465709,1,-0.8605622275282141,-2.420346430201998,0.5694127278537673,0.5694127278537671,1.5186418889162647,0.5694127278537673
333,-1.015946743316,-0.4116104324729965,-2.169592997980569,2.2236737756610525,0.2270288603889453,3.19211320147274,5.373067227720305,-0.3449831619570674,4.77724732849771,1.0910125547960343,0,4.068429683058141,2.791863797266739,4.961456795247308,4.961456795247308,20.22350372889874,4.961456795247308
334,-0.8682263034894301,-0.9598596718643632,-1.7968477258310611,-2.252028290666752,0.7551849738039433,-0.4873477947627409,-0.7162006226693626,1.110753172414642,-1.6562327579295226,-2.8425193168222167,0,-3.4007819630401555,-3.4729080203647866,-1.6760602945337257,-1.6760602945337255,3.9371899783040654,-1.6760602945337257
335,-1.7553244932050942,1.4395797124477212,0.9246346290831688,-2.491590736385367,0.8179920992573367,0.1684031818696845,-1.0512710368415494,0.0682067826028363,0.5222804615714096,-1.038258357514675,1,-0.9427765778485819,1.3129433046893406,0.38830867560617177,0.38830867560617177,-1.9271664408483602,0.38830867560617177
336,-4.292570315879532,-0.377888398885805,-3.326297493291249,2.308019143744108,0.9765065890631646,4.478668138080328,8.070847236714007,0.1573465676730776,9.178543578064158,1.7196332162600294,0,6.435989603870505,4.366661344536953,7.692958837828202,7.692958837828201,51.82198570205127,7.692958837828202
337,-0.3135238157148505,4.113515400778382,3.251904288730114,-2.974936395828681,2.2369710770616296,0.5280792752747414,-1.8587728663531156,0.3566676072498469,0.5611427937240633,0.2623521227590426,1,-11.122015839123328,5.50664682315538,2.254742534425266,2.254742534425266,-17.683111162438667,2.254742534425266
338,-0.3095222754755544,1.236830528984132,1.8158249176714405,-0.2268339097005667,-0.3273255750723957,2.0427481157508085,0.1048691290532162,0.111223334840858,0.6511745674176516,-1.5137175462101558,1,-0.9041680354287878,3.1575245757087886,1.3416996580373481,1.3416996580373481,-6.734094392983893,1.3416996580373481
339,-2.6681481236186517,0.3235278169683866,0.8584484571950426,-2.020998391277048,0.0192908803739428,0.4652040592520639,-0.6498365390560555,-1.4439289224922272,1.0139662234714146,-0.6153015309052351,1,-0.6040406774238607,0.5321397351073737,-0.3263087220876689,-0.32630872208766903,-0.06127544086354386,-0.3263087220876689
340,-1.576976141025715,1.757784524640253,2.0778618476799937,1.2084058670747095,-1.6653846382409996,-1.1014927753293653,-1.1862562884083037,-0.38758089125557,2.245981115875826,0.3057043398907346,1,-3.080905163960346,2.649390083911943,0.5715282362319494,0.5715282362319494,-5.466147738547944,0.5715282362319494
341,-5.009377640698102,-0.7440757255276194,-4.707916414700781,1.185046620615232,0.6509656787794414,2.999625198002964,7.610540137428053,0.5724714117797358,8.897247772210452,1.7731766681131478,0,3.363418089908562,2.1585479971996526,6.866464411900434,6.866464411900434,45.39226245231145,6.866464411900434
342,-2.444488919232896,-2.196261514917694,-1.5758402151719295,-3.970615607176562,-0.0642037949527135,0.5315750130081991,-0.3792343795692272,-0.9907369187412842,-1.5037634516473224,-1.3472556831913791,0,-6.036453112728648,-4.151336109658851,-2.575495894486921,-2.575495894486921,3.4096935005513016,-2.575495894486921
343,-1.6181438371787729,-0.1604690590684923,-2.9769073259395555,1.3376314230322504,0.8468399454691652,0.0155815787175912,3.114899638828243,0.4212473786909801,3.736703878359274,0.2255077615985226,0,2.4767290622321294,-0.022476746179804774,2.9544305797597508,2.9544305797597503,6.292944408864751,2.9544305797597508
344,-0.9562238396554362,-1.1492739279682769,-0.3287237406301444,-0.4689430876046014,-0.7294370488476493,-1.9492033739229395,-2.1416558189101638,-0.6448958586443377,-1.6625286571658515,-1.855308350304922,0,-3.6687233714888716,-3.619653487508585,-3.2909297468784406,-3.2909297468784406,11.119479256448358,-3.2909297468784406
345,0.4041129481815013,2.329408985713122,0.3086334584261307,-1.503860156904624,0.2192041876335884,1.7453340405676494,0.3789960818546353,-0.604029885474771,0.2615701918431535,-2.9815908309314376,1,1.9894715162182113,3.0170385259938883,2.7084050675677576,2.7084050675677576,-6.3007391148500265,2.7084050675677576
346,-1.6818635098089714,1.0186157195422845,0.9382351392474858,-1.0016789269539927,-0.9900137139031392,1.3539265050563074,0.2827696396475754,-1.202671507771992,1.545492281458102,-1.003043355269586,1,0.34568429772542675,2.2396204984373456,1.3013853591898599,1.3013853591898599,-4.416748249985218,1.3013853591898599
347,-3.600245704221031,0.311754347099541,0.6910799265602413,-1.989367009189836,-0.5237592910266834,-0.237003306668885,-0.2876824317735864,1.172967699164266,2.378827859475077,1.5971059942014971,1,-0.1913752559724321,0.715151841886196,0.024071915325954596,0.02407191532595465,-0.8719097469593731,0.024071915325954596
348,-0.7536380346346973,0.795819322914355,-0.0808017534123375,1.5177111466387565,0.7497666284891851,1.94645945123106,1.853408283154968,0.3308670284063512,2.403838867361592,-2.347194093606375,0,2.713531202760222,2.5684258526569854,2.649227606069323,2.649227606069323,-1.7182275979679633,2.649227606069323
349,-1.0054815545490676,2.1164943113882377,-1.360244448157426,2.12328703556159,-0.9910911353316136,1.935362812957917,3.5279032872680984,0.383455014854216,4.784218777060597,-2.229215437415208,0,8.52334723527896,4.28415315049891,5.644397598656337,5.644397598656337,5.396500491784435,5.644397598656337
350,-3.066668464514508,1.0192846238170723,3.037220768057132,0.5859915584850247,-0.2622335693828559,-2.4991043427914867,-2.5819299615064755,0.6858904564379201,2.2742511273872603,2.6095272390439748,1,-4.658437765707917,1.474575430367729,-1.5626453376894032,-1.5626453376894027,3.65863980542799,-1.5626453376894032
351,-2.1206252087597024,0.5507900447849376,0.9661580793011948,2.418248365150571,1.5745863577623422,-3.070216135315896,-0.8561513117624114,-2.355703490127358,3.180233771762941,3.3187672950489606,1,-0.8375115187451081,0.660796812323721,-0.3053612669774738,-0.3053612669774737,-0.1545907284813839,-0.3053612669774738
352,-2.2319812348378267,0.1008106954209924,0.6971597263968814,2.6645996116692623,-0.4755344467353548,-0.5617169399104394,1.7516056362077002,-1.0523294696031953,4.792049433362067,4.904919154825407,1,1.7821351747911143,2.549576058025574,1.8524163316286926,1.8524163316286928,-1.404151241697263,1.8524163316286926
353,-2.680225827647207,0.3572009386991939,0.7849980374787693,-0.8908734659067457,-0.0862170980074527,2.1092384215066726,0.5505991877511274,1.0781253957947718,1.8278583401006916,-2.6673294769209344,0,0.6273980905858798,1.6927981639290905,0.9078001264503213,0.9078001264503213,-2.5778408606916523,0.9078001264503213
354,-1.5829373568054437,2.94381233772616,-3.301511683261661,1.8281949493925975,-0.7053167239158482,2.4530523062287344,6.462458353636107,-1.998344967144626,7.913123121625586,0.5346902172522108,0,19.125301517695007,6.104759008100605,9.406270691362266,9.406270691362266,35.97136909935097,9.406270691362266
355,-2.355558043580897,-1.2963185902028351,-2.378863502395801,-3.163105603347278,-0.4225684190212185,0.1743047783311599,0.526307496181694,-0.5946729871621688,-0.0617482243432814,-1.277762282276135,0,-3.8537760757318447,-3.148874596416942,-0.7700110940211411,-0.7700110940211411,1.1121202892644235,-0.7700110940211411
356,-3.2039686495112374,0.322484317714681,2.0412591744378545,-3.50236965136543,-0.9501525300518722,0.3291749199839351,-2.730954502794798,0.7002098475187654,-0.7815073811533921,-2.792183365543176,1,-3.0667442572275414,-0.36721101064226236,-2.408470185080117,-2.4084701850801173,9.575519619910136,-2.408470185080117
357,-2.747392209309968,1.77313327717341,-2.0792093525445465,1.002632293087418,0.6534789819517407,1.2877062992770707,3.3787220411435843,-0.0527551080007656,5.472603696231633,-2.2119592462279947,0,8.83857061152391,3.072645965772448,5.151855318316994,5.151855318316995,6.877976640426942,5.151855318316994
358,-1.0998749777919197,1.977161977490344,0.7525641625521523,1.6063597860315495,-0.3103961364755137,-1.9587897215879329,-0.6002760211066306,0.9177681977951372,2.651523268964649,0.6645828887614088,1,-0.1110552914362648,2.1294501189358654,1.3768859563837132,1.3768859563837132,-4.633946021623949,1.3768859563837132
359,-1.3109182731938935,-4.195409947387816,0.8622842404743563,-2.5072414644967527,-1.133042347377462,1.7236827607665228,-1.056971306902573,-0.5060892911918885,-3.3581997399420875,0.6051065644656011,0,-1.6347453743285278,-4.390097013816034,-5.252381254290389,-5.252381254290389,14.377302491683617,-5.252381254290389
360,-2.646087128566599,-2.0968142784447936,-0.3404549773472858,-0.1035389022037018,0.1075250004307988,-0.7380938294138542,-0.4693020766638143,1.1711190647375709,0.5028901970291869,0.168978954320359,0,-3.279987212777996,-2.9065713324558935,-2.566116355108608,-2.566116355108608,4.979061269056083,-2.566116355108608
361,-0.9018981013199956,-2.0459980735583896,-2.128500319328518,-3.221381836456193,0.0940698411915238,-0.320776279059233,-1.1277591330260437,1.008415969942991,-3.062387366574519,-3.343485397264684,0,-7.528664759498999,-5.302257525912951,-3.1737572065844333,-3.1737572065844333,5.392947841706473,-3.1737572065844333
362,-0.3203284325740478,-0.6174559699441917,-0.5336888148532307,1.5178701369748226,0.4991105067989412,-0.3430839802070855,-0.1686554233639212,-1.4266492108103472,-0.022977716543914,-2.631554639114368,0,-1.1156407381316806,-1.3198002081613436,-0.786111393308113,-0.7861113933081129,1.8048269084759525,-0.786111393308113
363,-3.1805892426333315,0.7795521887169637,2.81921387539244,0.4520517467764755,-0.067010041725221,-2.138966778712558,-1.5134543569813077,0.200033787312328,3.194876563406142,5.164058005837799,1,-2.931626515287754,2.085311707128096,-0.733902168264344,-0.7339021682643442,-1.2585897952214573,-0.733902168264344
364,-2.437643525018885,0.8738531467050139,0.6799539971123255,-1.6893754251476991,0.3012424800913901,0.8683281591935855,0.063760119419522,2.439874466985501,1.7488220130794256,-0.5643724742432168,1,0.34343332613327826,1.6175672632368614,0.9376132661245359,0.9376132661245359,-3.145295116524263,0.9376132661245359
365,-1.8441405874792745,0.9771118493031756,3.63134996605757,-0.7584201947774817,-0.8121694717263299,0.7578547967166809,-1.6967945731490044,-0.9659709246115364,0.7904302464913575,0.7662609793850503,1,-4.2679178046473645,2.9116672422117413,-0.7196827238458288,-0.7196827238458288,-2.861107775699537,-0.7196827238458288
366,-1.093486839480926,-2.606261868937238,-0.4533499541115489,-2.906957232372784,0.7756752996156893,0.3244765114438026,-1.5767488084825458,0.7082662196573998,-3.2823604216474247,-2.014793419280619,0,-5.364559376105159,-4.636360631531332,-4.183010677419784,-4.183010677419784,10.123959415316868,-4.183010677419784
367,-1.7262960296117744,-1.805059607604467,-1.6224734496968216,-1.6480696989392871,-1.6724045258123523,-1.7596128257217667,-1.2486442453117856,1.4443434119799452,-1.2613158675769385,-1.0792939163471469,0,-5.982365141374664,-4.676177302613074,-3.053703852916253,-3.0537038529162523,6.360332318421155,-3.053703852916253
368,-0.6813108995599899,3.171069963794781,2.369794181367773,-0.6592819713737263,-0.4908728948935657,-0.6229742284538623,-1.5610740262499874,-0.9888723476355838,1.3740715258791951,-0.1048982103528597,1,-5.904787211366194,3.9797901189125664,1.6099959375447936,1.6099959375447934,-10.667617089936002,1.6099959375447936
369,-0.9854223540318212,0.8500592163757108,0.4284843974558758,1.5676722666891585,0.6856563925137109,2.7432340602670875,2.3889458527157403,-0.8281805638735081,3.051764874757836,-1.5181100702855408,0,2.8747679579608914,3.6674894665473268,3.2390050690914514,3.2390050690914514,-1.5636693595616027,3.2390050690914514
370,-2.947861880928299,0.3453148645858737,-2.392324725498349,-3.0676403521915465,-1.0802670597806927,-0.8353054315814915,0.551181099204331,-0.6389850540666776,1.70520024130648,-0.5903287937746077,0,1.7226012524211045,-1.495828761708144,0.8964959637902047,0.8964959637902048,1.7292386906689337,0.8964959637902047
371,-3.7690866390620377,-0.2599846319179208,-0.5319010561385287,1.9669495604738705,0.2149828174545479,1.2333496457702544,1.8009930876645766,0.3149718715553322,4.219322040163258,-3.102404140772511,0,1.4027223554497268,1.009107399608127,1.5410084557466557,1.5410084557466555,0.5551741461638738,1.5410084557466557
372,1.2500553841385464,2.279195082237868,0.1061305137451742,1.330195956609185,0.0635419045609373,-0.948291343005642,-0.598437583725343,0.9330666057209852,0.3070129351326683,-2.514803074194738,0,1.4388653535091458,1.7868880122576996,1.6807574985125253,1.680757498512525,-3.351410114158578,1.6807574985125253
373,2.605505483345269,4.167043610478332,0.9100250152164366,1.638864637728389,-1.0944943608348965,0.4993717928726218,0.1564827558119617,0.5444598695274623,0.836252315986244,-3.205444791684375,0,0.5314124412571952,5.2335513815067305,4.323526366290294,4.323526366290294,-13.324704819963618,4.323526366290294
374,-2.3026592287703087,-0.3085436765464742,-2.469061111725175,0.775716392044698,0.1879417764327564,1.8123493606680352,4.090082915926168,-1.4603024352092226,4.504020503401668,0.5221083771734971,0,3.0197260463500832,1.3124781276545185,3.7815392393796934,3.7815392393796934,10.87294769908728,3.7815392393796934
375,-3.751008994927428,0.6983953897979736,-2.026896678322209,-1.199385733768211,-0.0034808485732018,-1.764286293120596,0.1669469583217718,-0.5807410905564503,2.9843084290412087,-1.5903365084337644,0,2.280917643856802,-1.1615543302024636,0.8653423481197453,0.8653423481197455,1.7396585647126666,0.8653423481197453
376,-0.88527456322131,0.3760346148410001,-3.3723247902210955,4.518172908844647,-1.31246730344855,0.3239004154652611,4.253688677209392,1.1770006367903372,5.133075108322847,-1.887790297286232,0,5.897834145659938,1.2573985018292966,4.629723292050392,4.629723292050392,13.474856422349244,4.629723292050392
377,-1.38491556606526,1.314814070890047,2.1761582087344444,-1.2534655215013004,0.7177387066589793,2.12835385018835,-0.5140423828586494,0.509887247921195,0.6293814662417491,-2.38397726688498,1,-2.06047174529553,2.976929896765842,0.8007716880313976,0.8007716880313975,-6.37470544674917,0.8007716880313976
378,-1.5798927243448773,2.8689218660267057,3.329847197632932,-1.4929657821580746,0.8109137726156964,-2.261728183710136,-3.668439075459388,-0.5668133178023392,0.4389445965817985,0.5082752377607241,1,-10.35258864524955,2.5303299882002497,-0.7995172094326821,-0.7995172094326821,2.1735610357728916,-0.7995172094326821
379,-0.8637152927766641,2.157092816436169,0.710920665807274,1.2455446113091069,0.4799397411482786,0.9569348218338511,0.095705022999904,0.3247815941101145,1.8536237988430824,-4.781260070174156,0,0.7192759781671838,2.963718505243347,2.252797839436073,2.252797839436073,-6.740878754520896,2.252797839436073
380,-2.439717828783981,1.493163452010613,2.6591120365151557,1.9668942029131788,1.118338136793128,0.0068283457665738,-0.2767926689265824,1.5089188942669034,3.641704519650984,0.8306348316751532,1,-2.754118124641911,3.875482819599186,1.2163707830840305,1.2163707830840305,-8.985728328837656,1.2163707830840305
381,1.0002078949480515,-2.4731194094966447,-0.1120753185355081,-0.2061344394966016,0.5501284812178794,-2.34609865864028,-3.7555103287976,-1.4363524570391606,-5.252344011815241,-3.648210409115235,0,-6.50580538388993,-6.340705056829753,-6.228629738294245,-6.228629738294245,26.39601697923377,-6.228629738294245
382,-2.967425098986517,-0.8617969514890098,0.7575759492892229,-0.5972694378639117,0.9078523849098702,0.1216452070537232,-0.4565947858678266,0.2174734830142245,1.2856369371466947,-0.0030685739944871,1,-0.6655150937379917,-0.5608157880676135,-1.3183917373568363,-1.3183917373568363,2.7405629675249816,-1.3183917373568363
383,-0.4346044645853724,2.139088209101277,1.882584352957,0.9532346039560056,0.6564065654899721,-0.2594926584533883,-0.7466747326025412,1.2891318354374448,1.5876082303990118,-0.4178765042497026,1,-2.6346005155501393,3.2749978294557356,1.3924134764987355,1.3924134764987355,-8.13690214169627,1.3924134764987355
384,-2.536211287026828,0.0636112942168452,1.7095249901281528,-0.7203049981274002,0.4670909439935746,0.0083678739880006,-0.6475567442141041,0.5790615726946706,1.6391698751369752,1.748169423575105,1,-0.6926905471153502,1.125579540130894,-0.583945449997259,-0.5839454499972592,-0.23104945027455548,-0.583945449997259
385,-1.7444143444013902,-3.055439614238253,0.7200704116571379,-1.511292228633938,0.515719619170136,-2.6006728492222893,-3.798732580495441,3.377768241289362,-3.4266741653429915,-0.1431604106534554,0,-4.654040533915629,-6.134101783076556,-6.854172194733694,-6.854172194733694,29.61877485674587,-6.854172194733694
386,-2.6965629849814428,0.0877926639343107,2.666777422316461,2.59722343001552,-0.1501478320174389,-1.0400330775893731,-0.6237482969238605,-1.1693152650864689,3.377166937401155,3.0804282803975056,1,-0.7700791270145857,2.130821789326911,-0.5359556329895497,-0.5359556329895498,-1.4399277124469814,-0.5359556329895497
387,0.4812630918082896,1.90028212234724,0.8744081458627222,2.446426089761242,0.6149612320467747,0.0820153706617035,-0.8816501304996471,0.123906816521071,0.3691445702886737,-5.80116548197324,0,-0.6429901753701361,1.893040137710315,1.0186319918475928,1.0186319918475928,-3.7959873441655922,1.0186319918475928
388,-0.8042733521722633,1.505115648777246,1.9499233608409208,-0.6085240596264206,-1.3106457843043726,1.3867199290748833,-0.3556204477400334,0.5881379513426596,0.8982707706724848,-1.0283711527333808,1,-1.7853649632807775,3.0994185618781334,1.1494952010372126,1.1494952010372124,-7.057308024382515,1.1494952010372126
389,-1.193115195159763,0.0912088216138042,-3.412106312706431,0.864879038830527,1.7305179518279583,-3.020059204053334,1.0287260729800898,0.8889877491836431,2.3382143089980025,0.7189730484674888,0,1.4311490905968702,-2.292171418112537,1.119934894593894,1.1199348945938945,2.541728052750656,1.119934894593894
390,-2.296760786350188,-1.2599916397746422,-1.6281745953065376,-1.8078024530874257,-0.4801695842072341,-0.7168216626348508,-0.1070866414119004,-0.3746228193260549,0.198531980351447,-0.6730265769412884,0,-3.4185646593662415,-2.9952528764930806,-1.3670782811865427,-1.3670782811865427,2.3223123282688047,-1.3670782811865427
391,-0.9495407423883624,1.8406486148936907,1.896756261174712,0.285321027582331,0.5010900093087719,-3.383302625325556,-2.988751787329757,-2.476792066877087,0.5968868874442143,1.2791023732723934,1,-4.639364957358236,0.7486530887386456,-1.1481031724360664,-1.1481031724360669,5.840825545042071,-1.1481031724360664
392,-3.0317412596514504,1.1122622804764255,-3.143787677507242,1.099015531709733,0.3252594982295819,1.8666913925663475,5.086342724119614,0.1982173277208201,6.640722673474851,-0.3157651259991549,0,9.695321456113929,3.0548173270887977,6.19860500459604,6.198605004596039,20.11417642703759,6.19860500459604
393,-2.0702561215840207,-1.1623925086603282,-1.4414682482043908,0.6480464449276675,-0.5263908651106778,0.5742459404833018,1.785012006440293,0.7679376635165371,2.2352548958998786,-0.1492151176641172,1,-1.0529323954045453,-0.818848750424426,0.6226194977799648,0.6226194977799646,1.7069452225959514,0.6226194977799648
394,-1.700757994476406,1.5220202774042644,0.7493721742707509,-2.3186755659851883,-0.193994792566625,0.3445121675271712,-0.7303441162981316,1.6756362938455622,0.7743205354462587,-1.1536089382730346,1,-0.348883483456472,1.5410483353768836,0.7916761611061328,0.7916761611061327,-2.939881612834322,0.7916761611061328
395,-0.7537093669077644,2.687470166556401,2.145258431671622,-2.5980779617951133,0.7051486589381767,1.4885206019090207,-1.169260592203251,-0.4150913367253287,0.1198841202534377,-2.335854623408813,1,-4.247108460317908,3.6634680060247717,1.5182095743531498,1.5182095743531496,-9.579825282569484,1.5182095743531498
396,0.6635891246524155,2.5849857066859103,0.7280174039895027,0.6663179018655028,0.4158027257204452,0.286255314572412,-0.2242210785228713,-0.1735444175613875,0.8278306243474085,-2.749277240551113,0,0.47885004463159264,3.0887820321525417,2.360764628163039,2.360764628163039,-7.281186151793068,2.360764628163039
397,-1.1839404518392522,1.867098497219676,0.3356244753532218,1.203268602451514,-1.8331704516987275,-2.469998164975121,-0.6616701992174122,-1.1933757685433153,2.58330447510936,1.3054394953574264,1,0.5787843444401211,1.5410527733554855,1.2054282980022637,1.2054282980022637,-2.935317572387482,1.2054282980022637
398,-1.513893229328441,-1.8804791562122616,0.5120653420478205,-1.1674128247842277,-0.5881085989243096,-2.7751980819338824,-3.5350974922805354,0.7524833770742185,-2.637659559592188,-0.8284271355144369,0,-4.4526484461531695,-4.903511306444976,-5.415576648492797,-5.415576648492797,23.77893043720553,-5.415576648492797
399,-2.1534023286986725,-2.053582939339889,-1.8732192489098132,-3.13117816287198,-1.0859631707417063,-0.1570618609620875,-0.7000742323759617,-1.0182539014177283,-1.6323610848316057,-2.4363890016676457,0,-6.600468262920124,-4.626876420625663,-2.753657171715851,-2.753657171715851,4.023826431974034,-2.753657171715851
400,-1.6560908706388084,-1.5758354222808657,-0.719865918967746,-0.4970094418958093,0.1246633934075568,-3.3378230873867665,-3.0010404678766767,1.862869121400177,-1.8643824392428543,-2.048809487103742,0,-5.711266104559685,-5.2967418091252885,-4.576875890157543,-4.576875890157543,17.74547137471415,-4.576875890157543
401,-0.2054343319973384,-2.7432297579168656,-0.3108003969533184,-1.7052562760866086,-1.0703205486518377,-0.8301032068385837,-2.5298485095785,0.2478462819018247,-4.22548628775778,-2.624177150706865,0,-6.125675165190083,-5.583878664448685,-5.273078267495366,-5.273078267495366,16.40449351566589,-5.273078267495366
402,-2.9629138078601858,0.8263606397785525,-0.9460049055405152,0.4069745207484359,-0.6920651986646917,2.314794457736141,3.260924035897005,-0.2981525261999003,4.87060438615886,-0.7290469968469674,0,4.869025894651666,3.1412797701350423,4.087284675675558,4.087284675675558,4.186802341056322,4.087284675675558
403,-2.2524126371711986,0.5519980964675844,-3.002068619184297,2.0811273692053414,-0.2345075351458909,2.5074117655725487,5.913803376153412,0.6884959745615665,6.722719669867902,1.0389222194244598,0,8.122937635875797,3.4637328534366993,6.4658014726209965,6.465801472620997,26.700672209000597,6.4658014726209965
404,-1.4100401620127316,2.25641200322692,3.7212176331389695,-0.4222338946293382,-0.6900125998145852,3.682172347817523,0.1377388827970323,-2.124027075878851,1.9165351655471528,-2.191907160595389,1,-6.002449248010487,6.115368519162923,2.3941508860239527,2.3941508860239527,-16.887147539387144,2.3941508860239527
405,-0.6678936577282659,1.781592624893861,0.3865852347594829,2.126952996785369,-1.314878664404412,2.004294231972998,1.7033075138488225,-0.4351387479620344,2.9384497452083496,-3.510760232432661,0,2.796162735602327,3.8714853735021664,3.4849001387426837,3.4849001387426837,-5.14386642865135,3.4849001387426837
406,-1.4875803505755796,-2.5908873471937417,-1.6707430641648615,-1.1800881674685415,-1.0262423753029,-1.1274995085003172,-0.3297594513938429,0.6352455366039567,-0.9770516876082238,0.6629571410533122,0,-7.249353863944027,-4.591389862752446,-2.9206467985875846,-2.920646798587584,3.2920708917671577,-2.9206467985875846
407,-3.993643885395015,0.2128967923236884,-3.8604245355035736,0.4433185973597753,1.1084446017228928,2.505915437415827,6.269193121338576,-1.0893426377121065,7.522626780606608,1.308977606156597,0,7.30396191427864,2.6216653781586903,6.482089913662264,6.482089913662264,31.02089910143434,6.482089913662264
408,-0.1041122323869057,1.830554084135501,-2.2277837171575974,1.2222673410392215,1.0546206284873183,1.3806749220291408,4.000538887048579,2.1655214522065567,4.290510305074818,0.6183134055617119,0,9.90917155319749,3.603309254026483,5.831092971184081,5.831092971184081,10.647987743590727,5.831092971184081
409,-1.025289745422138,3.063642637381538,-0.5197044031665834,1.778966027755972,0.3924560184705202,2.9458397591394068,4.100291879480796,-0.4326595133965921,5.716112811332809,-1.247250270374685,0,8.756123085238404,6.644230113695751,7.163934516862334,7.163934516862334,4.596417434754144,7.163934516862334
410,-1.978133406708532,-1.4178430669931568,-0.4797953874735987,0.5628092523884267,0.195162047141818,-2.282089273194696,-1.4576403796833524,0.9442148402518143,0.0417897555945084,-0.5614198949800994,0,-3.5557580103812465,-3.355278834150108,-2.875483446676509,-2.875483446676509,7.675203193605308,-2.875483446676509
411,-0.2668834467449485,3.1672682638940404,-2.3761850673739224,2.3324680846395003,-0.3927262384258175,1.7464695999828623,4.735032322408789,-1.1929733710191368,5.900646496133241,-1.140387847518213,0,15.428316139335177,5.526115518928907,7.902300586302829,7.902300586302829,16.518130542056582,7.902300586302829
412,0.8793434536558866,-2.920279363516942,-0.2826961195457915,-1.363580943783424,-1.1429425463832157,-1.832031327733946,-3.451241126197058,0.1711871437456629,-5.5862347439470685,-2.600710057438533,0,-7.197072133769893,-6.654216609259792,-6.371520489714,-6.371520489714,24.111250766071837,-6.371520489714
413,-1.489693573122456,1.3940913320008093,-0.2418557026115284,2.4446040718196125,1.1864155905176088,-2.82334246591798,-0.4038951603011761,0.915653804258344,3.052537100650488,0.3210219961536507,1,1.3273651103053303,0.7483404690881047,0.9901961716996331,0.9901961716996333,-1.238236401667328,0.9901961716996331
414,-0.6216343947882337,3.2253804492229508,2.6312760916132936,-3.1664453449683263,-0.6270278518303946,1.8509069213122975,-1.3939489553294586,-0.7387387253049276,-0.0637801730307658,-2.557176419997168,1,-6.655434968503802,4.462707585506786,1.8314314938934921,1.8314314938934917,-12.837911851733484,1.8314314938934921
415,-1.4374067801477617,0.323720601066606,-0.2599893107332487,4.078924794918649,-0.8546246417550657,-0.6104943914349191,2.4919057480708573,0.0342046845380754,5.111891474640847,3.4441587268829483,0,2.899790245078923,2.5556370384042144,2.8156263491374633,2.815626349137463,0.9224947656683606,2.8156263491374633
416,-2.233517022160618,-1.2741515077258654,-0.6780858483026854,-1.096084326910945,-0.6226138999593189,-2.5145848567085967,-2.083041184189049,-1.18120117314888,-0.7401704888817113,-0.8712384924920378,0,-4.221176797897353,-4.0352785402175995,-3.357192691914914,-3.357192691914915,10.867547701177791,-3.357192691914914
417,-4.147294036258945,1.350432854472854,-3.7763888677024826,-0.3089239528953007,0.1104180469461195,1.3612687703184505,4.999849784146916,-0.5973810610451429,7.151144571842458,-0.0919535170527598,0,11.450042236830742,2.5738937709172864,6.3502826386197695,6.3502826386197695,21.174081052707876,6.3502826386197695
418,-2.24488378768808,-0.3476362654390246,-1.6379125705676187,1.4732509783731993,-1.7821150819848288,2.0839059210405297,3.513858217754135,-0.1929813677606896,4.120969866814493,-0.8034139568271277,0,2.596824143167351,1.5283093817474918,3.1662219523151105,3.16622195231511,7.0832704312679065,3.1662219523151105
419,-0.6158686010054977,2.865385909986237,1.9214224891855836,-2.3358986802215025,0.5069763458281417,1.8338327520190287,-0.5316092448773772,1.182900489387524,0.6448495992892551,-2.0954054907303368,1,-3.1718402625341935,4.255199154294443,2.33377666510886,2.33377666510886,-11.811984357807262,2.33377666510886
420,-3.5780836837919296,0.9290384174811974,-0.7108333117741217,-4.874711976812119,-0.2471716122443994,-0.501182935095585,-1.437686645091465,-0.3874886632696904,0.28202004230095,-2.623541465396406,1,0.15174322745328106,-1.2194815393843892,-0.5086482276102675,-0.5086482276102675,4.4554641115325575,-0.5086482276102675
421,1.1560355365307,3.9162150016750257,-0.1847118580242004,2.402019757151596,1.3558053394315013,1.5013027852190757,2.1410187097771747,-0.3894035615253766,3.2677087234975555,-3.605298654266089,0,6.7806050608338415,5.872521853428,6.0572337114522,6.0572337114522,-6.622423099882641,6.0572337114522
422,-0.2927835530270977,5.434070864462001,-0.597900403737577,1.5635009143420335,-0.5417732360116019,1.6904948961312318,2.872804465897848,1.5153180943238018,5.462677351617206,-4.086815869012895,0,11.555908494160285,7.708974926622272,8.30687533035985,8.30687533035985,-4.513811593899067,8.30687533035985
423,-1.6688380517800023,1.7206681939128474,2.3210326194952904,-0.205690406067476,-1.2672766883727302,-3.4023396399553203,-2.815331363358089,-0.8420986897213886,1.34113498667536,3.460110345601097,1,-5.088390174845008,1.2263694500500488,-1.0946631694452416,-1.0946631694452416,3.800657399503141,-1.0946631694452416
424,-2.517260122969432,-1.8548054426328375,0.6821507830517954,-1.1625287104176647,0.0182309971371171,-3.275298486422253,-4.229796795640292,0.3712067634700587,-2.408206011597438,-2.077244045558622,0,-4.819345253172408,-5.4024514552213345,-6.0846022382731295,-6.0846022382731295,30.643491611004062,-6.0846022382731295
425,-1.1579994190739642,1.8225944881540537,1.0587354875323896,1.8768045470679249,-0.8866391692045981,-0.2417657362715306,0.599841997279881,1.434001003730461,3.356623773940828,0.7467815711570148,1,0.4927910214443063,3.481171972966324,2.4224364854339346,2.4224364854339346,-7.47344350068917,2.4224364854339346
426,-3.1367047689387304,0.0206365452742194,0.5304612767681745,4.936381858640006,0.4337496859609622,-0.7166188148406681,1.5391855073761047,-0.2763352950442173,5.606639424115808,0.7154573682280062,1,1.5488751644960774,2.090283329418498,1.5598220526503241,1.559822052650324,-1.2919602441064322,1.5598220526503241
427,-0.8499243608335537,0.0788998460358154,-1.472138912541994,2.7921352477364296,0.2750022982918108,0.0656098423752979,1.659699112724491,-1.4089607467920393,2.497983430493732,-2.5678021647452685,0,1.8547504923032025,0.2664600462183126,1.7385989587603066,1.7385989587603066,0.8656936733427399,1.7385989587603066
428,-0.3176271613537453,-0.3421993660768465,-3.93998061490926,-0.1321024068169658,-0.342017345804775,-2.732943720300225,0.6529091189910079,-0.2318685066257899,0.5008851504960352,-0.6382814548875045,0,-1.0375491158628507,-3.629270861995099,0.3107097529141614,0.3107097529141614,2.396592557965539,0.3107097529141614
429,-2.648568538426169,-0.4967737621102328,-1.4526031034090472,-0.3327188272938322,-1.9259778184451013,0.3654230252969705,1.2026804488105836,-0.2469183274894546,2.19074920041287,-1.4700278348355853,0,-0.015708421833161068,-0.7466964167086965,0.7059066867003507,0.7059066867003507,0.7656148834260605,0.7059066867003507
430,-4.164716315673034,0.4349903642884263,-0.2125143706977994,-3.954609088145432,-1.2512279153776755,-0.7357775093776784,-1.0869794559856567,-0.8097354673898115,1.377174447012949,-0.3328846024054421,1,-0.559547388170869,-0.8645034623950298,-0.6519890916972304,-0.6519890916972304,2.790458595353496,-0.6519890916972304
431,-2.049770824240765,0.7932715914672475,1.340022773754218,-1.113158765235034,-0.6018971609326136,-0.1110257015602282,-0.4343629072476926,1.3451171736117884,1.7270977434797885,1.8501075428503408,1,-0.704093314118809,1.6989314579737729,0.35890868421955485,0.3589086842195548,-2.932171005339024,0.35890868421955485
432,-0.8128809901543105,2.2452606524158685,-1.5458536444194944,-1.909769565535528,1.2377381057492252,2.5661931720469067,2.0788922613607297,0.7229969346243232,1.8131441771230945,-4.544475536563216,1,7.794997275985359,2.778299269357104,4.324152913776598,4.324152913776598,0.6901852134205884,4.324152913776598
433,-1.0511751109152576,1.2491338092891182,2.4183289162470496,0.7237613596846733,-0.0178621548877335,-1.734964051940159,-1.5267754555790187,1.0772936730156928,1.584222069083145,3.3147574889534965,1,-3.298458057555603,2.140687269957149,-0.2776416462899005,-0.2776416462899005,-2.55281874317443,-0.2776416462899005
434,-3.0525958692007924,-1.6968336341969414,1.559541228170798,0.3712991279089856,1.6371217900017057,0.89790394363794,-0.3508531191421943,0.6232358966388174,1.2064548441962786,0.0083218206145523,1,0.5985952565378816,-0.48814552516833754,-2.0476867533391356,-2.0476867533391356,5.305212199596296,-2.0476867533391356
435,-0.1532366244179195,2.007079057256681,-1.1182665429681151,2.0204398499374143,0.7958638123412264,-0.3212188439919925,0.9932666036191607,-0.7178532143540355,2.351207279292185,-3.4808445430767145,0,5.244795019697973,1.8820791179077263,3.0003456608758414,3.0003456608758414,-1.6513968740962928,3.0003456608758414
436,-0.9878283762540484,2.199472292039206,-1.5244258387047167,2.2368138227937253,1.1523486389619255,2.1818802809833464,3.9617121379139073,-0.682074798023783,5.153042659419883,-2.0548636080649296,0,9.514116823452765,4.636758591248396,6.1611844299531136,6.161184429953113,8.250152435992526,6.1611844299531136
437,-0.7128169594150513,0.9595436055790186,1.4672473089305509,0.3369292978025895,0.2424501806358193,1.4211575258493616,0.4570777731189784,0.4137542029473876,1.4896873272890518,-0.1532400618565534,1,0.008733605610664164,2.883868687628548,1.416621378697997,1.416621378697997,-5.499457748734473,1.416621378697997
438,-2.035572939037155,-2.1588539558656588,-1.2407676406009385,-3.030163553972593,0.6927757697082377,-0.2141556917860909,-0.8580642118970319,-0.8644303136735378,-1.639256679798086,-1.0156292506157698,0,-5.695554296984126,-4.257685808363629,-3.0169181677626904,-3.016918167762691,5.332242038643358,-3.0169181677626904
439,-1.4447380779102157,1.5344491079449465,2.2525858216750043,-0.2010097745468455,-0.957927839495268,2.8892665535605118,0.8081521944900908,-1.104145456663919,2.196183025657541,-1.2084547612300698,1,-1.1138770022036077,4.5951871241100415,2.342601302435037,2.342601302435037,-9.741156761724573,2.342601302435037
440,-0.2911803670179791,0.4034633930158395,-4.047355012801971,-0.4384180072301509,-0.6638331028256903,-2.877586032042405,0.5856650788284281,-0.4754847411894428,0.7336323001453795,-1.1464504185434792,0,2.622088058049017,-3.0582265409577034,0.9891284718442677,0.9891284718442674,4.0450612398772945,0.9891284718442677
441,-0.7709807658870256,-0.0084114110126443,-1.1319199297075766,0.6583773770622038,-1.2094353289590587,-0.6822517802129235,0.3693358079452375,-0.9261632634832084,0.9717057716384944,-1.2330899771981765,0,0.3514033531704195,-0.7709955327749833,0.3609243969325932,0.36092439693259326,0.5369590311107776,0.3609243969325932
442,-0.6414140481337903,2.989638610169038,-0.6886287923432368,1.780259744802399,1.4937097590055342,2.438362469564054,3.463310884153652,-1.925567360332877,4.84106374332583,-2.255686644298432,0,8.511700719986107,5.764320701979454,6.45294949432269,6.452949494322691,1.836003309658425,6.45294949432269
443,-0.2774056823241495,2.7364711632326504,2.190155453673216,-0.4748329849642367,-0.1247181582364859,-0.8208876601360711,-1.568030236751492,-0.4265996362860371,0.9263070421734452,0.3952822589948159,1,-4.824856315492321,3.3585963801543746,1.1684409264811584,1.1684409264811584,-8.061615725242072,1.1684409264811584
444,-1.2760971263445862,3.141404489623288,4.564344331554095,-1.442294054730182,0.962210578581098,-1.4217632407199754,-4.232498251212197,-0.2423754581051113,-0.1939435000202636,-0.5941707657330966,1,-15.429545536919552,3.4732505699651854,-1.0910937615889091,-1.0910937615889091,1.193432862807395,-1.0910937615889091
445,-1.1165208305180008,1.9276113462683688,2.935578699728338,1.8326119718364096,0.612171618618584,-0.1879220555442218,-1.2500721831602286,-1.3376741860876842,1.958976268311816,-0.8027962642989501,1,-4.981115646351949,3.613117862836478,0.6775391631081402,0.6775391631081402,-8.386631372293726,0.6775391631081402
446,-1.0407918341936186,0.4461976023479854,-0.3767712755019283,-0.0643599997801436,0.4912740207262828,1.4349095203052136,1.186849257842323,0.966147012409296,1.4674215345457775,-1.8875763072134095,1,1.801161299952861,1.2562755846883802,1.6330468601903085,1.6330468601903085,-1.312596844275263,1.6330468601903085
447,-4.264868041200678,-1.4874136942833849,2.365479302715559,0.0352269895419961,-0.0568368522069497,-5.07124832163634,-5.703056359553267,-2.179788661390245,-0.8817385713394614,-0.5669887169574627,0,-3.672023745433618,-4.824990751121093,-7.190470053836652,-7.190470053836651,48.05875895360174,-7.190470053836652
448,0.917138616142234,1.9034907107537768,2.241252188915736,0.7371807315995396,-0.2628404994623932,2.646551059980756,0.4200390196041058,-2.207547565671355,0.5487647557728401,-2.090616864197985,1,-1.9426729916997902,4.564781919273619,2.323529730357883,2.3235297303578824,-10.978081593699196,2.323529730357883
449,-1.6233758307682795,1.9923614839088812,3.67259471917116,0.578959670448124,-0.1742670344669256,0.8708536111833451,-1.006862205457013,-0.8797173613845565,2.1690617409714843,0.3760127865722573,1,-6.331636986031905,4.658093997623029,0.9854992784518681,0.9854992784518681,-11.94695803978091,0.9854992784518681
450,-2.067158633811634,0.944886052256826,1.6362362324286646,1.7497301518821553,0.1464142918426034,-1.4988866622121493,-0.5808008960075154,-1.4902475232990466,3.02651894514561,2.2192689999907422,1,-1.1819716379697929,2.000321388677975,0.3640851562493106,0.3640851562493107,-3.5731336583432562,0.3640851562493106
451,-0.2558355114009081,4.041757627101143,0.947586278971664,-2.953558866040392,-1.1741423724811146,1.4224159497840276,0.170400134852005,0.4312838168862984,1.461223775395154,-1.3689380108035132,1,0.3822436915830334,5.159744040924812,4.212157761953148,4.212157761953148,-13.172779667290495,4.212157761953148
452,0.1583401925545442,2.8961006476142868,1.7859623725066112,-1.2993564503639232,-1.4500163561675328,4.408025553857202,0.8875550893483465,0.2626419878716904,0.6502340618218373,-5.560071029327361,1,-1.3886710466685117,5.5696181094692445,3.783655736962633,3.7836557369626336,-13.737846593434872,3.783655736962633
453,-3.645473071693763,0.3623673023270477,-0.3116503126217305,0.1065018112545372,-0.1326040782404967,2.5887551480298017,2.3019175375201515,0.0689061331209721,4.072405004611777,-2.7052511745283763,0,2.7772167229013167,2.3526345272254687,2.664284839847199,2.664284839847199,0.39483686552428754,2.664284839847199
454,0.3859861953963124,2.6914477740727927,-1.945945241539973,0.8609292617481478,-0.226527472382838,-0.9157404318459456,1.2662825051099766,0.5558260275751273,2.3398968417059707,-2.036955729467603,0,9.195140267993072,2.011785037642796,3.957730279182769,3.957730279182769,0.8713660547323361,3.957730279182769
455,-0.7023319206995722,-0.3786855588988258,-1.633699889029839,0.8792271946813282,1.1003928922787292,-3.3264119674974326,-1.36526916011538,0.5076118229432475,-0.1490860697940142,-1.2304118719842276,0,-2.3626132745644197,-3.377654608044045,-1.7439547190142057,-1.743954719014206,6.366910651070191,-1.7439547190142057
456,-1.3049281529366337,0.6707643490199228,0.8928516537205744,3.07220862256941,1.8054168464197808,2.5911184548747235,1.6968646679248596,0.6235257988258587,2.9494785980602214,-4.212724211690981,0,1.7687359586655398,3.260480670665357,2.3676290169447824,2.3676290169447824,-3.3476530446376374,2.3676290169447824
457,-2.409621013031107,1.0227032027659464,-0.878316220530083,-2.9275271259572406,0.0076731933215063,1.3149546553242648,0.4077918409862169,-1.6133682362049395,1.0832646278182545,-3.504877384124759,1,2.3287518555295605,0.5521788232220803,1.4304950437521633,1.4304950437521633,-0.9181228696219185,1.4304950437521633
458,-0.9266485751683192,3.173897249746826,-1.1204729164478495,2.0172166192374084,0.0722883471248695,1.2731451276395789,2.7908573196182287,0.3607557546638348,4.78853864811906,-3.2557918996535715,0,9.52102047729469,4.844281652917205,5.964754569365055,5.964754569365055,0.5361142641140191,5.964754569365055
459,-1.263447907431479,1.1915406560077386,1.998227852049243,-0.794836882944112,0.6793813730119062,2.15205471229503,-0.1707210416100254,1.6038660672678655,0.8911181021534597,-2.105816686480234,1,-1.360150111285976,3.019047466446956,1.0208196143977133,1.0208196143977133,-6.391691132479947,1.0208196143977133
460,-0.8378556728174815,1.1739574822461962,-2.706221218521102,1.755153730541823,0.0065486578045392,-0.6250742700943146,2.5960258977454997,0.5870575345945356,3.7419208746701846,-0.5293156176721375,0,6.946972028087962,1.063762161470594,3.7699833799916957,3.7699833799916957,5.082593568399304,3.7699833799916957
461,-0.0004737915053458,1.885568873342515,0.5442759280592535,1.8559824955311293,1.0556942488831498,-0.2523770644071481,0.9976687584105232,0.0770786113814936,2.818447485736152,1.4327106177526303,1,1.8569678832948997,3.427513559812292,2.883237631753038,2.883237631753038,-6.341677988515073,2.883237631753038
462,-0.0049893742179147,3.451783590292582,3.994200395171632,-1.5281228504908049,0.4338352400888765,0.0811847354177317,-2.838538755176127,0.4445919950731289,-0.3093721443641905,-0.8816140854491934,1,-13.173870545277133,4.6074452302880875,0.613244835116455,0.613244835116455,-10.950503181161292,0.613244835116455
463,-2.9027542105122963,0.1824548100967009,-0.1705535079069651,-2.0741905996545595,-1.124165984761934,-0.5433208009453532,-0.4239162229885458,1.1780873685621749,1.4344862573728503,0.235198408947159,1,-0.2103431049953534,-0.41201492079881,-0.24146141289184492,-0.24146141289184492,0.864299605700021,-0.24146141289184492
464,-3.052719096128952,0.981219008309144,2.3341125905794886,2.391627943807248,-0.2625756593156221,-0.4204808822016634,-0.202474382571074,0.3736534056211483,4.073808593267408,1.009955193903851,1,-1.5115310156722228,3.1128572163175585,0.77874462573807,0.77874462573807,-6.140881607868383,0.77874462573807
465,-2.206269168727025,0.7333219395426426,-4.206148106156874,3.081795766961563,-0.3129289671900141,1.3917805447355442,5.996316347372647,-0.3043448710539514,7.1239999554892055,-0.3375667910303119,0,9.81409897412586,2.5234901807584156,6.72963828691529,6.729638286915291,29.787141957305316,6.72963828691529
466,-1.5728114885783824,1.3486328127877143,1.4915515940795725,1.8024437703857843,0.5069157201363107,-0.3259158349827169,0.50653040138462,-0.9544386262909632,3.51773913995742,2.203697624870505,1,-0.15639220756919858,3.3467148082519067,1.8551632141723342,1.8551632141723342,-6.956860396638909,1.8551632141723342
467,2.247063617588715,2.859288723577324,0.538714079072578,0.8522985689360352,1.067997778058972,0.5957922810506817,0.145266831014445,0.67101780491777,0.0765609155699864,-2.386367906318121,0,1.464216463067204,3.543269633664347,3.0045555545917693,3.0045555545917693,-8.067061827587702,3.0045555545917693
468,-0.4099762845046844,2.880782506533864,3.39383597457626,-0.5279521992323133,0.9661396608610484,-0.9350656212614096,-3.031619758458345,0.1654915641331403,-0.0759439591952141,-1.3182671516790512,1,-9.927740557529079,3.242998722651779,-0.15083725192448094,-0.15083725192448094,-3.6783464164568596,-0.15083725192448094
469,-1.961120831317102,1.594538621692318,-2.5409828602407534,2.4090676411608323,-0.5208929039037633,0.5323234980947386,3.734772299186415,0.0466373665659657,5.70729960808844,-1.235266329184789,0,9.381006228590827,2.7883280606379794,5.329310920878733,5.329310920878733,9.882580452965565,5.329310920878733
470,-1.4965671093917323,2.865567695637332,-1.1799902426391606,0.7196088065578922,0.0647913501233811,0.6538545109288768,2.1297492478245674,1.3610067047697736,4.288775782360274,-2.393474145532152,0,8.376658863935937,3.815326700822739,4.9953169434619,4.9953169434619,-0.893469865201292,4.9953169434619
471,-2.0875851004165824,-0.1839921757567471,0.7705122555226825,-0.039166577856776,-1.3099765543749995,1.2944306943678254,0.7410815246311423,1.032974234914031,1.934205294683318,0.1156246874919855,1,0.6988575752152522,1.3276016043970778,0.5570893488743952,0.5570893488743952,-1.1937209007809977,0.5570893488743952
472,-1.942201901540229,0.4997870332860099,1.9856348536281128,2.013769593991784,0.5656329018867201,-1.4396449111431853,-0.3625356655546246,-0.3346038545302957,3.146032900279716,4.018732474280848,1,-0.8551431849527096,2.122886221359498,0.1372513677313853,0.1372513677313853,-3.1211000329758436,0.1372513677313853
473,-1.0081352793608098,1.715171198812236,1.7181284692014949,0.5851418117526196,0.4592041815995292,-1.4937867821214923,-1.0024814369149837,0.9878615824065092,1.9562363209285023,2.263082939074484,1,-2.234194704336508,2.430818231098747,0.7126897618972523,0.7126897618972525,-5.085423427870629,0.7126897618972523
474,-1.932002352728432,1.2593319437489126,-0.3710613402826814,1.1107484710828937,0.591668049693131,2.698791539356722,2.842794349098339,-0.5693514235811376,4.051783132127892,-2.4314440886324578,0,4.569415691755517,3.7310649525645703,4.1021262928472515,4.1021262928472515,0.7155778647618938,4.1021262928472515
475,-1.7421682646409558,0.6043936804904995,-1.1638225775406523,-1.6594558280161384,-1.181193539429498,-0.7081418354494002,0.3056857096668792,0.4513475478646326,1.422007209463139,0.2662517782067595,1,1.6134864012351136,-0.2537431873832736,0.9100793901573787,0.9100793901573787,0.1405145613981731,0.9100793901573787
476,-1.845681302400673,-0.4128607434504803,2.7737808729049087,0.2191447112262334,0.1796953811062069,1.7645064991364685,-0.9264766980979134,0.9772633703031224,0.3520544454547297,-1.5176223378156932,1,-0.19415220819215073,1.434443431356515,-1.3393374415483938,-1.3393374415483936,1.9084383156665337,-1.3393374415483938
477,-2.087202015220297,-1.1831520716384718,-2.799722260972336,-2.4828712948982763,-0.5102911595630633,-0.1290981873655243,0.8307497193853959,-1.4771644163123816,0.2705189233681246,-1.3394031276746854,0,-3.6648995453348414,-3.1521246132254115,-0.3524023522530759,-0.3524023522530757,0.8821748686556363,-0.3524023522530759
478,1.127503393631713,-1.0867217568831162,-4.279851612309669,-2.910437762156703,-2.17554877698757,0.0168103816561937,0.8929095716373052,-0.7228347951782497,-2.668538470682478,-3.2507643666865533,0,-4.844820048574012,-4.47366379755548,-0.193812185245811,-0.19381218524581123,0.8137556225946054,-0.193812185245811
479,0.2665220061157114,2.973320356550906,3.3904452836602443,-0.907650925224349,-0.8192664641893721,-1.099744814136312,-3.1827092238549146,-0.532836268779924,-0.6836438127729206,-0.5958871866253594,1,-10.290268846983023,3.1810564163562356,-0.20938886730400874,-0.20938886730400919,-2.9229095251200885,-0.20938886730400874
480,-1.923141276651801,5.196459170069064,0.4773118309811848,0.2616927935504098,-0.3054994630536529,3.3700184528353763,3.05989629614337,-0.6784947304872218,6.080449015850265,-4.226238022443081,0,5.7760240251278,8.733667297193618,8.256355466212433,8.256355466212433,-10.10738886133877,8.256355466212433
481,-1.2164294647987883,2.5425732335446813,2.371353679519505,0.4684105565881717,0.000223947995788,-2.6077056168607964,-3.3409673731412197,-0.9621412281903848,0.5675388468954657,-1.9859456296021527,1,-6.827734532410524,1.5729595399229668,-0.7983941395965384,-0.7983941395965384,4.35815719525373,-0.7983941395965384
482,-0.5933645239568656,-2.4139350374842827,-0.7937983326054459,-2.2964572810570463,1.8341345643623908,-2.186742905180855,-2.9726659105313336,1.1772087874169148,-3.956823446714636,-1.5525541921210282,0,-7.302778555788503,-6.180399280621062,-5.386600948015616,-5.386600948015617,18.48756523649887,-5.386600948015616
483,-1.5830519658744877,3.2795069383492628,3.080280457184192,-2.708358772683364,-0.0354074390453508,2.6692180355667414,-0.6269535599840319,0.6104398198094931,1.4190555747671827,-2.103011262978072,1,-7.449247753031967,5.732833835549423,2.652553378365231,2.652553378365231,-18.094117578935197,2.652553378365231
484,-0.9587119336480427,1.2599635967267195,-0.5178537102641552,-1.4239903275948689,-2.96675306874073,2.817821295150141,1.0310424354215395,1.5095239926988544,0.6080238575910886,-5.80636956716146,1,2.9434828555109602,1.7731523218841039,2.291006032148259,2.291006032148259,-2.348633027029682,2.291006032148259
485,-4.284293254164634,-1.4704430928063363,-3.806558260769108,1.834477209770492,0.1914507159573525,1.354704133104146,5.494215597630141,1.4336250198209464,6.866973741988194,1.7415892720171384,0,-1.5735547970890327,0.21721424405469625,4.023772504823804,4.023772504823803,20.34809098245099,4.023772504823804
486,-1.1622645414396715,1.6329053752253966,2.4596261774207635,0.8494868130465489,-0.5462640091774649,-1.3701965258525417,-1.557357372964249,-0.8582160317716268,1.6766084346996468,1.6546479100016236,1,-3.9407888038943124,2.535174179681911,0.07554800226114766,0.0755480022611481,-4.201697000972413,0.07554800226114766
487,-2.018670433886298,1.8301610247728035,0.4977846822125,-3.2039867605854604,-0.571902849809924,0.7982917807886483,-0.6267706790744995,0.7917452740087223,0.7647813474384955,-2.1498975496698454,1,0.2923642215840705,1.701175027910804,1.203390345698304,1.2033903456983042,-3.4227500135758326,1.203390345698304
488,-2.93495720227672,-0.7479453807996803,-1.5161421369070471,-2.4738652250001247,-1.0867108113847272,-0.6564075510128953,-0.42704393124193,0.0353714170886391,0.410324969161836,-1.7502691304824642,0,-2.308980819976993,-2.6911314489486573,-1.1749893120416104,-1.1749893120416104,2.914495772265447,-1.1749893120416104
489,-2.633468084221149,0.7704023192505537,-4.479444884795367,0.4470674002985562,0.3353172563973077,0.6262590771193961,5.335153764706468,0.8226824265741438,6.4074792081908925,1.7855618485547873,0,9.556530812158403,1.626111199161655,6.105556083957022,6.105556083957023,24.1831731381443,6.105556083957022
490,-1.973151192068819,-0.6775396093180843,-1.20854167213012,0.4166423159907066,0.073886936124554,-0.9090943439724536,1.3394847796038287,-0.4968761273415282,2.667622528408909,2.947428296826356,1,-0.15688968209392162,-0.5465965018443757,0.6619451702857444,0.6619451702857446,0.8600359539692829,0.6619451702857444
491,-3.4222824431037244,1.3257141467582143,-1.0836266493750175,1.423731754603352,0.8918776345702746,2.163620324290309,3.213861293377666,0.1821706277121016,5.606294803230399,-2.9751326841195214,0,5.976154619016544,3.4559487907608624,4.53957544013588,4.53957544013588,3.7699593610550854,4.53957544013588
492,0.7014331904972964,2.2980562928240653,-0.1538534403369307,-0.4231578132041516,0.3286823494964829,2.2941947681897714,1.6255172860816278,-0.5911468299256105,1.2481805897113056,-2.5398833087313526,1,4.277137445644609,3.769720138568762,3.9235735789056934,3.9235735789056934,-4.6974234033853595,3.9235735789056934
493,-2.851985087725937,0.2601022618433499,-0.6605984167727146,-0.1159979284692782,1.3698682233619108,-3.722647566909071,-2.176541155231494,0.6259320959729026,1.1421266261480254,-1.0029734638204002,0,-1.744615751015425,-2.577037310160859,-1.9164388933881442,-1.9164388933881447,9.40263074633817,-1.9164388933881442
494,-0.33134714888271,1.6558733757886643,0.7321176378091625,1.578318248701867,0.5212299906445413,-0.6049924276196433,0.6957548870639044,1.187427151682,2.7845208940595816,2.2708269357664155,1,1.1393341584590884,3.0837459006617314,2.351628262852569,2.351628262852569,-6.163593405034475,2.351628262852569
495,-0.5239457812880093,2.5810989844990293,0.0172547733094174,1.298531333914441,-0.2736276103932681,-3.357259992124696,-1.5832101647911043,-0.8554826959255813,1.7085456416814542,-0.849849800197787,1,0.9533525418412268,1.0151435930173422,0.997888819707925,0.9978888197079248,0.4489857353059099,0.997888819707925
496,-0.8991221210952682,1.0971384510327211,-2.4946458162433767,-1.3094843758780192,0.2611845412796286,0.3001999436461187,1.8223852786167136,-0.3759282454713564,1.85706653669654,-1.3316034476053935,1,5.656495576357951,0.42487791340605807,2.919523729649435,2.919523729649435,2.713658307371941,2.919523729649435
497,-2.432816825946545,-0.9240983490292766,-1.5022229565358096,-0.7770739286870064,0.2485451051189872,-0.8296909724302965,-0.0128678176820909,0.4021978249123513,0.8849086346879932,-1.4295441077843944,0,-2.325167920719988,-2.439189123247177,-0.9369661667113675,-0.9369661667113675,1.9881191166818235,-0.9369661667113675
498,-1.775654975677239,1.552473834688706,1.2436723860512515,1.1382553832097675,1.0304387856367914,-3.97739210081461,-2.72541402933708,0.2725179902295931,1.542315244810784,0.769080637591324,1,-3.1037090329178136,0.07073219140287734,-1.1729401946483742,-1.1729401946483742,6.599320796283436,-1.1729401946483742
499,-0.5873561290567842,-1.3775789063761763,-4.100662465396576,-2.3521799636849074,-1.67308401250574,-0.954062547430854,0.879784503980331,0.9610934572320832,-0.9415043147844382,-1.517915156330145,0,-6.146780516894695,-4.598456867792422,-0.49779440239584527,-0.49779440239584516,0.221285929133334,-0.49779440239584527
500,-0.4679691971878046,2.335065059606248,2.9922087779718614,-0.7328239279234803,2.602479874874313,2.1069060060477707,-0.4648642834339033,0.6632733812644779,0.9927240659682524,-1.043610670482811,1,-5.116801392316858,4.862409554144206,1.8702007761723447,1.8702007761723447,-13.50351369679324,1.8702007761723447
501,-1.9936436541278204,1.681313178019354,-2.682281755700856,2.272884872218349,-0.3538589628201037,1.2025111233435857,4.125160425146094,-0.4553424231453126,5.812242966103295,-2.063207427169786,0,10.316229266186186,3.1241918474645924,5.806473603165448,5.806473603165448,12.596038745582199,5.806473603165448
502,-1.2468642185560117,0.6944816694986105,-3.6134343385765018,0.4634662545116768,-0.381771196674043,-3.774872887516916,-0.0994384952564506,-0.7418431610084755,1.5572779549784783,-1.905133855070647,0,3.1045070863203756,-3.0183911643343424,0.5950431742421598,0.5950431742421598,4.942699916509266,0.5950431742421598
503,1.3633804900839994,-1.433203932760435,-1.829196313713482,-0.0143095287628518,0.3820337057160107,-2.9797411279327304,-2.359573447475416,1.089272246931099,-3.73021166066546,-2.7872428304054933,0,-6.414388730840903,-5.621973693949332,-3.792777380235851,-3.7927773802358504,12.36072657761115,-3.792777380235851
504,-0.7106011741996052,-1.6768230137794813,-2.177939886378912,-1.9187251510026329,-0.9501045691456492,-1.4024004873124702,-1.2543819877643898,0.596081494132487,-2.3900069311040304,-2.828135528533843,0,-6.583224725652299,-5.109144887922783,-2.931205001543871,-2.931205001543871,5.961804336585968,-2.931205001543871
505,0.177098370967734,1.8451606536086604,2.991743663635721,2.068932754626175,0.8185946183432132,1.4155176383266848,-1.8017824041026225,-0.8476272124968842,-0.3707978056030034,-6.577530208804394,0,-5.476869444317618,3.035121913141759,0.04337824950603797,0.04337824950603775,-5.352328024737627,0.04337824950603797
506,-1.328005788292438,2.119617313189576,2.291867978656017,-2.02970606738011,0.0853439555205099,1.0307937848032551,-1.0043704832546287,-1.737686198245343,0.8449530934261135,-0.5269392492376807,1,-3.7426362171691445,3.407114808590964,1.1152468299349472,1.1152468299349474,-8.371484617996867,1.1152468299349472
507,-0.8885465091315329,2.8444291905075216,1.987522102947329,-3.0790765076685087,-0.734975101257266,0.2899088294208436,-1.747792245577405,0.3710537382153631,0.045403210660047,-1.090543348184473,1,-4.556728941472161,3.0841590478774457,1.0966369449301165,1.0966369449301163,-6.779384145509332,1.0966369449301165
508,-2.4624174323823325,-1.9664074463013923,-2.0346538480111254,-2.018070187406243,-0.974452547610296,-1.6489041890311384,-0.7869571424481343,-1.424971171815412,-0.5778738401486965,-0.6986865010164953,0,-6.754323066124385,-4.788018436760652,-2.753364588749527,-2.753364588749527,4.159726092185453,-2.753364588749527
509,0.4548561600745588,3.092212894449738,1.570473718068142,1.6059649711152253,-1.258264629367288,0.9339993158475348,-0.5304047234479833,0.97048845961338,1.0848221322134666,-5.191082481527266,0,-2.2944309104029768,4.132281889069897,2.5618081710017546,2.5618081710017546,-11.26899997082045,2.5618081710017546
510,2.17685227110047,-3.2398988177837404,-1.755915077744528,-2.519557265782205,1.2537347862197346,0.550824662841487,-1.3868159687099653,-1.2896760979610558,-6.2707710481828665,-3.4443950265154384,0,-10.315701971006845,-6.3826298642382335,-4.6267147864937055,-4.6267147864937055,7.243615997287758,-4.6267147864937055
511,-2.484348818418613,-1.2967768149394563,1.7527429531424028,1.6643894160231971,-0.3009352929701331,1.2448246782640342,0.6529023599494849,-2.52345736251247,2.344570757703281,1.4263360771566984,1,1.6290419691936102,1.1088684981524315,-0.6438744549899714,-0.6438744549899713,2.2342038726487283,-0.6438744549899714
512,-0.4575314508686228,1.38498671076462,0.546173459724101,0.7751282688529879,0.3588480726789188,-3.467590309636223,-1.5587125089061593,0.2881500415402546,1.2764772671897,3.008485239429929,1,-0.9301687816317545,0.3724476615825618,-0.1737257981415392,-0.1737257981415392,1.4744198384892955,-0.1737257981415392
513,-1.535425538847654,-2.34715893027468,-1.238761778665706,-2.9610916539765326,1.1127981956129065,-1.2728762178520054,-2.036657271574407,-1.038540857035756,-2.9298313965064886,-1.822516616094217,0,-7.291386973127245,-5.622577980514793,-4.383816201849086,-4.383816201849086,11.246796252942628,-4.383816201849086
514,1.1974218673294903,-1.6672580220767728,-3.1709811782871737,-0.4518824533099026,-0.336544921209111,-2.3144982339841067,-1.189789111240717,2.1353211239759577,-3.334076344880227,-3.5278324343803957,0,-8.143890940671238,-6.028028311604664,-2.85704713331749,-2.85704713331749,5.013829766795381,-2.85704713331749
515,3.116857318809036,6.248765732636021,-0.42611309432491,2.156000634675174,-0.9530404633648498,0.4855648537900305,2.1665741768276887,1.9235134876034543,3.401356196242819,-2.2556069552263223,0,11.078020811508708,7.9892268151387995,8.41533990946371,8.41533990946371,-9.047842158860934,8.41533990946371
516,-3.6500912796706304,-1.3483987925981538,-0.8090566305787836,-1.1812095916022634,0.913711652342591,-1.8359378418404024,-1.3029250347065986,0.2753962341432087,0.7356553973980581,-1.0447505219401785,0,-3.7422548111207146,-3.460380457883536,-2.6513238273047524,-2.6513238273047524,6.7183869474375175,-2.6513238273047524
517,-1.1736056443903125,4.066846224412991,-0.8477839503222325,0.5160666480920775,-0.4134487034717953,1.9351283757057756,3.1262882775634546,-0.9001602278736629,5.280398548644625,-2.3204275212753727,0,10.640941459462349,6.345350551654214,7.193134501976446,7.193134501976447,-0.3169997017140851,7.193134501976446
518,0.0736759528559847,2.662637907771481,-1.3909866354519398,2.438257809368256,1.1206857064225952,0.4554366995294965,2.5455974879796748,0.3852126522593542,3.9169254941786655,-1.969158621354189,0,8.911929140509,3.8172487602992153,5.208235395751156,5.208235395751156,1.158276159515904,5.208235395751156
519,-0.9482252011892444,2.0646358963409592,2.154102408769477,0.8735329922510808,-0.1271993839824429,-0.5791056123475667,-0.8930620100023929,-0.2796127199046768,2.0001428687059444,0.5874605092925037,1,-3.275863271201421,3.3256762951080434,1.1715738863385663,1.171573886338566,-8.147127585277083,1.1715738863385663
520,-0.4687893060265693,2.182682224926107,0.1932533344754254,1.7596370312348857,0.4120834648714601,-0.519163711393284,0.972044351797106,-1.2084822042690762,3.231929489311805,0.6345087524653383,1,2.7329159586560023,3.3479799111986384,3.154726576723213,3.154726576723213,-5.979646884128405,3.154726576723213
521,-2.903634593701645,-1.4724625347289355,0.2582031665090303,0.2425978271940272,0.808988609229009,-5.034894436930392,-3.628629411266153,0.2809284969478263,-0.2658367114925926,1.411929933186738,0,-4.720897456962165,-4.842888779486058,-5.101091945995089,-5.101091945995089,23.491126618819816,-5.101091945995089
522,-0.690266844657963,-2.932223052493212,0.8506506740682371,-1.2081900977788116,0.8048559381800797,-2.041978159683751,-3.7705609494769456,-0.5297677059230407,-4.242873139526545,-1.1282748388764,0,-4.208486485848383,-5.852133327901921,-6.702784001970158,-6.702784001970157,29.26634471971434,-6.702784001970158
523,-0.8548147469243746,2.179534654392734,1.9127790418920427,-1.334819538719359,1.0371714725320045,3.46359179300342,0.4045186194410817,-1.7101751013917943,0.9657988414846668,-4.086908524324037,1,-1.5849149341660218,4.496832315725858,2.584053273833816,2.5840532738338156,-11.086218484084993,2.584053273833816
524,-2.8305645923100715,0.921206906825188,-1.384692135869105,0.5531330248331201,-0.1435815887121344,1.0907585001052067,1.706075035860685,1.357619633050139,3.4506752655956685,-4.275496717702439,1,3.9028699020750146,1.2425898068167684,2.6272819426858733,2.6272819426858733,0.316408237873538,2.6272819426858733
525,-2.533451913304342,-0.3656807448431396,-2.986921310419545,1.3611723608265125,1.794524848392212,3.1438874159538868,6.05750463676007,-0.7148072589914705,6.188417001648001,1.5194956600859988,0,4.599564282334865,2.704902581497386,5.691823891916931,5.691823891916931,27.20437634137337,5.691823891916931
526,-2.920325370893037,0.2458681815870471,-0.3326987819371347,-0.2991560246908402,1.2592837114361684,-3.011562613882852,-1.8615899866676968,0.5918011911450157,1.3015401278822696,-0.757099272773519,0,-1.5339217605495408,-1.9484205870177844,-1.6157218050806497,-1.6157218050806497,7.111459715090978,-1.6157218050806497
527,0.6152742823054287,-3.178354779665825,0.2238273909300667,-1.5673358725552071,1.4224229552858216,-2.5728124096224505,-4.593619581202922,0.7344258528096671,-6.326922274601436,-2.807750916127248,0,-7.060571503086038,-7.5481469699386805,-7.771974360868747,-7.7719743608687475,37.13286504540105,-7.771974360868747
528,-3.319633692455431,0.6150002704135518,-2.6946443363026336,-0.2807839603697757,0.28191802075105,-1.901068301118645,1.1628869970244011,1.298693290993424,3.7777357209009543,-0.3369610462895742,0,3.435094262932418,-0.9167570688646807,1.777887267437953,1.777887267437953,2.1483829647696226,1.777887267437953
529,-7.019415448828856,-0.08021179379189,-6.178505402416697,1.1959784986848856,-1.015581379650545,1.9196798433363595,8.554525359531064,2.305636837367189,11.677218359536408,2.137989221942611,0,7.978724564458449,2.295808163322478,8.474313565739175,8.474313565739175,61.914193396517696,8.474313565739175
530,-0.6751353160724178,-1.92936465344009,-3.0721229881639283,-3.305977233609735,0.4931956884898786,0.4509499687630314,0.7816348807135475,1.8307438248312615,-1.720605008815819,-1.2027806076196377,0,-7.074975277110773,-4.219852760890471,-1.1477297727265423,-1.1477297727265425,0.05129011598086364,-1.1477297727265423
531,-1.7893079147115458,-2.4757216292588984,-1.0205136617508792,-2.335697255933723,-0.5270661182397741,-0.9272195101431514,-1.5708817792125234,-0.0354201406915095,-2.2208550490975774,-1.3458452566053498,0,-6.573111153822272,-5.0671170702223005,-4.046603408471421,-4.046603408471421,9.054882297604774,-4.046603408471421
532,-1.4526482723112926,3.252239245203557,-1.2318938595508675,0.4851199010776079,-1.227828566056992,1.0115229741267768,2.69477226379867,0.0586089173717927,4.863963024320889,-1.6042651324761508,0,9.953425064958836,4.71511764945136,5.947011509002227,5.947011509002227,0.6060819512416313,5.947011509002227
533,-0.0030879779379342,2.3080866394473123,1.492462873334879,-1.477732318385138,-0.8212863840728593,2.6534825339706263,0.0057417679058798,-0.7591835461675044,0.1532948902840066,-3.8308309374631135,1,-1.1309052104621884,3.806291280688071,2.313828407353192,2.313828407353192,-9.564820337957958,2.313828407353192
534,-2.736595800027782,1.4261524309503508,-1.4925621023345044,1.9718129804677744,1.1685803642733814,2.244640336073425,3.870043195949664,1.024774112281728,5.836982505787752,-2.3896526912734863,0,7.424816697488734,3.8036335245655106,5.2961956269000146,5.2961956269000146,8.006026257639483,5.2961956269000146
535,-2.6581154692755256,0.4903893065295728,-4.020199052829569,1.5484912843397425,-0.7710421571412046,1.3191351673220817,5.445859330090609,1.1971785314619128,6.487080381394034,0.3709087879894257,0,7.907711262248118,1.9160495837906124,5.936248636620181,5.936248636620181,23.77654824835208,5.936248636620181
536,-2.6191920346565203,0.5625086201288425,-1.2961785909636938,1.6218789922894308,0.0239800190155929,2.320108363019566,3.5868606132042204,0.1030782215308481,4.973577670691423,-1.6335087442226432,0,4.8784808639765975,2.853190642369369,4.149369233333063,4.149369233333063,6.5921208134968605,4.149369233333063
537,-3.2460664180371417,1.2487890122797942,2.767197216801676,1.009986382804885,1.0654247235975804,-2.29625667591645,-2.418611679370575,0.5161630229264693,2.57654764933283,0.9658970694836227,1,-4.625468146243942,1.597374549710895,-1.169822667090781,-1.1698226670907805,1.9664850938144802,-1.169822667090781
538,-0.807713585290579,1.071616064941912,0.0353408865947022,1.51178986823136,-0.5098939528656328,-0.5553684607031393,-0.5638654567236611,0.3624498815945265,1.0283669496894872,-3.925899685253281,0,0.4698787463940779,0.5430914948129532,0.5077506082182509,0.5077506082182508,-0.7707697115691943,0.5077506082182509
539,-1.775159375659333,-2.1159892484075185,-1.266791576363384,-2.479679763900949,0.6467439354186445,-1.210002909752068,-1.5572764644781234,1.315821840016223,-2.030687494312787,-1.3727935051194708,0,-6.353783068443774,-4.940057289249026,-3.673265712885642,-3.673265712885642,8.35791563339402,-3.673265712885642
540,-0.5459444229296732,2.362998796200767,2.02636252771648,-1.597843070007994,0.0217130184848427,1.3393334844928024,-0.5905033729324767,-0.4198469958312289,0.7169598864515105,-0.9926938049480382,1,-3.0157967903920957,3.79885795098477,1.7724954232682901,1.77249542326829,-10.010951354468814,1.7724954232682901
541,-2.6661672451849068,2.322941790890173,2.0829363589395484,-4.144270516628836,0.2257880340855212,1.0654887689896255,-1.9210046179425413,-0.8043615017626171,0.2906200650609319,-2.8067908233038508,1,-4.4366027429976596,2.48487353188718,0.40193717294763176,0.40193717294763154,-4.035091878623534,0.40193717294763176
542,-1.073323628871867,-2.2832597921562097,-0.1505565833742905,-2.278216067823021,-2.767325422602398,-1.8421755371079949,-3.4917721677572184,0.8603325594167204,-4.059023259011206,-3.0406061671187885,0,-6.11879175317636,-5.925588543287718,-5.775031959913428,-5.775031959913428,23.54933358146216,-5.775031959913428
543,-6.142636438057404,-1.316074272778224,0.2371983819938981,-1.1305460931044071,-0.3471614824184498,-1.8122971571990252,-0.8507632993232729,0.6879020828923982,3.4875984188654403,1.8082137272170509,0,-1.8546668840147063,-1.9296391901075989,-2.166837572101497,-2.166837572101497,5.132445641771307,-2.166837572101497
544,-0.9190541957565546,-2.3144677408253456,-1.218405733098151,-2.2016169222983955,-0.2856865480922635,-1.7446072565015556,-2.4959923306248624,-1.0236597461307144,-3.495911650641542,-2.7117755868785243,0,-7.630420835942536,-6.028865804548359,-4.810460071450208,-4.810460071450208,14.249342826044373,-4.810460071450208
545,0.4041611994694956,3.3728810329244623,1.2869146027951857,-0.8315695618906704,1.352759030614763,-2.969290166286336,-2.9726627142505317,0.4572248119493435,-0.2789736373544497,-0.8866758865343645,1,-3.94039153608747,1.6871329214691162,0.40021831867393054,0.4002183186739301,2.4087625177908922,0.40021831867393054
546,-0.2774641063418113,3.975963968941702,0.3747757913717442,1.4126694443072425,1.295207072669644,1.872417394426184,1.971574685351168,-1.4921020171453638,3.967917981330559,-3.363314262804167,0,4.457443611367203,6.322314445664614,5.94753865429287,5.94753865429287,-9.872841402965596,5.94753865429287
547,-1.666696850812276,-0.3224429071667454,-2.311006794779303,-0.8267687407813089,-0.1702237919711792,-2.453902073094403,-0.4979029749150218,0.2893389056429845,0.5228896274621243,-0.9410612585193197,0,-1.5655136314725082,-3.1313526768610704,-0.8203458820817672,-0.8203458820817673,3.4544381819813257,-0.8203458820817672
548,-0.5912977637649521,3.126454054074994,3.5704554913991724,-2.6385055837609084,-0.3592853043064165,-2.7375354049244085,-4.45314693644403,1.0896295229091613,-0.9495921992843588,1.528583452852096,1,-12.489557928348304,2.2437626090301364,-1.326692882369036,-1.326692882369036,7.750582864920485,-1.326692882369036
549,-0.3743656634703325,1.3494484556586777,-0.395912883148483,2.853299568567964,1.8641995258873496,-1.7256577718262052,1.0479662187595642,-0.6964610897866884,3.4160467738937057,2.193965055694903,1,2.9316787031583362,2.001501791269759,2.3974146744182416,2.3974146744182416,-2.7664192412866866,2.3974146744182416
550,-1.5767260357634736,-3.110046446956072,1.971172511651292,1.926249133177203,-1.308684130989139,-3.770849948724794,-4.174200506652238,-0.8489046563704645,-2.2209861693900006,1.0563048292812107,0,-1.153808887409732,-5.313074441957018,-7.28424695360831,-7.28424695360831,36.15170933149971,-7.28424695360831
551,0.0318483109077016,1.4148373589126615,0.4330263089705777,1.6650622716675392,0.430362641506498,-0.8632038534737002,0.8636064390962174,-2.061405424022905,2.6258014913237,3.1298501763666344,1,1.6657819986852485,2.7114701069794567,2.2784437980088788,2.2784437980088788,-4.8567596226635175,2.2784437980088788
552,-4.122754898043542,-2.777183172277001,0.732899343881996,-2.1360459283964603,0.1884535964292827,-1.1543095487687098,-2.3945176530155,2.268991611659453,-0.7917783825429475,-0.1157680576389845,0,-3.1363051004905667,-4.438801481410505,-5.1717008252925005,-5.1717008252925005,17.379612822107795,-5.1717008252925005
553,-1.0009032568520508,-2.724162367084257,-3.883337787215171,-5.124146620691281,-0.0750270003968008,-0.076016674990256,-0.0107447772763547,0.4404944961633377,-3.2507388531859776,-1.8441385154366536,0,-13.313749802968434,-6.6182449315757825,-2.7349071443606117,-2.7349071443606117,-1.225575132432708,-2.7349071443606117
554,-0.7786746224391424,2.002196463562486,-2.2109470677300225,1.282479674547263,-0.0102056003909326,1.857718993231342,4.323993375883226,-0.4866311881892691,5.015303202670174,-0.1976144597028633,0,10.75294023957861,4.115242771715689,6.3261898394457114,6.3261898394457114,12.682236503653513,6.3261898394457114
555,1.8012985858554056,-3.0030161349683637,-2.320052686963128,-2.6357059717164244,-0.0601544994051276,-0.4180565278177703,-1.6130470726464572,0.7796961821794943,-5.933218334529914,-3.427499265985399,0,-11.583218860541802,-6.936115894577949,-4.616063207614821,-4.616063207614821,7.186944307839095,-4.616063207614821
556,-0.533957523713017,-1.970857357310059,-0.6057192529761718,-0.2208862258077071,-0.1616437944786109,-2.150573302889294,-2.1681001305913328,-1.1627104393277614,-2.361986175064541,-1.3505759955652523,0,-5.3327437340938335,-4.744676740877564,-4.138957487901392,-4.138957487901392,12.390506158856669,-4.138957487901392
557,-4.510984639199796,-1.2406780084089464,-0.3499238247883129,6.952914214008866,0.123419133500961,0.6336211685821325,4.5309969577422375,-0.2812035954027669,8.839995721484385,3.0370235249281503,1,2.856176155300086,2.9403951245449784,3.290318949333291,3.290318949333291,13.865076563157936,3.290318949333291
558,-3.66865642418164,-0.0718910397974528,0.7733092745140833,-1.583093995475903,0.7193276018294383,1.5385153793299633,0.3046103185374122,-0.3288894966708092,2.170098468402524,-1.2310934833299907,1,0.2883132865697908,1.0060285532540427,0.2327192787399594,0.23271927873995946,-1.090366378004707,0.2327192787399594
559,-1.099004360148238,-1.718373515982317,-3.43205964862453,-3.6669679883229023,1.6037018554669304,2.0972609594948275,1.7334786106734088,0.1426884122016302,-1.2388708769350087,-3.473265928175889,0,-5.882455310776877,-3.4169545539334383,0.01510509469109178,0.015105094691091558,0.5092371474365893,0.01510509469109178
560,1.9402651619977476,2.912570785845967,0.5949744436049,3.318152582328451,0.397637501776279,1.259213534847661,1.2338953203949012,-0.4245981660221425,1.7855914027102655,-3.626370558215955,0,2.413560923472278,4.741440549845768,4.146466106240869,4.146466106240869,-9.09831417716279,4.146466106240869
561,-0.7210444684607126,1.3536814246251754,0.4843376806736714,1.865197259177864,0.0308071349979501,-1.2827372774563344,0.3593286844128317,1.130526619537311,2.807809072638781,1.996651795836328,1,1.0573711874640186,2.1973477897116784,1.7130101090380072,1.713010109038007,-4.436879716881817,1.7130101090380072
562,-1.6439291604062285,-1.3027544245405849,-3.025333012392021,-4.052267025547246,-1.4208939852234432,0.6176128127937663,0.2466143558588479,-1.4297242430303712,-1.566618198125272,-3.754429343969923,0,-4.997406036284139,-4.081473081073758,-1.056140068681737,-1.056140068681737,1.2571658226687679,-1.056140068681737
563,0.5342960198782407,-1.8630434857436928,-0.9712948744801372,-0.4728913499584133,2.2331159171321766,-2.3840567177628387,-2.568366807211138,-0.7554608013928819,-3.6247607513226656,-2.2810843015973847,0,-6.2409748815912875,-5.402705167434968,-4.431410292954831,-4.431410292954832,14.621058928137277,-4.431410292954831
564,-0.4755212668715152,2.3174769715196573,-1.5035680893120436,0.929126810482662,-1.7599588821492502,1.1396127734699986,3.3149621270721084,-1.0126855633684928,4.352329506694043,0.5087087855291745,0,9.116923520684237,4.128871009279722,5.632439098591766,5.632439098591766,4.712148218143421,5.632439098591766
565,-1.497820193107973,1.1737575845902668,0.911237179163578,2.276158398028146,-1.66871386234613,-2.3728100683811597,-0.9227715499627024,1.2227117928319309,2.5678958874400712,0.8636153824147055,1,-0.8185855157763251,1.1622232137911426,0.2509860346275644,0.2509860346275643,-1.6312734654020284,0.2509860346275644
566,-5.26200748562284,-2.1987547380298627,-1.325018095313742,0.5119410614154395,-1.2126571326233138,4.1953431024731,4.316550044492093,-0.8383618800008077,5.189707899668726,-1.6842666956754302,0,-0.795594508584164,0.7927772111484885,2.1177953064622304,2.1177953064622304,12.808641953947577,2.1177953064622304
567,-1.470216658947722,1.3965441218183177,0.7580174458249961,-1.211896913049359,1.1116314741410516,0.7148533335148932,0.1586914451357642,-0.6560347582406549,1.633953426092635,-0.1433163484248929,1,0.49663075875144835,2.313253012779078,1.5552355669540818,1.5552355669540818,-4.901910413176516,1.5552355669540818
568,-0.2330157382069315,2.138151973109052,-0.7651277408064776,0.6333821158211113,2.040133885996919,-0.255141533152518,0.7924806248334956,-0.863189712166828,2.0742605645557126,-1.79737535592746,0,4.566591986628389,2.16550485713607,2.9306325979425476,2.9306325979425476,-2.8321525256562885,2.9306325979425476
569,-2.9825586738805674,-0.7004341528183282,-1.7368454851886466,1.9253773310840263,0.5477389787375606,1.4998356729841342,3.0126781556285707,0.6882597107724135,4.222044825491277,-1.8891645840265567,0,1.095698106815794,0.5753985176215959,2.3122440028102424,2.3122440028102424,4.972041252975281,2.3122440028102424
570,-1.8554556714669093,-1.487967770758463,-1.941423722778272,-2.899111582454816,-0.1820404310856558,-1.3527735625705095,-1.0068576051423714,0.3775547328379105,-1.3163041258049526,-1.058519022230657,0,-5.383601304780816,-4.436249098679106,-2.4948253759008345,-2.4948253759008345,5.05606078273299,-2.4948253759008345
571,-4.288630439043868,-1.8943882748866527,-1.0728186736319545,-0.1888748633723476,-0.9948563524675412,2.240227009983349,2.647577111436728,1.9530596955398964,3.624395622555737,-0.249285170903704,0,-1.2791462798577502,-0.3196298370818793,0.7531888365500752,0.7531888365500752,4.543770445127626,0.7531888365500752
572,-3.430208559329601,-0.3099205692589395,-0.1199278560234651,-0.10151518062615,-0.5545932404325518,-2.0493658565827326,-1.1576002360961566,-0.1825848784124418,1.8690884032077508,-0.340993274435194,0,-1.5046889147638924,-1.5874486613785612,-1.467520805355096,-1.467520805355096,4.3578396639347385,-1.467520805355096
573,-1.421762330942457,3.20272817285493,-0.5492984663788326,0.6276350023151464,1.6772005099660965,1.8043309779402048,2.584988865825369,-0.8065198324565613,4.610579117999784,-2.4388142605157035,0,7.546970712257792,5.238418572301466,5.787717038680299,5.787717038680299,-2.5847145009631447,5.787717038680299
574,-0.0528177562502711,1.914906223587563,2.146305808985554,-1.250945677072513,1.558294956772448,1.092137959564861,-1.05892432174818,-0.8047518137191378,-0.1597389172236913,-1.30737390465142,1,-3.2539924495091936,3.0022877108249366,0.8559819018393828,0.8559819018393826,-6.846923244823051,0.8559819018393828
575,0.2489609838640007,1.0562320174031257,-0.7193232205717797,0.7752632088100735,-0.3005359851787682,1.5553101240551117,2.247042012554969,1.49116640428018,2.0596567379811885,-0.3215949157413387,1,4.06304624638754,2.583950809386315,3.3032740299580947,3.3032740299580947,-0.07825481672787982,3.3032740299580947
576,-0.4086332088325528,1.4215261171806617,2.4807901504183083,-0.2987460578439855,0.0439083018771567,1.794684455661859,-0.6005351500514663,2.017775813175065,0.3714670228508815,-1.6395618449995786,1,-2.7055170229349716,3.301781117547504,0.8209909671291954,0.8209909671291955,-7.288637608293531,0.8209909671291954
577,-1.83555490201772,-1.4017862271288626,-1.2018883553473645,-0.1120237507583847,1.2979165056607622,-1.7577851501154065,-1.0168831001822567,0.226542750930996,-0.231870161855442,-1.547480454253966,0,-4.103459870383615,-3.620557682658484,-2.418669327311119,-2.4186693273111195,5.388487706333384,-2.418669327311119
578,-0.9136554238204516,0.9952929869729992,0.5933234217840309,1.76684494196765,-0.2686216239380641,-1.7466365952403549,0.2112872259482427,0.3886472460333105,2.8513325475769067,3.469372618382039,1,0.6160495722127732,1.7999036347052728,1.206580212921242,1.2065802129212417,-3.55237219648608,1.206580212921242
579,-1.829511063515956,2.4680341159989787,2.255165212214609,0.347368662266087,0.482533709821185,3.369293692244563,0.8833854144561665,-2.161303886302362,2.8871847031354068,-4.216484082357742,0,-2.214405150504586,5.606584742669754,3.351419530455145,3.351419530455145,-13.743459163610737,3.351419530455145
580,-0.1436768001728181,1.9713610923098144,3.895656683572655,0.2722701483202874,-0.8323894449694428,2.6686642065627657,-0.496132074541264,-0.611188502250286,0.8491327621160399,-0.9246730968142268,1,-6.204516997223267,5.370885701341205,1.4752290177685503,1.4752290177685503,-14.279713698712957,1.4752290177685503
581,3.1479685217973783,3.091028611576278,-1.636858300736053,3.342195666055013,-1.5341246934488515,-0.8458813256486768,1.4058868496787578,-0.1761341977107783,1.330742576433449,-2.7889716179170105,0,9.556491301926304,2.860057160518983,4.4969154612550355,4.4969154612550355,-0.3208789470030884,4.4969154612550355
582,0.0766811173947161,-3.720379615780455,-1.276360865966386,-3.283073062855029,-0.1411496723428056,1.4850314580270385,-0.7887817057834,3.287761187388739,-4.728851447209513,-2.399797468061302,0,-9.257708269685088,-5.7855221875302405,-4.509161321563855,-4.509161321563855,6.168313140351433,-4.509161321563855
583,-2.958136109113118,-0.7957391602880817,0.94068058608162,0.4825589750077168,-0.4973695331402628,0.564799559936013,0.6838785768624269,0.574386351133876,2.722711170229321,1.8877953170952395,1,0.6366757962422342,0.8288200026559653,-0.11186058342565475,-0.11186058342565486,0.4992668683289566,-0.11186058342565475
584,-0.7981334573407242,1.867399425914124,1.4444824935773692,-1.6409481548622955,0.0283202636777641,1.3882117956736406,-0.5949515082223987,-0.3920477826671146,0.3713106329756818,-2.3541303331122894,1,-1.4249778615576558,2.7169304112690944,1.2724479176917254,1.2724479176917254,-6.3328368110740945,1.2724479176917254
585,-2.784735118416453,-1.5230951760165503,0.3482008773214946,0.444990517909577,0.1434289370373244,-3.414449280807505,-2.8219533964209047,0.971930343440634,-0.1535185082512081,-0.1612549189962346,0,-3.8147054959043563,-3.99684769511596,-4.345048572437455,-4.345048572437454,16.835660315657993,-4.345048572437455
586,0.1811406136098274,4.192531417262348,-2.1681399249480986,3.5348900281966813,-0.9242684025950716,0.563653698568941,3.434447388462548,-1.4512262989011584,5.4724263397671935,-4.228449441915407,0,16.71697355809063,5.458838880776797,7.626978805724896,7.626978805724896,7.799605929981256,7.626978805724896
587,-1.6474089076589191,2.233059463898061,0.0404342401135171,-2.3021872372912675,-0.192606438760806,0.1904093952939545,0.348065522033779,0.9363801346166222,2.132519294144058,0.4211626769478542,1,2.490832923380824,2.621559226045357,2.58112498593184,2.58112498593184,-5.171826666899567,2.58112498593184
588,-0.8594810517079245,3.4353233475468,-1.4638251018510495,2.123361715144461,-1.5008020152621748,2.0651308624967224,3.77543070213952,1.110911144734433,5.508884673733208,-3.300506552098402,0,12.239466598800304,5.74692894783527,7.2107540496863205,7.2107540496863205,6.324906538250101,7.2107540496863205
589,-1.776087634380786,4.028062987046228,-2.3590238499332727,2.0415728857939213,0.3465270183130004,2.5340197701856484,5.512909961015172,0.6180684939300419,7.864200599053247,-1.9925264635119693,0,19.043269603536913,7.181949098128127,9.5409729480614,9.5409729480614,23.171550847546293,9.5409729480614
590,-1.5848121915257594,2.035398378145417,1.4514421692649764,1.3367223047969845,0.5990841852948223,-2.9908053016698077,-2.5723823862891995,0.2520037612019284,1.4605304673593646,-1.5373522081902706,1,-3.4912470454375812,0.9144581611211939,-0.5369840081437824,-0.5369840081437829,3.2854139510197076,-0.5369840081437824
591,0.3630249334314026,2.061563293431392,2.2476658093678745,-0.0724169589892522,0.809861984870875,2.8186374684212967,0.201654609092419,-0.0980009667833399,0.5184945952415876,-2.8056684518323003,1,-2.3704874259697593,4.510883711891686,2.2632179025238113,2.2632179025238113,-11.367142361540852,2.2632179025238113
592,-2.571129314544268,-0.5835206771368728,-1.4057904397605112,-3.044429152861061,-0.278119864366334,0.3278307211716429,-0.4371306082972578,0.8530151882434975,-0.3349643770417109,-3.4742275971584773,0,-1.8409590747557263,-2.4264417251946417,-1.0206512854341305,-1.0206512854341305,2.817868390017507,-1.0206512854341305
593,-2.810743584853421,-0.8736463583786804,-1.2967942605834215,-0.7426054388884028,0.7077916141550177,-0.1433259946758669,0.9273483923099304,0.1060725763868382,2.033822520099331,0.2442889073467573,1,-1.0792375493938298,-1.2430922266521716,0.05370203393124995,0.05370203393124995,0.9164256501156547,0.05370203393124995
594,-3.022871180608191,0.0478797856411539,1.7960247337149498,4.26045429005538,-1.1907458007366716,-0.1717858378602474,1.0977098927217424,-0.7931346636139368,5.146394508867235,2.051787700007668,1,1.059596399106414,2.941614412077846,1.1455896783628963,1.1455896783628963,-2.9682303611180454,1.1455896783628963
595,-1.471496739067049,2.6152997997743173,1.638052279858456,-3.429952686302542,-0.0041425849441544,1.5403730846578334,-1.1950651027550825,1.0694473881241895,0.1588794851714057,-3.2892904200945745,1,-2.863763102514449,3.0582869768776906,1.4202346970192348,1.4202346970192345,-7.334338873607593,1.4202346970192348
596,-2.097596011648562,1.422924735825554,2.7978296257298947,0.6345295913305684,-0.5326067566734964,-2.29027808171982,-2.597065761878452,-0.7748021781355291,1.5723070113968156,1.401754931688473,1,-5.155242007129518,1.6236885996769965,-1.1741410260528982,-1.1741410260528986,2.3141020168205895,-1.1741410260528982
597,-4.059670185337904,-0.0475287131686004,1.2105231082053347,2.099052615469267,-0.2847955566474331,-5.089922648922556,-3.274174768120234,0.7911400043558836,2.4655299999131284,0.9001814556264596,0,-3.2641688756949803,-2.1111803730834997,-3.3217034812888344,-3.321703481288835,16.210638872161375,-3.3217034812888344
598,-1.6096154923657562,-0.7004223253926902,-0.4073757861327762,-0.1286381705929475,0.5286348153345591,0.620306927749412,0.5721145105599162,-0.5963246890919207,0.9665596818471028,-0.930607383213715,1,-0.41364291026456834,-0.5356836009655501,-0.12830781483277398,-0.1283078148327741,0.7059713335597425,-0.12830781483277398
599,-0.0933618934928965,0.2859208764643981,-4.789321899228881,-1.3467304300342111,-0.2105349403529919,-0.4631608115782752,2.427619607855504,-0.0381345688246403,1.0076037200185195,-2.035850682442428,0,4.08290759941756,-2.0757814149089784,2.7135404843199025,2.7135404843199025,6.624945006131247,2.7135404843199025
600,0.0772981075506655,3.1483757797715506,-2.531720717371736,1.7283879421425927,0.3666062470138049,0.2727153186359596,3.062495305285446,-0.723168438829393,4.2291219526903685,-2.392144467477078,0,14.181679272776027,3.67915036768526,6.210871085056997,6.210871085056997,7.459664229872171,6.210871085056997
601,-2.1903486708765576,-0.9145251784696192,-2.4599739509902543,-1.740040499363367,1.6009079918889153,-2.078370988252418,-0.0857964260581344,-0.3198322641280793,0.6569817435071523,0.5356639402249717,0,-3.2500297210877305,-3.460295555518008,-1.0003216045277536,-1.0003216045277536,2.2182700702101337,-1.0003216045277536
602,-1.5204019786526517,1.182530703725272,1.736249013404139,-1.0058923567817182,-0.2517786739263792,2.8256963596654887,0.3174844615169706,-0.0494665713232515,1.1559298107849625,-2.871695313605584,1,-0.5531526024208633,3.2362641786463815,1.5000151652422424,1.5000151652422427,-6.6886507282470085,1.5000151652422424
603,-2.291388440184318,-0.2505973946754731,0.1253422098311141,0.4107920933540361,0.7009723227039657,1.6234060322661057,1.4585006741091042,-0.3525930970644072,2.544516755904995,-0.6867001246587369,1,1.2393137106601748,1.3332454892647452,1.207903279433631,1.207903279433631,-0.3825141210951213,1.207903279433631
604,-0.8763787092611031,-1.9958974259924616,-1.2595367671757072,0.3004705655327648,-1.063258686531278,-2.180906629969931,-1.100911107683363,-0.4596052987574804,-1.0337350151472071,-0.1292034528637857,0,-5.610714725224685,-4.356345300851531,-3.0968085336758246,-3.0968085336758246,6.151252909999105,-3.0968085336758246
605,-1.1556054831163474,-0.2844818892558693,-1.928586646288654,-1.1684270753392414,0.163427820386131,-0.8740151663404733,0.0120826481852579,-0.0617760622705607,0.0860409396893386,-1.7944170830987642,0,-0.8210472138004485,-2.2009858873592654,-0.2723992410706114,-0.2723992410706115,1.924883146087208,-0.2723992410706114
606,-0.629046366322799,2.712009782993824,1.2442781720560454,0.3114976521079116,-0.8456893114465224,-1.7471877338619684,-1.4881639408324108,-0.6866045318482008,1.477505281338703,-0.5538306641661421,1,-2.150648733220255,2.4681240142174588,1.2238458421614133,1.2238458421614133,-4.85183251696669,1.2238458421614133
607,-2.397664047664766,-1.094032712909521,-0.1019450300808277,-0.9369281642683456,-1.681376891715264,-1.94999755121761,-1.9742214778407985,-1.1096093679030308,-0.4144013158309066,-0.9591359323783116,0,-3.17978538857729,-3.1701992208311474,-3.0682541907503196,-3.0682541907503196,10.024472657322402,-3.0682541907503196
608,-0.7423393015799549,1.38814286832118,-0.8081158506866203,2.070777036986658,0.5809995399616921,0.4350619726966158,1.5114505959871536,0.4076897368371771,2.839465290478111,-2.667733417629476,0,4.021373719216269,2.0914776136217137,2.8995934643083334,2.899593464308334,-1.584807918912189,2.8995934643083334
609,-3.104031494540872,-0.9387712954492604,-2.5187256171630303,-2.933652946114908,0.073219450312465,-1.2855043015836307,-0.271354298487274,-1.1151262626634877,0.4192403122447009,-1.53335316661493,0,-3.57463290444191,-3.728851211099565,-1.2101255939365343,-1.2101255939365345,2.6481026498382434,-1.2101255939365343
610,0.8078954558722047,5.727646153246638,-0.1125439779248138,1.1810407344303964,-0.8034342741712571,-0.3947020770777536,0.2503924205713159,-0.3171028325739657,2.9087898660972136,-5.367404418364075,0,6.622650656050088,5.86549459589314,5.978038573817954,5.978038573817954,-11.136224723199398,5.978038573817954
611,-2.6746895410261127,0.8066675760581883,-3.4473395163143024,1.8823000096824356,-1.0981863837781498,2.10881157383132,5.537828870901598,-0.4638544295059457,6.676972073299241,-0.7008312165153658,0,9.125353458434653,2.897156930645484,6.344496446959786,6.344496446959786,24.20675223726086,6.344496446959786
612,-0.7997543174303664,-2.294660256313974,-2.2984562501097674,-3.8953350018496953,1.0750212145109097,-0.097413012267103,-0.7357645487704016,-0.2246799016298701,-3.1133175389689915,-1.853216938669448,0,-8.304601013087709,-5.3288810551941435,-3.0304248050843756,-3.0304248050843756,3.6264791235024973,-3.0304248050843756
613,-4.096008519136317,0.4430086209619421,-0.9314744284129524,2.1348882673275944,-1.249564911924005,3.832925636676421,4.550550592938201,0.5368074692249037,6.599259374496843,-2.8788556118300246,0,5.406210415892679,4.06208478548719,4.993559213900143,4.993559213900143,12.06451790149542,4.993559213900143
614,-1.9488411061937665,0.1295531429314314,0.5233925329467478,3.391441543831043,-0.8593992108172007,-2.6969670913642427,0.0008831484523422,0.7172635437832151,3.681847500853229,3.389236169211713,1,0.06262914375367962,0.6538288243305214,0.13043629138377358,0.13043629138377355,-0.8520714833932,0.13043629138377358
615,-4.802292643947887,0.1579540614727865,-0.2436073554319018,-0.328456125237442,0.5484632735405707,-3.7608347453900186,-2.387931653051634,1.0033658927291456,2.379087968975232,-1.3015608859267245,0,-2.191498820383734,-2.473584947010749,-2.2299775915788476,-2.229977591578848,10.444258889430621,-2.2299775915788476
616,-1.3263784490828046,1.444989238364757,-2.1017057446416265,1.428422777101418,0.1033819962120951,2.4447591241564304,4.579879367145073,0.4700136612466614,5.215395010520265,-0.5715987301813461,0,9.061810788726367,3.923162860868203,6.0248686055098295,6.0248686055098295,14.064205734439659,6.0248686055098295
617,-2.627865798450184,-0.0707583379508998,1.3895808073033962,-0.8205139835610532,0.8695725186534211,0.6144583959945873,-0.3599591230883051,1.0733665824449723,1.5212816941988,0.3830791444301913,1,-0.332393032665947,0.9588633462641913,-0.4307174610392049,-0.43071746103920483,-0.3002508865572271,-0.4307174610392049
618,0.0592114114610902,3.480651623318524,1.8444575592378356,-0.4669657982528266,-1.08318844666605,-0.6978416073719926,-1.429215502289554,-1.2770845623311189,1.0102742805670604,-1.011796929907256,1,-4.368478076674325,3.8958936802668056,2.0514361210289698,2.0514361210289698,-10.324587047014287,2.0514361210289698
619,-0.4706074918560292,-0.7892461321849373,-4.632538304070852,-2.7977955006023327,0.8594142547594531,-1.0117613427729766,0.9677331456960988,-0.0042629376438761,-0.9166309501621852,-2.5043701971366503,0,-3.477725925175328,-4.454051290559691,0.17848701351116147,0.17848701351116136,1.5558587796409062,0.17848701351116147
620,-0.5773920209421498,-0.098868177623526,-3.363794927050953,2.8471869453049745,-0.6140381615494112,0.5591917050098336,4.391989887928671,-2.343039101651841,4.397259925136689,0.8098197760330041,0,3.960549435968355,0.9293267832541919,4.293121710305145,4.293121710305145,13.734554407771572,4.293121710305145
621,0.7646468152752268,2.704533198416086,-0.0979197424841533,3.4749706369967592,0.023104346000731,-0.3899257200512724,0.0993189901959974,0.8687983383055493,1.7449446175771086,-5.67600460709982,0,3.06867938294083,2.70593244612793,2.8038521886120833,2.8038521886120833,-5.235093178597714,2.8038521886120833
622,-1.9273475267443756,2.0690623815545326,2.530783502408199,0.4324235344839522,-0.0132830889590195,-2.593684647328117,-2.6544286479854784,0.0134204853884601,1.6985195186250466,0.9895098127984804,1,-5.821715207122576,1.9454172359772532,-0.5853662664309458,-0.5853662664309462,0.4495915370080752,-0.5853662664309458
623,-1.6535223714405527,0.923155466770926,0.8711604503371005,3.387107382575937,-1.5249849401440596,-1.7022016924808938,-0.2489353205430836,0.1411144967055929,3.2193371166464684,0.0065682210620674,1,-0.1299963859354739,1.545380596564943,0.6742201462278423,0.6742201462278423,-2.961848481142214,0.6742201462278423
624,-0.2328424217917746,1.4320740118338842,0.2053193020551615,1.9355581949852887,-0.1353342339231097,-1.337328660628067,0.5370851709243918,-0.3351431387781925,2.632558344056936,2.132873976021409,1,1.6751267461572077,2.1744784848134375,1.969159182758276,1.969159182758276,-4.149209623345898,1.969159182758276
625,-4.787458035166383,-0.6470933710769016,-2.3493974516638123,0.7328211725940973,-1.419877164270929,2.8935398617875543,5.086588358632883,1.542547211374117,6.77627614050049,0.2556416563161812,0,2.9192154705593634,2.0900975358921694,4.439494987555982,4.439494987555983,17.823509089734806,4.439494987555982
626,-0.6112087433337638,2.2514487181270937,1.5824237155203806,0.5076886112414785,0.2944189776840481,-2.31875534897758,-2.174449097479193,0.1817812325871601,0.8984153919326107,-0.2054946087406306,1,-3.4857462251943723,1.6594233361682815,0.07699962064790089,0.07699962064790089,-0.5709399251303804,0.07699962064790089
627,-3.0025487653137866,0.1482456331880239,1.0198843655641072,3.0283778817296554,1.629318517441612,-1.0963484083039516,1.13484468430482,-0.479524994631784,5.111314400975631,4.118351132867865,1,1.1318969139412272,2.3029746830569513,1.283090317492844,1.283090317492844,-2.449385946606506,1.283090317492844
628,-1.437568132122631,1.7248978971446072,3.3839758869025074,-0.7827689015347177,-1.2325890641689152,2.2807514372229143,-0.3103711696116768,-0.6295942318637977,1.631367214334302,0.2278174360020139,1,-4.422486163773262,4.798502614435438,1.4145267275329303,1.4145267275329305,-11.95371197034844,1.4145267275329303
629,-0.3433942778859331,1.7019283037303516,1.543670969242752,1.522940751697203,1.2120907193227362,-0.6541964016282751,-0.1808872668504971,0.5025462464541818,2.140400228788369,1.558413858081107,1,-1.10617627732125,3.0647120061226065,1.5210410368798546,1.5210410368798546,-7.180250153894923,1.5210410368798546
630,-0.5319252805275624,-0.5828203289221667,-2.0644005388453963,0.6291013919218105,0.807739555984151,-3.0976734639917214,-0.7582090829917886,-0.7411626686348293,-0.001495707898941,-0.2665498669135235,0,-2.5442040129909276,-3.4054299507593515,-1.3410294119139552,-1.3410294119139552,4.118165775127583,-1.3410294119139552
631,-4.390184996812906,-0.9575639969574594,-2.498116747521888,-3.1472014006413227,-1.7959827345840234,-1.9818112384817823,-0.3644174715229379,-0.7648492283081031,1.52452473755135,-0.3362141094267006,0,-3.7140881261038245,-3.820098216002285,-1.3219814684803972,-1.3219814684803974,2.8827731204104268,-1.3219814684803972
632,-3.613729974508908,-1.2649064277489197,-0.3930164259277151,-1.0796096548120773,-0.0022462017571209,0.7084709265660181,0.3463278886014885,1.68076571338819,1.6193998539520338,-1.3600156393663494,1,-1.4157075425143053,-1.3115949650751464,-0.9185785391474313,-0.9185785391474313,1.8529875072788686,-0.9185785391474313
633,-0.9522276248018752,-1.530317380363294,-2.983118730340577,-2.6481412232294,-2.908660744480504,-1.6926651465028175,-0.2940244878379791,1.3163448375195197,-1.359368808711069,-0.1858836014728511,0,-6.389460308928741,-4.80746059854185,-1.824341868201273,-1.824341868201273,2.1531344254640423,-1.824341868201273
634,-1.307698599750684,-1.485630153565494,-0.9912487015888252,-2.042742969299926,0.2916589331890461,-1.5405653327545457,-2.1402749960364984,-0.7480909828486626,-2.3712013102296914,-2.695345955862916,0,-5.098534110364996,-4.6171538511908174,-3.6259051496019925,-3.6259051496019925,11.35120709868884,-3.6259051496019925
635,-2.757572266098145,1.6912049282896096,-1.211490022765341,1.236429034243444,0.0523727687275684,3.317128285514886,4.757461190679707,0.7813581198065147,6.462052820870146,-0.7994255828178729,0,8.497544016043753,5.237176096203975,6.448666118969316,6.448666118969316,12.99647266272472,6.448666118969316
636,1.039804441502417,3.6746189215385328,1.88260874596464,1.8614708678857452,-0.4046958568633263,2.9781102685148992,1.5936643639678478,-0.2006852183753297,2.6159879854216763,-3.0690390803405068,0,-1.6495864342692141,7.15089203147102,5.268283285506381,5.268283285506381,-16.79727893177195,5.268283285506381
637,-1.984332594534958,-1.3840329114572671,-1.1919416832648968,-2.896369496125258,0.474742104839891,-0.4654028670462846,-1.6217862014339104,0.6102350056939962,-2.020808099749749,-3.862766587597057,0,-4.655505631067569,-4.197760796156074,-3.0058191128911775,-3.0058191128911775,8.184083874032293,-3.0058191128911775
638,1.382876718551202,2.217202175832757,0.9403867358950944,1.603825106451688,-0.2014199000769735,0.775277813784042,-0.1729149050977584,1.0454602404822526,0.2317271890422035,-3.731004339277246,0,-0.040740246215869025,2.984674006630093,2.0442872707349986,2.0442872707349986,-7.084089229910992,2.0442872707349986
639,-2.146006876709076,0.6024925016565115,-2.74571667049829,1.067147014353141,-0.7969866688138775,1.4646702289559157,4.527383278100347,-0.2307861521027221,5.466638552118623,1.0567121083279964,0,6.784149485405361,2.3841591092585688,5.129875779756858,5.129875779756858,14.637438163455716,5.129875779756858
640,-0.2524588646776717,1.9840730029289009,1.960400310192647,0.2309667186839901,0.701823040543344,2.0054418978110338,-0.327849993926119,0.1699745397492694,0.639288417078169,-3.896346418971272,0,-2.2333543213838922,3.616623319195429,1.6562230090027819,1.6562230090027816,-9.054938040067528,1.6562230090027819
641,-4.111163521623437,-1.6365123401573891,0.9370329078834274,-0.621848806245307,1.5206400960170443,-2.1424920190923924,-2.692769082187968,-0.7706179501253388,0.2865965128777983,-0.9656316159437868,0,-2.795815505460566,-3.39224851446193,-4.329281422345357,-4.329281422345357,16.50600118367951,-4.329281422345357
642,-4.321605183516804,-0.8524212748631423,1.4495211859024368,-0.1533069488416638,0.0052052618949463,-3.3563269404048035,-3.645950665802761,-2.729404384923734,0.6114533004292754,-1.0730569988090837,0,-3.2627692434378144,-3.0488507547634667,-4.498371940665903,-4.498371940665903,22.07578165012506,-4.498371940665903
643,-1.596034811184419,1.1254788416220567,1.016782099499104,-0.3199490694727216,-1.525185436662198,2.612048238356397,1.2989949118700763,-0.3564271205250787,2.274951289260097,-1.637301439838165,1,1.2801070139658388,3.4412558529912367,2.424473753492133,2.4244737534921326,-5.322708564945317,2.424473753492133
644,-3.886125032368077,2.161057789884424,-2.8117459171309243,1.9309193286810964,0.4070903833988318,4.0877262295078,7.441598139437361,-1.5669593711673528,9.728587215592114,0.0706671059538175,0,15.679001346713292,6.790910012190861,9.602655929321784,9.602655929321784,45.060162344756456,9.602655929321784
645,-0.3342127937152648,2.3857189979543554,-0.246151646975208,-0.9190760285500924,-1.0777439349303437,2.205326250813839,1.832765796130411,-0.5442744329245381,2.175301418607157,-1.894819026342571,1,4.805733454651273,3.972333147109558,4.218484794084766,4.218484794084766,-4.244538817162279,4.218484794084766
646,-2.412910915120648,-0.483205212138869,-4.391033328042189,2.6006786433748297,-1.0731902740670494,1.5720766661983034,6.426855818623049,0.5308015836727296,6.917305426516812,1.9529970081175367,0,3.8218804156987103,1.552617278441991,5.94365060648418,5.943650606484179,31.686437637657306,5.94365060648418
647,-1.752611952276416,-1.0032558935358051,0.882744600170612,0.2886045022222185,0.3090544381042879,0.1984431089555971,-0.590817343411626,0.7145497614635058,0.3885005587772824,-0.5959001134274354,1,-0.7084545143393566,-0.711328636776819,-1.594073236947431,-1.5940732369474309,3.540085729608296,-1.594073236947431
648,1.6565171143086626,-2.114059623591212,-1.9124144818989504,-1.261486134498195,0.3160878221089338,-1.2339504007605766,-1.575974129997636,0.8437900258815756,-4.50169236880024,-2.643138516404948,0,-7.732991993342527,-5.602448235487799,-3.690033753588848,-3.690033753588848,7.733218207744775,-3.690033753588848
649,-0.2178428549632429,1.2993697965222677,0.7947570444624191,3.375168854869949,0.4981119956445415,0.872681272122616,1.7432304604768547,0.1386350285304509,3.4116822796170023,0.1518854753864695,1,2.0099169578513503,3.8373573014615414,3.0426002569991226,3.042600256999122,-4.87378841927409,3.0426002569991226
650,-4.803089276169496,-0.4235157276459327,-5.897356302449426,2.9662994933152653,-1.911159325260488,2.577545731335153,8.839105442494262,-1.2629629368673227,10.416332203326805,1.5287969361148894,0,5.917966569229133,2.518233412398903,8.415589714848329,8.415589714848329,64.69833875066526,8.415589714848329
651,-1.069940717609749,1.746864571704891,1.3649837208384088,2.573187895502385,-0.1466317740436022,-0.4861682400340579,-0.4020269028949559,-0.171810463802674,2.4701850301842727,-2.057096940211386,1,-1.0396040340766,2.7098213896483436,1.344837668809935,1.344837668809935,-6.277475130693505,1.344837668809935
652,-0.3835982354050482,3.788790249635104,-0.3889300807862936,1.1222927456281762,-0.2551871715142836,1.5423417058907165,2.427299995293506,0.2454986817943127,4.2718259107592464,-2.430926836966436,0,7.6896647428015115,5.827160164142316,6.21609024492861,6.216090244928609,-4.677890644046171,6.21609024492861
653,0.1835014783732433,2.648400678171366,-0.8289787550289021,2.6749341749073032,1.0469545344282092,2.146194171871152,3.4803055604768565,-1.718930412953847,4.373609607227948,-2.047977295189378,0,8.32417413565642,5.2997274836193204,6.128706238648222,6.128706238648222,2.8795609690267803,6.128706238648222
654,-1.8218008654993387,0.4666354791512757,1.5349267931263024,1.9252888938020696,0.6116015615496833,-1.611531864968994,-0.0064278940564165,-0.4384273672152734,3.3408561960381675,4.740685601746272,1,-0.25604371447776386,1.9951343782211617,0.46020758509485915,0.46020758509485926,-3.1715519450666436,0.46020758509485915
655,-3.909137379269759,-1.025041033962622,-0.6455243386194931,-0.6781979506291188,-0.5737031442926516,-1.868319869733705,-1.0550969739224496,-0.5532410018397994,1.553745848909517,-0.7555102767730546,0,-2.7418269433916342,-2.7256623465045644,-2.0801380078850715,-2.0801380078850715,5.257341043263383,-2.0801380078850715
656,-1.362470668294419,0.4051516402218824,2.053275210603551,-0.1111291858815333,-0.7274539247231182,2.486319408059667,-0.102504820898539,0.6184072157441348,0.650591156164408,-2.764877315149823,1,-0.5292410000796162,2.355922029926894,0.30264681932334336,0.3026468193233433,-3.4799494303457554,0.30264681932334336
657,-3.120352537061361,-1.518528764414843,-0.641435879790483,-2.006082826427905,-2.0265777765994355,-1.2155918489410935,-1.4832376904374167,-0.6421271738316033,-0.3373017885823964,-1.4068501067662915,0,-3.9758052888418494,-3.6432023346427425,-3.00176645485226,-3.00176645485226,7.870924001839534,-3.00176645485226
658,-0.491758294468305,-0.8082730318073699,0.026381627137104,1.9916817067696888,0.7611740390516385,3.283645633957498,2.3440499035028317,0.0405229423170099,1.4854180992781258,-2.827653977444505,1,1.5571004294455806,1.5621584988325656,1.5357768716954618,1.5357768716954623,2.4179581373337258,1.5357768716954618
659,-2.863318268089307,-3.390951084945511,2.895654422680906,-0.5658165740621077,-0.4970524868356822,-1.858565207573744,-4.495648437386674,-0.2587644118723787,-2.8816793133232146,-0.1946964270327895,0,1.9324229838848983,-4.990945099651278,-7.886599522332185,-7.886599522332185,42.907422000777785,-7.886599522332185
660,-1.108810539044296,1.0837435435199405,-1.016945081805369,2.531217512416796,0.3740620881310435,1.3268851303602398,2.3066026263141226,-1.7011404742672418,3.4459883982198294,-3.4229467123988417,0,4.492453836354989,2.373401088028694,3.3903461698340633,3.3903461698340633,0.6587760843773776,3.3903461698340633
661,-1.9309971909205936,-0.507041238825543,-1.476693874571586,-0.0333266959631524,0.906870534610285,1.1180729956910302,1.844986671738028,-0.399256645945962,2.1069691093452376,-1.2979096488477602,1,0.5892007413836171,-0.13874844165910094,1.3379454329124851,1.3379454329124851,1.4560341361087141,1.3379454329124851
662,0.1686125224654111,2.74927783530769,1.9661111109227587,-1.6111168981595745,0.4479307327729469,-3.532599249309429,-3.5179661450212847,-0.421130234801084,-0.6488804687683759,2.17258241340178,1,-6.1740740087257135,1.197422801209164,-0.7686883097135948,-0.7686883097135953,6.541965607008226,-0.7686883097135948
663,0.6696023641086248,4.166784615073525,0.3140024146188345,1.6101199022477772,0.7531899497325488,1.8421668108958256,2.290046626339705,-1.6102631187918002,3.7920921372077263,-2.180439268362078,0,5.148450811083532,6.770833656032065,6.45683124141323,6.45683124141323,-9.291731776965129,6.45683124141323
664,-1.9754827234162675,1.1953923858170383,-1.6597098021520191,1.91891364322344,-1.106732987729451,2.025083665884008,3.6415496817740247,-0.0135032445929767,4.944076563906123,-2.2764901954053807,0,6.82094652774949,3.1772322654390437,4.836942067591063,4.836942067591064,7.23071421195682,4.836942067591063
665,-1.1757837154700457,1.699023042102258,0.9092300844254236,2.42654024451462,-0.68015236575182,-0.9287010225772012,0.2193801544751572,1.3831356467781524,3.2501033509586352,0.3177502269279819,1,0.3736003325660393,2.827633281002839,1.9184031965774153,1.9184031965774153,-6.242711689414086,1.9184031965774153
666,0.5971130831147202,2.343994834253742,-0.9679548232137176,1.6865068488102484,0.6779699708965284,0.441541802865852,1.8956457398310127,-1.046921750106906,2.660756751585754,-1.446649908612702,0,6.508521679488703,3.271685750871037,4.2396405740847545,4.2396405740847545,-1.6489724486123762,4.2396405740847545
667,-1.4568291370667477,0.2029439735333262,-1.4599236090961836,-0.3841006620475971,0.1045140360758211,1.8944503275027773,1.9799068707023064,1.8752253884833885,1.8283639827593732,-2.967580635179378,1,2.4791335425207266,0.722927235139449,2.1828508442356327,2.1828508442356327,1.3105358355642118,2.1828508442356327
668,-2.7907321460393097,-0.8377451098369337,0.2145862644858833,-0.7390815371956808,0.0375668587072523,0.7126230713691901,0.1743888348234074,0.0178322545297575,1.363529189415408,-0.6685649255293936,1,-0.48358768130230256,-0.448770010527643,-0.6633562750135263,-0.6633562750135263,1.322306344963459,-0.6633562750135263
669,-1.9750168491405635,0.2955673069286741,1.2223614560249043,0.1172862792905642,-0.5516751380466781,1.6436712568220515,0.5548772271615369,1.322926160335532,1.9181143880196183,-0.9108946905537058,1,0.48915445043951705,2.0728059901151155,0.8504445340902109,0.8504445340902111,-2.9766518706335443,0.8504445340902109
670,-1.9787001229991108,1.2562665346044033,0.2434452293769122,3.095388090034528,-1.40822676830745,-2.552423543721583,-0.4573315800541345,-0.4569918338252314,3.468588719703066,-0.2704985895708407,1,0.49310285987496116,1.0423801839271811,0.7989349545502689,0.7989349545502689,-1.9379950590379462,0.7989349545502689
671,0.5133401851129773,2.248382820083118,1.2187671781012748,-0.3073417319697082,-0.7133109002802115,2.684399989026444,0.8656647122097741,1.3055827158105235,0.87075399950065,-2.73192491387437,1,0.3737923473688043,4.332814710394167,3.114047532292892,3.114047532292892,-9.437742033645918,3.114047532292892
672,-2.7506372468884503,0.7440379884454812,-0.2731150010633516,-3.06179907183533,-0.3370263746813766,0.9176807800785386,-0.4093963960858888,0.3467240162419504,0.653664732868651,-3.3565977845405106,1,0.537849528365054,0.06152659129624072,0.3346415923595924,0.33464159235959234,-0.02535483852225784,0.3346415923595924
673,-3.4935273566551164,0.2299716051698959,2.120622933818649,3.5368312487557554,-0.225722631612135,-1.3254785462754182,-0.329402178941872,-0.3403404828829032,4.458085621357632,1.5609598702930554,1,-0.5871136338223448,2.021192360046673,-0.09943057377197612,-0.09943057377197606,-2.3009390508334127,-0.09943057377197612
674,-3.729489081952528,-0.0581670112997876,-0.5240562947985757,-0.2457026881713082,0.1351762413426691,1.202842243023851,1.426997114262253,1.3048347633193296,3.427083863198128,-1.6712706116312752,0,1.338347314541192,0.8447738081638897,1.3688301029624654,1.3688301029624654,-0.2077659354348309,1.3688301029624654
675,-0.7996405637197164,1.3905078756811204,-0.694722335580304,2.6710658041679785,-0.0831335257214939,0.2854212258547408,1.4210765417044011,-1.7046219581771158,3.016985450246086,-3.0620349956377417,0,3.777601296421517,2.1168620818052175,2.8115844173855216,2.8115844173855216,-1.9429710827722038,2.8115844173855216
676,-0.5389604448323108,1.8105051229521203,2.0079863801135955,0.3676545624191123,-0.9770721461414013,2.7101459072808014,1.036821548985024,-2.2690772729524014,2.0569629225486463,-1.0351625195137093,1,-0.788142956076604,4.85531305205074,2.8473266719371444,2.847326671937145,-10.26311042756193,2.8473266719371444
677,0.6816903358177351,0.5776013275968205,-1.4223358737191445,0.7172346818612975,0.4449683153761758,-1.04377658022131,0.648036775826448,1.3967601773984912,0.6241629980148304,0.1731164032922596,1,2.04718119237203,-0.19669777029587598,1.2256381034232686,1.2256381034232682,0.21255441864490704,1.2256381034232686
678,-1.636120953199624,1.674774672413157,-2.672692621571238,1.3890265807666986,0.2274050789916206,1.4475564376482195,4.453785355842294,0.8678054595424457,5.646808569998451,-0.1860116311873942,0,10.604717938008484,3.455867406684213,6.1285600282554515,6.1285600282554515,14.727934470728636,6.1285600282554515
679,-1.762606954757507,1.8807292880224296,1.439504968600667,1.1752741818646022,-1.381769188567704,-2.1708520790921995,-1.4169202867420658,-0.9684836469618956,2.4231112995112887,0.5127564870279229,1,-2.2435101534207185,1.9033139698810306,0.46380900128036373,0.46380900128036395,-3.0667790268812585,0.46380900128036373
680,0.7667189795284024,4.417787437008206,-0.3836447230965512,1.0071644955803678,-1.0198013336945937,-0.4512934280429925,0.5428875042811753,-2.3910785652839595,2.519754844047927,-3.339071641340692,0,6.655535779259817,4.577030218192831,4.960674941289382,4.960674941289382,-7.548117479207134,4.960674941289382
681,-1.2530165059084188,0.7602770650523891,1.428509238022878,-0.0882374604358429,-1.4144630113663208,2.2212914625535296,0.4961120162314537,-0.5461661042180197,1.3232961740717453,-1.9581258726134585,1,0.17032627039958426,2.684898319306721,1.2563890812838427,1.2563890812838427,-4.781223078825584,1.2563890812838427
682,0.0224428250419697,-1.6719854874478597,0.0071386085807862,-0.4082884136353075,1.1792631585792293,-2.46981226146547,-2.83763152570334,0.325251675854344,-3.018457453877772,-0.8612302131315959,0,-4.497681363203554,-4.502478404570413,-4.5096170131512,-4.5096170131512,17.076183743334724,-4.5096170131512
683,-2.4100591694439077,-0.578428309001048,0.3861927230047899,0.3103514340002957,0.4862873047408947,2.140853317543768,1.234164920696556,-1.8559332871884369,2.037723983707292,-1.8202877464994136,1,0.8791214154116787,1.0419293347002978,0.6557366116955079,0.6557366116955079,0.04888190879830123,0.6557366116955079
684,-0.3395101056804126,-1.9173898341350373,-0.3655004353105087,-0.7797854505389362,-1.3432093905839009,-2.122756583497868,-2.689553371301793,0.1803386906638874,-3.110555051749664,-1.841018835761932,0,-5.307750024473131,-4.972443640747339,-4.6069432054368304,-4.6069432054368304,16.11227736422871,-4.6069432054368304
685,-0.3445515854336265,-3.946277929613437,1.196866011109834,-2.056225144344534,1.0615091571758442,-0.3254600985961904,-3.081664388007106,1.1850069835830157,-5.051533644564272,-0.1681208902832012,0,-2.3047763932733325,-5.83107630651071,-7.027942317620543,-7.0279423176205436,27.07883994878967,-7.027942317620543
686,-3.547631673235655,0.7814725036418229,0.5959003583650717,3.507305909070431,-0.7766940529721439,-4.951493856387547,-2.01794239276051,-0.1336277297267712,3.93750935544942,0.9134177414049032,0,-1.7021496340912994,-0.6405695307536154,-1.2364698891186872,-1.2364698891186872,5.483451175399704,-1.2364698891186872
687,-2.5177543150454693,1.1349941716070329,0.1726472657360693,-2.1914605643574685,0.0440646349129376,0.5422250130484275,0.2591138585800863,2.001922459248361,2.011335804348256,-0.0415891696519206,1,1.19815438983279,1.5667552959231885,1.3941080301871192,1.3941080301871192,-3.089676974756376,1.3941080301871192
688,-3.263849272267195,-1.024210314574869,-0.9849126558736384,-0.7318077843639375,2.359614259100104,-1.477635922124195,0.0026908783930021,-1.9425705714374064,1.9909418812453348,1.443838960016469,0,-2.030277137282976,-2.0064320920555057,-1.021519436181867,-1.0215194361818671,2.019201067962789,-1.021519436181867
689,-0.903559545679016,4.308189238634704,-1.6157177589148886,3.400142595846763,0.4467036108091441,2.0611979554773896,4.6916053050108175,-0.2459953383557008,7.236118959106555,-3.025343623711698,0,15.960612405273626,7.384076784730633,8.999794543645521,8.999794543645521,12.588106871257594,8.999794543645521
690,-2.760961144710472,0.946763285530874,2.407359362314096,1.460503062219094,-1.527461356118704,-0.5467503252213974,-0.175214773522155,-0.3628556273736071,3.789039900682429,3.0854497909450918,1,-1.5076509473092843,3.1789078743228147,0.771548512008719,0.7715485120087188,-6.198955628789117,0.771548512008719
691,-0.7885976754040656,1.6427370242302275,-1.9820137022100373,2.075018843083436,-0.156276336705043,-0.0290809407344041,1.902116751289178,-0.6391935337501581,3.1941987891621486,-3.547462889662147,0,6.800781066671458,1.562840073309368,3.5448537755194054,3.544853775519405,1.7662815778581755,3.5448537755194054
692,-3.341780167434587,0.8901814119157191,-2.2583783011079106,2.002988793038962,0.2837880278380801,3.610241970531837,6.209100589157531,-3.9224002516183423,7.757086961322902,0.137201379138621,0,9.109648385793314,4.84090369996534,7.0992820010732505,7.0992820010732505,28.623110809957875,7.0992820010732505
693,-4.069259664328612,-1.2525693013707813,0.0663151426893464,-2.1768293768637763,-0.7946591841458039,-2.5748642896440668,-2.501176273495165,0.1776980457902398,0.2080304706001218,0.1281816069690318,0,-3.670681262917248,-3.6874304321765994,-3.7537455748659463,-3.7537455748659463,13.780123070086404,-3.7537455748659463
694,-3.5932982103757563,-1.7315948179308736,-1.4063657690158806,-2.527191792947055,-1.509993170579207,-1.079771256099063,-0.901674902972298,-0.5773420157083338,0.0842309841532012,-1.2450746573993732,0,-5.068525398646438,-4.039635489919052,-2.6332697209031717,-2.6332697209031712,5.050667163729059,-2.6332697209031717
695,-1.835815277721347,1.423788152766728,3.6368544776414624,-1.5749492865089252,-1.0828405288683434,2.657637928061812,-1.3529220835850535,0.0073506749196991,0.3038600694082237,-2.770912021879457,1,-5.107244249420866,3.707720546823137,0.07086606918167448,0.07086606918167448,-7.12629877035523,0.07086606918167448
696,-0.6511653192622668,2.8162615358201126,3.532677838924878,-1.3215575665097612,0.0093953545758494,-2.4007117597039,-4.037821644430794,0.8549039226364025,-0.4910397447103233,0.5517275812639297,1,-11.170504824818934,2.3111177303141965,-1.2215601086106815,-1.2215601086106815,5.265501294322032,-1.2215601086106815
697,-2.959880137498997,-1.718482015770583,-0.2093114501100184,-2.6114742132104345,1.3461034238624805,-0.3538350705240061,-1.4815677040272548,-1.325281371952441,-0.914213274329186,-1.5367177343707303,0,-3.5597476825067655,-3.4093611699078563,-3.2000497197978377,-3.2000497197978377,8.444755788613357,-3.2000497197978377
698,-1.041878431691876,2.5792370004322573,-3.1983419302424725,2.4891419543232947,0.0445696108892716,2.0142466339982112,5.839504234535816,-1.098679373434385,7.012712322939974,-0.3022494863486833,0,16.668023081483383,5.220399304725601,8.418741234968074,8.418741234968074,28.709951011983367,8.418741234968074
699,0.6231511119492366,2.7751845548701146,-1.7544309590020324,1.5604809965961548,-0.6124228909008682,1.4724304723861872,3.884839318658452,-0.9779388355526388,4.321673190499991,0.285879543009103,0,11.528893573536969,4.905592914526534,6.660023873528567,6.660023873528567,8.395229443747969,6.660023873528567
700,-3.233497407152514,0.0722617515464332,-2.0350605121930974,-1.640800628384322,-0.4340333543235999,-1.1826066483412534,0.1817412357536255,-0.2410632224657809,1.947943797718314,-1.6574359815674435,0,0.4010600244141136,-1.7810575248930387,0.2540029873000587,0.2540029873000589,1.7071414514802896,0.2540029873000587
701,-0.961243766818441,2.5098229753641075,2.60674582358744,0.2973294273963318,0.5156606300833942,0.2428547596885009,-0.9639378762213208,-0.4785542667177183,1.8111366587271367,-0.4569018022219109,1,-4.996585459831403,4.152630922730227,1.5458850991427866,1.5458850991427866,-11.311810351633133,1.5458850991427866
702,0.0051758976565337,2.293684539165561,0.9852920612775192,-2.2614120683611536,-0.7146641168409925,1.3190940401139108,-0.7970285214799865,-0.1808074450872261,-0.5094360819356685,-3.325451362647599,1,-0.7632931498292379,2.481948078963094,1.4966560176855745,1.4966560176855745,-5.603298800110908,1.4966560176855745
703,-0.5506098186625825,0.4817787266904327,-2.034783640584353,-0.0216893737371512,1.1364555743248452,0.0575718734027608,2.0190408755101856,1.2523463622980082,2.109950691406359,0.5511002505590143,0,3.4811350736518705,0.4660359616162652,2.500819602200618,2.5008196022006177,2.089985964615306,2.500819602200618
704,-1.4719870463471292,-0.96013762366454,-2.211935558135255,-1.1995419561578704,0.5930540502830212,-2.3909073876194054,-1.096494986282857,-1.3853605184444944,-0.6940812449492914,-1.713687850383936,0,-4.180395160434479,-4.268568168082652,-2.056632609947397,-2.056632609947397,5.40373948248641,-2.056632609947397
705,-0.6371031787014504,3.179725353018151,3.569253994523068,-1.6443946555177362,-1.1310686299349713,-2.340873534478934,-4.174884638159421,0.4920040541029598,-0.562846517902911,0.0353650790839898,1,-12.344406702887579,2.5740947093817983,-0.9951592851412698,-0.9951592851412698,4.50147889995268,-0.9951592851412698
706,0.0133143470224814,3.067170876522899,2.1881442639719766,-0.9482827922788056,-2.2243841086088687,3.5227067500397937,0.6427616149437846,-0.0666010270219737,1.2273180656009672,-3.529265005942308,1,-3.0014798686187985,5.898076755438661,3.7099324914666836,3.7099324914666836,-15.906279113345683,3.7099324914666836
707,-1.377641723060094,2.15141650152775,1.1810111936211656,-0.1662918723674191,0.2141109822861335,-2.261999358798163,-0.9780125312944452,0.291732725378309,2.466082836310205,3.298743194915761,1,-1.3674430002122557,2.354415163854471,1.173403970233305,1.1734039702333052,-5.112157593164368,1.173403970233305
708,-1.9927921068649752,0.4756252497812929,-1.7281947605657364,0.8674201322975638,-0.066112393952007,1.1626356580412631,2.527910722271677,-0.1711793697963994,3.48580385091738,-1.9167517830925032,0,3.8255090367177695,1.2753412114872336,3.00353597205297,3.00353597205297,2.9334285009007086,3.00353597205297
709,-0.214221005312545,2.40871272835382,2.573967816709988,0.1953625211214504,0.9397354817471042,-0.1617395623223749,-1.2506885413818496,1.9687573094339588,1.0615763565108145,0.265017440709556,1,-5.041924855510469,3.7319920036819587,1.1580241869719703,1.15802418697197,-9.525743405592511,1.1580241869719703
710,-2.4192384082862914,-0.1709447468355776,1.1677338982980303,2.7641017417810705,0.0927430657795522,-1.6336904214721335,0.5314260641860389,0.5239989555843281,4.108633971694854,4.925584743907296,1,0.5600992929663402,1.5282152156484916,0.3604813173504613,0.3604813173504613,-1.4066648956868102,0.3604813173504613
711,-0.3128971580411299,2.839048300952321,0.1837365772255059,0.8164533725206695,-1.4621104551954147,-2.6171037644506203,-1.2025903811768477,-1.2977283756812326,1.7381614321407632,-0.6332158475698173,1,1.1148209023806055,1.820194497000979,1.6364579197754732,1.636457919775473,-2.5320658092722432,1.6364579197754732
712,-1.8671424686475488,1.4785010475553029,-1.5216606731926108,1.006189088552008,0.120198558746055,1.3441983837725198,3.16793857848648,-0.828293760348399,4.662918888947118,-0.717334910697138,0,6.8962165253807655,3.124778952849172,4.646439626041783,4.646439626041783,4.514393157510968,4.646439626041783
713,-3.894749994651191,-0.0675064259878353,-0.2829944478297406,-0.0206885369804397,0.4334524416994807,-2.352455252660828,-1.1238300996327777,0.9341414422336946,2.455037914311723,-0.4654227634452976,0,-1.2104404693679998,-1.4743309734503536,-1.191336525620613,-1.191336525620613,3.9095576481641983,-1.191336525620613
714,-1.9571034805393932,0.2689778834914376,-0.4895406887109621,-1.7490918504028907,-2.707565693672108,0.4443027110976696,-0.055272674288797,0.3850551679378343,0.6801360680558854,-2.058742310215528,1,0.34538082753505583,-0.27583547950832155,0.21370520920264058,0.21370520920264058,0.1968609571611317,0.21370520920264058
715,-2.205838412005956,1.7877106700551428,-3.027413553692384,2.01301931242108,1.232328605214664,1.1183779727833392,4.800259162065494,0.8092586281232986,6.6521707840686926,-0.281410207156894,0,12.000109344726068,3.560556278428252,6.587969832120637,6.587969832120637,18.306101425050265,6.587969832120637
716,-0.9223789492678554,1.6201201041072069,3.80039816521242,0.1815257929261511,1.2959278615737506,2.2898255914645764,-0.4687064979607664,2.333016418252688,1.3916356383176631,-0.0137272022716472,1,-5.005687864926344,4.9518117713588605,1.1514136061464404,1.1514136061464408,-12.04064106734744,1.1514136061464404
717,-2.589463933019479,0.3967712003957118,1.556650503163309,2.202876582968436,-0.526482354794923,-1.691951933662533,-0.3100181724900726,1.5407523765167723,3.5995494104571963,3.1851850758672144,1,-0.5308810608310557,1.6434035310689483,0.08675302790563921,0.08675302790563921,-2.251679380437198,0.08675302790563921
718,-3.23844436238082,0.9149837759550772,1.3246528563591142,-2.7868750972282514,0.4643205608266651,1.0583485489667053,-0.7742398321822751,-0.4358573549814069,1.3103337841163727,-1.4189897162395888,1,-1.0712919285683387,1.4653968001319164,0.14074394377280208,0.14074394377280197,-2.2187292985082214,0.14074394377280208
719,-0.6341275806859895,1.0011318906150284,-0.4397460125985264,0.5909511986607611,0.114845090277753,0.2216800844573754,0.882094344095292,0.2921688282073261,1.7990057543846256,-0.9055722617148412,0,2.323469991693503,1.443480222111794,1.8832262347103204,1.8832262347103204,-2.108372267954028,1.8832262347103204
720,-1.1138649473349242,1.0467900562785375,0.8213932405809178,-1.310360519107684,-0.5912156192423738,-0.2552109545559244,-0.5352886463845231,-0.8818184989854194,0.8833463429316403,1.0051405084320248,1,-0.3483248666404948,1.3328946504749322,0.5115014098940144,0.5115014098940144,-2.4176884019552807,0.5115014098940144
721,-3.434725905113279,-0.576676503283991,-0.1148498587594484,-0.3807619947082452,1.805668878116265,-4.204476568565173,-3.521289774265939,0.6555543582884528,-0.0173346940980151,-2.0643231532525745,0,-4.164197492501989,-4.212816136309378,-4.09796627754993,-4.09796627754993,20.644032873257117,-4.09796627754993
722,-3.177189449633232,-0.1900992164201242,0.8445753969983341,3.697668306441282,-1.8537322412191235,-0.4899250549715943,1.9590654394670264,0.1829145636202559,5.796536241988304,4.252676419933264,1,1.9295193442240006,2.6135416200452366,1.768966223046902,1.7689662230469023,-0.38401732580090653,1.768966223046902
723,2.756785908146915,3.801995916832162,-1.4084987917279896,1.688153729216333,0.3884246136775064,-0.9653314765290948,1.1896882582249817,0.1871071001250919,1.5267773456220175,-1.4447438335412808,0,10.346790830069994,3.583185383329154,4.991684175057143,4.991684175057143,-1.8044047516150568,4.991684175057143
724,-3.597917946292655,-1.619212700781984,2.1481949943427834,-0.0857543912731504,-1.8249777469611168,0.6385422157062587,-1.0020318091146565,2.1773203810422213,1.1511608732393248,0.2297653084047697,1,0.8571401086994768,-0.4730495155538572,-2.6212445098966404,-2.621244509896641,7.576746390524206,-2.6212445098966404
725,-0.9994954140464634,3.179134392376726,1.0638348871919885,2.069158639848828,-1.8082953284995145,3.9811903455318975,3.245520929597222,-0.9395651672539582,4.9598285277055565,-3.2796746143971047,0,3.042581244291682,7.488490209165937,6.4246553219739475,6.424655321973948,-6.761813504368535,6.4246553219739475
726,-2.10011564648561,1.3640306226062413,2.3216026374772536,0.9972476707304404,0.2452358478942363,-2.354590674605749,-2.102455105612577,1.4043162819949524,2.0304716899747413,1.614443373592677,1,-3.905161574048725,1.583178154470918,-0.7384244830063356,-0.738424483006336,0.4088267086094195,-0.7384244830063356
727,-2.131058792159264,0.792981990771265,0.6873243108088981,2.640811061555379,-1.4120756063156303,-2.4090596070104486,-0.5458676079511042,-0.0951248775534698,3.270131820360643,1.231379095166425,1,-0.2979214174705669,0.9344386936290588,0.24711438282016074,0.24711438282016063,-1.428617431329687,0.24711438282016074
728,-0.5311252619684432,-0.6514291065861713,-3.256890490555162,-1.3777457869688423,-0.5432015003763371,-1.018248853558305,0.5790011998434672,0.5220206351107666,-0.3985520237391737,-2.036734850478176,0,-2.1940611692540504,-3.3293183972978664,-0.07242790674270405,-0.07242790674270427,1.615355430949399,-0.07242790674270405
729,-2.371351614852414,-0.0447329715574875,3.267110146410875,0.6925887874368657,1.544092663524045,3.034353274359597,0.0240033755159861,0.0778857269806748,1.6925271481185893,-1.6414204606851943,1,0.12541794921307542,3.246380550369374,-0.020729596041501396,-0.020729596041501194,-3.078927247037135,-0.020729596041501396
730,-1.2562706812388855,3.1367189427423514,2.6108570495734016,0.1066479386083913,0.1224909253744546,0.4804180994216824,-0.9264856965713856,-0.3612301929143729,2.2170742935446817,-1.579548279933591,1,-5.979291518018329,4.8210902957443675,2.210233246170966,2.210233246170966,-14.362472560153265,2.210233246170966
731,-2.8272931049254595,0.3973696336956507,-4.398046072064002,2.979700385245075,-0.6368764742064333,1.0298584208561563,6.22128780942337,-0.2818448493970999,7.742762942649399,1.0579958640478395,0,8.366307399751689,2.2206113710550195,6.618657443119021,6.61865744311902,31.61280315013846,6.618657443119021
732,-2.497689144917849,2.930019265969712,-0.6757644498526023,-0.7095752444344172,-0.8089638929258004,2.973832451401403,3.728439056283426,0.5424239695321018,5.682105239770339,-0.6534322191007972,0,8.638461179578686,5.982693872400536,6.658458322253138,6.6584583222531375,3.2401084590915197,6.658458322253138
733,-2.244354026025997,1.2550290364903007,0.3743938854263104,-2.163165731335447,0.3966279392214571,1.3613598441118484,0.1925345877144348,1.384871093794044,1.4821032739236346,-2.025602382197385,1,0.9776884269102932,1.821957509631046,1.4475636242047356,1.4475636242047356,-3.702326763663857,1.4475636242047356
734,-0.6744279163080343,1.894999153718137,1.6189103666081954,1.7600352374924926,-0.065410233595394,2.3970264829478456,0.5441353569669949,0.7819425354519183,1.8868282424574196,-4.972019422836352,0,-0.6286992639829172,4.0580448772933275,2.4391345106851317,2.4391345106851317,-9.26892987594491,2.4391345106851317
735,-4.323408275215742,-0.6374802801188522,-0.9482303455174248,-1.1877386284783111,1.6764549619146627,0.7410727899688193,0.8619709024422417,0.1929896417729295,2.7646043707942414,-2.1190187355155263,0,-0.3799875239542544,-0.7237397231940352,0.22449062232338957,0.22449062232338957,0.6377647912500943,0.22449062232338957
736,-0.0690923596337136,-1.6248705752492998,-1.719793222789825,-2.4828915160726304,1.2101660953653188,-1.43628915172546,-1.8675610138802805,0.9177721505515004,-3.4432586436074164,-2.578892066617513,0,-6.286872992353931,-5.2122248119194055,-3.4924315891295805,-3.49243158912958,9.397999138390176,-3.4924315891295805
737,-0.7322483419134452,-1.8435046281862304,-1.4226322261965283,-1.648478704705704,-0.9032931107791092,-0.9031424635817168,-0.9528233274828865,0.4080960585699445,-1.9792003733073285,-1.228605046200722,0,-5.418957048869297,-4.218960181865645,-2.796327955669117,-2.796327955669117,5.300531337730142,-2.796327955669117
738,-3.188063205124416,-0.8807445720277004,-1.2866876516506864,-2.418785714728591,1.718439615602714,-0.9848839840570096,-0.8360222365236669,-0.4532595259470423,0.3150228523433767,-1.7305507814630745,0,-2.850009973637778,-3.0034544602020534,-1.7167668085513674,-1.716766808551367,4.285911283629044,-1.7167668085513674
739,-0.2115696486661846,-2.1238227489966865,-2.9525941464491403,-3.3802549506461084,-0.9849461251170324,-0.1951536625226566,-0.5385621859965474,-0.8781217036054526,-3.338371553292393,-3.185517146878074,0,-8.933171551776372,-5.614979081442375,-2.662384934993234,-2.662384934993234,2.2966266278378495,-2.662384934993234
740,-2.645313723072256,1.672253704216963,-2.254450671421152,1.1427382416647924,1.5894412835616984,0.9412972341859106,2.9821063340302354,-1.026353622389896,5.011664746630493,-3.1560600138270054,0,8.424373524505638,2.3999093668260465,4.654360038247198,4.654360038247198,5.608702268648445,4.654360038247198
741,-4.640443226311316,-0.2646236175039531,0.2666056735064355,-0.0647381822367745,-0.9201522314576858,-3.137596696188657,-1.873602755759315,-0.8727849535276425,2.6186171407335053,0.4141022055911745,0,-2.0676762154929174,-1.8716206997568325,-2.138226373263268,-2.138226373263268,7.59078451717935,-2.138226373263268
742,-2.643981644745605,0.5039614561118054,1.505232441801931,-0.5695890124982679,0.4060940188486671,3.336689166295085,1.2365807702961802,0.9230448272267618,2.436615380738988,-2.208154454960098,0,0.981963093250756,3.2457746682099167,1.7405422264079857,1.7405422264079857,-4.215764026308838,1.7405422264079857
743,1.1094897853834649,-2.6800613829614464,-4.294710582042251,-2.038490323578967,-0.3827784017095585,0.0398583115318769,1.194505925826246,0.0328633739802131,-2.925017557652714,-1.7315226480026369,0,-12.995643439062514,-5.780266039177452,-1.4855554571352003,-1.4855554571352,-2.817422078780645,-1.4855554571352003
744,-1.5589815448988582,0.997594230938956,1.1738332261507392,2.434458731540108,-0.7684355169034929,-1.4119884601528898,-0.4299113981592143,0.5280360045479643,2.7688246600893915,0.5930346143252979,1,-0.6033264217126983,1.7415160589304808,0.5676828327797417,0.5676828327797419,-3.295384335935453,0.5676828327797417
745,-0.4314496338432059,-0.3901874671289698,-2.328227734734002,-0.4465232312446936,-0.2546079860138835,-2.103506110648005,-0.478443618025322,0.2378751563488673,-0.4687600943434714,-1.569337493567185,0,-1.777076367869571,-3.196858819888294,-0.8686310851542918,-0.8686310851542918,3.385952917956467,-0.8686310851542918
746,-1.2972412092217938,1.061442420119015,1.6240517146792417,-0.1763645643412419,0.3132416936936163,0.4724988676707369,-0.0778048567542922,1.959683981955883,1.7599475677132974,1.2464119796367323,1,-0.7401998190628474,2.6076892780439644,0.9836375633647227,0.9836375633647227,-5.3091106281017,0.9836375633647227
747,-3.713464022651885,0.856359961074128,-2.8871787714332635,0.4009936547367472,0.4259109671014114,2.1313716927477278,5.042503917087278,0.6506676287920862,6.784485346351389,0.2481200038941589,0,8.371328178480045,3.0116851067281427,5.898863878161406,5.898863878161406,18.988761069269632,5.898863878161406
748,-1.5078749814665964,1.7626427166315826,0.0559633340908287,2.895817847802752,-1.439608130798827,0.772862825708794,0.7906008053433786,0.4780378151922834,3.079748015251485,-5.713063150323819,0,2.454600158741342,2.60920685606579,2.553243521974961,2.553243521974961,-4.636044107864771,2.553243521974961
749,-3.233364258001016,-1.2146037979565365,-2.0852446829438573,-1.606220916602366,-0.3467498910082427,-2.4061272919729637,-0.4642015000183359,-0.3082159281608299,1.1524210593247537,0.6592250997637548,0,-4.211551409547155,-3.7640499809187293,-1.6788052979748724,-1.6788052979748727,3.1255921999405927,-1.6788052979748724
750,-2.3424534977818774,-0.3959726903501057,-0.8767266135682927,4.229708845466554,0.9035206838035016,-2.98237274862794,1.2751458818756047,0.3543093815188606,4.921422412113717,4.070420136785367,1,0.5320133956493247,0.0024465779572063195,0.879173191525499,0.879173191525499,0.39721745470543396,0.879173191525499
751,0.579101644686991,-2.6177020791218304,-0.8560398449914717,-0.4967900066969892,-1.41682352794919,-1.7075382001288082,-2.3310807069212283,0.2167196421228829,-4.039338877450022,-2.1664648772928192,0,-7.189640068088364,-5.80482263103453,-4.948782786043059,-4.948782786043059,13.946685397212658,-4.948782786043059
752,-2.758630194686113,-0.5785136022124938,-2.789941824657415,-2.4635172190003587,-0.9913343922342502,-1.3313258974604147,0.3496959229931108,0.3708677924710247,1.0823430497455435,-0.7120036410025886,0,-1.8428369741652424,-3.018759503876798,-0.228817679219383,-0.2288176792193829,1.7558451267083257,-0.228817679219383
753,-4.788374589516155,0.6392950719006456,-1.2252614208228876,-0.1758161627179797,-0.2783102558765762,-4.150538450904466,-1.1087121716657138,-1.115246536376814,3.91818988282784,0.937133422592034,0,0.31388648835698696,-1.694678520587956,-0.4694170997650682,-0.4694170997650684,4.176641888074782,-0.4694170997650682
754,-1.2882418665666786,-3.18690162043677,0.0146148761489095,0.223381816303452,-0.7696664090113885,-2.405254289294428,-2.2829392722749526,-0.8136645751375527,-2.0816362182922505,0.9422300258031608,0,-5.42326472023028,-5.455226016562813,-5.469840892711723,-5.469840892711723,16.18345480265127,-5.469840892711723
755,-1.2223154217546348,-1.7643287491992936,-0.5751989892503505,-1.5577524267760607,0.9136072175680342,-2.021888750904354,-2.360956289612563,0.4596373180748159,-2.31714533324536,-1.2380785109484087,0,-5.140125152056625,-4.700484028062207,-4.125285038811857,-4.125285038811857,13.385043555090416,-4.125285038811857
756,-1.6195672265128171,1.7813561143804018,1.9336861354515067,0.1572362027958715,1.764825883791736,-3.72006102308296,-3.106396650622488,-1.369463774656058,1.0620270669021756,1.728781092681492,1,-4.769624156921238,0.6086455992094204,-1.3250405362420863,-1.3250405362420867,6.921511467352127,-1.3250405362420863
757,-2.3718420435722063,-0.6555749034012783,-2.6916423273869743,-1.849106194073475,-1.3395179235650372,0.2214380256430643,1.2583594182379731,-0.1928060873074124,1.2307610344595907,-2.043556007696214,0,-1.1617886439308127,-2.0888578125502795,0.6027845148366948,0.6027845148366948,1.3049685644142872,0.6027845148366948
758,-2.235616826125185,-0.8658149037231326,2.1836066543526598,1.0573625821055073,-0.1088486250691617,2.0189931809753623,0.2084060838442448,0.0714208325810931,1.532841504289489,-0.6669144399651488,1,1.2331903653286518,1.526197834473772,-0.6574088198788879,-0.6574088198788877,1.0652432663959504,-0.6574088198788879
759,-1.598842591958152,1.591948579666468,1.7563561405144503,1.4748471243537031,-0.3709311036076682,-2.4525941372569653,-1.971811856691013,-0.2793502470569215,1.8468140676627791,0.228161691782645,1,-3.1758919403050037,1.3764928634899054,-0.3798632770245449,-0.3798632770245447,0.09538374844144037,-0.3798632770245449
760,-0.7954421686687941,3.964021735964184,2.2804690264027774,-3.263848152930355,0.2792401012209997,1.2584108770407938,-0.8516317913953948,-0.331239308878395,1.1846954219158852,-0.6822608407049199,1,-5.9274388442849,5.392858970971567,3.1123899445687893,3.1123899445687893,-16.819800996278715,3.1123899445687893
761,-2.3484571624999075,-1.5626602265117913,-2.1771632544192947,-3.099333949057705,-1.4780022553041845,0.6013272580544444,0.3946272994474894,-0.4350526002358597,-0.466078629149349,-2.1886011970129204,0,-4.570199351368306,-3.3451961814835967,-1.168032927064302,-1.168032927064302,1.2667933897131134,-1.168032927064302
762,-2.0646836914427924,1.257159440263662,0.5144371478074388,-2.691955119206733,-1.8789809447538277,1.4191941128642531,-0.4148329703228907,1.1748140575856918,0.5672149950456301,-3.1831692119303314,1,0.19559695315233716,1.3567636177482103,0.8423264699407714,0.8423264699407714,-2.6737332112105037,0.8423264699407714
763,-1.654858565850681,0.4207672732821341,4.739968331767363,0.2908960379899898,0.1230186735267556,1.7515780152256029,-1.9400469636398805,-0.8180021847417462,0.2802706089025318,-0.457505502484159,1,-3.513703240759166,3.2206886414096165,-1.5192796903577463,-1.5192796903577463,0.06794971967502939,-1.5192796903577463
764,-0.1687306907628509,-3.345664155840744,-0.7804514639214084,-1.9979325493970688,-0.5112594578695273,-1.7080198469107706,-3.3145301703797942,-0.034572225485819,-5.287385462397674,-3.234539576859659,0,-9.27132281443583,-7.4406457901419465,-6.660194326220538,-6.660194326220538,22.4758218785051,-6.660194326220538
765,-1.7590047357654406,-0.2047023082237336,-1.3589916197862928,0.1666976498425045,0.1870077214747202,-3.149680772309398,-1.69113571880129,1.5571608896986593,0.1884533190869863,-2.0427730540655142,0,-2.1740267484519884,-3.2548296468113165,-1.8958380270250237,-1.8958380270250235,7.732418971814932,-1.8958380270250237
766,-0.4702672415293827,1.8505607836163445,2.5697754289083865,-0.3949549510708414,-0.4075893446596956,2.7878230461891347,-0.0775093700285641,-0.3680582821436807,0.7646611805315524,-2.690381649790232,1,-2.982474217850951,4.342826842496167,1.7730514135877804,1.7730514135877802,-10.865396185080455,1.7730514135877804
767,-1.153207147748268,1.6771979293805617,1.8201746820671525,0.7897563282747265,-0.39320100368219,-2.716463071675882,-2.1203745700219523,-1.7324945949673274,1.4185949500987596,1.6876313572492478,1,-3.495969848515341,1.3769980414257619,-0.4431766406413906,-0.4431766406413906,0.5093737085374572,-0.4431766406413906
768,-2.955193940359896,-2.322844144330088,-0.8724801001394082,-3.1117268093397104,0.4120711370660239,-2.237693832685859,-3.072309586867824,-1.3806521701101395,-2.524165916913529,-2.4835185716923864,0,-7.421789022851264,-6.26763383133732,-5.395153731197912,-5.395153731197912,19.075238468441817,-5.395153731197912
769,-1.5195919117182433,1.5425182473313162,1.9965747128004423,-0.7241165211415465,2.445769569113684,1.960846175969559,0.2548744938162536,-1.03008605490443,1.8523303196322152,-0.6637516249572326,1,-1.2823601855073945,3.793967453948012,1.7973927411475699,1.7973927411475696,-8.606152114152454,1.7973927411475699
770,-0.3494556035659037,3.045827303085205,0.8882572058587228,0.826720322930805,-0.4592203979892406,3.5724046329396835,2.675475380478284,-0.8065096290255822,3.6450325097571774,-2.5170314917593144,0,3.015824633796816,6.609559889422211,5.721302683563489,5.721302683563489,-7.878172111206955,5.721302683563489
771,-2.031211880930072,1.1953113391542405,-0.2460663086649943,-3.0293430687282985,-1.1290644218323018,0.9006772764560592,-0.3897538369594783,-0.1728133518934063,0.4134148834721379,-3.237740739474684,1,1.099683351125857,0.5594911935297678,0.8055575021947622,0.8055575021947623,-0.9190147933687993,0.8055575021947622
772,-3.3823778285086794,-1.232801797931134,-2.8254578682310783,-2.8033418119009665,-0.25959672180927,-1.4072663639687268,0.1489699133756908,-1.6382456590945336,0.9239034650316886,-0.5716191333724335,0,-4.567061424489386,-3.9092897527865214,-1.0838318845554433,-1.0838318845554433,1.5320841324991827,-1.0838318845554433
773,-1.8935703360984204,1.6500767671925805,1.944872266238736,0.9627151368609972,-0.6719173104649906,0.6600345367014722,1.022707679577778,1.1346396998210568,4.031915995539667,3.1028986239120395,1,-0.536404094907363,4.617656713009095,2.6727844467703585,2.6727844467703585,-9.453698703589811,2.6727844467703585
774,-2.711984718818851,1.5879491778794173,-2.6121746475523997,2.424044656372082,1.477720295302075,2.392653871000016,5.669814928861617,0.7654374943750158,7.558449057981997,-0.2351986407552115,0,11.405764690799323,4.645589459188634,7.257764106741034,7.257764106741034,24.391448345670682,7.257764106741034
775,-0.9387543762047248,2.316209141333549,2.189783945140753,-0.7226458938037008,-0.1174103003448694,2.560643816788711,0.5169250918358944,-0.0183380666337099,1.9103563990032768,-1.3398551154730147,1,-2.2388633581110122,5.022918178310197,2.8331342331694436,2.8331342331694436,-12.660838452190548,2.8331342331694436
776,-2.3131236709756795,-1.349629147155514,-1.089526142394338,0.7361991241037358,-1.874865655501711,-3.3288008208515505,-1.678782680836132,0.6785496546210517,0.3513468790402396,-0.6043207881326224,0,-4.498868066354953,-4.1179379703859835,-3.028411827991646,-3.0284118279916457,8.494204849489673,-3.028411827991646
777,-2.1610508159657478,1.7583302348794307,0.6905471958697926,-2.6862991578930364,0.749698021444869,0.8816129333628484,-0.501285918165972,0.5136092944152219,1.1209193245552278,-2.074659707108407,1,0.042834303604393664,1.9475915125832515,1.2570443167134586,1.2570443167134586,-4.167558270654274,1.2570443167134586
778,-2.9079764407143496,1.098948070795144,1.3529433572448668,-2.908143808970656,0.8892634247589758,0.0813855490893795,-1.422621835577243,0.0773637302840967,0.8769907992131668,-0.7352988301700044,1,-1.8104882571214507,1.0292695924627677,-0.3236737647820991,-0.32367376478209886,-0.16855743295885528,-0.3236737647820991
779,-0.6131798594417075,-3.074373430140226,-2.3057327571445803,-3.697170144163613,-0.687784294825431,-0.2038834461874925,-0.8499748439880745,-1.5105460503694963,-3.6720042680391303,-1.3002463456149078,0,-11.013031799697565,-6.230081031272881,-3.9243482741283007,-3.9243482741283007,3.7882030152444686,-3.9243482741283007
780,-1.647977346224529,0.9044450721090116,3.711282239811541,-0.7032578565608031,-0.6116051462045847,1.1774658011663075,-1.704463905154098,-0.0798491534877959,0.4431884531135119,-0.0974031293108081,1,-4.15666976604833,2.9112634067664547,-0.8000188330450864,-0.8000188330450864,-2.5626983027514543,-0.8000188330450864
781,-0.989723972592412,2.105955156852372,-3.280777575220505,1.961899783622833,-1.0674339329604994,0.0047596309331026,4.019943811114578,-0.002238116474181,5.465055354418737,-0.1607549512372481,0,13.03506942098819,2.845121392746444,6.1258989679669495,6.1258989679669495,14.098098336826247,6.1258989679669495
782,-0.6096901521674863,-0.7816478672796819,-2.296162235424425,-1.8427039341995004,0.4375062034730363,-1.5231095963463952,-0.9626665172785864,0.5884361802403073,-1.6556307609028833,-2.752845620092959,0,-3.5391046988059176,-4.040476619982694,-1.7443143845582685,-1.744314384558268,4.916727513782596,-1.7443143845582685
783,-3.0088961921178066,2.3632240368708226,-0.3940107832031903,1.6266810799254416,0.6368701583954032,1.8724640962246208,2.645350692027659,-1.7718966822464437,5.627693532143655,-3.358013092526093,0,5.939710482550559,4.614563945695291,5.008574728898481,5.008574728898481,-1.6941226371304818,5.008574728898481
784,-2.44488883797666,1.577287267210699,0.7376163608256716,-3.9581192184329623,0.76339307958197,0.9505794972158595,-1.476044551707853,0.4917396407562205,-0.1789698010664463,-3.974821646939368,1,-1.0621901785137786,0.8388590763285175,0.10124271550284591,0.10124271550284591,0.07517283277844955,0.10124271550284591
785,1.127055938018037,4.847309518416067,-2.358818661378419,1.9231564509291244,0.1682305411836943,-0.6561732671276439,2.36801144699831,-1.0071949875269783,4.072844747173887,-3.166913079244636,0,18.649245114931432,4.856502304035958,7.215320965414376,7.215320965414377,4.969579093181752,7.215320965414376
786,-2.6296605072967627,-0.5331221562173054,-2.5283291844481117,1.2200245272281078,-1.8596630405497985,0.8652070332835964,3.126243216595294,1.4336336088178778,4.028609367694553,-0.956328291139112,0,1.24521275393787,0.06479187592987667,2.5931210603779884,2.5931210603779884,5.7675754065601055,2.5931210603779884
787,-2.5631506362828587,-0.2356396441784169,-2.68736249546378,2.2663125639125723,-1.251356182239287,1.4330812228071628,4.3229260096956486,-0.547191788882491,5.392354304159632,-0.3409779621948621,0,3.4540372233077243,1.3999238700534515,4.087286365517231,4.0872863655172305,12.567229907522952,4.087286365517231
788,-1.2266155596259585,3.3450257581749696,0.7177516398161854,-3.911067740333616,2.01780644879303,1.355680036558199,-0.4746163582470434,-0.1403162280471597,0.7973190671647811,-2.763500568176952,1,0.46951167677046346,3.588161039744112,2.8704093999279263,2.870409399927926,-8.634207475313815,2.8704093999279263
789,-0.4780760231523511,3.2550124726571816,-1.1913479054755418,1.0839662826128198,0.93736741425368,1.734039850490979,3.609355370887736,0.995167665158606,5.025653532049553,-0.4319558091730651,0,10.742220135141814,5.673019938069375,6.864367843544917,6.864367843544917,4.367910703338752,6.864367843544917
790,0.8741446227272425,-2.1753111607925453,-1.011505668902068,-1.3247351195664512,0.2996719773379263,-0.3512204436826431,-1.3994083191671969,-2.342478337665347,-3.841980001987408,-2.3167149166634777,0,-5.775059050727339,-4.586225148861811,-3.574719479959742,-3.574719479959742,7.918948701808315,-3.574719479959742
791,-2.9451965815019427,1.8602207256799872,-0.1160957279931034,0.1052348100114772,-0.5969720279011155,3.945721613376048,3.718711646392208,-1.525662409286842,5.380287259526976,-2.0648087640554187,0,5.794896051447873,5.462836644079092,5.578932372072195,5.578932372072195,3.003010972237436,5.578932372072195
792,-1.0520228915579273,2.628796695972931,2.1840749048396844,0.4756867713975701,0.1456169968268912,-2.108361862777765,-2.851772803113125,-0.4112604304834833,0.7425491997911342,-2.1689265361021364,1,-5.964465000740149,1.9610987976994907,-0.22297610714019367,-0.2229761071401941,0.6529965364164365,-0.22297610714019367
793,-0.4305718384511472,-1.7159687355017557,-0.0705792346353171,1.0776399872124118,-0.2508336718112308,-4.734981988067101,-4.042905556446446,-0.561050852022268,-2.7453916883003227,-1.1403327953063285,0,-5.879986051958048,-5.829453526583518,-5.758874291948201,-5.758874291948201,27.81230139686742,-5.758874291948201
794,-1.3531744095730576,0.5153608807623637,-2.439246431746194,0.8494028502356364,0.6067621502064073,1.2160218905008793,3.717722736673797,0.2252697220150467,4.1195323179332215,0.5774343842681402,0,5.490175806897332,1.7938371856899664,4.233083617436161,4.233083617436161,9.05163373311635,4.233083617436161
795,-2.855772048748527,0.0353289666812672,-0.6405967729512803,-1.323785145679831,-0.5387262803464412,-0.9420908572782084,0.258683005182769,0.842774030099027,2.2808786322992853,1.708186862975141,1,0.3166435939117592,-0.3465848010872441,0.29401197186403616,0.29401197186403616,0.1421213484413195,0.29401197186403616
796,-2.1954804530993437,1.7693174763849178,-2.869812970794641,-0.0193262060664143,0.7020303236673265,0.253644170156361,3.5778930949457184,-0.8432983112849525,5.289749544767068,0.8701183889336579,0,10.424820814513714,2.477397600535995,5.347210571330637,5.347210571330636,10.054321070176698,5.347210571330637
797,-0.814497591857924,-3.1711135698415385,0.0306331917801934,-2.4355702562902555,-0.011900823094228,-1.8645347428682184,-3.357557182816879,-0.5751864496435164,-4.464162185020599,-0.690682921794975,0,-6.431529422516688,-6.498037560878224,-6.528670752658417,-6.528670752658417,24.39703987956359,-6.528670752658417
798,0.0060933745440492,3.422691611850492,2.730435621820208,-0.835920082012485,0.9943787309920464,-1.0130857626431395,-2.6978666537338816,-0.5581332596574506,-0.0152508170241544,-1.6795216211186874,1,-8.620614141385198,3.4552605799368186,0.7248249581166104,0.72482495811661,-6.247040156225985,0.7248249581166104
799,-3.326444636545733,0.9784606029516996,1.9825234510496068,-3.6590476645114034,1.4744973675705146,-0.0151778740507584,-2.215581418101805,0.6463201631358254,0.3460299128402038,-0.7018452931950836,1,-3.176941906429988,0.7454026358995014,-1.2371208151501054,-1.2371208151501054,3.460698108208728,-1.2371208151501054
800,-2.2018930925237123,1.8367358742688815,1.0525126588558649,-3.131802665124233,-1.2008189998350405,0.4973526808949917,-1.202783921301502,-0.8249606865912409,0.6182247757509971,-2.0211256273534026,1,-1.2992358056753124,1.6864646118232445,0.6339519529673796,0.6339519529673794,-2.806915162091898,0.6339519529673796
801,-0.7837044485090836,2.1863762051037927,2.6153143738570908,-0.1881378447854782,-0.6650459180031121,-2.8425952542652637,-3.073656542959231,1.1888062411931566,0.4872923159432593,1.8071496343621745,1,-6.605341453722506,1.7280340360016524,-0.8872803378554384,-0.8872803378554384,2.8885497300628096,-0.8872803378554384
802,-0.5904329554569261,1.484522220291639,2.057348695038095,-0.9312453533074156,0.0187905113079407,2.499587135338697,-0.406966003560529,1.575720450373765,0.1049845212608999,-3.48850230435817,1,-1.976623635940949,3.1349049117692047,1.0775562167311101,1.0775562167311101,-7.101019653118345,1.0775562167311101
803,-3.9666119562742415,-0.3701548092061699,-5.087975621784707,2.514082875204187,0.3619142707305265,2.6465211613699027,7.859131061060716,-1.4455181477453234,8.913630927568384,1.1313303960159535,0,5.605637606327184,2.4010006300698388,7.488976251854546,7.488976251854545,49.9926255074776,7.488976251854546
804,-1.5892749248426248,0.3305389342969511,-1.9659155866516131,3.301495224555577,1.0467127137757637,1.68572188019543,4.015851290953255,-0.4576845616790778,5.0023335622437175,-1.466222604380074,0,4.996201868179795,2.380474638598593,4.346390225250206,4.346390225250206,10.050008370131714,4.346390225250206
805,-1.7103752296888104,2.6067135031988293,3.8980168791863625,-3.291521284023431,-0.1204974138993595,1.643409605629731,-2.4745327063432128,-0.5902146122004895,-0.2532971631273361,-2.148530432076129,1,-10.028832437816433,4.030197676041979,0.13218079685561657,0.13218079685561657,-8.20007959280738,0.13218079685561657
806,-2.280171945609289,-0.63459162768673,-1.3061872268839378,0.1111889771609586,-0.5382371300747891,-2.256785090279962,-1.054145548029045,-0.5181340566668573,0.6636842916815067,-1.9324928156155328,0,-2.5176326540876692,-2.994924402599713,-1.688737175715775,-1.688737175715775,4.96598893637305,-1.688737175715775
807,0.0579746808262924,1.910077207594868,0.6957770510335309,-0.912975008534652,1.027959002257798,2.303134905315468,0.5613316805645528,-0.2373122341952182,0.5197905306135548,-3.352593534426973,1,1.1424210014127028,3.1671859391929518,2.471408888159421,2.471408888159421,-6.652489458493665,2.471408888159421
808,-1.4967632637030963,2.013499443886325,1.8900120274551304,-1.9144618040768195,0.1622232168988319,1.6153845084294116,-0.3776162514360798,0.7091143896332839,1.213004135174928,-1.2004564947274998,1,-2.1696549737691257,3.5258952199053755,1.6358831924502453,1.635883192450245,-8.824722545226354,1.6358831924502453
809,0.7285790178304041,2.7864870901829546,5.089444028338368,0.6308950485220817,-0.9186164585230326,3.608210442546269,-0.4574429190728662,-1.6352902700715526,0.7809908669099213,-0.8827298104572446,1,-11.852625910063505,7.418488199448457,2.3290441711100884,2.3290441711100884,-23.719948427522233,2.3290441711100884
810,1.5280486904549209,1.2032845544610695,-1.6644618535255364,2.2180303235911545,0.2377317279059861,-1.1525305650718245,0.8278139696590119,-0.3246196743979412,0.7934031291510371,-1.6271801652974311,0,4.0339197639570035,0.3666366705945452,2.0310985241200816,2.0310985241200816,0.2903620134849061,2.0310985241200816
811,-2.361252777867791,-1.26939762206693,-1.824329061618004,-1.7092709398309651,-0.5338446438149185,-0.942759153775952,-0.1472507988892208,0.9948686937879384,0.2420403298188748,-0.8844984327429265,0,-3.7324473936416394,-3.240977482574155,-1.416648420956151,-1.416648420956151,2.3635097286183306,-1.416648420956151
812,-2.123694593174172,-1.2904795373073197,-0.6547204565513958,-0.858140507236837,-0.6422324784439893,-0.8281599783453815,-0.6840324671259804,0.034393795307583,0.0369479495270564,-0.7829912714471499,0,-2.8194153562693822,-2.6292324609846958,-1.9745120044333002,-1.9745120044333002,4.226741529664369,-1.9745120044333002
813,-0.8091805953289671,1.140614231551777,0.2629597859163981,2.697357607735759,0.0061314504352268,-2.7909445985912846,-0.7740967820735402,0.7990680731422993,2.257304888410152,0.6775080146376016,1,0.06658177533618481,0.6294772353946351,0.36651744947823695,0.36651744947823683,-0.6967045309983142,0.36651744947823695
814,-1.4536563794840205,2.0388005174006336,1.5438154935678103,0.3645012198428965,0.7914974359729572,-1.831638866359269,-1.220107361013654,0.9606132325034852,2.225665681263829,1.619246560667042,1,-2.3288386706701862,2.36250864995479,0.8186931563869797,0.8186931563869797,-4.840071660999232,0.8186931563869797
815,-1.071998107888041,-1.7102032170544803,0.8758447458831466,1.391746447753067,0.2483054757359842,-2.97878583404992,-3.2395608995669827,-0.9683358632535588,-1.7558563852063915,-1.3804338220901542,0,-3.4518916145718403,-4.073919370738316,-4.949764116621463,-4.949764116621464,21.016310811412637,-4.949764116621463
816,-1.4995754801570835,-2.401442926760148,-1.8134390904916065,-3.5827437927762222,-0.0793761400203122,0.0408051681911099,-0.983105430384338,1.2972975339255457,-2.7619994318246373,-2.4916299640153268,0,-7.73941883411591,-5.197987447636093,-3.384548357144486,-3.384548357144486,5.194161615060329,-3.384548357144486
817,0.2751348106732978,-1.804929051210832,-3.003222547731506,-1.949536981793806,-0.2577245615862952,-1.6838788392021355,-1.2039042577283197,1.2373697935635992,-3.3054472693222503,-3.383098415456214,0,-8.429436932591157,-6.012055856670658,-3.0088333089391517,-3.0088333089391517,5.049671003734181,-3.0088333089391517
818,3.1029816702836044,4.412260471213008,-1.2924427030690322,3.0966025375697988,-0.3241768610406412,-1.0105505334498992,1.0143796248778447,0.569758919704179,1.7268374293735966,-3.86550259629354,0,11.129233946150034,4.134197393021821,5.4266400960908525,5.426640096090853,-2.829277615686175,5.4266400960908525
819,0.6755593359485395,4.104116269639929,-0.0184411130181301,2.3995181791076297,0.6040974263555673,1.6033969252128404,2.164240770565888,1.5448414624182585,3.7464229516639302,-3.8351646554845775,0,6.344041512173794,6.249915927187687,6.268357040205817,6.268357040205817,-7.758650382445898,6.268357040205817
820,-4.75204609361176,-1.7662362398371272,-3.933372028457125,1.7987430468465473,0.0775853894863909,1.545665773410522,5.324976815438557,-0.9345938948984712,6.700487413461454,0.3104082560426324,0,-3.3885236458212162,-0.3746314528556951,3.55874057560143,3.55874057560143,18.224004740789777,3.55874057560143
821,-4.112414212021122,-0.6340079220196412,-2.3558634970323964,-3.3405099424062965,1.4706619906522893,-1.4954921190757406,-0.4067929417361984,-1.165441526221057,1.2159594242052565,-1.3856462760264383,0,-2.534436984071274,-3.3966643607882356,-1.0408008637558397,-1.0408008637558392,3.1093096016750312,-1.0408008637558397
822,-0.6190159967808897,0.9499529571359818,2.461038308099787,0.390782610579617,-1.4511039864667383,2.8551028874190543,0.1973896825262385,-0.5225209294096369,0.8301584462092462,-2.354656635230431,1,-1.1905279787421055,3.608380947762007,1.1473426396622204,1.1473426396622202,-7.054631519060743,1.1473426396622204
823,-2.916511896659575,-0.9942487967492072,-0.9080030787819822,5.767697832692469,-0.1564092787928027,-1.6791483374569296,2.8843785718482717,0.5910905313252215,6.572656809339282,4.360020918295231,1,0.9873488065755031,0.9821266963170824,1.8901297750990644,1.8901297750990644,4.544602305797767,1.8901297750990644
824,-1.1009727942539396,0.830863514916629,-1.4756845338887026,1.3667617685403206,-1.7684154256380724,2.3586766546305964,3.71925867187189,0.5343472134537843,4.037712387251073,-0.7919606327166725,0,5.7762146255233935,3.0744376528998165,4.550122186788519,4.55012218678852,7.434417667340794,4.550122186788519
825,-1.4544249172401602,-1.002073056751754,-1.2559887049635816,-0.2746362340682633,-3.2325654325124336,-2.116096634254582,-1.4238031252550356,-0.984413046175212,-0.661717596013488,-2.121625611623883,0,-3.6844686228353227,-3.681864886970371,-2.42587618200679,-2.42587618200679,6.876363967634633,-2.42587618200679
826,-1.2222173129410665,0.9103552942283492,3.4786074527067643,0.403251807940064,-1.0704682430200712,2.8147027933052464,-0.3911000496764107,1.7347627931235772,0.9972599083799636,-1.8428586911903888,1,-2.6475134665618563,3.997862697258703,0.5192552445519385,0.5192552445519384,-7.530927404067544,0.5192552445519385
827,-1.4785097385726709,-2.217434382945316,-0.2758347465514974,-1.950480368178868,-1.3369779581405543,-1.2038842274831745,-2.280083987260153,-0.1496359442517925,-2.620828971093189,-1.5957475736276194,0,-5.1091638212197665,-4.773353116756967,-4.497518370205469,-4.497518370205469,13.858009024908295,-4.497518370205469
828,-2.810883798214645,-0.0818839237512314,-2.9670675277042364,2.6560758545716947,-0.3825838427224335,1.2508176644527222,4.441043335619497,-0.1135881136210503,5.833039900887423,-1.002942215900927,0,4.116204280664977,1.3920918841640293,4.359159411868266,4.359159411868266,13.728659481614764,4.359159411868266
829,-2.607555269936399,0.777437421609239,1.9751318212881528,3.1206004490681227,0.0551706378714639,-1.474702871078165,-0.6536257945901738,0.4891305566492876,3.646723054872846,0.9173122827248352,1,-1.4117297634615564,2.0989434483072182,0.12381162701906523,0.12381162701906545,-3.331069786453269,0.12381162701906523
830,0.29459420969304,-2.1573047146512545,-2.51445277806586,-0.1240196945326428,-1.047774946139099,-2.0906858500046592,-0.7086224205128302,-1.1169408841023638,-2.138894533070498,-1.057867465900299,0,-8.29036796805351,-5.380379913229945,-2.8659271351640845,-2.8659271351640845,3.324011950358067,-2.8659271351640845
831,0.3892593569786158,3.2186199452354294,0.4834996597226846,-2.3409681514947422,-0.4629163794863271,1.4972160120358964,-0.1335833273197513,1.0175314239306263,0.1347587354426013,-3.494707479869991,1,1.528834969617702,3.568536277638363,3.0850366179156783,3.0850366179156783,-8.1919300385142,3.0850366179156783
832,-0.8497125179513623,2.608890631729034,1.8720469493277667,1.7785774326589778,0.8949300615655605,0.2842218697084193,-0.5486052089329869,0.0403076993302478,2.23558544671733,-3.0891118026163147,1,-2.823680325462081,3.932332372123814,2.0602854227960474,2.0602854227960474,-10.575615867909583,2.0602854227960474
833,0.2805802319913575,-1.556399846834445,-2.4211297739265203,-0.8390140083235981,-0.3864948903227902,-1.6313275712314186,-0.9823509950602144,-0.2047072335222877,-2.487639122358362,-2.7966665149737864,0,-6.306996851200211,-4.95988061582118,-2.5387508418946596,-2.5387508418946596,4.6953989259060815,-2.5387508418946596
834,-2.7127923897587998,0.6912107655133722,0.9560539866676434,4.375713840214599,0.3915511752600938,-0.554682489760918,0.8019146116703906,0.1183500656551772,4.754916684280077,-0.9153688349993554,1,0.8322905691871098,2.4491793638514063,1.493125377183763,1.493125377183763,-3.9600725046213485,1.493125377183763
835,-3.378786573547119,2.1566622080961784,-0.0888100154419908,2.283738515886073,0.6357265264405499,3.7976094849938256,3.896528292512215,0.1279272023745792,6.562187026517472,-4.319044532882471,0,6.244723704612572,5.964380485166402,6.053190500608393,6.053190500608393,3.35689495257754,6.053190500608393
836,-0.4353345192469557,1.3434720446987605,-1.1756967707494386,1.0157802053367313,0.0018035063564141,1.234258652366796,2.4164342636632474,0.1143087530592477,2.900499523615177,-1.1193350600010925,0,5.339422052906486,2.584209537612569,3.759906308362008,3.759906308362008,1.0745544491756425,3.759906308362008
837,0.0806287108505339,-2.948135015157745,-1.8769987569991804,-2.4221837760385654,1.533012542249183,-2.581961352216582,-2.822822160615658,-0.0400372075210992,-4.8039529954871245,-1.793751906548694,0,-11.304602934690251,-7.647955932772583,-5.770957175773403,-5.770957175773403,15.853592300091991,-5.770957175773403
838,0.2338300257195078,4.249536979780128,-2.651740278269223,3.061398228709189,-0.2511178346424408,1.5469672266256838,5.058798432335324,-1.7582088766554351,6.584212153986106,-1.961211624412885,0,20.577003785392964,6.6565951338462295,9.308335412115452,9.308335412115452,20.895179406314163,9.308335412115452
839,-0.2698299691665242,1.5716137916978314,0.5817781406257807,1.0957116395905313,1.4141103906067818,0.5121343635435496,-0.368835165824599,1.53739673068429,0.7369622849085521,-4.37437820829311,0,0.2884480763574351,1.7845567664990132,1.2027786258732325,1.2027786258732325,-3.7656265623391834,1.2027786258732325
840,-1.980259217050904,0.7219787515011798,1.1100891625364897,1.168950561765935,-0.1503283737637099,-2.219511438787751,-0.3716454631593395,1.8955073459913552,3.121765909755457,4.568600062099403,1,-0.45112749928124474,1.4604224508783301,0.35033328834184035,0.3503332883418403,-2.474096176556335,0.35033328834184035
841,-1.1151347809196577,3.990266645043986,-2.947569021587072,1.5838419259891314,0.5011292760645764,1.1155381378962208,5.039937295245931,1.5891473016364572,7.186701360164727,-0.2898840991312172,0,20.791790291093744,6.082634918702845,9.030203940289917,9.030203940289917,22.049715431821934,9.030203940289917
842,-1.4400566696761148,2.408089708099586,1.5019442473112077,-2.508819110925422,0.3435545770399357,1.6828084232063476,-0.3302677991529523,-0.0223085389124311,1.1065130408707684,-1.924103318242102,1,-1.538994575142865,3.5797661562578416,2.0778219089466337,2.0778219089466337,-9.165327730136639,2.0778219089466337
843,0.04093441548852,2.496903484147833,0.0185758763725258,1.490138452968785,-0.4352481970051683,2.3293478402596444,2.2308327754647066,0.583837081539059,2.9619323266812176,-3.0687147303277875,0,4.68135408917688,4.7463121359850655,4.72773625961254,4.72773625961254,-4.543815693945698,4.72773625961254
844,-1.4752162532340218,0.7233665095887218,-3.497949583817332,-1.8647281061034615,-0.1787068845634957,-0.5237003620461397,1.5298349298795368,1.6652522339446956,1.6164003084318166,-2.106257520345351,0,4.783501020631524,-1.2447481443490738,2.253201439468259,2.2532014394682585,3.8622411987236074,2.253201439468259
845,-0.6224070089764596,1.7661410267990827,1.194399432393722,0.9655987228526868,1.98567641101484,3.3994866638671297,2.0808656773554928,0.6185563569779244,2.756391500356189,-2.298106275627392,0,1.7375288642184858,5.041406136548297,3.8470067041545755,3.8470067041545755,-6.66788871344283,3.8470067041545755
846,-2.035766664981727,1.444733714843034,-3.5089089736171,2.997140382474301,-0.4952150980047351,0.0427123792206949,4.043193386318865,-1.9768215689475903,6.003437263272462,-2.1039050821912357,0,10.557366197661791,1.9790181275447996,5.487927101161899,5.487927101161899,13.949906626965806,5.487927101161899
847,-1.948098192029472,0.6203667249811294,0.7165661069826392,2.793537704038761,-1.1719339292231947,-1.7480209300701015,0.3825771361378369,1.0974849713531636,3.860434197792989,2.8686351226285827,1,0.5584100920976687,1.7195099681016055,1.0029438611189663,1.0029438611189665,-3.0206223331464406,1.0029438611189663
848,0.3836070714777115,2.1542391768906013,2.946524124649608,-1.2579784844090334,1.083261776294304,2.1268016641448844,-1.4212055887801385,0.5553988606517399,-0.9562872686855236,-3.263307136061683,1,-5.614484116863008,3.679557712760071,0.7330335881104628,0.7330335881104633,-8.740283680264103,0.7330335881104628
849,-3.1238689293538555,-1.9855762686327885,-1.4140597810005824,-3.263291133217897,0.9109070350337491,-1.2197568284032203,-1.0918932866473852,-1.277371133550618,-0.6773924351226803,-0.047384320297334,0,-5.885193098863008,-4.491529336280756,-3.0774695552801736,-3.0774695552801736,5.953506297403724,-3.0774695552801736
850,-2.531700736907656,1.4336514856316314,-1.7896571235848204,1.7663900447203462,1.6651423825437814,3.32218400723722,5.610824527278576,0.0658916086022399,7.038248008122995,0.3512550331709079,0,9.610220606908818,5.254818889325387,7.0444760129102075,7.0444760129102075,21.747801567673875,7.0444760129102075
851,-1.50444032499508,4.558227754718141,3.4986377552325045,-4.78150264393939,-2.9937066026606227,0.4354796551616584,-2.3516104255248136,-0.4023100227527226,0.8335322983740048,0.5766288713178089,1,-13.740970390412246,5.705255084425832,2.2066173291933273,2.2066173291933273,-18.329388539787743,2.2066173291933273
852,-2.088175951976137,1.7341947644928923,2.6009540013150767,0.7792241652331193,-2.722454140991939,-1.397462541261465,-1.937667824175954,0.4728150699278325,1.995552732927004,0.1796104942809755,1,-4.714033871450507,2.397480941632015,-0.20347305968306162,-0.20347305968306206,-2.9500120968696244,-0.20347305968306162
853,-1.4246511921925435,2.485728014240945,-1.1641179459956454,-2.809765364993882,0.7254188271577661,0.736805490997286,1.0460319861192335,-0.0700464437279648,2.039861702468908,-1.4734054671055492,1,6.4254405906021805,2.367642054364533,3.5317600003601783,3.5317600003601783,-1.91153854849816,3.5317600003601783
854,1.8386906213995775,-3.391271340821952,-1.705914953600593,0.1653402162360535,0.628102969833705,-1.9532384099844948,-2.283457399725279,0.0533842724790217,-5.35784759679649,-2.9456663812472224,0,-11.45994923257253,-7.380643694147825,-5.674728740547231,-5.674728740547231,12.484329639029886,-5.674728740547231
855,-2.2584812292985346,-0.3527711476747122,-1.160191288874278,-0.6810795726284633,-0.2134326970879245,-0.7397838994062957,0.5118508485651485,-2.2832386346150395,1.7746244049767308,0.5356467864632841,1,-0.25020231160794615,-1.0011115879838417,0.15907970089043633,0.15907970089043633,0.6947411657718854,0.15907970089043633
856,-0.5208974948472278,2.0031367163691955,-1.1209772783833798,2.6243658358706003,-0.2496555382189193,1.3131196202309028,2.915363738037005,0.9792597442869628,4.175090729875522,-2.2225090513750008,0,7.163971198951561,3.7975231760228207,4.9185004544062005,4.918500454406201,2.028792839177439,4.9185004544062005
857,-2.6404747311429224,1.5324655176922315,2.9686685511827138,0.6833593436947671,-0.1848767562452656,-1.1757071290518546,-1.6568876153498855,1.161503048481976,2.6432125093208536,1.585700762148673,1,-4.673804285802519,2.84424645352506,-0.124422097657654,-0.12442209765765355,-4.52392997411244,-0.124422097657654
858,-0.4617352171906366,3.43070304580687,-2.1436512947504305,-3.33420107524101,0.2839278876047216,1.5322139118529112,1.6237959602778926,-0.0122765335021758,1.587359679083047,-4.125389382872317,1,12.408730032132906,2.910847711334332,5.054499006084763,5.054499006084763,2.025597629243851,5.054499006084763
859,-5.015078814423704,0.5419395980157089,-0.8633203403882193,-1.985524224270588,-0.3847920236040706,2.9308203622687747,3.153082257921956,-0.8577331766050195,5.311714195437886,-0.5040094828831927,0,4.162889334166442,2.8317015155494456,3.6950218559376653,3.6950218559376653,3.8830718319638873,3.6950218559376653
860,-0.1055414926968363,-3.815923650940736,0.4986922990393951,-2.223226845857802,-0.7243636318034608,-0.2154772940741958,-2.955421934337962,0.2295726410742531,-5.389766775341321,-1.7583309015471356,0,-4.868373846832261,-6.272653286239303,-6.771345585278699,-6.771345585278699,23.68148941993038,-6.771345585278699
861,-0.8697869238907967,2.49691909060111,-1.073245148659317,2.497690629449422,-0.5738199139101188,1.535514206410857,3.15141080068303,0.3286440258048085,4.825746997222624,-2.443739925362641,0,8.328136191866616,4.5750847426248225,5.64832989128414,5.64832989128414,2.387781701335167,5.64832989128414
862,-2.8130032914512544,-0.9420337188570684,-2.0059442596962564,-1.0787623922263967,-0.1210754323905538,-2.7785575768320303,-1.1081347013709826,-0.664700905151014,0.5552837794644041,-1.081469955193996,0,-3.9398355510097045,-4.056112679924308,-2.050168420228051,-2.0501684202280512,5.444576485753262,-2.050168420228051
863,-1.6667650605911255,-1.335416588913397,-2.199287835346489,-2.004375968282785,0.0567066488392654,-1.4709335828850916,-0.9518519352617244,0.5849534930864443,-1.1815667948253714,-2.447780814161633,0,-5.224233983292258,-4.486556359521611,-2.2872685241751216,-2.2872685241751216,4.742881531241085,-2.2872685241751216
864,-2.688723566962241,-0.9746541504921884,-1.5781080487053838,-3.003729040802941,0.4203098174852043,-0.3424551746989315,-0.1352817110655255,0.553627409358232,0.1794551096567562,-0.6928826123165128,0,-2.6480454211535447,-2.6880439102630977,-1.109935861557714,-1.109935861557714,2.2781713535737973,-1.109935861557714
865,-1.494820130442891,2.377370528106882,2.673325429535784,-0.0184487541917235,-0.0861621040994945,-1.8900372890102115,-2.6810103708233006,0.2284821777181917,1.1320942688586917,-0.1738091622045696,1,-6.659124930933464,2.3696855868193656,-0.3036398427164184,-0.3036398427164184,-1.2337142238579002,-0.3036398427164184
866,-1.7529351904661403,2.151188900063017,2.153536711384727,1.3994380290476307,-0.7308131256087531,-0.244432720096164,-0.5201768657479017,0.0873574252602637,2.990047107061413,-0.2880290733376678,1,-3.0016522350939217,3.7845487456998423,1.6310120343151153,1.6310120343151153,-9.777641077764684,1.6310120343151153
867,-3.513023501055489,0.2087083630996513,-1.039619147906355,-1.0217608018521764,-0.090242881440322,-2.9111214873868536,-1.8249889299531743,1.2530582102439145,1.256191682206944,-2.2847332302327588,0,-1.3993033562469332,-2.6558997147598777,-1.616280566853523,-1.6162805668535227,7.8197420866716225,-1.616280566853523
868,-3.085435200621804,1.7503157647963783,-0.0782074812922097,1.7137349330743294,-1.498635497149212,3.941465349923025,4.31891062329136,0.6621687539474996,6.469966690333754,-1.8393197913611783,0,6.206114175518511,5.991018906795528,6.069226388087738,6.069226388087738,6.729631464526466,6.069226388087738
869,-1.7316049410771468,2.11774266661694,-2.40661070473664,0.8929825336870166,-0.3114671948992015,1.8803134628118356,4.445189941356356,0.3796996774171124,5.719090404648513,-0.5813005673608722,0,11.65951477933114,4.156321903236655,6.562932607973296,6.562932607973296,14.137041274883611,6.562932607973296
870,-1.352727877437569,1.7420919651466646,3.105890233069479,0.5383188525323757,-0.2005711806557685,1.295395455208939,0.1456916859274134,-0.6611371121909724,2.750887873100053,2.19997475515548,1,-3.522962768583763,4.993673884143557,1.887783651074078,1.887783651074078,-12.270977887527104,1.887783651074078
871,-3.395573594806548,0.968288385445169,2.743102847205984,2.427891727937376,-0.6226717665523829,-2.247979394463291,-2.0140389123585427,-1.0971438697704636,3.269593599311945,0.5880984105169643,1,-3.7018651539445027,1.6973523202926102,-1.0457505269133738,-1.0457505269133738,0.7486363200840165,-1.0457505269133738
872,-2.066820623765591,0.2268333851274602,0.1430382849967215,3.772566683113479,-0.6735396478972429,-2.2670737387919604,0.4906572868445911,-2.102600691921022,4.091556715655861,2.1966463852771447,1,0.6850448135834185,0.8605289569687729,0.7174906719720513,0.7174906719720513,-1.3697209141957614,0.7174906719720513
873,-0.3599244087636635,2.8925575163151542,2.937611553766245,-0.7219437023798165,-0.3492618853479615,-1.1921594356514646,-2.4935057354374424,-1.5166625462859211,0.4232002103718981,0.3265622682311606,1,-8.09815859898308,3.3366633346439567,0.39905178087771187,0.39905178087771187,-6.0153546427230395,0.39905178087771187
874,-0.7017790744503564,2.692048124046658,3.4170373607716247,-1.070053152942465,0.2262922672434363,-2.0696524228039834,-3.575551502466566,-0.7877224332655192,-0.1357675368037653,0.7237573511726036,1,-10.082332395282506,2.5335339823517167,-0.883503378419908,-0.883503378419908,1.935708925996515,-0.883503378419908
875,-1.1578921832342752,2.882507312184736,3.519345978865952,-0.9972155846157786,0.924721805513421,-1.1067344291278811,-3.142214843808362,1.2746531240383412,0.369661435837827,-0.7344303493168263,1,-10.40424804981268,3.259638447242326,-0.2597075316236257,-0.25970753162362614,-3.2709573091581454,-0.2597075316236257
876,-2.2659348625300537,-0.5368286196556808,-0.8258229270555377,-1.0320623701506428,0.2514936699419917,0.8593476146468761,0.466118673394227,1.6712624603036346,0.9133349604029648,-2.570482131702064,1,-0.5140353282726922,-0.8965328733169915,-0.07070994626145383,-0.07070994626145377,0.741184055254001,-0.07070994626145383
877,-0.5127741583703969,-1.275438783443693,-0.0326765936371471,0.8867800085245157,-0.2802827130771807,-4.571461161582402,-4.132387894923996,0.6051330157589494,-2.67979609475592,-2.0861538570911105,0,-5.449503673203337,-5.440503272004836,-5.407826678367689,-5.407826678367689,27.883282669651255,-5.407826678367689
878,-3.1505611337371717,0.0379166258510834,-1.542680348804745,1.892634111893475,1.0745297902299311,3.6428964529486296,4.822497394493854,-0.7974381170700989,5.838846876616958,-1.75923983466027,0,4.918907253938385,3.3177336715401924,4.860414020344937,4.860414020344937,15.13682666160833,4.860414020344937
879,-2.408375043818549,1.1779760752369333,1.6530946052592166,2.216707253785909,-1.173630392546798,-1.541336226032426,-0.642922334682737,0.3629957034326874,3.4312994033035404,1.106595328955004,1,-1.4122521545444027,2.188148345813413,0.5350537405541963,0.5350537405541964,-4.2571588530323075,0.5350537405541963
880,-1.2414360691165254,2.1278467550592857,1.171655225906453,0.0456757510895011,0.2802359460024943,2.4442365350934843,1.263352409746689,0.2921488421187989,2.6933913310159485,-2.166772108114463,0,0.8980963943126743,4.5628543907124275,3.3911991648059745,3.391199164805975,-8.851097014798937,3.3911991648059745
881,-1.7162365004154094,1.2131659555791448,-0.4375391932508259,1.7229422089581994,-1.3467856621154346,1.9775623933754267,2.488571373038463,0.2075422948887419,3.912531537363152,-2.45539095035054,0,4.232544982101074,3.264198135366782,3.701737328617608,3.7017373286176074,-0.24214033179438177,3.701737328617608
882,-0.7717898224122656,3.284445351705423,-1.5729219505423302,0.9380421339970714,-0.2386055317146274,2.9978058255243942,4.617049155622182,-0.430996200219813,5.61530480038484,-1.48712893171421,0,13.06767069638179,6.328572556785275,7.901494507327605,7.901494507327605,12.253252030372812,7.901494507327605
883,0.2781582542787162,-1.4318047544868855,-3.322762670024644,-3.249351222996756,-1.361675030463631,0.3597441051409829,0.2959080810363073,1.625330309075195,-2.771972965941947,-3.39905463452137,0,-5.893444062423402,-4.458659343475222,-1.1358966734505782,-1.1358966734505782,0.924570220375567,-1.1358966734505782
884,-1.6694027465136052,1.0479779633220043,-0.3418037583319331,2.292727073488246,-0.5831657172559563,-3.496147581474444,-0.3669689220619619,-0.4001196613011309,3.315254708869947,2.5255933148339995,1,1.0392118477725483,0.33920528292810936,0.6810090412600425,0.6810090412600425,-0.5273453279163278,0.6810090412600425
885,-3.2198883435812737,-1.272914560084781,-3.657732728057897,-0.734016688998282,-0.0288166015886233,-1.4753347558005214,1.7768312734710294,0.5019002337006719,2.7979232306870547,0.5967256285173406,0,-4.152064533057276,-3.1538160146716487,0.5039167133862483,0.5039167133862483,1.1510474292265565,0.5039167133862483
886,-2.697867649137837,-0.9909861602840488,-3.096374127547816,-3.585426654409077,-0.2694937557039864,-0.1583375636872739,0.5763479202320645,-0.9230723963155776,0.1689769863873166,-2.1567075999355323,0,-3.483102147513467,-3.5110123675998004,-0.41463824005198435,-0.41463824005198435,1.1893636253461288,-0.41463824005198435
887,-2.1361256909761406,1.66417400429596,2.770302350876689,1.3198917638023966,-0.4793539426560843,-2.5854890991797417,-3.091840518230787,-0.186436415821554,1.4089757305130466,-0.7747556625130767,1,-6.037931670303799,1.342635836941862,-1.427666513934827,-1.427666513934827,5.034243310797617,-1.427666513934827
888,1.0313933791305172,3.0101925150675086,2.03464972129763,0.7014050381404282,-0.3097108118065725,0.5904830399775968,-1.40013643314247,1.4106923204208948,-0.2010061474073071,-4.428792864789577,0,-4.51463127990928,3.644705803222669,1.6100560819250387,1.610056081925039,-9.419067215569106,1.6100560819250387
889,-3.861196037629297,0.6626470219137374,-2.447099962732447,1.6133382358061394,-0.7223474046150294,2.6995002339148804,4.772560696168579,0.6568987063196474,6.622957618334484,-2.540981797402638,0,7.05677122071219,2.9881077553498696,5.435207718082316,5.435207718082316,15.975583627810801,5.435207718082316
890,-1.2395773842934648,2.347614975652289,3.710803638886902,-1.3051604412150015,0.8399445397420275,-0.7938417888691486,-2.514078747319992,-1.5057478005641665,0.7664836038272633,2.078612573581016,1,-8.878001966023604,3.5443398672191986,-0.16646377166770332,-0.16646377166770332,-5.768822342181332,-0.16646377166770332
891,-5.217338430488245,0.9832591872498408,-1.97535118836088,-2.5693819197088565,-0.198669133822903,-2.2009334658518647,0.2958658557586967,0.5615734705711045,4.279543545424927,0.814000739182831,0,3.221407247009264,-0.6962261453523424,1.2791250430085377,1.2791250430085377,1.446919910948357,1.2791250430085377
892,-0.8267417890425524,2.6282078323892417,2.0372156780454342,-0.1253161562534992,-1.3076425810934404,-1.7990601942404774,-2.1058524630442954,1.8486630689665504,1.1226717005971614,0.1312654302030529,1,-4.831870831960224,2.5595710473903805,0.5223553693449463,0.5223553693449463,-4.001538021930774,0.5223553693449463
893,-1.5474667892971894,2.544440155187368,0.2275686436593267,-2.3749288854287687,-1.6713322676347722,0.5892890332779358,0.4823175112288008,0.5855215328568677,2.2377133526651454,0.125658746158916,1,2.4477228714278527,3.2543263100754953,3.026757666416169,3.026757666416169,-6.627488589842036,3.026757666416169
894,-0.7495020327251298,1.82192036531016,1.941210730262025,0.7653594652675304,-0.4839843396005531,-0.2560466138647945,-0.1719638664329129,2.5031717909057107,2.3155136220929124,2.1787094933651696,1,-1.8867748639457436,3.5911672291392724,1.6499564988772473,1.6499564988772473,-8.748283519480953,1.6499564988772473
895,0.1089259311520651,-0.975890820083134,-3.160199216728896,-2.2939450538555715,-0.5492386533125753,0.2631970973118696,0.6177989124970321,-0.9928687053786982,-1.7439434490617025,-3.3333122598818345,0,-3.442101312825742,-3.518291124314998,-0.3580919075861019,-0.35809190758610177,1.1740491229439751,-0.3580919075861019
896,-0.7875773983010836,-0.8671802554489253,-4.219590942715092,-3.818920824704227,-0.7136288932044673,0.9210716653229664,1.555694241993829,-0.0195303894671022,-1.0292342563649644,-3.501936938683164,0,-2.9706319650487414,-3.531076956170188,0.6885139865449038,0.688513986544904,1.6036015926043943,0.6885139865449038
897,-2.7656907612150103,-0.1998650974282849,-4.649209522488744,-3.6162715275744257,0.4273760454707971,-0.127805710325803,2.2954938242656944,-0.5439834133726836,1.9494808333865237,-1.2708051018336723,0,1.1664140126606872,-2.5535807956513343,2.0956287268374094,2.0956287268374094,4.798029251879145,2.0956287268374094
898,-2.3084462545030267,0.9876886195227692,2.372828543698224,-1.1023438557354732,0.903058166736933,0.7145983756947637,-0.8943059307619237,-0.3494249506357074,1.491850251985504,0.3839680125960523,1,-2.250233059928676,2.4662112324590693,0.09338268876084554,0.09338268876084554,-4.103426572113486,0.09338268876084554
899,-0.6694157520924434,-2.830595000926353,-0.9935098207596348,-2.786185096344557,0.3939905721750079,-0.7950522926003972,-2.1987330788681274,0.2900378030539018,-4.070206150441555,-2.250070368306548,0,-7.84155201180794,-6.022837900554116,-5.02932807979448,-5.02932807979448,13.074369200444051,-5.02932807979448
900,-2.6582185074750395,0.8211963082857846,1.672069122569157,1.4680313452663267,-1.139061507616351,-3.7533123900196967,-2.1818094720794297,-0.4388499904781714,2.582930858522637,3.0871437862499524,1,-2.7337101544460882,0.311455958775512,-1.3606131637936452,-1.3606131637936452,4.4363527868212085,-1.3606131637936452
901,-1.709981293057269,-0.1425326905480637,-2.7999489930475066,-0.8892627290766938,-0.588018519036967,-3.299404351210109,-1.251296874446852,1.4554013377261916,-0.0407368803639596,-2.7558040171473017,0,-1.7929138283713184,-4.193778558042422,-1.3938295649949157,-1.393829564994916,6.7542677276613965,-1.3938295649949157
902,-1.8241117109825764,1.873424123849736,1.5464052122128795,-3.186154213817868,-0.2479160257430088,2.305598000831697,-0.9705681949062656,0.1847686502490239,-0.0596573254550047,-4.65380411543635,1,-1.9942169008631085,2.44926114115635,0.9028559289434704,0.9028559289434703,-5.307187278942792,0.9028559289434704
903,-1.6773124612506725,0.2788648994547613,-2.650433112305731,-0.5473743258599924,-1.661580989177992,-0.8708889043145273,1.2739402859137523,-0.0762781517395826,2.032767448957677,-1.0199432294912505,0,2.291917948743222,-1.0976279269372173,1.5528051853685136,1.5528051853685136,1.9068593570174244,1.5528051853685136
904,-1.8547645781817432,2.0596500608891475,1.7907698402052503,2.4367654250158077,-0.7634653033091117,4.9416432222736,3.10317267295215,-0.2996934959328892,4.753737192512003,-4.2872136243753545,0,1.4744635234241046,6.953592574046548,5.162822733841297,5.162822733841297,-6.175093880148047,5.162822733841297
905,-4.556618250050955,-1.093995041651715,-0.3409357918298985,-0.8699722505360973,0.1804681418312064,-1.3065634367363863,-0.7012467732120646,-0.8138136419289294,2.2054707105321976,-0.3006683188603938,0,-2.16822388064729,-2.1361776066936784,-1.7952418148637797,-1.7952418148637797,4.05018439271428,-1.7952418148637797
906,-1.1344024417226493,2.147683292443169,1.9422794940753096,0.7231684679786884,-0.3525462427366199,-1.8634999868699147,-1.8183318077020303,0.2156687709336185,1.6049837706125127,0.3017339167662312,1,-3.8420497339393753,2.2716309788164484,0.32935148474113873,0.32935148474113873,-3.4660531193371664,0.32935148474113873
907,-2.212022015945067,0.0157318498803706,-4.097837388093376,-3.072693963594189,0.0953502743327785,-1.7486000861743105,0.4836648545331242,-0.8324766217233888,0.679370344371647,-2.222580461030925,0,0.5638632670371496,-3.5984406836798812,0.49939670441349476,0.49939670441349493,3.3974422334005903,0.49939670441349476
908,1.1726371471019617,-0.8853230000231229,-2.415290885294326,0.4946404531329709,-1.2258922634399458,-1.1325843329512717,0.0137389305994821,-1.2787358548192564,-1.6013135086709525,-2.499311237637449,0,-3.009896641920918,-3.286874954717967,-0.8715840694236409,-0.871584069423641,2.0203352098583482,-0.8715840694236409
909,-3.0518250619714644,2.563836373390817,-1.3588529668541278,0.2676516333686747,0.9679319487649898,3.783095594176245,5.237666307675113,0.2183387504421607,7.174963936864649,-0.6618710537875918,0,11.285379343576569,6.442649714211802,7.80150268106593,7.80150268106593,16.67287261778796,7.80150268106593
910,-0.6671276348541314,-1.364395385758794,-3.4772450913896966,-4.472342375940892,-0.4992019982759302,1.850779065499569,1.611872638750312,1.8701386928213053,-1.5725282384906731,-2.4086276520752623,0,-4.496859904853001,-3.2297678383981787,0.2474772529915179,0.24747725299151813,0.836086831114035,0.2474772529915179
911,-2.288528762825873,-1.4096068831228157,-2.1722168950828022,-1.024016675919602,0.0301406613151773,-3.064244499219745,-1.268990664596821,-0.4801622831930444,-0.1515853034206524,-0.5710469432072445,0,-5.740569434664026,-4.850814442802439,-2.6785975477196367,-2.6785975477196367,6.077777410411567,-2.6785975477196367
912,-4.669496234003602,-2.8051912664901337,-1.9042807277212164,1.212931740234192,-0.301579807791105,1.160131468666726,2.7232158287709542,-1.28950006972398,4.004818644852215,-0.3346092479343798,0,-5.423847104068212,-1.9862561654403958,-0.08197543771917948,-0.08197543771917992,4.142264386879219,-0.08197543771917948
913,0.5300231812935494,-3.0652416372829108,0.0692665624036403,-0.2904290346737705,-0.4583983632127938,-2.108405683118723,-3.629722524077797,-0.7967812326691753,-5.119630911060531,-2.9174620109368714,0,-6.482645410209614,-6.625697598957068,-6.694964161360708,-6.694964161360708,26.70786611326656,-6.694964161360708
914,-2.168045871884785,-0.050087558566916,-1.170167482980998,1.2731278156754693,-1.0658027113487585,1.1008110902067327,2.0459952612189274,0.2588875157127058,3.1330094344011448,-1.98120866324491,0,1.9372968703151001,0.8257402196710133,1.9959077026520113,1.9959077026520113,1.305837854270371,1.9959077026520113
915,-1.902766822681473,-0.095914166217639,-2.8394420930534063,1.4734889633880637,0.3684975868390387,0.3807940462829604,3.139727866306726,0.8369911546336737,3.903112607033306,-0.7510052833518692,0,2.7714709792106027,0.20437160703568075,3.0438137000890872,3.0438137000890872,6.337363046459735,3.0438137000890872
916,0.4353956718595064,-4.014901288053147,-1.534115808466961,-3.783438857550271,-2.0843316213428005,0.7645167116129805,-1.6254622890496022,0.5212157911887249,-5.96026743745788,-2.906808808563629,0,-11.799687112539445,-7.174479385569709,-5.6403635771027485,-5.640363577102749,9.297647080358136,-5.6403635771027485
917,-1.986279208370768,2.4758789702397985,4.6878450612919975,-1.3555099329173486,-0.4691307161274624,1.9099679426485976,-1.4774011077593343,1.4838901537677616,1.6346442580994476,0.357015642740643,1,-10.608059140514893,5.686322923772462,0.9984778624804642,0.9984778624804642,-16.108623756039773,0.9984778624804642
918,-1.0914270184859918,1.2604852986161177,0.3850417260967476,3.4459671083066725,1.1529132562048097,0.3800721578613617,1.6637460443851146,-0.9939209291753932,4.00581883051923,-0.4755572039818783,1,2.4388919079025086,3.30927306909798,2.9242313430012326,2.9242313430012326,-3.9507929469908216,2.9242313430012326
919,1.2384440014685096,2.7952483321200825,-1.9213939318017192,3.4869261075379483,-0.2164187116383712,-0.8344715869066555,1.6097619120597768,-0.3631755587328161,2.6840565273795414,-3.936648219276632,0,9.775783427394263,2.48361631237814,4.405010244179859,4.405010244179859,1.0734800401747528,4.405010244179859
920,-0.1627419976589446,3.2837629992524047,1.5321266713349782,0.8045003956040713,-1.0345979596066548,1.418309651158646,-0.1254447420955018,0.3918812622455845,1.6755473886514602,-4.765721539744835,0,-1.872822616340649,4.690444928491881,3.158318257156903,3.158318257156903,-12.864167675826929,3.158318257156903
921,-1.1880320398579638,3.048964512248681,2.99897563174833,-2.3399416794445345,0.502574774371437,2.0438933979281293,-1.0004861183065277,-0.4561683474800591,0.937204943159078,-1.8900456306370457,1,-7.095291880357074,5.047454025690483,2.0484783939421534,2.0484783939421534,-15.238730221007799,2.0484783939421534
922,-3.0874944003016678,0.8607679027739027,-4.887561100572807,1.3694317894151538,0.8582704301818718,2.2337331535694465,7.43733135635782,0.3120621317267384,8.457171495432961,2.066202027942262,0,12.505154977351085,3.410538158558916,8.298099259131723,8.298099259131723,47.81231600479198,8.298099259131723
923,-1.7008244362433778,2.503362717413796,2.874816646069384,0.6410545974541751,0.356412583534376,0.3298806938562104,-1.0760241605762872,0.6400266183843293,2.3391504853806957,-1.244227408795648,1,-5.769370254333158,4.302155202906892,1.4273385568375088,1.4273385568375088,-11.768374576771164,1.4273385568375088
924,-0.7314341487940332,-0.1476210030369966,-2.205833074133289,0.903307927131594,0.1227289077054837,-2.009987463786402,0.562820214466736,-0.2427285893110286,1.3596021462101606,0.0602216953699883,0,0.08957192049400159,-1.7906338627035496,0.4151992114297394,0.41519921142973965,1.366573954150455,0.4151992114297394
925,-0.821404190111008,3.2057858178926466,2.90511498082119,-0.6387322616433209,1.3134731613252366,-1.151379001215649,-2.4773592286786656,-0.076865407003662,0.9056888316083416,-0.5431882950336613,1,-8.584749815650058,3.6335415700351708,0.728426589213981,0.7284265892139805,-7.537835816193837,0.728426589213981
926,-0.1463225841764175,-1.491971732686667,-2.280024168494452,-1.8243178923100325,0.6165793523072711,-1.8312784904905688,-1.4192025676952544,-0.5972789358462477,-2.704599897855184,-2.4618599679221336,0,-6.312905909618068,-5.191198468876374,-2.9111743003819215,-2.911174300381922,6.714777088174953,-2.9111743003819215
927,-2.602329115909283,0.7148852403311481,-1.7134538953276908,0.5685730525678525,-0.7426591657723782,-2.8059900613698545,-0.1754142100431651,0.1639240635934296,2.7769904119553104,-0.5831084909673525,0,1.764393930045661,-1.173982865039708,0.539471030287983,0.539471030287983,1.8902048795944704,0.539471030287983
928,-0.9078121793725225,0.0490087025451884,-3.890185030833611,2.316146625723199,-1.156996455664364,-0.3892256631050836,3.965178591177692,-0.1179810946073778,4.346557550847018,0.81223887129998,0,4.204840214744749,0.12400226288926941,4.01418729372288,4.01418729372288,11.775104624343625,4.01418729372288
929,-2.1838535939593493,1.0871583645830696,-3.659828762346975,2.425039205167307,-1.1652019999652885,0.5613874768482875,4.867589917995597,-0.8141532565976035,6.466104076814186,-0.0162049181872794,0,9.933561734505885,2.2949195202316917,5.954748282578667,5.954748282578665,19.42257725888924,5.954748282578667
930,-0.0805735297056329,0.1367876722293006,-1.0480985316389504,1.9047828847752384,-1.1718313004725252,0.0430996587816978,0.8691739431567791,1.015392328675223,1.0642500413180631,-2.5928815347990684,0,1.1493285737959198,-0.04213691625287069,1.0059616153860798,1.0059616153860798,-0.0649943972606652,1.0059616153860798
931,-3.7205340853617943,-0.7565842451126819,0.6540700144423268,4.282869658244744,0.233285041087872,-3.32092847564292,-0.3991432640519476,1.042190576983017,4.578102504983231,2.782618439957026,1,-0.6608684410369408,-0.5016574947223027,-1.1557275091646295,-1.1557275091646295,2.3115594172526635,-1.1557275091646295
932,-0.5033389499795607,1.3829237731024298,-2.480257781039653,1.5901355001370887,2.054092441435975,-0.5527458598711044,2.277994047769466,0.5557421780428925,3.259516776630204,-1.0421490841912413,0,7.090925269693913,1.180660039832243,3.6609178208718953,3.6609178208718953,3.777686469790993,3.6609178208718953
933,-1.1066735734863853,-1.0392816575979191,-2.750227637918637,0.303606126086603,-0.3796244966768338,0.0082926712526283,2.564988613803393,0.1902232218448937,2.190206191173073,1.48469024801504,0,-1.3325541821022169,-1.2245206817131629,1.525706956205474,1.5257069562054735,3.419719176141051,1.525706956205474
934,0.1285057250341359,2.3364511046465,-2.279640458172909,0.5364344403801913,0.1064939802900918,-1.1716275896816088,1.5787359260658402,1.143566044928613,2.637574707758761,-0.4948596478063165,0,9.241455497407287,1.635546572539431,3.9151870307123406,3.91518703071234,2.267941987694141,3.9151870307123406
935,-0.922705615415976,0.514758700778252,2.2827836159314403,0.5577150758599627,-0.4411766907937603,1.5260050920087285,0.1279009800950663,-1.8360052833568312,1.3686581355438612,0.7115418197695651,1,-0.5324230474214301,2.9254432968047586,0.6426596808733184,0.6426596808733184,-4.726827045263547,0.6426596808733184
936,-2.840476694801101,-1.4263447379828569,-0.637159684591536,-0.3356264259053041,-0.736901352231799,-2.725432245043714,-1.912074731388079,-0.4666189681756455,0.0903670051598738,-0.7405677310342343,1,-4.2472288327428895,-3.975579153962472,-3.338419469370936,-3.3384194693709364,10.061219038374247,-3.338419469370936
937,-0.4741532782995168,2.121083642466182,-0.8618191179941803,-2.136779220545101,-1.03873443416267,1.786179761793088,0.9202905853314468,-0.1877016058740368,0.7804785407285612,-3.94196372341175,1,4.869364661739717,2.1795551098034487,3.041374227797629,3.041374227797629,-2.5460041422092923,3.041374227797629
938,-2.530714097345018,-1.4812909799278058,-1.2071142752882238,-1.6533892188792008,-1.3673264612849558,-1.2966634102056165,-0.8755155391336354,-0.0479857948505811,-0.1506868688542832,-0.7165491866775968,0,-4.144894006787977,-3.5639207943496647,-2.356806519061441,-2.356806519061441,4.899167284949031,-2.356806519061441
939,-2.082101955014576,-1.7011700008336057,1.4201530531896729,-0.1959544593123301,0.2414091163700469,-0.9938578027356124,-2.557336358758007,-1.3124886903363124,-1.3075399694207024,-1.6072112228348194,0,-1.8425845889130896,-2.83835330640194,-4.258506359591613,-4.258506359591612,16.05275068849774,-4.258506359591613
940,-1.775897728393084,2.3443275316939216,0.1882831183118918,1.2646927508225,1.5246385964827562,2.7592917680860767,2.5328177032274253,0.8571583884232884,4.34360779337462,-3.392342758897345,0,4.4357479369095945,5.065428353233239,4.877145234921347,4.877145234921347,-3.9688053683840874,4.877145234921347
941,-3.928035466629881,-2.385388069648253,2.969302342682849,-0.0090544024770535,0.8219214824159002,1.397381716672866,-1.3852818857506644,-1.1182319393560314,0.5439620435875462,-0.4818438587767462,1,3.31226842801536,-0.8013676127160676,-3.770669955398917,-3.7706699553989167,13.573981854518179,-3.770669955398917
942,-3.8394731838290537,-0.0639987180212773,-2.967548732115475,1.480406473736544,2.322609225262766,2.3163139933173187,5.019645451086808,0.6365532068732643,6.487044832839476,-1.0797771687099162,0,4.765727418544475,1.988098000950055,4.955646733065531,4.955646733065531,18.06317640607984,4.955646733065531
943,-1.8572088243429397,0.9825852731654297,3.05134948209657,-1.7715880350734274,0.0341438933402122,1.401740591365268,-1.9980853251592403,-0.0004787180685054,-0.31614557420232,-2.466913538303117,1,-4.013711116382861,2.0358494301027594,-1.0155000519938107,-1.0155000519938109,-0.02621547588129136,-1.0155000519938107
944,-3.123478312053716,0.1425840616079396,1.693076216512075,-0.5488017515074407,-1.4560464933464334,1.0629813512261126,0.30304648732326,0.4288111804330056,2.71458446028912,1.4610566696058962,1,0.20422486536910447,2.1387067654432745,0.4456305489311996,0.4456305489311997,-2.7339058244576027,0.4456305489311996
945,-4.904796171452688,-3.10137159605756,-4.287044671473748,2.233507892289889,-0.7756063614376031,1.5496598654919982,5.58754424593544,0.9877285159245996,6.4001790724938274,1.0025943170671967,0,-10.809545925260716,-1.8008720215958673,2.4861726498778802,2.4861726498778802,17.23963149686564,2.4861726498778802
946,-0.7412437059367998,2.333028428033627,-0.5094911460059154,1.7825874141649702,-1.614749862291331,1.0402143484992794,1.572164299338131,0.0967549184388003,3.1399661964326158,-3.948647025255719,0,5.09385005483499,3.3957015813658424,3.905192727371758,3.905192727371758,-3.640536397161012,3.905192727371758
947,-1.7593367742370316,-0.2572532838927084,-1.2426902186455722,1.0262151839062577,0.3339651496761903,1.4824149244203395,2.583047307306748,-0.2160014215731133,3.102889874979937,-0.5511695078390361,0,2.0061078838061186,1.0831038047684676,2.3257940234140397,2.3257940234140393,2.9435494239942144,2.3257940234140397
948,-1.4067297351851382,-1.4983581410539724,-1.5319231343248907,-1.8964321503460848,-0.7474292532492047,-1.2413263185515957,-1.291155451992256,-0.1744439342852821,-1.6564766008391378,-2.2500448212106003,0,-5.084883092830847,-4.321436727371119,-2.7895135930462285,-2.7895135930462285,6.482663221842056,-2.7895135930462285
949,-0.2760903252121112,-1.138401071392399,-3.000007207592222,-1.7682049187617503,0.4414197598929505,-0.8081199085958056,-0.1359983601283292,0.0546948653746261,-1.731480690437589,-3.299271491884128,0,-4.689610850828633,-4.27440663911295,-1.2743994315207283,-1.2743994315207283,2.152090205283368,-1.2743994315207283
950,-2.7752123204414385,-0.9392360026232948,-0.7405288504297329,-0.5795011505314801,1.2962567097480018,-1.6156894274338016,-0.8755181087500152,0.1860930208759352,0.8566057518017606,-0.6130473510368429,0,-2.510285468678156,-2.555282961803043,-1.8147541113733099,-1.8147541113733099,4.441037674620711,-1.8147541113733099
951,-0.7109176234510765,0.1862640048619381,-3.915561255799468,-2.992562894858,0.0094263605637732,0.080611153359106,1.1183523139424625,-0.2610087241723136,-0.3718474349417193,-3.96949105877653,0,2.0339444395918496,-2.6109449369950677,1.3046163188044007,1.3046163188044002,3.286368637078576,1.3046163188044007
952,-2.2217024416122038,1.858551457022682,-2.012802582468165,1.8228905444026395,1.801528407832186,1.3793350153544128,3.4070063953399017,-0.5674472812283516,5.321054824640753,-3.007500152664397,0,9.006455024707808,3.2527552698944184,5.2655578523625834,5.265557852362584,6.8302766279752145,5.2655578523625834
953,1.9472658343534293,3.771163073655218,-1.6623626164041454,2.3669314308834246,0.3916980160104727,0.1235154828970406,2.771515743666125,-1.709226399202596,3.431819542899357,-0.9068499693196874,0,12.81171933132953,4.880316200917197,6.5426788173213435,6.5426788173213435,2.5273450131588393,6.5426788173213435
954,-2.2102400366933885,-3.728413151608221,1.7611439333679844,-2.2153811652892847,-1.10132662876971,-1.4594525932322866,-4.532294322775085,-2.382762352073065,-4.556551616175984,-1.7501341982915513,0,-1.6944352713390813,-6.499563541015322,-8.260707474383306,-8.260707474383306,41.868235046702125,-8.260707474383306
955,2.3122645782379223,4.755662866491591,0.0493683908633753,3.490023187281233,0.3090468350240348,0.8678108190019266,1.87697306714167,-0.3950468521695675,3.1781314198583086,-3.680865121927547,0,6.397856510425866,6.682004324496637,6.632635933633262,6.632635933633262,-10.026391786562087,6.632635933633262
956,0.6575508648424413,-2.66407842336218,-0.939897301971754,0.5470332353516292,-0.0076740636845034,-3.152980116037312,-2.46333333347491,0.6776371019248881,-3.3827117687686976,-0.036792932012676,0,-7.631371879196366,-6.067309058808844,-5.127411756837089,-5.127411756837089,14.75877180509527,-5.127411756837089
957,-1.1719946946684685,1.3550834640446814,-1.747513579534846,1.8424743981643537,0.6734727961582307,1.0041040282116978,2.785302412551272,-0.9331190886861416,3.901426235058512,-2.279757204090377,0,6.508412631417154,2.3928722970611074,4.140385876595953,4.140385876595953,3.5926781105280754,4.140385876595953
958,-1.7279263968937058,-0.5589583811311251,-3.560769397055332,-1.596215377072418,1.5783426774972855,-1.7615818150949225,0.408654870912111,1.2374645917335385,0.4934054074997399,-1.9488022336301192,0,-2.1406254079783147,-3.7110729072743456,-0.15030351021901406,-0.1503035102190139,2.0380533232542533,-0.15030351021901406
959,-3.3857421535208627,0.6375552732807623,-1.3559250526097246,0.202694057667037,0.4086107475639172,-3.2762562025427338,-1.091583912424546,1.4744820073782556,2.529717451208239,-1.4629176470848235,0,0.4104485283210413,-1.8099536917535084,-0.4540286391437838,-0.4540286391437838,4.320014936226196,-0.4540286391437838
960,-2.6257721043900544,-0.4806055488687302,1.1934826622323895,0.4783492754062364,-1.1087648954049951,1.4927467937332028,0.6083235893731952,-1.156127367151032,2.197561312498677,-0.4205409898765235,1,0.701312430451976,1.3212007027368546,0.127718040504465,0.1277180405044651,-0.5052667639059208,0.127718040504465
961,-1.2832513060355244,-2.895487408988288,1.2648193989354084,0.2251089606058685,-0.370036612568197,-4.248554778437499,-5.3186790109486,-1.1534825308886436,-4.066685342731138,-1.5264774654042876,0,-4.551897775675279,-6.949347021001479,-8.214166419936888,-8.214166419936888,47.11412850670515,-8.214166419936888
962,-5.015177840935609,0.4361246568028729,-2.427861021630009,-4.111025313587281,0.9761386900669212,-0.650351663497716,0.4273132436420293,-0.7012495444040763,2.7558477950571,-1.678799107027593,0,1.922287955268362,-1.564423121185107,0.8634379004449022,0.863437900444902,1.942431883755537,0.8634379004449022
963,-0.8108731922341631,0.6064632658418245,2.880978773113026,0.7758189222522525,1.6049345017539018,2.9532434332626405,0.1000855831836109,-1.184951941226075,0.888351798830216,-2.055996272857114,1,-1.0406589465376632,3.5875276221384613,0.7065488490254355,0.7065488490254352,-6.031267142765792,0.7065488490254355
964,-1.839075343134023,-0.9214472671550336,-0.9189456377056728,-0.5585393046414794,-1.715093347182539,-1.663221404811546,-1.2411789965092503,0.9496414986165338,-0.2750315957513403,-1.7589185970267285,0,-3.0093862101922157,-3.0815719013699567,-2.1626262636642837,-2.1626262636642837,5.937963519882018,-2.1626262636642837
965,-3.002298731156321,1.224628818054363,-1.617519334881121,0.6957174218125202,1.4140291355619874,3.473285056196432,4.842960228108144,1.0618166459897318,6.151896112618132,-1.0339287180781327,0,8.048449837418053,4.450069711281386,6.067589046162507,6.067589046162507,14.917465804848938,6.067589046162507
966,-1.7347694980460655,0.6409136486791516,-1.0504417856141688,1.9662713037195652,0.7460239529828163,2.8913485211473806,3.761576474818229,0.6712701367053535,4.478148885964018,-1.9166821082747787,0,5.075732601040401,3.352048337883212,4.402490123497381,4.402490123497381,7.0681615920683605,4.402490123497381
967,0.694566289378681,1.3626654730555292,0.300828684335424,2.529057571130973,0.406847635139783,0.6322353041421561,0.6505290694586983,-0.4503681912566681,1.2559620880460058,-2.882741991710943,0,1.6032656810656247,2.3140232268496517,2.0131945425142277,2.0131945425142277,-4.313958560601682,2.0131945425142277
968,-1.7842777824644285,2.6100994132869406,-0.2677665091277605,1.7754483993041503,-0.3017984933962528,3.1707140186051825,3.4111158832394617,0.4847346479689238,5.217306528427062,-3.630127952151888,0,6.720112504898662,5.753448787398642,6.021215296526402,6.021215296526401,0.5599446933357495,6.021215296526402
969,-2.382821151163094,-0.2881879323027998,-0.5834739775385094,4.293562472466775,-0.7511672196238788,-2.849978791886476,1.0122859159603566,-0.5866945887618727,4.7644195386487205,3.355264170311594,1,0.5559478245182434,0.14062400611904735,0.7240979836575567,0.7240979836575567,-0.008149373264219245,0.7240979836575567
970,-0.988251966067691,-0.2617468652405701,-1.643516654173439,-0.0105902008708298,0.9165676137777012,-2.437628397968986,-0.901692771044624,1.5803397708229694,0.0323408030211599,-1.262146147728382,0,-1.593624968485762,-2.8069562904586327,-1.1634396362851942,-1.163439636285194,4.353260447897392,-1.1634396362851942
971,1.1058083658065576,3.1564771862101786,1.123002149433774,-0.6351146572061324,-0.695680744166515,3.4210496071281757,1.107066332517795,1.43388446819627,0.707256891186525,-4.388910178142806,1,0.7188128539752725,5.386545668161748,4.263543518727974,4.263543518727974,-11.969223987048023,4.263543518727974
972,-2.663838425090377,1.2158902709112651,1.3186643289952924,-1.1310715629366623,0.7039646767942336,0.2613785213234372,0.1582245459047342,0.6455980789595456,2.8678851492136976,2.0604663352315216,1,-0.22923631140710832,2.6927791458112917,1.3741148168159993,1.3741148168159993,-5.645210083923638,1.3741148168159993
973,-1.6552355479009797,-1.4405872104673851,-3.814916698397,-2.524474836862984,0.970462636906666,-2.370963439152818,-0.3984865559072525,1.0929591108966683,-0.9269266105195204,-1.6593990074593163,0,-7.334793971083819,-5.653990464771638,-1.8390737663746377,-1.839073766374637,2.15613556167592,-1.8390737663746377
974,-0.994876433956578,-1.5972683366646148,-0.2900766473124598,-0.5239299327942671,-1.978384916573084,-2.603642233859687,-2.906271081454238,-0.193155224849579,-2.422001524582387,-2.1168204861782827,0,-4.966869662076873,-4.793616065431313,-4.503539418118852,-4.503539418118853,17.28023683848933,-4.503539418118852
975,-0.470970076189847,2.60758416622909,2.1729872591043886,-0.8125786747211632,0.3140226024861145,-3.3947993035340467,-3.744328566570599,0.1214785793290578,-0.351991210768543,0.2787971417848363,1,-6.802991570599662,1.0362428587628796,-1.136744400341509,-1.1367444003415095,8.45425078575712,-1.136744400341509
976,-2.7261715103056225,-1.4521702897393045,0.5170572445916894,-0.5561907825180734,0.9148677980978496,-2.3948769791195628,-2.422161376605473,0.8519290707908426,-0.3260904635289772,0.1131868958089792,0,-3.1234764976542575,-3.357274421753088,-3.8743316663447773,-3.8743316663447773,13.849326991107706,-3.8743316663447773
977,1.805025844988405,-1.7281419317487443,-1.9281566332771285,-1.4569486622782255,0.3720814786673863,-2.0000733929791465,-2.5133591220094624,-1.5736290221169846,-5.184052552932553,-3.94357581888543,0,-7.573629382703899,-6.169657687035336,-4.241501053758206,-4.241501053758207,13.396004488036027,-4.241501053758206
978,-1.7207478176274718,-1.5841111375959285,-2.64520708493795,-2.1966415427915225,-0.235164878251097,-0.9765743773081256,-0.3367852336353997,1.645354952270745,-1.0136809127868651,-2.414353801215074,0,-6.111198375729194,-4.566103456169278,-1.9208963712313283,-1.9208963712313283,2.4101221164975914,-1.9208963712313283
979,-1.419802225435206,1.4780600988235442,1.0276024300521642,0.6764558608246738,1.2724833308487593,-2.8684540173811075,-1.1597591098582731,-1.1283415702657829,2.358004509692585,3.530380842991416,1,-1.2005571603489447,1.3459034190174353,0.31830098896527104,0.31830098896527104,-1.8380213643976688,0.31830098896527104
980,-1.9684052456782388,0.5927539875164469,0.9398135628323,2.6977274585753146,0.0999881637655518,-2.321692809281884,-0.4564896660712201,-0.9218236563202136,3.23551977315701,2.249876603708284,1,-0.4208139154456578,1.076077884277527,0.13626432144522682,0.1362643214452267,-1.5610376273838242,0.13626432144522682
981,-2.52622421684383,1.4727276758860095,-2.0557259522584843,2.184678185178852,0.7013898938094993,2.902411126029272,5.421758774083483,-0.9125881981776266,7.011836754423906,-0.461770061205391,0,9.922010953897683,4.838760497711008,6.8944864499694924,6.8944864499694924,20.689745760598928,6.8944864499694924
982,-1.2410634695167593,2.7447710850537845,3.216725685673066,-0.6518403496990315,-0.5019919601812046,-0.8708886691865781,-2.479607856905428,-0.0402047345363789,0.9641021317826746,-0.2260813559549257,1,-8.564012422436882,3.4818889138214226,0.26516322814835647,0.26516322814835647,-6.42777266852789,0.26516322814835647
983,-2.387706112572985,-0.4198286392092409,-1.5618002043381347,0.3668213831560936,-0.3017330539586357,2.483380911030833,3.8305893527528383,0.1485479035926389,4.1712633723219295,0.8294018459212436,0,2.7550722590396037,1.8489605092054626,3.4107607135435973,3.4107607135435973,8.758005112170355,3.4107607135435973
984,-1.8588732452586272,0.7556194477308344,0.4311515530048577,3.693439389687647,-0.6593241347771676,-0.3234669447073577,1.689797094146043,1.6165216545137489,4.751400496494806,1.4776249870895248,1,2.119630043507055,2.876568094881735,2.4454165418768774,2.4454165418768774,-2.792356915744024,2.4454165418768774
985,-1.8621350083069184,0.0367566885857209,-0.4979345825045178,1.09039937741795,-1.9495901727260327,-2.6480692352893467,-1.2035785108336774,1.419064413357521,1.2489475822160478,-0.8097430982415202,0,-1.148519395862777,-1.6647564047524743,-1.1668218222479565,-1.1668218222479565,4.298481885126223,-1.1668218222479565
986,0.5730460763639726,-2.480184641232122,-4.397573177034493,-4.006360538193756,-0.6969414601380967,0.4688472665838301,0.713772321457594,-0.5430219463857897,-3.6600201758583504,-2.959627623421784,0,-12.673205772149824,-6.163985496809021,-1.766412319774528,-1.7664123197745285,-2.466924708912786,-1.766412319774528
987,-3.8505731352450847,-0.0710766641752418,-1.5573124532434814,0.479469499944398,1.587400602415537,1.0212110757668786,2.269997183328112,-0.3020970410246056,4.2978455909518924,-2.0279334780507114,0,2.0882319448977613,0.6416080659093886,2.1989205191528702,2.1989205191528702,2.201670053000194,2.1989205191528702
988,-3.518016672239482,0.2080960172788901,1.572505103292972,-3.565971793097805,-2.3254201541396804,0.2585476917613445,-2.1333677170345906,-0.5638483318598599,-0.0876145731030252,-1.7553889586809082,1,-2.2525037489016975,-0.3527665964627285,-1.9252716997557004,-1.9252716997557004,6.502064063157814,-1.9252716997557004
989,-2.314652141468255,-1.57485066097307,-2.1290557625040654,-4.074563790692275,-0.6160275437179559,-0.0946865386749351,-1.0647822032481535,-0.2805717065985525,-2.0384313904400835,-4.024540157066145,0,-5.992577739049274,-4.768688626725289,-2.6396328642212232,-2.6396328642212232,5.189137756472453,-2.6396328642212232
990,-1.1200452690399745,0.7798196483299173,-0.4236881568972572,-1.514789905446706,-0.9469827656173482,0.6434995471165907,0.2167294277077874,-0.4061514165738035,0.6311680843933533,-1.788823905244636,1,1.3269494255508747,0.5728609191404475,0.9965490760377047,0.9965490760377047,-1.1920380008304372,0.9965490760377047
991,-1.1830500375068729,-0.514983162636759,-0.0793481979174772,1.7169156248911968,0.5085353176271308,-4.147185258459148,-3.235424100590419,0.4301429743153713,-0.8433290406857633,-2.4864858811480954,0,-3.7912702491402483,-3.8297554611446554,-3.7504072632271783,-3.7504072632271788,18.007268849140086,-3.7504072632271783
992,-1.857938648062595,2.0099321489601656,2.143263093231644,-3.6422325178975874,-0.3117075924672144,0.4495814630617076,-2.379659879376866,-0.0072556984656611,-0.5432410846271166,-2.359764487406074,1,-4.67754112518279,1.7735353628149433,-0.3697277304167006,-0.36972773041670104,-0.04883988564841246,-0.3697277304167006
993,-0.7337438793744021,-1.861806188181121,-0.7223118706673589,-2.102960218775583,0.5775169546072118,-0.3514140764232067,-1.5528276731932362,0.6754908472654697,-2.7620360363543184,-2.3718048990109235,0,-4.759438571979527,-4.136945732041716,-3.414633861374357,-3.414633861374357,8.618048665445624,-3.414633861374357
994,-0.1389066029116559,-1.1139895570989011,-1.76673694053612,-1.9245387619193803,0.9334229544758642,-1.967175075771024,-1.65652396772918,0.2620165743584757,-2.540841046445746,-1.7545942036503492,0,-4.738640026726181,-4.537250465364202,-2.770513524828081,-2.7705135248280817,8.08370914395541,-2.770513524828081
995,-1.2798381473164735,1.721795195236936,0.8566084280493813,3.5856017592738545,-0.953157504755092,0.3061087505191096,0.9013850707783124,-0.4970306906659087,3.732939465739847,-2.458779538581297,1,1.1482759904003592,3.47978869406463,2.6231802660152486,2.6231802660152486,-6.765378189872743,2.6231802660152486
996,-2.726983751797176,-2.0011069947202267,-1.8868334250790693,-2.869918232478862,-0.3743900332069141,-1.0029439191829006,-0.9797418509187252,-0.6770111767903435,-1.0620002087454246,-1.829766054075625,0,-6.7566044104366,-4.867682270718021,-2.9808488456389517,-2.9808488456389517,5.032669646000975,-2.9808488456389517
997,-0.0362534101758864,3.0313138331776277,-0.9056044343169068,3.1837635677228797,0.7401256641052443,0.994727400948985,2.733615618980469,-0.3816310954132113,4.481202889540854,-2.877190071543084,0,8.510100701289936,4.85932501784119,5.764929452158096,5.764929452158096,-0.4064288685334727,5.764929452158096
998,-2.092297255373073,0.6747023496594801,2.483018101998906,0.5652450618488866,-1.197532311265162,-0.6220123389485003,-0.0759407315066906,0.955388571179851,3.187954982802298,5.717575255951741,1,-1.0765365295128948,3.0817797201516957,0.5987616181527895,0.5987616181527896,-5.350072491268398,0.5987616181527895
999,-0.4328547921998955,1.872656421223668,1.745265521516778,1.0750847576818512,-0.1687847374159493,-2.266073035416275,-1.774597001581056,-1.493189812208931,1.2112974288992266,1.3123676659280294,1,-3.170223265966056,1.8433249411593902,0.09805941964261211,0.09805941964261189,-2.0604725283901972,0.09805941964261211
1000,-4.016392283589719,0.546670172283472,-3.190085614716992,3.6023894690268072,1.2218046849767017,2.814708452980538,6.393900358265749,-2.0648652776836416,8.608109128081084,-1.6758384447739918,0,8.684495183145582,3.7504849158322293,6.940570530549221,6.940570530549222,31.93483099764579,6.940570530549221
1001,-1.1389499803060887,3.5738349860017675,2.8938873673829284,-3.20183274633874,-0.5212548068561296,0.231751797415826,-1.742979309111334,0.018999082259871,0.969978868666082,0.8658256386949659,1,-8.511420242211226,4.724743044273362,1.8308556768904336,1.8308556768904332,-13.859897768275234,1.8308556768904336
1002,-0.7187555758889258,1.4403934128426996,0.0280793335873312,0.6555082811291841,-0.2122443098399305,-0.2573000334536328,-0.4803490785802723,1.391457966955942,0.9217157112050032,-3.720434291078918,0,0.9195990471262228,0.9881236678497586,0.9600443342624273,0.9600443342624273,-1.7578780519554742,0.9600443342624273
1003,-2.96185891943536,0.5920447688320813,-2.9424012106656514,1.9176787405756768,0.8083595496657083,1.2558538259122587,4.447360231163072,1.027151035893151,6.1376276009038255,-0.7773731359321004,0,6.781438244574935,2.097003789329502,5.039404999995154,5.039404999995154,14.384637480985983,5.039404999995154
1004,-2.949546701154886,-0.0600353733981766,-2.943638464589978,-2.4301697196405208,0.3362629511858955,-2.50863678713596,-0.3962673535248848,-0.8197150228673898,1.1221064339695148,-1.193990877201332,0,-0.633025161293956,-3.3999411915130393,-0.4563027269230614,-0.45630272692306145,3.836549299534822,-0.4563027269230614
1005,-5.664672711354903,0.6412738672392521,-2.546407838284653,0.5849736933792711,-0.2425830362897937,4.497223698226927,6.94110003396723,0.0459609360489338,9.298344265364603,0.1068240116732635,0,9.215318703231626,5.035966062921829,7.582373901206482,7.582373901206483,37.19347451943673,7.582373901206482
1006,-1.0722853679396775,1.8242828128712305,0.3740209944152337,-1.325582174108931,-0.753707644861746,0.6690559505785922,0.3276597196097457,0.1014229642396578,1.5982612380120056,-0.544303472476317,1,1.469622460716259,2.52596352689621,2.1519425324809762,2.1519425324809762,-5.252865239287166,2.1519425324809762
1007,-1.078753948743176,1.622069061318753,-0.919648781519602,1.5885369091238182,1.033189864363148,2.229334324430899,3.440756346327861,-1.0010095444828142,4.423961192582435,-0.9725737598793772,0,6.5545592434290505,4.143176626127012,5.0628254076466135,5.062825407646614,4.124536036804262,5.0628254076466135
1008,-1.8586160019004476,0.486615314332506,-0.8553014833426897,1.6705737547137354,-0.8460396726276345,2.092415191181322,3.0277470674813154,-0.705537947278461,4.048110330484255,-1.2727819372462916,0,3.9305651819796825,2.6590608984711315,3.514362381813821,3.514362381813821,3.4100318245226138,3.514362381813821
1009,1.6677463168138875,-1.8450533218171856,-3.5708318835995354,-0.7905034509294684,0.3963196820078629,-3.5930078860854384,-1.8469755307188225,-1.218176066807319,-4.127496109573964,-2.475264308421563,0,-10.280404081022049,-7.2628607361355435,-3.692028852536008,-3.6920288525360085,7.777832971259587,-3.692028852536008
1010,-3.5784939704344945,-0.0673027842708879,-2.7763754368918807,1.393183483478414,0.3232471875335622,1.8790406227220344,4.869589760309368,-1.1097501278882742,6.403656642491825,0.4308347056941759,0,4.615429178954353,2.025911539146599,4.80228697603848,4.80228697603848,16.697848121440636,4.80228697603848
1011,-0.460748391248216,-0.239446292736106,-4.417529145400605,-1.8504488196926017,-0.972335003816188,-1.8322467213842704,1.01928581704528,1.325004654945639,0.0923255461957706,-1.192086429576548,0,-0.27792145261070045,-3.637689621091431,0.7798395243091741,0.7798395243091744,2.839032696692047,0.7798395243091741
1012,1.1776315003204214,3.7047550680284895,2.117485790399092,-1.7849682576546018,0.1756737124917793,-1.6729194130177671,-3.001870775304881,0.599089759263809,-1.18476665066567,-0.9749195682801696,1,-7.141881920735738,2.8203700831227003,0.7028842927236085,0.702884292723609,-2.3567924376761287,0.7028842927236085
1013,0.5792783875859913,2.766479147020662,0.5830365767521815,0.8671132537382719,-0.5334524457759005,1.3618069284117449,0.6677376410303592,1.257613112576651,1.46934627776696,-3.502476589126624,0,1.8212582565157995,4.017253364803203,3.4342167880510215,3.4342167880510215,-8.618555127140658,3.4342167880510215
1014,-2.8041372037992724,-0.1380346629046209,0.5474561884425161,3.978865392063317,0.949889068249292,-1.3140973174051918,1.1029447756539783,2.3491085580250326,4.892951691812856,2.4949454175059054,1,1.0404780431760685,1.5123663011918733,0.9649101127493573,0.9649101127493573,-1.1852213053721152,0.9649101127493573
1015,0.3024577659580636,-2.9496964501911,-0.9466849996787362,-0.8417832884567867,0.5385031566390435,-2.3522073740717784,-2.2857613013424705,-1.3412597272367377,-3.739750261349824,0.1890752648827454,0,-8.0278911345351,-6.182142751212306,-5.23545775153357,-5.23545775153357,13.84987184645917,-5.23545775153357
1016,-5.405816591167181,-1.2418568391840892,-4.472412966831542,1.0604526386407676,-1.0630362728537182,2.6982477631328114,6.841748956639295,0.1299982258015952,8.255926787222819,0.9723647483493448,0,0.045795486939850694,1.1274791506236634,5.599892117455205,5.599892117455207,34.528060887080656,5.599892117455205
1017,-2.2523144852625148,1.4011595377820698,-2.3771854528096226,2.965413332312078,-0.0973111507015911,2.571989620801713,5.599738426709842,2.004423303675171,7.176498586185339,-0.5528996094898807,0,10.331714034772904,4.623712511682289,7.000897964491912,7.000897964491912,23.063276041677604,7.000897964491912
1018,-1.7518559041420223,-0.145465958492825,3.678241908226257,1.364681990544566,2.580291898690775,3.198388101698315,0.0926208716257963,-0.2426664614271225,1.5096245227702132,-1.0863373980410909,1,0.48221389788158114,3.6253968213592285,-0.05284508686702871,-0.05284508686702888,-3.028914123882868,-0.05284508686702871
1019,-2.4787288789048216,1.8663159939315828,1.44811482255776,-3.970957474192726,0.7260359992293337,0.2549510542419593,-2.0118760078207094,1.6764234178440736,-0.0021348941889213,-2.246214309245471,1,-2.848199868278071,1.3025548086686334,-0.14556001388912665,-0.14556001388912665,0.1880104216761449,-0.14556001388912665
1020,-0.4661680540155906,2.984690351271806,1.098427980348425,-2.2447247688054563,-0.4485968731091201,2.4453125833379845,0.249479140957839,0.5224452109266943,0.8837090377291582,-3.482909874377221,1,-0.044297902283275015,4.33259747257807,3.234169492229645,3.234169492229645,-10.782994517547575,3.234169492229645
1021,-1.257268785331601,2.345946608576047,3.2856809238581537,-1.750677079952334,-0.9427752402304744,3.433092790022393,-0.7178414985327073,-0.6059900460849119,0.5232033372480983,-4.062089442372024,1,-6.079926910144709,4.913786033901493,1.6281051100433397,1.6281051100433395,-13.734626747117199,1.6281051100433397
1022,0.1292844104049637,2.253153569770895,1.3374035097587251,0.9609162198881293,-0.2236665718034441,-0.3453055973888796,-0.2717205332554112,-0.7742699224040547,1.6162468125864515,0.2153312774716977,1,-1.0319424557215116,3.318836546274209,1.981433036515484,1.981433036515484,-8.239813026834083,1.981433036515484
1023,-0.8545065138387979,1.79427482721264,0.7498597524774601,2.0075726504613245,2.060422698444699,-1.5482187768823783,-0.3155448728122196,1.132926387301035,2.597590974049463,0.3430949875454465,1,0.13327547659021222,2.2285897068778806,1.4787299544004204,1.4787299544004204,-4.95320557233043,1.4787299544004204
1024,-0.9377171931667568,-0.7515881304929671,-3.293026398651449,-2.5117760295857945,-0.6608411967525808,-0.4255827420150075,0.5084842759868982,0.9305333193245916,-0.7775889371941068,-2.749177620457627,0,-2.7181034091325,-3.5361302531575176,-0.24310385450606897,-0.24310385450606875,1.562790811963076,-0.24310385450606897
1025,-3.1622998247402627,1.0433762875166863,0.2919910134998851,-3.865470068531256,-0.3498853491230032,-0.5244641581477754,-1.5245134848806794,-0.1206430341298348,0.5748372872178282,-1.2244110118199094,1,-0.7857936970177377,-0.18914618386410798,-0.4811371973639931,-0.4811371973639931,2.6897682471573905,-0.4811371973639931
1026,-1.58821049571808,0.9907306633150452,1.153777805717084,2.0201792835528427,-1.2425008369193873,-1.3437912304346662,0.0665637450185232,0.2452917426369353,3.2437588215407973,2.6459612111243294,1,-0.08578864244269546,2.2110722140506525,1.0572944083335685,1.0572944083335685,-4.407018941009594,1.0572944083335685
1027,-3.5704501786157943,-0.0078341339750962,-3.1332408761306416,1.280774309459448,0.250951020712043,1.2244437047960013,4.49959403403478,0.2684132736945621,6.145319052918287,0.0429959405150504,0,4.46721367125983,1.3585190239290426,4.491759900059685,4.491759900059685,14.371521318332807,4.491759900059685
1028,-0.8308431008980193,-2.840923650629515,0.6594618751979278,0.0426413748574823,-0.0814559877778794,-0.7968466341096933,-2.384713350445965,0.995526691674114,-2.919476376218921,-2.013464697241948,0,-3.352156163137198,-4.566175125877552,-5.22563700107548,-5.22563700107548,17.352150728686535,-5.22563700107548
1029,-2.022929883641159,0.7209170335720816,1.7280994427769296,-0.0601532048319426,-0.0314713702036838,1.8200074173756216,0.7084577240547277,0.367199798775388,2.4296367288658374,0.3085748030991904,1,0.18355843362249824,3.157474200403739,1.4293747576268094,1.4293747576268094,-5.330752935262055,1.4293747576268094
1030,-3.3563793278235794,0.7243184340964115,-5.232265252466314,-2.893807014147676,0.6099513873319773,-0.6876536836760715,2.797021724138633,0.1842172295300934,3.587088776377524,-1.793574551219701,0,7.31116633267851,-1.710925094231269,3.5213401582350445,3.521340158235045,9.802741635743143,3.5213401582350445
1031,-1.7912238227334312,1.7003747087833485,1.958152970998758,0.5053655209900443,0.3070030600053617,-2.2804817227956127,-1.7465594015499524,1.2914688890653634,2.106120064608653,2.130766382004647,1,-3.3757784805818662,1.911968278232154,-0.04618469276660386,-0.04618469276660386,-2.1449076301382846,-0.04618469276660386
1032,-0.1361542169056862,2.636739282334671,-5.2517081159535,3.4525128675472723,-0.3775311485598251,-1.368537708962538,5.061360590497057,1.1049972018044143,6.494025035724897,-0.0253476017796012,0,21.545484961522124,2.4463917568782283,7.698099872831728,7.69809987283173,29.320264486017162,7.698099872831728
1033,0.4842423910464837,2.9574715993242906,-1.1970721113758178,0.8494253541613997,-0.0209210373830768,-1.039561257950091,0.6214489272094021,0.3188083396282559,2.0166999862546136,-2.104190139433505,0,7.119227298270837,2.3818484151578745,3.5789205265336927,3.5789205265336927,-2.034263400824706,3.5789205265336927
1034,-3.3183777715621785,-0.0392156578172369,-5.596543295528614,2.0329269615773558,0.7339504783642384,0.0589521458813615,6.169611012206939,-1.4723540615107775,7.606464060531844,1.6380803140666789,0,5.910923227552902,0.5338520588610887,6.1303953543897025,6.1303953543897025,31.180380501857538,6.1303953543897025
1035,0.1267172311922237,1.7705145064258514,-1.5630297618378943,1.8655007873495173,-1.6711471647953489,0.595539895912867,2.788645403027896,0.5363892188475762,3.471730551934929,-0.2650689990008052,0,7.326526776763082,2.9961301476158533,4.559159909453747,4.559159909453747,2.988619994068353,4.559159909453747
1036,-0.8180765147734689,3.03529967231605,1.497064083521586,-2.639513820566945,0.8410412769616195,1.4266354983434058,-0.7255254624857291,0.7738771734428223,0.6071953299762097,-2.7402587961167977,1,-2.2342639123188768,3.806838293351907,2.309774209830321,2.309774209830321,-10.134263428616295,2.309774209830321
1037,-2.5920487429804124,1.6989052749287912,-1.226092613884645,1.725384987709467,0.3842092216494622,2.7259004338570927,4.12027217887729,1.734041954422619,5.985405527634785,-1.9882556353505487,0,7.902192663085932,4.593084839921436,5.8191774538060805,5.8191774538060805,8.647395743582544,5.8191774538060805
1038,0.0290911243016143,-0.789437523659511,-3.28722273082429,-2.60114166599439,1.5301856237965608,-0.795303350467276,0.3136007626016417,-0.3146014474420489,-1.5429157963644713,-1.636420378849306,0,-3.0708937333970523,-3.763059491882159,-0.4758367610578693,-0.47583676105786954,1.7421847189051767,-0.4758367610578693
1039,-2.8990724257349783,1.078681670018549,1.7176413415087437,-4.377678011023741,-0.0787528862446404,0.0057137915433338,-2.893610004965391,-0.1243009388784991,-0.9689101529883418,-2.849241256229976,1,-3.6677165656983948,-0.09728699343809821,-1.814928334946842,-1.8149283349468424,8.432405958469198,-1.814928334946842
1040,0.8114520181817095,-2.476014917035912,-4.505161625589782,-4.460289222371101,0.0352953907452159,1.1614121399497543,1.2778679675848978,0.219308913132054,-3.6443916560209,-2.470866509167229,0,-12.35299433806907,-5.703308575040795,-1.198146949451014,-1.1981469494510137,-2.6204453215466903,-1.198146949451014
1041,-1.6836470068147116,-2.2661289154392867,0.5874556037341772,-1.6634493872214324,0.3363229693212808,-1.3342732880642334,-2.7929739788404326,0.0151232615845536,-2.6170540994115994,-1.0904511155108176,0,-3.727852764120858,-4.471647290545542,-5.05910289427972,-5.05910289427972,18.662703961463883,-5.05910289427972
1042,-1.7625888731043144,0.2258463855561043,-4.019511564422765,-2.9050417859669007,0.9837360439035638,-0.4453162821311389,1.5749281476182924,0.6672189393045282,1.164161293460166,-1.9391493443258063,0,2.7085666917002404,-2.2187370312483683,1.8007745331743967,1.800774533174397,3.8061533267602012,1.8007745331743967
1043,-0.3473751344100579,-1.925306307737499,-0.7776582148698161,-0.527379246019608,0.1288496213559143,-1.868647374692954,-1.951613686546596,0.1634477466174772,-2.4911638779417724,-1.3921113488120378,0,-5.374150260636835,-4.654578209153911,-3.876919994284095,-3.876919994284095,10.84306391860126,-3.876919994284095
1044,-1.3781692029936834,2.586214224864644,2.311679735188056,-2.103200326471233,1.5949202080860148,1.9917291794190075,-0.418170698908452,-1.3708420448290055,1.3140384797027356,-1.5160251145763637,1,-3.810455488518491,4.4797232611442475,2.168043525956192,2.168043525956192,-12.451399068149538,2.168043525956192
1045,-1.33001510141087,1.2948891690566338,0.951116142391501,2.36737261926684,-1.185921599186856,-0.7813995323386269,0.3548383244310208,-0.8557425799515072,3.253382278878795,0.9115803870675994,1,0.4181375021899728,2.600843635879156,1.6497274934876547,1.6497274934876547,-5.356250884179478,1.6497274934876547
1046,-0.5303486007463911,3.443549818007829,3.478853722394178,-1.6007241356204909,0.1779083914116544,-1.3690061947097212,-3.3298163771697755,0.0029259666794376,-0.0287572961135815,-0.2066400305521711,1,-11.865872661788275,3.5925871632322313,0.11373344083805348,0.11373344083805392,-4.598249601028568,0.11373344083805348
1047,-2.55182580488046,0.3970413764915308,-1.4353175694947389,2.000673353592444,-0.5610891309809973,2.6328863862846545,4.045785632281886,-0.3759835793518661,5.245689607030828,-1.535617764879707,0,5.012707472268087,3.007509439278678,4.442827008773417,4.442827008773417,9.487925397821115,4.442827008773417
1048,-0.2813584290689508,-0.1282789784343752,2.444778642494903,3.5704051584097627,-0.7602844386215937,4.004423177752718,2.481266005899021,-1.8662459348495892,2.8021567997885835,-0.2195763942346451,1,2.6666007342220706,4.797765669959549,2.352987027464646,2.3529870274646463,-0.6804579986366899,2.352987027464646
1049,1.2241034208768569,4.226564377264005,-2.1108133266874,1.6925790314922895,-0.3386690538837576,0.1671926643471912,2.8730116310949363,-1.082017785041936,3.942428063528199,-1.979064150372804,0,16.021064421990033,4.988762681671541,7.099576008358941,7.099576008358941,5.087345556007398,7.099576008358941
1050,-1.1896685597225691,-3.816899752279197,-1.6199548450972885,-4.430935322102512,0.690700889348637,1.1762373780495512,-0.6536247407667924,0.3805203053163029,-3.939472668026703,-1.2028805162156757,0,-10.653729740001314,-6.090479338143278,-4.470524493045989,-4.470524493045989,4.805023885976398,-4.470524493045989
1051,-3.749712926682345,-0.2916027315208465,-1.0437046230567,-2.898189696604028,1.1575196058099575,-0.620325094401688,-0.459343946328429,0.5465897256886387,1.2691782108269294,-1.0795680848548368,1,-1.0552937968335447,-1.7946513009059755,-0.7509466778492755,-0.7509466778492755,2.4522477207995568,-0.7509466778492755
1052,-1.817031616755564,2.278799095597358,3.0278014919702825,0.5420024235570419,0.0746858426368856,-0.7094059260567335,-2.062642304645693,0.7777350472478546,1.713462088477334,-1.1192527808706578,1,-6.683594510598545,3.2439582829219473,0.21615679095166485,0.21615679095166485,-6.105373098509728,0.21615679095166485
1053,0.3253039925050514,-1.9067113736792507,-2.6731374672575905,-2.2410877880225275,0.32982306086851,0.516898836659414,0.4913785313623405,0.4910039459577534,-2.4124562083730194,-2.092298912832904,0,-6.512234454545103,-4.0884703095745,-1.4153328423169103,-1.4153328423169103,0.6483544007470279,-1.4153328423169103
1054,-3.115063446861692,-0.1146714399759569,0.4964342100509913,3.731944396475361,-2.7404264220349317,-2.484992550812666,0.4787003112330916,0.896499670200166,4.902175727727323,3.528098307382755,1,0.42095569697700846,0.860463081308126,0.3640288712571347,0.36402887125713473,-0.9384111388707281,0.3640288712571347
1055,-1.8905776850187728,0.7993462904525578,-0.1048715392347179,4.306654511548473,-0.1985691868809604,-0.2573039208015857,1.8338158839459155,1.316176081530022,4.829418918362842,-0.551186398940291,1,2.716990850259795,2.5282906351637555,2.6331621743984734,2.6331621743984734,-1.714743437488568,2.6331621743984734
1056,-1.393825346792456,2.89353823242442,2.1609084669177587,-2.5974464276042504,0.99006123071636,2.007637510836271,-0.3910057404701582,-0.911593376586146,1.3375261565266332,-1.5829179859967986,1,-3.7501387738419125,4.6634409588720205,2.5025324919542618,2.5025324919542618,-13.26575922754184,2.5025324919542618
1057,-1.2200851041385288,0.3904945222852909,-1.9666535723256269,1.5103950403261308,1.3006254010559588,1.9823001854515088,3.6244152760721255,-0.1980736301493601,3.8048795539207902,-1.2373456657229829,0,4.782877245583373,2.0482562260317896,4.014909798357417,4.014909798357416,7.841187516261732,4.014909798357417
1058,0.2434013388141021,2.5841329527339862,-2.352052165879372,2.2011184684716945,-0.0638778328313466,1.1886356078496378,4.154303399832605,0.938969468704792,4.832089732717848,-0.4784429131422427,0,12.81645186096482,4.386384186687219,6.738436352566591,6.738436352566591,12.211431707005161,6.738436352566591
1059,-3.323402026101438,-0.6746276146014569,-0.4618019099048736,-1.4778484210562215,-1.7052076077760168,-2.761081212748519,-2.4512921227814832,-0.0825135189113944,0.0309582494032597,-1.698029927615718,0,-3.437464058280462,-3.5877216472878137,-3.12591973738294,-3.12591973738294,12.410930134983783,-3.12591973738294
1060,-1.2406864932960957,-0.6165080733904469,-0.0597176001021744,-1.0287716366514317,0.9905668274427896,-2.4236926322948777,-2.955014725231101,-1.667665266190862,-1.9183426770663097,-2.689513696099733,0,-3.6083391812080414,-3.6312403987237225,-3.5715227986215483,-3.5715227986215483,15.898058841091416,-3.5715227986215483
1061,-1.4795807744754088,2.6860036957891413,-2.362914961803532,3.1968371570114438,-1.523597810668167,2.890925976429304,5.861188501649296,-1.8829834466717263,7.458073185473626,-1.655865199784426,0,14.893990517678183,6.184277235634905,8.547192197438438,8.547192197438438,25.96885953903232,8.547192197438438
1062,-2.048839537294657,2.145551789337085,2.327430832592725,-3.306373791056811,-0.6284426891553463,1.6726070570859195,-1.3277588471327293,1.5480082208186925,0.4310172555526451,-2.225783563134187,1,-4.1758304452232675,3.1452237747970804,0.8177929422043555,0.8177929422043553,-7.193696548289823,0.8177929422043555
1063,-2.735289025039016,0.1242317971087554,-0.5373330684847906,-1.141349644865903,-1.015292374249816,0.6536515982948155,0.8585561805761506,0.4213602543067085,2.231505170604323,-0.6193803109890648,1,1.0495418304287334,0.44545490920011543,0.982787977684906,0.982787977684906,-0.6243703189356863,0.982787977684906
1064,-1.7627670636221002,0.2078350607242018,3.8031290918365386,1.025212963906403,0.1804960560780812,2.1893580551061094,-0.2902314768000952,0.015908658399631,1.7257392351228082,0.8027618580461753,1,-0.8728199818197192,3.720732675760645,-0.0823964160758934,-0.08239641607589307,-4.344525515303013,-0.0823964160758934
1065,-0.7530816209910192,1.872674360016248,0.581529462265196,1.5404120167227435,1.6235292108918062,-2.3408805875305467,-0.9140111130345632,-0.8216808263050224,2.0906998738682203,0.5498858431569756,1,-0.130352066596384,1.5401927092468808,0.9586632469816849,0.958663246981685,-2.7524549550559536,0.9586632469816849
1066,-1.9132533087215573,1.974916712883814,1.2056254211676602,1.4614248429138357,-0.5131272463642831,-1.2890355565934923,-0.4811713202377945,-1.0311060532942633,3.196197231678209,0.1563614203908159,1,-0.8872644010955804,2.6993708138136796,1.4937453926460196,1.4937453926460196,-6.342600160781917,1.4937453926460196
1067,0.3188748387790263,2.18019557864012,3.3797877575733946,-0.0440813644739439,-0.7176391376105407,3.73662606424998,-0.0220240947251026,-0.1349902279770614,0.3705466171038518,-3.2189242522413264,1,-5.210426841888504,5.537959241488412,2.1581714839150177,2.1581714839150177,-15.064243990458491,2.1581714839150177
1068,-1.9111811483893952,-2.24423704443013,-1.25946894134359,-2.8570044798747687,-1.5184156988286823,-0.4001184931571444,-1.1385877129761417,-0.2451724218513857,-1.9795202463771209,-1.603987333649869,0,-6.209371611878755,-4.642293698749862,-3.3828247574062713,-3.3828247574062713,6.494953581823891,-3.3828247574062713
1069,-1.235729970551386,-0.0707478441481577,1.9086125757738457,0.9840037851664,-0.5621623419347272,2.7455447482444573,0.5725425559253672,0.0722491342362027,1.1497271501755837,-2.315987425788669,1,0.6368249368272714,2.410407287551055,0.5017947117772095,0.5017947117772092,-2.4493667959326504,0.5017947117772095
1070,-2.444773697377568,-0.901142039315266,-2.840297377933131,-1.7520499769894775,0.4532219022828972,-1.7787508281130346,0.1201344341839911,-0.297949364813223,0.775330909250767,-0.7943092776235188,0,-3.3405189765437395,-3.621304983064406,-0.781007605131275,-0.7810076051312749,1.857233499059924,-0.781007605131275
1071,-3.277949767639546,-0.957455495446136,-0.020587026471077,-0.1343129597235508,2.116012056830995,-3.8380762502437262,-2.8481574855027763,1.1747618002330382,0.3821193042678853,-0.2440047082396002,0,-3.8253241425785403,-3.826200007419989,-3.8056129809489123,-3.8056129809489128,15.724102888964769,-3.8056129809489123
1072,0.7820173529074181,-2.594086610048259,-2.3174954482825263,-3.1453166140213358,0.5711026285913683,0.8293098844273739,-0.8660048055870034,0.380067440573832,-4.852452968747122,-4.6714519276657125,0,-9.471875326872752,-5.777586863917788,-3.4600914156352625,-3.4600914156352625,3.975858691615346,-3.4600914156352625
1073,-1.4710641902188628,1.1380491934516428,0.8911042321122807,2.52990785489042,0.549574316064444,-1.4255394032634638,-0.1376181369025505,-0.0779227356785158,3.025483128210472,0.6693252840329781,1,-0.013689396087634531,1.891535288661373,1.0004310565490924,1.0004310565490924,-3.887148046242663,1.0004310565490924
1074,-0.8321060848567832,2.6161113956185176,-0.5064880748069578,1.6667496961727255,1.202249003361171,1.5513180791635812,2.0830609366425272,-0.6172857068788872,3.6672365005659673,-3.759831720471173,0,6.024201556508411,4.192684257454086,4.699172332261044,4.699172332261044,-3.2276844997017218,4.699172332261044
1075,-1.878758498800944,1.3528301670183676,3.415784535084568,-2.574572284243314,0.1522693758075,2.462807229756473,-2.2040837279701413,0.4685312569051241,-0.8952158000566607,-4.552522498897623,1,-5.472229924048987,2.5645309741327944,-0.8512535609517737,-0.8512535609517733,-1.4762686963754774,-0.8512535609517737
1076,-0.3480035205471239,-3.005950916749473,-2.3281215022696937,-3.68049227192712,0.6095098962124401,-1.180583708136426,-1.4621769051551403,2.44125584526534,-4.066909473128682,-0.7257425957274435,0,-11.466346785956361,-6.796249324174307,-4.468127821904614,-4.468127821904614,6.404119483996238,-4.468127821904614
1077,-0.7766569983372368,-2.15080299934043,-0.0614130846093701,0.611656591712348,0.2165547383782058,-4.181757115797694,-4.412617897599936,1.99412374073444,-3.510146858260472,-3.1570715033245893,0,-6.695508343516947,-6.624833981549736,-6.563420896940366,-6.563420896940366,32.5273641421328,-6.563420896940366
1078,1.1713186546540857,-3.142714160634249,-0.9803119827061492,0.1860104130350686,0.6491477210704204,-1.2901971841731346,-1.4576228138196028,-0.2266622037239995,-3.8139631572456736,-0.5272579908174199,0,-7.681177324343903,-5.580648957160001,-4.600336974453851,-4.600336974453851,9.224809849091177,-4.600336974453851
1079,-1.070722407811393,-1.2029120235674795,-2.027711737408485,0.1163706500911712,-1.631067625194979,-2.5409801785614867,-0.8558080521645957,-1.2465619661594265,-0.4004003361504164,-1.1039220353212031,0,-4.497878904989645,-4.08643181314056,-2.058720075732075,-2.058720075732075,4.438400481764825,-2.058720075732075
1080,-0.6434098511776052,-2.6967311265530007,-2.274902930366532,-2.6945498095452747,1.3079641925493437,-0.1210306911615348,-0.5473897031066655,-1.331913110391086,-2.93829001282013,-2.0728235707279654,0,-9.378922371865727,-5.519023760026198,-3.244120829659666,-3.2441208296596664,2.9279785345470066,-3.244120829659666
1081,-2.9092387473966967,-0.0112162651182432,-2.472391578780604,2.113017407165054,-0.0070629045508297,1.7509916635786127,4.267173166836175,0.2839110587363809,5.58418337624745,-1.089053647740741,0,4.228225902294216,1.7835653229373276,4.255956901717932,4.255956901717932,12.141513611687692,4.255956901717932
1082,0.1866391416393675,0.2510755740515125,0.7651212679107773,2.6104683968854108,0.3692637776499046,0.9777437425545726,0.2325886788356595,0.975200541684766,0.621424026545058,-3.3010362959786383,0,0.2915609913274525,1.2487855207979492,0.48366425288717196,0.48366425288717196,-1.8704555417223232,0.48366425288717196
1083,-2.8515896834207504,0.243053701174148,0.4337966775813171,3.024638245161981,1.5061472407749463,-2.0529398207010607,0.3994705061726597,0.7700501089175859,4.415460246282732,2.5434841830898085,1,0.53708831930362,1.076320884928125,0.6425242073468077,0.6425242073468078,-1.6647042950162794,0.6425242073468077
1084,-3.301279860277222,-1.090008356430886,-1.4067958855755345,-0.6178654095195786,-0.885668184006416,-1.4059026069436178,0.1243648761156783,-1.3387237061355737,1.9384419984817232,0.3944042225721069,0,-2.4990627513851287,-2.372439365890742,-0.9656434803152077,-0.9656434803152076,1.8201301975472968,-0.9656434803152077
1085,-1.4345124717449396,1.177796448782538,-2.3373207390508277,1.9425204420755893,-0.031261414154246,1.7426883149373853,4.431445665418488,-0.218005631121124,5.33924613464974,-0.2259708785319869,0,8.362130180320868,3.2719213751501988,5.6092421142010265,5.6092421142010265,13.50943526232493,5.6092421142010265
1086,-5.667418032349436,-1.570192097982249,-2.1490300725446443,0.5956782571327445,1.3355704555367565,1.664224542575678,3.0642356570686826,-0.3230757426770245,5.241592208359852,-2.34413159421288,0,-1.8803464791493862,-0.6549865134582107,1.4940435590864336,1.4940435590864336,5.176093078187098,1.4940435590864336
1087,1.1320837117793254,-1.0648504777103502,-4.25964881441114,-2.450332681938144,1.1119533608604089,0.2894439878127164,0.6173708283644002,0.5065876716972757,-3.0191183791623644,-5.565308143747459,0,-4.983368724249979,-4.70712846375709,-0.4474796493459501,-0.44747964934594986,0.9998657779143565,-0.4474796493459501
1088,-0.6946653735260621,2.3017110288799545,1.265907731387795,0.4763607852498306,1.1896426454852358,-0.9837509751970404,-0.5607187749259508,0.1373413245651045,2.0751368011723046,0.8511881399689587,1,-1.172761532925687,3.006899985341799,1.7409922539540037,1.7409922539540037,-7.347240481621036,1.7409922539540037
1089,-3.142403352314476,-0.801121098104092,-1.5987753213563063,-1.4755309491109163,1.705362356513084,-1.202938390902551,0.3852465778662711,-0.004201915391156,1.9206555204973963,1.1156525353380946,0,-1.6966871613045078,-2.014649841594127,-0.41587452023782095,-0.415874520237821,1.2981266465229342,-0.41587452023782095
1090,-0.0629244157477499,3.7559962820478336,1.9374773230067817,-2.442084501889969,-0.660147867336476,2.221292108350821,-0.4370945682362043,1.0825370086829098,0.5927702575382022,-3.26954705997379,1,-3.9582559079538324,5.2563790368184105,3.3189017138116292,3.3189017138116292,-15.661386710813908,3.3189017138116292
1091,-1.641527191978381,-2.187141294430944,-2.329255465691945,-1.9822849689285476,0.7489361138059267,-1.4907037251835744,-0.9067178827984834,0.0462116036709171,-1.6036647786426823,-1.709154416877698,0,-8.188269991523258,-5.423114642921372,-3.0938591772294277,-3.0938591772294273,4.244700324843533,-3.0938591772294277
1092,-3.2756681464354376,-0.6515854697534037,-0.2900260888764123,0.553289073917683,-0.4566991446935129,-3.6716946437690985,-1.791154961508865,0.1119819326212577,1.7126667631038934,1.1105040331983238,0,-2.6317172166235485,-2.732766520138681,-2.4427404312622687,-2.4427404312622687,8.194766262177495,-2.4427404312622687
1093,-1.6787950296036482,0.6643363262530566,-3.9037875639534234,-1.551758964026817,-1.265636445089811,-1.4526638911371683,1.313743998786922,-2.973306171292557,1.8313733769570075,-1.8575425331157076,0,4.571508213749166,-1.925707238913445,1.9780803250399785,1.9780803250399783,4.266978096931305,1.9780803250399785
1094,-1.987968274374487,2.216089043592013,-1.3436813557073697,2.9700774438209283,0.4335416104725293,4.057780056124672,5.523187047516516,-1.1044518278549962,6.995561024219022,-2.8346787369206643,0,10.716993621570495,6.3955947354011595,7.739276091108529,7.739276091108528,19.348441865806485,7.739276091108529
1095,-0.8016070319088029,2.550936475281526,1.6846056197906751,-1.4893340802490014,-0.1139965528396263,2.194462640217242,0.3122328366386031,-0.7728337308889638,1.504189073268268,-1.6286968558630064,1,-1.4341526100681459,4.547774931710804,2.863169311920129,2.863169311920129,-11.61077682134382,2.863169311920129
1096,0.0609593052061547,2.0997994824872768,1.0537071874780164,0.4328469704881745,0.5168252658244509,1.1684449092998412,-0.1429318105627592,-0.9864404990992466,0.7657956869713395,-3.597540242139566,0,-0.255706135034945,3.010574859402534,1.9568676719245175,1.9568676719245175,-7.159586835815766,1.9568676719245175
1097,-0.9547606229772048,1.0726224443420251,-0.1160927647253959,-0.638701911116895,1.6588696944553298,0.9264577888157266,0.949922960480104,-0.6411116541527696,1.681469064682842,-0.4361053857846722,1,2.147069109892307,1.9064526400967332,2.022545404822129,2.022545404822129,-2.9021207090014,2.022545404822129
1098,-3.294239306975137,-0.2990955227371332,-0.1964161096592904,-2.745289598764072,2.031158713073231,-0.5868269846580358,-1.1785478174040764,-0.3599110935666715,0.4675162565049723,-1.286079316747064,1,-1.5363905191337492,-1.6740594498005001,-1.4776433401412097,-1.4776433401412095,4.4819305688570825,-1.4776433401412097
1099,0.8165224079545217,2.0699333659115,-0.2274755136738848,0.569439354342419,0.3683520038409712,3.3650435951016946,2.6097567545249194,2.426178003841775,1.8465956678075683,-3.215038209080089,1,5.150549276117851,4.452214606762535,4.679690120436419,4.679690120436419,-1.8502152537290817,4.679690120436419
1100,-0.4900765395497723,2.0525128265796573,0.2205136808023744,0.656468118720746,-0.3904091864216333,-3.5329467161663666,-1.2737577695583358,-0.3670226147216417,1.8328503844407196,2.73070750758729,1,0.32614789873815586,0.999268737823696,0.7787550570213215,0.7787550570213215,-0.608172097617957,0.7787550570213215
1101,-0.8564803084447006,1.060028073717792,0.3832682633039648,2.6884875352214737,0.1973134122902665,-1.4378910684032915,0.670182058680558,0.48674150215806,3.3241378916772013,2.4312912490816787,1,1.3239350135310848,2.113478395702315,1.73021013239835,1.73021013239835,-3.8008196551906193,1.73021013239835
1102,-2.064630769454742,1.618725098724468,0.2397732800312051,-3.0888391132433908,0.4595754883110654,1.4949430997438178,-0.2759429964902177,0.787276293122914,0.6750807279497133,-3.5390983102125992,1,0.954655075844248,1.5825553822654554,1.34278210223425,1.34278210223425,-3.237319973577707,1.34278210223425
1103,1.5969968525950329,4.142499763971647,-0.2115560680806927,2.5829525687779435,-0.1257462974957726,0.1755877167397448,0.8236900134921468,1.4086194934459193,2.201891943592013,-4.852983502917107,0,5.842560739554832,4.754633709383101,4.966189777463794,4.966189777463794,-8.165987286429162,4.966189777463794
1104,2.400279534101774,4.142785153356742,0.0869594069235029,-0.7134763604146098,0.1348014232902034,3.0060419945305377,1.7946623434587845,-1.2255347222149022,0.8342329094470553,-3.798277122056783,1,5.577193356868132,6.02440690373903,5.937447496815527,5.937447496815527,-9.101295613472978,5.937447496815527
1105,1.4677225103780804,4.20723878042339,-0.5579823090211697,1.91766159632223,0.7985013379072202,1.3325886966660732,2.515937827595516,-2.0591604836923203,3.4592878489937533,-2.3220265981393613,0,9.07074141732296,6.165194298997736,6.723176608018907,6.723176608018907,-4.210862945386545,6.723176608018907
1106,-2.815108138312356,0.0981344972186832,1.7397917578439253,-1.450849954534674,1.482832866385907,0.3052190009282562,-1.2113739467418705,0.4962485662454281,0.9117419215681278,-0.2927887037090784,1,-1.2839730389444097,0.6265523083207379,-1.1132394495231872,-1.113239449523187,1.7833803906262031,-1.1132394495231872
1107,-1.9492420908393973,0.9663941738892452,1.2228008334907126,0.7149915629402329,0.1166617511695034,-2.9626728806903437,-1.1548967605960547,1.519336351090644,2.625158122228923,4.525502540886862,1,-1.3702101880191473,1.034298246783903,-0.18850258670680953,-0.18850258670680953,-0.6937167337541705,-0.18850258670680953
1108,1.812928090008945,2.363616387786724,-1.473055010318256,3.0649066008098584,0.0212226508342584,0.7989181821092518,2.9695368358040803,0.0327736375557814,2.954647917172037,-1.074177228700265,0,8.814890186090375,3.8600982132725483,5.333153223590804,5.333153223590805,3.10663454483353,5.333153223590804
1109,-1.9425187924942005,-1.5527180577171862,0.0557737515895724,-0.9723974498572896,0.1334994190613714,-2.6996992139878837,-3.107258779536369,0.3496153310283852,-1.860760640658374,-1.6479731755641711,0,-4.573375926013794,-4.604203085663983,-4.659976837253556,-4.659976837253555,19.005837957163145,-4.659976837253556
1110,-0.1058570837299224,2.3112955585540718,-0.5809833691451713,2.644880491900003,-0.3318648618219791,2.1793657790377714,3.1746961962602303,0.609238830889753,4.136785160444576,-2.325524282314838,0,6.828816035513317,4.905008385669131,5.485991754814302,5.485991754814302,1.0305200787647566,5.485991754814302
1111,-1.209672929416912,1.2413248069804552,4.4540060075958365,-0.8462872332285418,1.1122924498917277,1.6551348304242353,-2.063035765101157,-0.1498780335221683,-0.0777483208420559,-0.5528955773663131,1,-6.350579105789391,3.632295049475135,-0.8217109581207016,-0.8217109581207016,-4.0833356709366075,-0.8217109581207016
1112,-1.8340272549474976,-0.2948020727943645,-1.72714977726726,0.2503288740360414,-1.2083035156593327,-1.419676346548835,0.6014616144050655,-1.6795027929134034,1.8926484478167056,0.189817857842951,0,-0.20250779275401193,-1.420490235656559,0.306659541610701,0.3066595416107008,0.9664194332838922,0.306659541610701
1113,-0.9363050299625264,-1.4464628113282882,-1.3375357030787247,-1.7959108377859572,-0.3247419350819738,-2.315840487071261,-2.320819193196209,-1.1858149110149452,-2.538856507855938,-2.251731807909394,0,-5.701977657851708,-5.104817707603222,-3.767282004524497,-3.767282004524497,12.323605786308411,-3.767282004524497
1114,-1.3854643408794751,3.3984773784382627,1.0079053213547269,-4.780096119772711,2.1050866393345022,0.7218620395475709,-1.5007763328844177,-1.325157155197762,-0.0059243691035818,-2.869321008598601,1,-1.5276423886777417,2.9056063669085717,1.897701045553845,1.8977010455538448,-5.976321245348003,1.897701045553845
1115,-1.0061401783528967,2.7672451342149995,-0.2609069449786092,1.7019974305846672,0.4726397629900116,1.440202371112236,2.076373837721062,0.6054045047627467,4.02193040512831,-3.0933257263187177,0,5.565612445911019,4.582712026957452,4.843618971936062,4.843618971936062,-4.393009210946065,4.843618971936062
1116,-2.0719321896853504,0.7238994150958784,0.0603780471768731,3.692283947445225,-0.5276537761783373,-0.9144840128797782,1.5391266258616385,-1.070668371416597,4.847578769012036,1.4737294252983937,1,2.219318407921547,2.32340408813439,2.263026040957517,2.263026040957517,-2.2612269916916445,2.263026040957517
1117,-1.6761794103977157,2.0567551615174677,-4.786386998254891,-0.4035720829834706,-1.2298831152865406,-2.3073354116863194,2.1078141917751494,-1.771422551443844,3.7262321789670176,-2.015580018707982,0,14.008995516973464,-0.6218176449622734,4.164569353292617,4.164569353292618,10.744555122399227,4.164569353292617
1118,-1.368093228458162,1.5248700721708672,1.1629465229817169,0.586048428090993,0.4025162097353214,-2.0480222274906805,-0.8061935560915957,-0.3109714664860723,2.391049080549569,2.955839722358971,1,-1.0546658323507183,1.8816230390609885,0.7186765160792715,0.7186765160792714,-3.723693853686637,0.7186765160792715
1119,-0.061161037012223,-2.73573196130928,-2.427523204265073,-3.429656779322708,-1.1084970907967833,0.4550113321100575,-0.3856631936579199,-2.291292806884065,-3.6772697170650654,-2.2031771033464445,0,-9.762447971695076,-5.548918359232273,-3.1213951549672,-3.1213951549672,2.1779967964140234,-3.1213951549672
1120,-0.6467787528848478,-1.7555729447099837,-1.7508570635799443,-0.9765202988190412,-0.3903944671171425,-2.6929569600830776,-1.961987509701764,0.7639029085756444,-2.2969431249927297,-1.6100028601883871,0,-6.791317745287067,-5.468417517991692,-3.717560454411748,-3.717560454411748,9.96161566975385,-3.717560454411748
1121,-0.2561319010320708,3.811005623018568,2.5379864153535165,-2.387132787064073,-0.9650455805761796,-2.162994650387134,-3.5337465517502578,-1.9133403347228028,-0.4408095691641301,-0.534351674421043,1,-9.395021428788679,2.815245486621827,0.2772590712683103,0.27725907126831073,-0.2774203659402872,0.2772590712683103
1122,-1.4195115127494178,-1.8811375270330493,-2.4879416032335686,-2.6729995349028424,0.2273259068231903,0.3127654598749294,0.4162970691443624,-0.3536525548815512,-1.1576019331889758,-1.8083896508011004,0,-6.145000772798122,-3.9527820611222557,-1.4648404578886869,-1.4648404578886869,0.9107654538796932,-1.4648404578886869
1123,0.7429797490655146,1.3475103886619777,-1.1904279244992897,0.7057201459841965,-1.0257233949746074,1.1540806762602145,2.619341474379902,-0.8093466847948803,2.276129836636171,0.9127930936580432,0,5.570965858257989,2.77642393854259,3.96685186304188,3.96685186304188,1.7217879530383184,3.96685186304188
1124,-1.798367255506447,4.03142788411736,-0.7062813450682902,0.871213021778008,0.6970509788397266,2.524950398134817,3.5443737764019634,0.2541276870714354,6.034882737358319,-2.897938355923909,0,10.423123969059544,6.869520315451033,7.575801660519323,7.575801660519323,0.9645857994157794,7.575801660519323
1125,-2.5106098403598205,1.835251695044092,-2.33615421491608,2.9032079576450345,2.148706293937052,-5.125870446966728,-0.236097270006163,1.3779743339254138,4.545025446705562,-0.1202650445212141,0,5.886585407847065,-0.7369997898781513,1.599154425037929,1.5991544250379288,3.4810182685537217,1.599154425037929
1126,0.2066222791301215,0.198835051744227,2.134990473261796,2.723744865914271,0.727122481485493,2.5808934919964424,1.591705065352849,-1.9252622125874852,1.978716010722276,0.7958919698371476,1,1.366029175872635,3.925530590358872,1.790540117097076,1.790540117097076,-3.6070566336104717,1.790540117097076
1127,-2.409751302030475,-1.2748098035907904,-1.7012445908215552,-1.7055657276420493,-0.7163942937007461,-0.6477016166464535,0.066182409195886,-0.1591494715377279,0.430323432186146,-0.6379739383705955,0,-3.377390677080026,-2.9098719852164594,-1.2086273943949044,-1.2086273943949044,1.9541162082132149,-1.2086273943949044
1128,0.7844641526142135,3.55527319639097,-1.754781700458372,1.674237745471792,-0.335515832033066,0.1193836171858262,2.6470426754275804,-0.1402755855504283,3.829894901698426,-1.194699681029702,0,12.441044216975566,4.447534171360179,6.20231587181855,6.20231587181855,2.595713227513091,6.20231587181855
1129,-3.335543387021347,1.0796281956868934,-3.5181521443428303,0.6031373876229551,-2.0534865486558886,1.171408810488034,4.754412952922253,-0.6275400027440727,6.539388123850344,-0.1016723869251161,0,9.632337400357972,2.3158890042663165,5.834041148609147,5.834041148609147,18.252808625788262,5.834041148609147
1130,-2.0595830106996487,-0.3764767714644397,-0.2754417252971672,2.140667810752213,0.2922654561557121,-3.5468349553533574,-1.4896548165652783,-0.6807755663251802,1.5999370198072735,0.2905801227781457,0,-1.9698289994961906,-2.1415733133268855,-1.866131588029718,-1.8661315880297178,6.1230789624062645,-1.866131588029718
1131,-3.540936606225664,1.6181661818088835,-6.628169088849953,1.8407619241328548,1.712711411276273,0.8879417503685272,8.274906367612502,-1.1094555554462198,10.164292296067115,2.3098458171486915,0,20.61855161630938,3.2649034605714324,9.893072549421385,9.893072549421385,66.04157844964911,9.893072549421385
1132,-0.9361027494582718,1.9256337347551795,0.8568906654138322,1.733476724882277,1.4985463606698537,-0.9877072812539291,0.1764256462014773,-0.4702557162663573,3.0092811168969305,0.9855332160684088,1,0.4520018086389683,2.958950046370489,2.102059380956657,2.102059380956657,-6.679940991007225,2.102059380956657
1133,-2.510989248435087,2.9966743957141606,-3.33469031293578,3.245473529202772,1.610292980482871,2.7628731933124357,6.84759563463588,-0.0892032976916679,9.165321019043818,-1.507000879217932,0,19.837251108760732,6.50957971741426,9.84427003035004,9.84427003035004,40.52869730613075,9.84427003035004
1134,-2.9834148405077405,-1.4798745646807143,-0.5453117919270408,-1.6428228173044197,-0.9156322963584598,-0.3536486322875136,-0.8297246646852071,-1.222750278738175,0.0369650798547718,-1.6575991515275474,0,-3.116592280059211,-2.8549110212929625,-2.3095992293659213,-2.3095992293659213,5.0459602191525725,-2.3095992293659213
1135,-2.1495026349582123,1.1712887753349714,-1.370482914619369,1.9264484178691563,-1.3115439660370012,1.632771249824012,3.239156234792916,0.8225729212004805,4.900789970534509,-1.8899517378993285,0,6.01567626480991,3.0399620955085185,4.410445010127887,4.410445010127887,4.646957262443438,4.410445010127887
1136,-1.4695278330617585,0.8621416957280904,1.7569130820686154,1.7735203104063426,-0.5198341457252261,-0.3478743302461751,0.8255468286952751,1.6218737477850511,3.697047403266843,4.766082145203107,1,0.17298050060186365,3.444601606491981,1.6876885244233655,1.6876885244233657,-5.9654705883680235,1.6876885244233655
1137,-2.497340632394031,1.4508422736244595,1.7152009030632749,2.605290292917099,1.3984839930693214,-0.7501194941231398,-0.356326212724103,0.8878039355788485,3.675776863868189,-0.7726217839701248,1,-1.3939699170226911,2.8097169639636315,1.0945160609003566,1.0945160609003564,-6.265750632912733,1.0945160609003566
1138,0.1086266743265391,-1.9682996923470264,-4.340411218614109,-4.100684777479175,-0.4697297964895977,1.6895735177999134,1.8244190899109096,-0.8037236608946853,-2.376712271330847,-2.9751150417748717,0,-8.687110668693848,-4.484291821050226,-0.14388060243611678,-0.14388060243611678,-0.5865526271400374,-0.14388060243611678
1139,-2.179437870162459,2.4064739214056496,0.372127992345219,-3.2777547498061104,-1.1675008238807143,1.8258101284501933,0.2688488712340804,0.4637230575571145,1.6351026983718622,-2.809564010900228,1,1.7798064836359195,3.0474507849849495,2.6753227926397303,2.6753227926397303,-6.546010171064651,2.6753227926397303
1140,-0.9010119151263029,1.8848864673284624,-1.7569805503694444,1.1218952633620722,-1.1192502422206438,1.2391550681827377,3.3898530178754074,0.255977146418771,4.413331016707353,-0.2682903756804515,0,8.58644834795455,3.5177589348344256,5.27473948520387,5.27473948520387,6.010313925511392,5.27473948520387
1141,-3.820006466310663,-2.0975316780554776,-0.2120566763944942,-3.449441716088016,-0.0428243790755189,1.0488284361494695,0.1836596135023702,0.2208417702903523,0.6005562353360538,1.4070548462325685,0,-2.358667660833718,-2.1259287409476015,-1.9138720645531073,-1.9138720645531073,3.6287360628519383,-1.9138720645531073
1142,-0.8502127106284493,2.4659278842645,2.6062631840263504,-0.0758500373539581,0.6314186062724064,-3.273865503031706,-3.980512294718188,-1.332449780998205,-0.1604132792606181,-0.7284514166021805,1,-7.941441469676244,1.0916787735726623,-1.514584410453688,-1.514584410453688,9.840526706061125,-1.514584410453688
1143,0.2092193849338186,-1.9798367616435388,-1.886196093899176,-1.9150947707333543,-0.2118895311982425,-0.8607623743634345,-1.0239277246798764,1.0844775248572875,-3.0660123553331644,-1.835912355599195,0,-6.738124852693452,-4.889960580222591,-3.003764486323415,-3.0037644863234148,5.207792685544078,-3.003764486323415
1144,-2.737399925401469,-1.1264714904702449,-0.4274604557058525,1.6073749443805152,1.1905296437176769,4.542652501010748,4.818115953902623,1.847866995702103,4.935024180805703,0.6556212904988996,0,3.210122446776316,3.264184007726526,3.6916444634323784,3.6916444634323784,15.77689085743602,3.6916444634323784
1145,-0.3456331398954317,2.4113301254464243,1.1061556092146572,-1.914185453763556,1.065963719731826,1.2094687055750506,-0.2880814559886158,-0.8331415233289663,0.5687522618628892,-1.6405813332264454,1,-0.5440576744730365,3.2294042786724657,2.1232486694578085,2.1232486694578085,-7.936968366776598,2.1232486694578085
1146,-0.7446524467183125,-1.595087053616851,-1.4701781660955338,-1.2605570001557098,-0.5895789959361277,-1.387296569790664,-1.5841504922849776,0.4500546711851462,-2.292001010549817,-3.0244831234992686,0,-5.524299705150979,-4.649415711997363,-3.1792375459018287,-3.1792375459018287,7.9931238808567775,-3.1792375459018287
1147,-1.188823082274725,1.8518675435509613,3.112937441219352,0.8246008451529346,0.8353334353648353,-0.8694822893878131,-2.106547232340726,-0.0811931841354697,1.1788083397306164,-0.1131902787046466,1,-6.019427501288461,2.858257752429587,-0.2546796887897649,-0.2546796887897653,-3.9307846340561436,-0.2546796887897649
1148,-0.5903259762524988,2.1768772584859093,1.5953773439470975,1.2213962969029006,-1.213463360152923,-0.9901682840900756,-1.0305452235014063,-1.622974962003564,1.6789416322272517,-0.6551224591124849,1,-2.3266086237575863,2.7417093789316005,1.146332034984503,1.146332034984503,-6.29895861497663,1.146332034984503
1149,-3.068390165867105,-0.2984988989881101,1.1942158547762998,-1.2215327311031614,-0.2786563338793094,-0.4134996081980127,-1.0848073750623282,-0.9126787606958672,1.219303023476772,0.6309216693697004,1,-1.0268341562455678,-0.1890904192741385,-1.3833062740504383,-1.383306274050438,3.1056758521190657,-1.3833062740504383
1150,-1.8263198578791584,3.0431143341209133,-2.4791838596881752,1.856777226791472,0.0795795465565606,0.5802507025923127,3.537699867006275,-0.972162217943325,5.981128672336756,-2.636618063194099,0,14.125254141465485,4.101630341439012,6.580814201127188,6.580814201127188,9.377315746788312,6.580814201127188
1151,-0.905078838531134,2.127944411673654,1.2439828639846695,1.2067935232893787,-0.9773641174837108,-1.9390325490737412,-1.1763030271702035,1.907490672553268,2.027459112815808,0.3975261115764246,1,-1.6954849991305143,2.1956242484881203,0.9516413845034506,0.9516413845034504,-4.41070320489575,0.9516413845034506
1152,-3.836897704038533,-3.493533460331104,0.8123814949671493,-3.4247463347478826,0.8983025496890353,-0.9241121453734517,-2.6303764343222515,1.1851630314393404,-1.960511329288828,1.2029235111364462,0,-3.2858279594318143,-5.311528399686207,-6.123909894653355,-6.123909894653355,21.192400415798943,-6.123909894653355
1153,0.2162381802733601,2.077532486269433,1.4024338186051666,0.42228742274994,1.4846418618765076,1.9998801992919315,0.4722913191520798,0.6255913025065598,1.0985641872494565,-2.6341937875187584,0,-0.3637780125736141,3.952257624026679,2.5498238054215125,2.5498238054215125,-9.192624157296905,2.5498238054215125
1154,1.3805300879942322,3.015208619283845,1.8046507775170888,0.7533047717125564,-0.0661659345464347,-0.1328926381346438,-1.956542014978454,0.4547043964167744,-0.8266210463590936,-4.879192588948698,0,-4.382731974861429,2.8633173818224797,1.058666604305391,1.058666604305391,-5.53532590891874,1.058666604305391
1155,-0.1679672779044174,2.4293299301876177,-0.199527339999959,1.2805081661719986,-0.0450441180109239,-0.4634204751619184,-0.2197599521395093,0.2093488573346887,1.4525301471331893,-4.351414255515101,0,2.69428771700073,2.0100426380481493,2.2095699780481084,2.2095699780481084,-3.686600440579277,2.2095699780481084
1156,-1.218579903395067,1.8902779486463648,3.271645340641922,0.6309026635251156,0.2239949689010487,-0.3166586260508965,-1.3643331343744316,-1.4193843557960406,1.8434354494237095,1.6186461689303042,1,-5.658374228935116,3.7975901549138555,0.5259448142719332,0.525944814271933,-8.646449110840878,0.5259448142719332
1157,-1.7973883643115158,1.2911125665174878,-1.2858087556715707,0.9363615599138686,-0.2498937358120461,2.208297868042999,3.524225910219461,0.1077600554525429,4.596321443228601,-0.8924210109553783,0,6.4754623193227285,3.529529721065378,4.815338476736949,4.815338476736949,5.735423911045642,4.815338476736949
1158,-1.9899775999808569,1.9890042556344565,2.6516984575579654,0.0961753972435428,-1.9911401489546663,-0.774202866904783,-1.175771328442701,0.4998216359738093,2.5203785258307105,1.9614004191669328,1,-4.461006589550362,3.464931384749721,0.8132329271917556,0.8132329271917558,-8.16996561189568,0.8132329271917556
1159,-1.975263897669139,2.2233798961264,4.297852180923082,-0.1447350302223442,0.0891981966125713,-0.033528279772071,-2.167399774885467,-0.6713075913710861,1.735681973423456,0.9994063409061812,1,-9.49977801434645,4.353832302164015,0.05598012124093321,0.05598012124093277,-9.267948774818759,0.05598012124093321
1160,-4.458613993566608,0.8872583772427294,-4.426422405598798,3.602998443717858,-1.406719432559558,3.159403433490978,8.513596742179912,-0.0682025303326691,10.886995195207936,0.8481852509892063,0,13.328235480005088,4.974432713823844,9.40085511942264,9.40085511942264,62.03342201579237,9.40085511942264
1161,-0.8400371225175205,-1.129843955123543,-0.7234475014969297,1.6778279078847276,0.4892118246643012,-3.649423203988757,-1.8619978516888684,-0.1164883526310347,-0.3005429748993423,0.1319154465212335,0,-3.809224593227948,-3.715289308309341,-2.9918418068124115,-2.9918418068124115,9.356784328400177,-2.9918418068124115
1162,-0.333667895421792,4.011910368744592,2.1864179321301824,-3.3144515342045757,0.949263174282309,3.3864129770761604,-0.5849292956736913,-1.4036162110718102,0.088922977100138,-5.707790186585435,1,-5.3447316992512865,5.6133990052010825,3.4269810730709,3.4269810730709,-17.46995056965685,3.4269810730709
1163,-0.7776052852933594,2.0010598813929192,2.6873593610564024,-0.2964087193960563,-1.122914677447571,-2.194029566046594,-2.5308554073775555,-0.75311733062058,0.7162468404307111,2.458893114544802,1,-5.907362530280312,2.157563835071766,-0.5297955259846363,-0.5297955259846363,-0.6001062203305931,-0.5297955259846363
1164,-1.914085625500974,2.845510602665246,-2.6055130666853383,2.362452270832075,-0.4514453903249336,1.7956206538221389,5.369208545296966,0.1031179257172048,7.5415702058849075,-0.3618296136665602,0,15.628734204598182,5.609206081276874,8.214719147962212,8.214719147962212,22.41849023028685,8.214719147962212
1165,-1.4293405194272717,1.541206465437538,0.745724404222182,-1.584829779833015,0.6280786969002486,0.7045304052641186,0.1324362971126156,0.6037330161902218,1.5703389397588805,0.1105214475490723,1,0.5243274893283707,2.4193671667723358,1.6736427625501535,1.6736427625501535,-5.224785829751371,1.6736427625501535
1166,-3.018550395367342,-0.01396989778714,1.360249377838715,-1.9312989370245437,2.523373331399558,-0.838071798043825,-1.561299351056311,-1.6368018643107916,0.9022096551056968,1.234525118053365,1,-1.556266704070023,-0.21501987100473588,-1.575269248843451,-1.5752692488434508,4.246947328230472,-1.575269248843451
1167,-1.222832315215013,-1.9777121466148428,-1.4209237966890105,-1.918239779905958,1.1378577759693718,-2.0875590704142417,-2.313553213554591,-0.2158307554361544,-2.7596582067475848,-2.563054201917966,0,-7.10144361229537,-5.712189156858445,-4.291265360169434,-4.291265360169434,12.54580473685072,-4.291265360169434
1168,-0.542590468723875,0.4139314726006828,-0.2700886133634363,1.8167623956966292,0.2595956466989539,2.0858858527381265,2.493603103513912,-1.1037585626023163,2.729771171676738,-0.8309508217508287,1,3.0193327535767986,2.6374459627511584,2.9075345761145948,2.9075345761145948,0.7848740764506634,2.9075345761145948
1169,-3.7421555364513575,-0.3682213285119926,-2.3239163425340856,1.793398788776649,0.3918287077161016,2.924676589665678,5.142926299065527,0.4283529137714487,6.444554082137459,-0.5772627468135269,0,3.918989407554902,2.450788628019449,4.774704970553534,4.774704970553534,18.368481756048222,4.774704970553534
1170,-0.15648267937108,-3.424186854015039,2.1363298905410395,1.0595789549046857,0.2149259647767057,-2.522132901748644,-4.380017437336048,-0.1001727687867565,-4.34710772960516,-0.4273565408373188,0,-0.4890115643210713,-5.667874400810047,-7.804204291351087,-7.804204291351086,39.97182417055899,-7.804204291351087
1171,-1.66067213949091,1.3183491335515956,-2.2587762293307687,-2.834192692705192,-0.0532124362729832,0.4800454050707279,0.8896912092083252,-0.689655504900944,1.1159813034201718,-3.2575025538852964,1,5.18589602758508,-0.05073588657084782,2.208040342759921,2.208040342759921,1.612101676378658,2.208040342759921
1172,-1.9419756001038384,-0.7102364142046944,-1.0904589066013182,-1.2073987577045775,-0.5944977224267224,-0.5380673042103111,-0.2370053041075847,-0.5491264809895774,0.320287814806414,-1.2724999400064294,0,-1.721725341974371,-2.0377006249135974,-0.9472417183122791,-0.947241718312279,2.2666302337389133,-0.9472417183122791
1173,-2.556909531379251,2.7627427938650952,0.9812391979911504,-4.980064492955551,0.0779372965582097,1.043737707012294,-1.539744991973472,1.951929089517424,0.2575895181141365,-3.785793607760516,1,-1.4879137214163936,2.2042369998827738,1.2229978018916232,1.2229978018916232,-3.767331684775027,1.2229978018916232
1174,-4.432316290070893,1.435609873739515,-4.082503241591734,2.4517314210391072,-0.4265712528305735,2.450775814030049,7.171961916163247,-1.197957962340662,9.82760405007174,-0.0701187793942195,0,14.468453753105432,4.525068548311028,8.607571789902762,8.607571789902764,44.16527935188488,8.607571789902762
1175,-5.6737583417879485,-0.2290154229529242,-1.1857697417243869,-1.3635816122652746,-0.3516601838342151,-2.134864660121676,0.0864649771217587,1.0994637713956532,4.30364205927501,1.5332329029934004,0,-0.4141100047569557,-1.3283201875555524,-0.1425504458311655,-0.1425504458311655,1.2067872667295938,-0.1425504458311655
1176,1.1881651582231352,2.6060449512768216,-0.6755913422303748,1.5573710512825252,1.5142807357204835,0.0889795224261433,0.8113011547049228,-0.1196589024731501,1.3687102168047895,-3.262280783447366,0,5.177967512527544,2.74175476375137,3.4173461059817445,3.4173461059817445,-3.740269899561773,3.4173461059817445
1177,-0.7338930120487008,-0.7997744700633498,-0.2218784895307539,2.6544543562671974,-0.3306586623763318,0.6446648466745074,2.0734067097335385,1.4939281436421976,2.680570723743514,1.9559164018475543,1,1.0961794882872735,1.0517537501394347,1.2736322396701887,1.2736322396701887,1.7961766427755195,1.2736322396701887
1178,-1.287508544805599,-0.5235828527462305,-1.9800786066351008,-2.0591382371169638,0.0005599923396953,0.7391058801851678,0.7531369753088801,0.3871483160609065,-0.0672149136640633,-2.525283374461172,0,-0.8071810829611377,-1.7505244840724512,0.22955412256264962,0.22955412256264962,1.0514504595634229,0.22955412256264962
1179,0.1404010105670923,2.9528025683979915,1.5072004762623024,-0.2033918011890245,0.4457598512171287,-1.3447225927661437,-1.636282520969492,1.0864801228903818,0.6833412777531855,-0.6029736803578358,1,-3.133945389969503,2.8237205236908016,1.3165200474284995,1.3165200474284993,-5.91328552008703,1.3165200474284995
1180,-1.735469071237421,1.5722492831953012,1.8609724784960493,2.1794988328760003,2.6323862046774984,-0.7074742937762567,-0.7641136400945944,-0.5319315082920923,2.6709255705630226,-1.0566925943454772,1,-2.1177770022608895,2.6691081215967563,0.8081356431007068,0.808135643100707,-5.819286755080448,0.8081356431007068
1181,0.2517518450283893,0.9755058600457968,-5.636039454944999,-1.3101064758083154,0.2367171210263931,-1.735685766652795,2.0562779594126286,-0.965826770895964,0.9477552630985062,-2.7033756583073494,0,8.52977333520659,-2.604255635486574,3.0317838194584255,3.031783819458426,9.298740378142478,3.0317838194584255
1182,-0.6436008455441438,3.018466703668738,1.2847582610126245,1.79222263279291,1.1951774115114164,2.287693741261226,1.264137085552709,-0.1620621020368239,3.18034159608748,-4.22677720976869,0,0.4046037560914906,5.567362050234072,4.282603789221447,4.282603789221447,-12.12992330151578,4.282603789221447
1183,-2.2295816848336667,1.3353135065238957,-0.7912257536148387,-0.2038180875952384,1.2687138945765704,1.7100507394788318,1.881157846279908,-2.19750100526203,3.222814359093491,-2.8278786633485757,0,4.2730057883152455,2.425245599188965,3.2164713528038034,3.2164713528038034,-1.0464276738608642,3.2164713528038034
1184,0.4252809707373479,5.622174848535479,2.771498592081559,-3.826458178696216,1.5498186063283397,2.7576324795663525,-0.6111251457847627,-1.6612044051839223,0.7624885511108204,-2.956215746092155,1,-10.570799974401716,7.782548294832276,5.011049702750717,5.011049702750716,-28.00197373092498,5.011049702750717
1185,-0.2018189089161985,-2.5367696121834777,-6.178282544991472,-6.593464419030518,-0.3922296113440238,1.3617215586311555,2.040699113635327,-0.8263652852658686,-3.287271323101013,-2.802108995687494,0,-16.168949914166113,-6.6743530435396226,-0.4960704985481508,-0.4960704985481508,-4.3380030011381825,-0.4960704985481508
1186,1.6788357361911197,-3.331982509463641,-2.5698708100748053,-2.424368953959924,-1.0002705227767883,0.1779691323385264,-0.5787297280079763,1.5083107487475504,-5.151533137469515,-2.1074741418225247,0,-12.473476828222028,-6.480583047546423,-3.9107122374716172,-3.9107122374716172,2.1634587923478166,-3.9107122374716172
1187,-3.200289600952937,0.1251527206346632,1.6441451380511638,1.8270011014084837,-1.3141995296231093,-4.076139230960441,-1.8319924130399543,0.1822802235378697,3.257483398177608,5.113038093322673,1,-1.9126089295506483,-0.0626945543541273,-1.706839692405291,-1.706839692405291,4.9199612110500155,-1.706839692405291
1188,-3.807876045570046,0.7645889329110229,-3.5747369594751293,2.3505592679386424,-0.0942690707649006,1.2256976313290595,5.029990566619016,-0.684812109738896,7.342493307275923,-1.6363636624559603,0,8.527783816812724,2.21984254005491,5.794579499530039,5.794579499530038,20.019587377974023,5.794579499530039
1189,-2.8606929910708376,-0.8399794165082001,-2.578773081508833,-0.9304346396998736,-1.0730913283626151,-1.2190712322939443,0.9032842916581232,-0.125819351548333,2.0158512114817677,-0.2168972826092343,0,-2.1028114331629193,-2.5154682063589098,0.06330487514992311,0.06330487514992311,1.1019695344524614,0.06330487514992311
1190,-0.1366017272810107,-1.852866922307444,-2.3687635113330923,-2.551738577860884,0.6128253216693214,-0.2324491332224152,-0.1942688286156726,-0.5582302623977843,-2.425997280764689,-1.5179433897223749,0,-6.436139307841038,-4.415899262256209,-2.0471357509231165,-2.0471357509231165,2.1117718340331093,-2.0471357509231165
1191,0.0343206595439262,2.349162817489386,1.9825829098498884,-0.8599021515201466,-0.5416207633091875,-2.5870423175165973,-2.434556608518043,-0.318301014104334,0.2102823340012316,2.7985008974942187,1,-4.742803845437926,1.8971891188212318,-0.08539379102865663,-0.08539379102865663,-0.5421395021229696,-0.08539379102865663
1192,1.4847192054836595,4.714213905520975,-0.4521751739729018,1.9445835996582577,0.2899111740376629,0.6606866600065071,1.9059536822841496,0.6543881340607632,3.3624083636218587,-2.8703205460254697,0,8.751818080679543,6.167992413832223,6.620167587805124,6.620167587805124,-7.023850069750417,6.620167587805124
1193,-2.4938153091969912,-1.510056248348048,-1.8620490674723045,-2.6177147071175915,-0.4496501938428139,-0.969029282538488,-0.7393735267846748,-3.3755791001776,-0.66100264021101,-1.694460891070218,0,-5.061228604199932,-4.1114788426050275,-2.2494297751327226,-2.2494297751327226,4.09578300078055,-2.2494297751327226
1194,-1.5407066036245862,2.3493563566387423,-1.0288526720272833,0.7458591312000737,-0.7664664310197877,2.5400350377656027,3.824717281711964,0.6110709051105707,5.18996311424844,-0.7463024602218894,0,8.59121520342276,5.145220966323423,6.174073638350706,6.174073638350707,5.72630924542408,6.174073638350706
1195,-0.6257159609818966,1.702405034190745,-0.0766505785216837,1.7680825729955507,0.2693061895623381,1.290257571636332,1.4876377061593802,-1.532598234597762,2.704721151005744,-2.9908742111493685,0,3.3205330710990726,3.1133921618284415,3.1900427403501252,3.1900427403501252,-3.959878626642477,3.1900427403501252
1196,-2.349581390187528,2.466156620554017,-2.476193063320503,2.485883690114775,-1.151226657507144,2.316144412364186,5.528375545415456,0.6312243569717831,7.672494776403079,-0.92758115359132,0,14.101212082847262,5.51833910264897,7.994532165969473,7.994532165969472,23.15674481940699,7.994532165969473
1197,-0.710252240483698,2.923894050073992,2.611999350447701,0.1991223219241595,-1.1164508551840475,-0.851770927377609,-2.221874565207127,-0.4409021886108555,0.884787583657233,-2.010281211631366,1,-6.9351898747042995,3.314018835314566,0.7020194848668648,0.7020194848668648,-6.716521096238237,0.7020194848668648
1198,-3.2800405840824345,1.0640969157852114,2.9492154769374475,-2.443875149640371,-0.6078099800296577,1.4488449225980098,-1.595426248309321,0.898726774013644,1.0051907048551274,-1.537979507380718,1,-3.669580425519258,2.417886144413338,-0.5313293325241095,-0.5313293325241091,-2.479422991090022,-0.5313293325241095
1199,-0.7810380425390766,0.841833013640244,-0.2702709640684502,0.1954584578478317,0.1165080524758708,0.0637509898233341,-0.3056942504985068,0.3215845403727561,0.5016541835187682,-3.652569185915838,0,0.7636617833229346,0.26586779907328684,0.5361387631417371,0.5361387631417373,-0.4810345672459829,0.5361387631417371
1200,-0.4805955055261883,2.610442068327373,2.9223006238103704,-2.1997891346707403,-1.3268775593670228,2.078790284941957,-1.4526730197755773,-0.577004439727203,-0.3314348916455527,-3.106908564036739,1,-6.47072743614212,4.080069672362166,1.1577690485517957,1.1577690485517955,-10.756076303223981,1.1577690485517957
1201,-1.0979900114617165,-1.338639824563925,-3.3677439980785016,-2.4495651829047285,-0.2836862209271727,0.3602390952240295,1.0723900356933302,0.8439514005189311,-0.6979427271973286,-2.71943937060483,0,-4.774446023634612,-3.6339937869490964,-0.2662497888705948,-0.2662497888705946,0.5420677297100165,-0.2662497888705948
1202,-1.506632405160652,0.9536443046071754,1.6360661749652776,0.0531692017054925,-0.6760543665488049,1.2573788031903552,0.291696087249441,0.5698763759795229,1.9511732505693145,0.0741195370863578,1,-0.3148847978594671,2.881406566821894,1.2453403918566164,1.2453403918566164,-5.60188554107796,1.2453403918566164
1203,-0.4964901995681523,2.575280844333893,-0.3773035265285009,2.3496368719891443,0.2054864275600201,0.4931849196329723,1.4373124758451317,-0.1332787152291555,3.366642914363484,-3.3505897616641502,0,4.984255864547498,3.6352897936505237,4.0125933201790245,4.0125933201790245,-4.610353416241013,4.0125933201790245
1204,-1.0508275361217705,-0.9673170417688411,-2.376827594344648,2.1113721248687694,0.1393196307295598,1.4389927062214602,3.7402355275184895,-0.0291726992265606,3.373682870196271,0.3257482954035999,0,0.47377264839363165,0.3960908914050002,2.7729184857496483,2.7729184857496487,8.521206586800849,2.7729184857496483
1205,-0.818757336165147,-1.8751267259022348,-2.768196492797917,-2.4285017735380547,1.3951019065022976,-2.1301754339457406,-1.6113657538691286,0.9713442845414816,-2.817820370178254,-2.903979708488988,0,-8.67721170596557,-6.254688972569281,-3.4864924797713632,-3.486492479771364,7.146961818888662,-3.4864924797713632
1206,-0.2819163302816641,-1.3893808487829704,-2.7055753545514927,-1.2660687465741678,1.026087440960004,-1.7780508865709774,-0.2228352440110714,-0.6929570045312151,-1.24739244060167,-0.4292686065615811,0,-5.371290675347081,-4.3177914473455346,-1.6122160927940419,-1.6122160927940417,2.2205885035600113,-1.6122160927940419
1207,-1.2977701115263762,3.2893661003303563,-2.9587021900001744,1.341047670712235,0.3948814900025776,2.333838948250585,5.794768973457713,0.295195368158836,7.201793897056463,-0.1212538996549503,1,18.816389758547828,6.125432883787894,9.084135073788069,9.08413507378807,28.102034182931952,9.084135073788069
1208,-1.026258260978658,-1.9554030855196085,-2.070711878489319,-1.3603078276766891,0.6097377233367051,-2.081134654031414,-1.5211486370046448,0.6887127445547695,-2.122337150761806,-2.184502702086893,0,-7.525628118944372,-5.547263601013572,-3.4765517225242535,-3.4765517225242535,7.288632102978796,-3.4765517225242535
1209,-1.1970620254313469,2.609583712926596,0.9735523562260662,0.7063922313694615,0.0849729626358272,-0.4340007666413474,0.191158431568283,-1.008106506760428,3.115507017194329,0.2416861685093669,1,0.2601757720060256,3.7742945007209454,2.8007421444948792,2.8007421444948792,-9.079061471745032,2.8007421444948792
1210,-1.3138693288522425,1.3433267682258845,1.6557929929873945,1.7622383917147977,1.3339981858769252,-1.1892807595917585,-0.5430575118618427,1.5413211448013209,2.588569853773165,1.5608519793548543,1,-1.4240017937567795,2.456062249351436,0.8002692563640418,0.8002692563640417,-5.185691094646724,0.8002692563640418
1211,-1.309359078788454,1.4094713587415149,3.3325533043958133,-1.0424937078271512,-1.3004502289219138,1.9132992035531624,-1.4335062238592209,-0.3591316281088747,0.1766884811563863,-2.1553108351866044,1,-4.721173299142998,3.3085184392781075,-0.024034865117706028,-0.024034865117706472,-5.92668191434257,-0.024034865117706028
1212,-2.412073254673124,1.4102763366509143,3.244476171669848,1.364642235375201,-0.9896509661643634,-0.0327089288170079,-1.0670034463271385,-1.2666319951066096,2.7987672987814,0.6318882161395137,1,-4.23233507940996,3.5877490619936236,0.34327289032377584,0.34327289032377584,-7.368133567577143,0.34327289032377584
1213,-1.5500511365592125,0.6416810792534111,0.6758887741139359,1.983124926530712,-0.2082052579899659,-1.1667739310651286,1.0431089930847084,1.0692837063951832,3.896308389391796,4.74456381545361,1,1.2510850343094242,2.360678846452055,1.6847900723381195,1.6847900723381195,-3.391097585364676,1.6847900723381195
1214,-2.5444451508141093,0.5534480305972711,-2.104477456408908,1.091919877393518,-0.0375635093661912,1.6110190042397887,3.665270970353722,-0.9728278925829572,4.914851233324705,-0.8742790026185618,0,5.383437904636858,2.114241544542085,4.218719000950993,4.218719000950993,8.2659696443105,4.218719000950993
1215,-2.6415571128567685,0.3260885151797306,-4.015406313323858,0.9078152338642156,-1.5297489550040917,-0.5612844488118216,3.379440947263621,-1.0084330205311458,4.776123079060676,-0.6940585149443919,0,5.014907344998444,-0.3098768508805063,3.7055294624433515,3.7055294624433515,9.334346387034287,3.7055294624433515
1216,-1.1227092464928503,2.4767810731918267,-1.304691864256604,1.5680736668043074,-0.335778617740422,1.7747690683071935,3.46081353846271,-0.574601858183391,4.956894902843951,-1.5964252343257952,0,9.169030727392654,4.6329027473979325,5.937594611654537,5.937594611654537,4.63816910469243,5.937594611654537
1217,-1.5456819678168416,1.122491578799362,2.1065958359528683,1.2705228726213416,-2.001706001725533,-1.130941745196102,-0.7826998075476217,-0.4507402773027516,2.425463441429248,2.5244635718337243,1,-2.0248443145391564,2.4463876072046085,0.3397917712517402,0.3397917712517402,-4.538196475512162,0.3397917712517402
1218,0.1539304036032116,2.0569364638543304,-0.2695567901370452,2.272177726561027,-0.7087782027214982,-0.5039188368488546,1.3227637035460351,-0.2678987341584987,3.041040344346597,0.4061605215664601,1,3.934161358112783,3.11014337726332,3.3797001674003653,3.3797001674003657,-4.185678538532445,3.3797001674003653
1219,-0.4144294208815289,-2.452437151802793,-4.234166418394596,-4.093528443510824,1.0995844643276695,1.2005366236036772,1.7150090871990529,0.3254851123246176,-2.082537340648928,-1.5071198521336884,0,-11.12145509599042,-4.971594482998337,-0.7374280646037403,-0.7374280646037406,-1.7337483146092718,-0.7374280646037403
1220,-0.0977974845617595,3.594129065730347,0.8059077731005164,0.5860576466616159,0.9158237815976042,2.421092726465268,2.029028532929733,1.2519474545131573,3.4643901122210377,-1.922299206256461,0,2.7266210470614967,6.429065371760597,5.623157598660081,5.623157598660081,-10.831802734576275,5.623157598660081
1221,-0.3337941431224995,0.0172508057999671,-3.642781201303825,-1.611523163957297,1.369781101962379,-0.8762851333975107,0.7083590020086408,1.554282441611026,-0.3383607742055874,-3.338422511643315,0,0.7884507188840707,-2.9171713934952175,0.7256098078086078,0.7256098078086076,2.75617497248875,0.7256098078086078
1222,-1.6270751304592284,1.4131352354073348,1.0099524629515115,2.2460613004890533,0.5382116054922572,-0.953800170629218,0.129432035007986,-1.015663230879826,3.343391896465428,0.605246151260216,1,0.11536785893211898,2.5525197333668324,1.5425672704153208,1.5425672704153208,-5.505533763579046,1.5425672704153208
1223,-1.5579930174346055,0.4209984448151962,0.074671028239807,3.055426122267688,2.1173241443709534,-0.8706420668462179,1.7259796634479418,-1.560170825129944,4.410849847695545,3.515372093770467,1,2.115541721501428,2.221649136502945,2.146978108263138,2.146978108263138,-1.421057832891923,2.146978108263138
1224,-2.3845150455875808,-0.186203516332718,0.6343662566064654,3.215461257529648,0.400737253691613,-1.0505088251790484,1.7208332161926223,0.7636681497189952,5.0498386057734574,5.499611173834463,1,1.6527509274828514,2.16899595646637,1.5346296998599043,1.5346296998599043,-0.6242374707514828,1.5346296998599043
1225,-2.647489191303729,1.3461376388299464,-4.535462146291479,-1.5478590311917817,0.2244200383822503,-1.8248796788422903,1.8938259791360168,-2.153588112944552,3.4536344044137186,-1.816386071069831,0,9.345319922577376,-1.295498528325516,3.239963617965963,3.2399636179659628,7.747468054221458,3.239963617965963
1226,0.0542077152470854,3.54720190876658,2.4459809608802257,-2.5092713982195827,-0.8422957167700686,1.880001414851118,-1.135857660182701,-0.3475002997059104,-0.0435978635058237,-3.0046394148357245,1,-6.2650440846571716,4.857325209464104,2.411344248583879,2.411344248583879,-14.654885167093312,2.411344248583879
1227,-3.478806494299855,1.0703572881244825,-3.151362383362847,1.9791492411932683,-0.3310243342080806,2.0789950996037443,5.321050865675796,-1.2847277664174672,7.280408236714543,-1.4611406607834343,0,9.76449184835404,3.2400457704374315,6.391408153800279,6.391408153800279,22.055212085425197,6.391408153800279
1228,-2.796935774692466,-0.5618211204682075,-4.589525762364254,2.992163688006455,-0.4582230292565009,1.6120005355577978,6.402131061240799,-2.4874567587061294,7.09756290882825,0.5376756655340853,0,3.2618174345434032,1.2507841784083378,5.840309940772592,5.84030994077259,31.31769549989413,5.840309940772592
1229,-1.5867154115287632,1.6352910678420718,0.1802927757829031,2.081048565981359,-1.7047757442280442,1.8481443401605293,1.5216170876818391,-1.120896973768159,3.2872995751208194,-4.649773345750793,0,2.862076989689676,3.337200931306814,3.1569081555239107,3.1569081555239107,-4.4736216911395985,3.1569081555239107
1230,-2.910937134506849,-0.559800578645347,-1.183359642764649,-1.171760666546233,-0.1216886856872695,-1.7585821551939316,-1.1222184756936484,-0.1450336915284224,0.6158945754080796,-2.054107700981116,0,-2.3444644671041974,-2.865378697103644,-1.6820190543389955,-1.6820190543389952,5.144326645865614,-1.6820190543389955
1231,-3.76387146478793,-0.4543573927633484,-0.2567492849773927,-1.7657134375022143,0.9859483833147212,0.7314921238294015,0.3850428761819665,0.2079200673839576,2.07661098366104,-0.9674528497501166,1,-0.18597045229756404,-0.3260638015587746,-0.06931451658138194,-0.06931451658138199,0.42698039892245576,-0.06931451658138194
1232,-2.591003852409836,-0.7985044107094146,-0.5190685674552715,1.1567844040656228,-0.0464965811265579,-4.800111336252193,-2.545843916698398,1.3655603704321777,0.853446382862557,0.753160488256643,0,-3.7588268679814645,-3.863416894863084,-3.344348327407813,-3.344348327407813,13.274607929887484,-3.344348327407813
1233,-0.2872719714336385,3.5983972986497488,0.6760468279720904,-3.064198259673722,-1.0136058423544687,0.6259496092038215,-0.4635257637523275,-0.5031635190463567,0.7815152802837751,-1.5585505256962418,1,0.7021864553619204,3.810918362869512,3.1348715348974214,3.134871534897421,-9.163618843640254,3.1348715348974214
1234,-2.776667201433691,0.7341268894909109,1.7653679168189071,1.9952756871048776,1.868527188073091,-2.4891551374433827,-1.0746718175776844,-1.819051015302548,3.44139000780163,3.0808702385018294,1,-1.6365489856680866,1.4248229887321338,-0.3405449280867735,-0.3405449280867735,-1.22536260273095,-0.3405449280867735
1235,0.0109260944551177,3.7472612216801866,1.8325986958279148,1.3447026137927938,0.123754642524277,2.380626722411092,0.7282605786409502,0.0599097740795035,2.5379111612125094,-4.663836205312586,0,-2.391704227456492,6.308120496149051,4.475521800321137,4.475521800321137,-17.120504853845368,4.475521800321137
1236,1.002550280800146,3.40254274447051,-0.6150538258584145,2.4643775825606804,0.6769940973750542,0.945919093550617,2.1922335003903166,1.1234272870957618,3.292694174243437,-2.690522405113425,0,7.687523177494203,4.979722419002412,5.594776244860826,5.594776244860826,-3.6758640109962815,5.594776244860826
1237,-3.1865801350365945,1.086356999686309,-1.8270397016369928,1.3849262544734586,0.2438909416204509,1.923129748530356,3.583836851835713,0.5259372802546505,5.555893647492961,-2.605379039777049,0,6.655011220100155,2.843154149885029,4.670193851522022,4.670193851522022,7.315355947746795,4.670193851522022
1238,-1.2180342755601676,-1.4390459485895877,-0.497073343867578,0.0712623423067431,-0.6849961501263927,-2.0346165346501355,-1.8207866153648289,-0.6892766231523877,-1.1622690325229716,-1.487459747164564,0,-3.9751439455989344,-3.756905907821994,-3.259832563954417,-3.2598325639544163,9.616690988823603,-3.259832563954417
1239,-1.4060124779290315,3.367802772189909,0.0252366996784496,-1.986724615889623,-0.9561357029585392,0.9197976646211196,0.9838520996558402,0.180305051337503,2.957861461431249,-0.8602770295660815,0,4.266662644707742,4.376891571524199,4.351654871845749,4.351654871845749,-7.845573716510749,4.351654871845749
1240,-0.6085569031843739,3.0702954749894733,-2.610221648580121,2.67458565287082,-0.6799058967468314,2.904172584788971,6.143782324508387,-1.2270140772885358,7.145118610613305,-0.5704929318478641,0,17.22822951585297,6.60385615091774,9.214077799497861,9.214077799497861,29.942279016881187,9.214077799497861
1241,-2.441173758728884,0.1376276047579223,-2.9645738530335723,-2.2996111328691238,1.3486931986455122,-1.0617005040083776,0.5085878193971032,0.878654850180379,1.2199860159738796,-2.1655187955343997,0,1.054222622676001,-2.318358428878547,0.6462154241550255,0.6462154241550258,2.3388117732835974,0.6462154241550255
1242,-2.3980047256528545,1.097518516573118,-3.577293370076449,-1.9080017764919288,0.9224811702331092,-1.1617502653687324,1.3468822812163246,0.7631423007096569,2.5139857275976447,-2.0863304936257765,0,6.370546510662598,-1.1328925722870067,2.4444007977894424,2.4444007977894424,4.428729366825209,2.4444007977894424
1243,-4.464158149370139,-0.8733842138877432,0.2313823226061946,7.02736504977291,0.579076300875503,-0.3835000629292693,2.4612066881131005,1.8115557731939127,7.320484295587494,-0.3288189736033675,1,1.7899081421622887,1.819204796831552,1.5878224742253573,1.5878224742253573,2.8525967584926786,1.5878224742253573
1244,-3.197292078432225,0.3525397713746527,-3.9263490253896087,2.89225046928371,-1.3750852331670849,1.2940326293848292,5.746405358349748,0.0021835908370359,7.475346540350607,-0.1361178747621603,0,7.483139317472344,2.1725961043347928,6.098945129724401,6.0989451297244,26.133827496159448,6.098945129724401
1245,-1.3780259189893906,0.7012285858037727,-1.1992537215577506,1.4301806075630348,1.5184220306521798,-0.171676511242458,1.1676083659507772,0.1928618431501906,2.559511513416026,-2.121263150363627,0,2.7097879429424023,0.6695832301967993,1.8688369517545498,1.8688369517545498,-0.3341598945252524,1.8688369517545498
1246,-1.3458252315775363,2.8459062029782283,3.525181070553652,-0.7003415281549579,-0.0328744851524341,-0.8024229388093446,-2.759226670138095,-0.4357108323847371,0.8454664493264328,-0.6657410787505342,1,-9.945655142469935,3.6118606033937852,0.08667953284013308,0.08667953284013263,-6.117542994342628,0.08667953284013308
1247,-2.5442811923346613,-0.2557124841914147,-0.656976597562778,0.7054706653376601,-0.1035878946470647,-2.806001505713348,-0.98715002934282,1.2833545772882056,1.7784199343819689,0.3516075045439375,0,-1.410859631352636,-1.8998391110970128,-1.2428625135342348,-1.2428625135342348,3.9491696872443764,-1.2428625135342348
1248,-2.4723296709825595,2.116809255217971,2.768536667259077,1.6372536964447135,-0.1520189056326978,-0.8349663105481071,-1.8053968530149616,0.0375633513811117,2.5735712633717225,-2.212530021517188,1,-5.549051638461321,3.079949069462087,0.3114124022030096,0.3114124022030098,-5.992367715453101,0.3114124022030096
1249,1.211282285858743,1.52523438188892,2.400063083486047,0.9598701342602772,-1.314748860310423,3.0919693398632058,0.1290246634401164,0.2536835542980969,-0.2963060926861924,-3.654807375837275,1,-2.00639968830622,4.054322128815083,1.6542590453290364,1.6542590453290364,-9.35259254400354,1.6542590453290364
1250,-2.013902137790831,0.6468275401111027,1.1457811853883666,1.330613487360124,-0.8604384680668331,-2.906457800888252,-0.7495156708432015,-0.1337793725212396,3.0532795333583103,5.107089471733653,1,-0.8438109563824393,1.0430930546562678,-0.10268813073209881,-0.1026881307320987,-1.1197540087349753,-0.10268813073209881
1251,-2.1874380091551027,-1.4973477722104418,-1.1995557147151898,-1.588175347155139,0.3424508791769014,-1.3058132871501704,-0.8033151986957919,-0.6937666074967505,-0.2966330131687075,-0.2668752319609659,0,-4.096815047977327,-3.5002186856214235,-2.3006629709062336,-2.3006629709062336,4.650044887912223,-2.3006629709062336
1252,1.4678998998234998,3.2895647070298235,0.2989784622557376,-0.5846878653045632,-2.336069605021263,3.5296568275579654,1.6597716785743546,-0.2619450064243539,0.7748914111793002,-5.007310806945502,1,3.965827388005656,5.248314847859916,4.9493363856041785,4.9493363856041785,-8.426318206065085,4.9493363856041785
1253,-1.5593573010786912,2.283247644484472,1.700614217185177,-2.390084009957051,1.2354317757568007,1.4676758779588557,-0.5481244345059487,-0.599355705052997,1.0880813908964695,-1.634478412218362,1,-2.147800195586336,3.4357374271637,1.7351232099785232,1.735123209978523,-8.753343647004616,1.7351232099785232
1254,-2.250696413252901,1.0403848750310205,-2.152666078561066,2.005068597919924,-0.7708136306140894,3.581298995664641,6.10668673851573,-0.9809467270133696,6.995364016502348,0.6580409937096077,0,9.386672842674024,4.994405534985685,7.147071613546751,7.14707161354675,27.38974700295872,7.147071613546751
1255,-1.2704199274083383,-1.0715050095555532,-2.1516424374563927,-0.8546135407524954,1.2364895121841768,-4.154491753231206,-1.964177178016412,1.0945624546137955,-0.9412466568251872,0.129257607457512,0,-5.34117783807881,-5.187324625028357,-3.035682187571965,-3.0356821875719646,9.775503148733993,-3.035682187571965
1256,-2.3428385255904822,1.7981857231020326,1.9515857856437664,-3.045922533652723,-1.1617513001764113,-0.11320929715727,-1.6415631142653986,0.5644982040474971,0.881223209247549,0.4954625114825297,1,-3.352691088316851,2.1082083944804006,0.15662260883663404,0.15662260883663381,-3.0794152423538055,0.15662260883663404
1257,-1.2673568559542674,0.7283223475007011,-1.374585158670364,1.5778899763555925,-0.4061103570234032,2.062625962178379,3.545503979027773,-0.4489083873130063,4.133046464943075,-0.5604763450215476,0,5.274967416130897,2.89924116785811,4.273826326528474,4.273826326528475,6.398672060517612,4.273826326528474
1258,-0.8116917812904139,1.6465460262743818,-0.0503404634095128,1.4709782522266728,-1.1830855152497652,1.7473837253467026,1.887932192792689,-0.115188328776479,3.004066964488747,-2.447893327954397,0,3.6173661090548155,3.4841377556575583,3.534478219067071,3.534478219067071,-3.3714401201538733,3.534478219067071
1259,-1.582259862730333,-0.1340812915621658,-1.2788367932908091,3.451555235275501,-0.2458483174439833,-2.7958852516155543,2.067608363873931,1.1064571522946445,5.023569724704983,6.449739939212427,1,1.762058983370115,0.6546902790209559,1.933527072311765,1.933527072311765,1.5153189060870627,1.933527072311765
1260,-1.446556963466619,-3.3205404247030588,1.4292498763155042,-2.977557702987915,2.0064086377129366,-0.5687913755955979,-3.954881578198766,0.7947585224719341,-4.954268763570309,-2.107741754716397,0,-2.5295400115943467,-5.846172126586321,-7.275422002901825,-7.275422002901824,33.508564418371584,-7.275422002901825
1261,-1.1551246486529143,1.7792814352489328,1.3304062979177045,1.2893536419235982,-1.5075529446334208,-0.8281688559096287,-0.0030848488272514,1.5161161803550431,2.9129875425031324,1.8101149084408483,1,-0.5909706408015512,3.106602884339386,1.7761965864216813,1.7761965864216813,-7.249957181692013,1.7761965864216813
1262,-0.1203949575067138,2.1074469941661453,-2.246045790473188,1.747179697783178,-0.8300704951292369,0.1817016638027473,3.0637895005897464,0.8627545919526867,4.03004340100663,-0.3778411087721887,0,9.904658944648135,2.925190704282704,5.171236494755892,5.171236494755892,6.023801354777616,5.171236494755892
1263,0.5237301451099832,3.3122767165283378,-0.8161248556086433,3.5842971101906462,1.27427225873437,0.5837955614300275,2.0023385573388173,-0.5918760663430924,3.684585662835817,-4.552899416977084,0,8.017846630879715,4.498490418258511,5.314615273867155,5.314615273867155,-3.100514636907409,5.314615273867155
1264,-2.617659464076606,-0.8766573770220394,-2.5043249309836857,-1.0309978360250205,-0.5029096500380191,-1.3134009850660044,0.6944090569967161,-0.7712694166774808,1.638213349032057,-0.1722902082305439,0,-2.3776832452323813,-2.6865732510090092,-0.18224832002532332,-0.18224832002532332,1.1555905842663432,-0.18224832002532332
1265,-1.9650077743834824,-2.5275033383670733,0.7954742013331195,-2.4149526219865525,-1.6239178425699672,-1.609075871262618,-3.739246065772573,0.5546387081318072,-3.5826429682418803,-2.049962751436499,0,-4.256185704685305,-5.471275202806527,-6.266749404139646,-6.266749404139646,27.730549446796175,-6.266749404139646
1266,-1.558968932830316,0.7090275371814317,0.8667392042227096,0.3126692873639392,-0.1014078297218639,1.072782349651662,0.9379726927681076,0.3269108642391749,2.4478821999168403,0.6472295861167314,1,1.0324582666009174,2.513739434172249,1.6470002299495392,1.6470002299495392,-3.895488855091755,1.6470002299495392
1267,0.0703373498562407,3.777333915319183,3.022461577753363,-1.2735282110060169,0.8467711090082444,3.406885299540374,0.5122338401817138,-0.6465284794765146,1.7234231147493042,-1.626413148305195,1,-7.12727886989601,7.3120293332542605,4.289567755500897,4.289567755500897,-22.756060207124758,4.289567755500897
1268,1.649239791145212,-3.1885673388860134,-2.632048029845265,-2.59964958950503,0.1133344639053018,0.759956999123288,-0.0598690453785199,-0.3257388931826199,-4.801102487539783,-2.011610545349878,0,-11.640898766608425,-5.880484414109798,-3.2484363842645334,-3.2484363842645334,0.740042718624975,-3.2484363842645334
1269,-2.393284118650806,1.124418931992936,5.815534851122044,0.2445884105503202,-0.3053091535185648,2.9505119000562487,-1.255375964946189,-0.1947896212832356,1.7993001750901438,0.4834129146723331,1,-6.670054519219601,5.684577818168792,-0.130957032953253,-0.13095703295325256,-10.51674945811731,-0.130957032953253
1270,-4.161301388681771,-0.7036079650795655,-1.1621708615218689,0.8953982124085292,2.0268171160423925,3.453645418969201,4.215279279944753,-1.9790186934897125,5.534383890862661,-0.8879703819521584,0,2.69395863991502,2.3495004533433193,3.511671314865188,3.511671314865188,11.089694964772884,3.511671314865188
1271,1.0687938001008317,-2.535135315843584,-1.7442246780347297,-2.4874492324217834,0.8717244241841364,-0.151205406008801,-1.591298495727123,-0.5106839381956507,-5.020219782119848,-3.62532552154739,0,-8.548279391622456,-5.870658489605437,-4.126433811570707,-4.126433811570707,8.107477623627801,-4.126433811570707
1272,0.1927428207240067,-2.5761667659490914,-0.3165206483711864,-1.328683665545365,-0.3074609000151421,-1.488866128828843,-2.423545070388051,-1.5722305440781297,-3.901979059776752,-0.8135541314489095,0,-5.81512181140765,-5.316232484708328,-4.999711836337142,-4.999711836337143,15.374105054177184,-4.999711836337142
1273,-0.0522119756794214,1.7602901987334063,-0.2762525724101483,2.022650456200344,0.203943857515995,0.7079673839176658,1.3689250952636816,-1.5475697941363111,2.442748625152622,-2.3657601453328443,0,3.6154999895855626,2.8529627215869393,3.129215293997088,3.129215293997088,-3.621937403552873,3.129215293997088
1274,-3.774624421060517,-0.7181675509527995,-0.8333421858317133,0.1440358456119914,0.2845667904745262,-3.076340265778134,-1.4615500719488923,1.435856464085898,1.8161256694530616,-0.6232585591805184,0,-2.778196939606106,-3.0130598087334053,-2.1797176229016917,-2.179717622901692,6.730426727744495,-2.1797176229016917
1275,-1.0924140494783785,2.981553343556232,2.159814972964288,0.3164578252772179,-1.3517075320246466,0.0177249055789552,-0.960910074697472,0.0490947313056715,2.0667347184786946,-1.6646094824219522,1,-4.418960285245726,4.1804582418230485,2.02064326885876,2.02064326885876,-11.717356893131193,2.02064326885876
1276,-2.4041770088152155,-0.1859373080131081,-0.3431594223617256,2.002063413310434,0.7851265854600545,-4.488558216903954,-2.7066272293988525,-0.3098449013640731,0.9203518341931726,-1.8311735563310028,0,-2.9563706766252325,-3.235723959773686,-2.8925645374119604,-2.8925645374119604,13.390313316895684,-2.8925645374119604
1277,0.4841843618042776,2.2421363999985644,-0.6166850133013488,1.7566170767624774,-0.5224147283775092,-1.5683325959467247,0.5498723999938478,0.0990144494872573,2.2694739996025017,0.3457420382400631,1,4.1747007156489655,2.1753237866910635,2.7920087999924124,2.7920087999924124,-3.282281014751929,2.7920087999924124
1278,-2.9519103973739864,0.1383174558769093,0.4203789255265078,3.1288030754804588,-0.5653499525010943,-2.4087907941800037,0.4013200693672153,0.3306132610904059,4.62917072617581,3.433090082251552,1,0.4814917817610293,0.9600164507706324,0.5396375252441246,0.5396375252441246,-1.396741921420946,0.5396375252441246
1279,0.8315146363418982,0.5090920545504588,1.7822888646184298,4.000851510233612,-0.8612881023859011,4.2043832223611,3.1169912008469782,0.4084853381464702,2.7797719764328157,-0.9060723253149472,1,2.7187341555064357,5.408372120015867,3.626083255397437,3.6260832553974374,-0.226170329146818,3.626083255397437
1280,-2.6850391103846105,0.425810050510943,-3.067061418125443,2.1425581826287794,-0.7322995497370884,0.8238129608575159,4.271270350266787,0.7777976308777149,5.860115201749004,-0.4804360041818853,0,6.00306597814989,1.630018982652287,4.69708040077773,4.697080400777731,13.222636599010304,4.69708040077773
1281,-1.607888926959585,2.52820581315144,-2.30689787975046,2.256452570531126,0.372842248655825,3.7349419647929514,6.544008487613666,0.8301613723463044,7.690161289838668,-0.1392777780412661,0,14.904526930696953,6.765316421014647,9.072214300765106,9.072214300765104,32.81882899411179,9.072214300765106
1282,-0.0860741603918431,1.7528190440497398,-2.8026017407627943,2.2327481174668726,-1.601181198811573,0.7118556990908198,4.169187665806993,-1.0272518875051289,4.730248230251679,0.2936711072611642,0,10.834460413952712,3.119404969093938,5.922006709856732,5.922006709856732,13.253167817862465,5.922006709856732
1283,-3.6005056238665647,-2.659239336642625,-3.100410296721151,0.9413337255036496,-1.4092157980245137,-0.0674992633037201,2.861860269035237,1.46644239118858,3.533379929129816,1.1345982664788248,0,-8.042112088380104,-2.897789364328539,0.20262093239261203,0.20262093239261203,2.6406796106456465,0.20262093239261203
1284,-0.6783213050370842,-1.868831051148549,-0.7591443635891246,-1.3085786135690514,0.3435975351782162,-1.9556546455597263,-2.140650011554824,-0.0745926770080763,-2.55586035534054,-1.027868248373328,0,-5.428193621683134,-4.768625426292498,-4.009481062703373,-4.009481062703373,11.94177640198578,-4.009481062703373
1285,-2.736977010666905,-0.3956359498812918,0.4246660171383822,1.6355937584059284,-0.0729694318812782,-5.757441074819509,-3.699934044519104,1.67817992212487,0.7658661501602828,0.837485116753057,0,-3.9275568513275476,-3.670903977262013,-4.095569994400396,-4.095569994400396,21.623999048526752,-4.095569994400396
1286,-2.119081243913905,-2.697602417466686,-0.1649373710412467,-2.056410533194586,-0.947530740972112,-1.3724546428636388,-2.294327983402256,1.451926632314722,-2.309196388778993,-0.610461977794294,0,-5.436865851720409,-5.156867771910189,-4.991930400868942,-4.991930400868942,14.967803617350327,-4.991930400868942
1287,-0.6287264946132832,2.2189713092775203,0.9575381461847188,0.0243735438526515,0.305085404706753,-2.640540977331729,-1.9587535768460624,0.6731336922329685,0.9489956646343964,0.3724248391473652,1,-1.8645319414912174,1.2177558786161766,0.26021773243145785,0.26021773243145785,0.23399228983693376,0.26021773243145785
1288,-1.419508565329311,0.9720629326463852,2.19080831720016,2.525471922976603,-0.1121264436113449,0.8216729335463562,0.8372441074696086,0.6694383715424684,3.4815146822022807,1.6631165215252464,1,-0.32029651756768573,4.000115357316154,1.8093070401159939,1.8093070401159936,-7.238048259623246,1.8093070401159939
1289,-2.493734362040352,1.8206441099518464,-1.6236142173163426,1.901448803211545,-1.574341717731963,2.9977305669751244,4.660266122555223,1.1494873640103684,6.342717294724094,-2.230708765490996,0,9.436933894098146,4.857296015190727,6.480910232507069,6.480910232507069,13.33589774692917,6.480910232507069
1290,-0.4832892043606362,0.8687980499810573,-1.5887317225743969,3.488227089645701,0.9456334275676296,1.23868149186121,3.046855203517207,0.8234231845623113,3.761050808566493,-2.745527671425932,0,5.295940276013946,2.326921530923867,3.915653253498264,3.915653253498264,4.421038869293431,3.915653253498264
1291,-1.3965322443403614,2.141871216956611,0.0725440286835004,-1.6964517062271791,1.3071354231507135,1.2630736273224563,1.152179148464758,-0.3044580211482294,2.456302801524457,-0.1706109754892055,1,3.138670398422105,3.3665943941048697,3.294050365421369,3.294050365421369,-5.488507936368528,3.294050365421369
1292,-2.5805100788021447,-1.448819490159101,0.9730465297829674,-1.1101048408110354,1.0813169577685364,-2.6257206192561617,-3.2483045585444312,0.8656746511673697,-1.2024431198132255,-0.1166268070329477,0,-3.2873552715222916,-3.7240775189205655,-4.697124048703532,-4.697124048703532,20.38245284986587,-4.697124048703532
1293,-0.5420288170676743,1.5899721949598198,1.5009524479984158,0.0366254747396426,-1.2738373251342043,-2.630085284403322,-1.933814021197296,0.2387379252913565,0.8339448338694714,2.655655022058545,0,-2.730314484511832,1.1571106217609395,-0.3438418262374763,-0.3438418262374763,0.5398952147814366,-0.3438418262374763
1294,-2.193762630434684,0.8045728475397502,-1.9624050748445248,2.9146092031671595,-0.7816720723468876,2.827456944720316,4.906728352060608,1.000820497768414,6.066763158375324,-1.8653131009996693,0,7.290199038694475,3.748896124755834,5.711301199600358,5.711301199600358,16.194683635653337,5.711301199600358
1295,-0.8326514912865333,-2.8223534599572515,0.3221213561743823,-1.9471295098087684,0.5125436283994018,-1.173182102215746,-2.9113104560445384,-0.5678078421841054,-3.879791712623972,-1.2380169099137148,0,-4.8245235918769,-5.411542559827407,-5.73366391600179,-5.73366391600179,20.530075371428346,-5.73366391600179
1296,-2.094188886802069,0.4678742691184403,-1.7897257696471838,0.6189317866332942,-0.270270367674609,0.8772675146225246,2.7005701699491738,-0.4434294182350357,3.82256320041872,-0.3977224507958381,0,4.005811075463729,1.3787186694204303,3.1684444390676143,3.1684444390676143,3.583282770727379,3.1684444390676143
1297,-1.0000975667736582,-2.1460989249428395,1.032204629997663,1.7496802396628142,0.9632265338939392,-4.393570779969231,-3.908602027640206,-1.2704882455818216,-1.966814489464421,0.7030189736291144,0,-3.8394877058240398,-5.022496322585383,-6.054700952583046,-6.054700952583046,28.569580332400562,-6.054700952583046
1298,-2.1971186025221665,-0.2604074902359756,2.477966853515821,-0.0391531253929762,-0.0700297768080445,1.660468224957238,-0.5799114901754788,-1.431114142771255,0.9586412677637274,-0.8546420367842797,1,-0.19503785119946165,1.6376478731043664,-0.8403189804114544,-0.8403189804114546,0.1842495729566247,-0.8403189804114544
1299,-3.3985105424198534,0.8942263098778473,-4.001575153651879,1.395618368300645,0.1571457837025345,1.7744918458953405,6.019473292241847,-0.3997705114430575,7.6346885310222525,0.5068546091787063,0,10.492013385468695,2.912124448467816,6.913699602119695,6.913699602119695,29.986548448774393,6.913699602119695
1300,-3.806451921559958,-1.540258222602569,0.979196992141108,0.6188132233915762,-0.5154692730838591,-4.515812237594821,-3.4435811797041724,-0.0783308489301572,0.678826712439069,1.659241397212024,0,-3.4756231836136964,-4.0046424101656335,-4.983839402306741,-4.983839402306741,22.3549493723782,-4.983839402306741
1301,-0.661353704520069,2.176818205173466,1.807029881807474,-0.1589473596748158,0.5052613431742017,-3.4238061869782,-3.04683127650742,-0.1482228888431208,0.3824295824991862,1.3293083070666063,1,-4.803588615344919,0.9370168104735199,-0.870013071333954,-0.8700130713339536,5.282601544353303,-0.870013071333954
1302,-2.8223666540923187,-0.8474354058574621,-1.727783602935096,-2.751420880620158,-0.7449787674850553,-0.8359391740458229,-0.5600351363947252,0.8264531108587624,0.0704610197537936,-1.7804037030558946,0,-2.8716555410393587,-3.1352541451872833,-1.4074705422521874,-1.4074705422521872,3.392179042648958,-1.4074705422521874
1303,-1.3283239214479248,0.8994436387871345,0.5367995334295125,1.788426484179814,0.1841193983281696,-3.4030670547312,-0.9280434930422122,-1.3938176478742057,2.5634579154230632,3.7302327892032143,1,-0.5114207799021544,0.5081996791744348,-0.028599854255077717,-0.028599854255077717,-0.10115602558844294,-0.028599854255077717
1304,-0.0578338865196752,-2.1238433555245666,-2.602663685014622,-1.7900379326254685,1.9489631114476191,0.6444802352643539,1.047810760514238,-0.7853179202632383,-1.5374323879056706,-0.8497516192351661,0,-6.603682569093717,-3.6786962800249507,-1.0760325950103287,-1.0760325950103287,0.3249862908013168,-1.0760325950103287
1305,2.769926617466342,6.922232954679596,0.8885102248220036,-1.8611353206167505,-0.6650318903039252,4.108434517616039,2.3445351418012192,1.302928421945811,2.137677407098773,-3.923581506459737,1,3.116293337648167,10.15527832130282,9.266768096480815,9.266768096480815,-20.075676145475423,9.266768096480815
1306,-0.665357688948994,2.506860689723932,2.260145833569185,0.2967860299401528,-0.9807648436625376,-0.6983240423225525,-1.6535814763071646,-2.4581694305490185,1.111657529193028,-1.0523717676032538,1,-4.81259152980115,3.1134250469859523,0.8532792134167673,0.8532792134167675,-6.8982433048344545,0.8532792134167673
1307,-2.5773942456733607,0.0368235091561441,-2.539148649798779,2.060367540934808,-0.161767281165669,0.8055193138376858,3.8282958295391913,0.0310634263989314,5.287451644049448,0.0456622249238225,0,3.958619702250011,1.3259706888965563,3.8651193386953353,3.8651193386953357,9.55825929442995,3.8651193386953353
1308,-1.7867603782852286,0.0910237120893593,-2.327845756021197,4.596114706568799,0.3932951381664807,-4.0612253962295455,1.2656681607095277,1.900649041722087,4.754209234699464,2.3764530604372665,1,1.5685810346833975,-0.9711538832223101,1.356691872798887,1.356691872798887,1.4282670653417724,1.356691872798887
1309,-3.1832032103267203,-1.1197928271583446,-2.181223562724869,-3.835028781704545,2.171192861062495,0.3283481893364621,0.1484657492770171,-0.1865732530553646,0.040604213556712,-2.3423452281030874,0,-3.413845577849405,-3.1525506406061963,-0.9713270778813274,-0.9713270778813274,1.703401297227832,-0.9713270778813274
1310,-0.4964699285935947,2.069316498307116,1.565055616751763,-0.8856804753174107,-1.375149392040303,3.345864742905966,0.6481212664652778,-0.6633383235123018,0.9458773787244796,-4.097848942615233,1,-0.5211576437402483,4.282493381524157,2.717437764772394,2.7174377647723937,-9.818465378764639,2.717437764772394
1311,-2.0039814816793733,3.109828078070457,0.19090236042242,1.4240376922839462,-1.5365306903820384,2.41380222558735,2.2922226692733245,-0.1296730520286007,4.802031500718963,-4.42305998955316,0,4.808377226732214,5.592953107766201,5.4020507473437815,5.402050747343782,-6.334392610191027,5.4020507473437815
1312,-1.6093718890752151,2.615386388403458,2.864375095237994,0.6253661670955565,-1.036329196838163,-0.6615223458887215,-1.9673692805002276,0.3243457111949238,1.7670967203995165,-1.705883722761243,1,-6.843430527464077,3.512392203141224,0.6480171079032302,0.6480171079032302,-7.78131506055578,0.6480171079032302
1313,-1.1117332035225025,1.3787764100078383,0.7617203061742975,2.702083889305173,-0.6462423241465945,-0.7045237135399798,0.5098090308687842,1.6857017540349717,3.270847893628167,0.3332084038740672,1,0.8383434516995532,2.65030574705092,1.8885854408766225,1.8885854408766223,-5.329227929149242,1.8885854408766225
1314,0.3265159179123975,-0.9552142145364102,-2.5950920449802366,-0.418315546095686,-0.2597211710765324,-2.008084796587504,-0.5611063657136162,1.6923130191048756,-1.5336539301307897,-1.857548668972914,0,-3.99518938964551,-4.111412625230264,-1.5163205802500264,-1.5163205802500266,3.463704749729148,-1.5163205802500264
1315,-3.4134555497544588,2.3015699721159057,-0.640933548373224,1.0104784225974284,-1.6819687839854107,3.582498235681252,4.4085093258569765,-0.2225749272248529,6.8791066713340285,-1.9569156487107415,0,8.18523270703039,6.069145749599658,6.710079297972882,6.710079297972881,8.130882837652901,6.710079297972882
1316,-0.6685141210100753,2.7874650937723287,-1.243990384620913,2.771017901017819,1.334506133337838,1.073076795959376,3.2087327430463826,-1.1068702915340567,5.104763419687211,-1.944273529806788,0,9.46377761093792,4.752207452197798,5.996197836818711,5.996197836818712,3.0151403014006632,5.996197836818711
1317,-0.6590046523545582,-1.5282790229661358,-3.0137195483405623,-2.833391119316666,-1.0581464312944115,-0.3264705127314726,-0.2240726452956047,-0.552924016236234,-2.21152310651648,-3.4665789115530297,0,-6.358156035093599,-4.7660712166023025,-1.7523516682617406,-1.7523516682617404,1.9628270684019549,-1.7523516682617406
1318,-2.630668577665852,1.2015591210668175,-0.1607696812819916,2.1553195507093275,-1.7737751322025186,2.7906532440559357,2.7464756651490214,0.7032538280959473,4.65768115866893,-4.161729705882787,0,4.141209063151221,3.787265104933847,3.948034786215839,3.9480347862158385,0.0010029650414553615,3.948034786215839
1319,-1.7810100841528245,1.5369326654429387,2.245895165156671,1.2417285026425469,-1.0783150666292278,-1.907069457342396,-1.8368758130593048,-0.6568354686944304,1.9956308006656656,0.7874479217872138,1,-3.751732790106018,1.945952017540305,-0.2999431476163661,-0.2999431476163661,-1.7236857598113087,-0.2999431476163661
1320,-2.435452658608545,0.6840958370501009,-4.67655279918618,-0.7410424852156688,0.3420994815573816,-0.624428417486311,3.2167967386113623,0.3493635534823797,4.038690040008183,-1.0767904892663611,0,7.100102877329727,-0.7756602235247163,3.900892575661463,3.9008925756614627,10.421759207072213,3.900892575661463
1321,-2.4975172524698235,-0.4348063317367447,-1.88258895500928,0.8869258818248886,-0.4957059465748997,1.4673548235730671,2.739466627678703,0.7735577062068134,3.4346539910691933,-1.8282725463671785,0,1.4860986982462614,0.42207134093267823,2.304660295941958,2.304660295941958,3.9593841695949923,2.304660295941958
1322,0.1297766837971021,1.7478749621627825,-0.8112629527886965,-0.0672019921803472,0.0803623259630301,1.406806615036364,1.69133987320121,-0.3314993882995142,1.6972568039759253,-1.8673305082336396,1,4.857201038273603,2.627951882575296,3.4392148353639924,3.439214835363992,-1.7885499483493932,3.4392148353639924
1323,0.7012705019657939,0.759284967792552,-1.311832346114676,3.7704306001587216,0.6443884535381822,0.4783220369383132,2.2734119473739245,0.4957655730155103,2.508822971571955,-2.1110403823866872,0,4.028751495835387,1.7208645690518005,3.0326969151664764,3.0326969151664764,1.4108949789131322,3.0326969151664764
1324,-3.223751963853445,-0.8163316871427214,-0.0620648803726577,-1.6534214440043622,-0.1829015674239269,-0.8562587852356499,-1.1454899659787383,-0.5379439663331403,0.6113620676194612,-0.8477439888433691,0,-2.0124871816283822,-2.0238865334941174,-1.9618216531214596,-1.9618216531214596,5.247189920266625,-1.9618216531214596
1325,-1.8610108727263064,-2.6181925951426823,-1.5279872483119723,-2.183353962947193,-0.630863510683409,-1.971890576009368,-1.4597348852695016,-0.2821249431377349,-1.7736385888602315,0.4937113774624522,0,-8.078492379415032,-5.605914728724156,-4.077927480412184,-4.077927480412184,7.814103245406256,-4.077927480412184
1326,-3.216533914263003,-2.537221931984851,-0.0977562140306398,-4.08128782094271,1.4238989372468511,0.0661754880980272,-1.6153849852895636,-0.4644017814099108,-1.745272376672424,-0.2913680797818943,0,-4.400636127500759,-4.250363131305054,-4.152606917274414,-4.152606917274414,10.764409489052088,-4.152606917274414
1327,0.064703620744891,2.761154893939547,1.5322038619097125,-0.7255623288128485,0.2174058527270034,-2.788799098540552,-2.3827469565835218,1.2724283828165954,0.3892666660172285,1.703681465850146,1,-3.8522442544690514,1.9106117992657379,0.3784079373560254,0.3784079373560254,-0.8421888693388055,0.3784079373560254
1328,-3.130061560065675,-0.2353238268829911,0.1217982112710551,0.5436342581921965,-0.691054377393896,-3.1828856526958527,-2.303375721266598,-0.8343381865826627,1.140382424960012,-1.2896964290877648,0,-2.5100375269657813,-2.416901336878534,-2.538699548149589,-2.5386995481495886,10.28980261953235,-2.538699548149589
1329,-0.7158258007116839,0.4254693862487995,-3.002859322316016,-1.5692351825192707,0.2263042077451344,-1.8738516636680749,-0.4582549031924661,-0.7131923043661328,-0.4652339194149184,-3.6247413837108176,0,1.2448391959136147,-3.0356448392596818,-0.032785516943666604,-0.032785516943666826,4.556052625360567,-0.032785516943666604
1330,-1.0634434811243805,2.0940090121449537,1.3643926622353872,1.082445846692392,0.7138774440901375,-3.6018294075093347,-2.8108096388751678,-0.1546903311345547,1.0550955150546972,-0.3216450785219269,1,-3.5738511575555614,0.6475920355051732,-0.716800626730214,-0.716800626730214,5.112808886393246,-0.716800626730214
1331,-1.0497066592815067,0.9996365194489624,1.1423082752623357,2.073833605911178,-1.6076413105231968,-0.0986793961711018,0.9671830775559233,0.6992124386719866,3.311547956161528,2.573039454033669,1,0.8249265285838971,3.109127872267221,1.9668195970048856,1.9668195970048856,-5.282397432182549,1.9668195970048856
1332,-2.2409509297613948,-2.0626466333951816,-1.053526287378609,-1.8487171477631543,-0.0423318956602127,-1.4023209055167671,-1.3918450101135509,0.4838411250264615,-1.1690379842782408,-0.7945175546237329,0,-5.627544093363545,-4.508017930887341,-3.4544916435087325,-3.4544916435087325,7.726689656719252,-3.4544916435087325
1333,-4.564254415259193,-1.2580134071008215,-0.0189074801281794,-2.1859212654000397,0.0113699087984941,-2.810028264531052,-2.554175171696264,1.889282454250252,0.5734215051147372,0.0774724637062183,0,-3.8359744422928275,-3.831096058925265,-3.8121885787970857,-3.8121885787970857,14.14330958193625,-3.8121885787970857
1334,-0.8648167224673722,1.8262747160396964,1.8308312714818047,0.0158606668105663,-1.1785727847701737,-0.2460214946529608,-0.1103067561889027,0.6727567871994219,2.270700916203604,2.952349840793425,1,-1.6276329005912353,3.5467992313325984,1.7159679598507938,1.7159679598507938,-8.594200471164504,1.7159679598507938
1335,1.1943080593200357,-2.006050468709436,-2.192890594991428,-0.9358238722377548,-1.0414529517748186,-1.0205388339642862,-0.8957440353274466,-0.466227391717112,-3.480890133353329,-2.4129487074629576,0,-7.30084370994795,-5.09468509902831,-2.901794504036882,-2.901794504036882,4.399787773978823,-2.901794504036882
1336,-1.5981434188093702,1.0486526641413318,3.1512131456694563,-0.5044882399806554,-0.6116931217017983,1.9441498455898087,-0.8662488449571976,0.1339418829520131,0.8869223849625919,-1.2086152586692471,1,-3.1221242412993275,3.3336169648535905,0.18240381918413429,0.18240381918413462,-6.070161783131507,0.18240381918413429
1337,-1.3137698728231668,-1.1779291237129843,-0.5597709495578218,-0.0348526386335277,-0.4552205808827054,-3.7823183860926815,-3.1117569717246427,-1.742082457705964,-1.6625305471301282,-1.5449426744119732,0,-4.949056599530257,-4.849457044995449,-4.289686095437627,-4.289686095437627,18.162804087417364,-4.289686095437627
1338,0.0254316263084268,-0.1677991935520033,-2.875666870496791,0.1352047923090455,-0.9413814861392652,-3.1959421261488603,-1.1096814607298864,-0.1817335376159058,-0.996396655684747,-2.9796692111417453,0,-1.7600152360754642,-4.153147524778681,-1.2774806542818897,-1.2774806542818897,6.17948654155461,-1.2774806542818897
1339,-2.195362835439674,-1.3599812384865626,-0.0355976566135218,0.1793358954434014,-0.589160387988942,-2.804947537824897,-1.9182367917458207,0.3029718735872831,0.0524771880169688,0.8107612455883513,0,-3.3266301753608603,-3.3138156868459054,-3.2782180302323836,-3.278218030232383,10.223253961157111,-3.2782180302323836
1340,-0.2500508995964716,1.797970047398816,-0.1985331187105163,-0.0346889956891649,0.4342636499220715,-0.0604071984179128,-0.05319459935113,-2.801911569487892,0.934823653009993,-2.581088310692694,0,2.101732048905868,1.5462423293371697,1.744775448047686,1.744775448047686,-2.931231511126547,1.744775448047686
1341,-1.394442785840797,1.9126194825430216,0.5192499467032847,2.433443876102355,-1.5145735090585566,-0.9763887523719068,0.3415791599678652,1.0095859678911938,3.5147341822472677,-0.5708978908199618,1,1.2610710781367587,2.773448589214172,2.254198642510887,2.254198642510887,-5.904098473574834,2.254198642510887
1342,-2.2020265298845514,-1.075365684572234,-0.97464699330966,-0.519052454950282,0.6756644532569765,-2.1336325496416872,-1.1102167131495084,0.1335654155359782,0.2785969789123012,-0.2275799080075187,0,-3.2336843288984545,-3.160229391031402,-2.1855823977217423,-2.1855823977217423,5.530291007732931,-2.1855823977217423
1343,-1.9245202305706184,0.8029428576708837,0.1304212513445481,-1.227724712165902,-0.9172616421772876,1.2387282503632002,0.5667006087738092,0.4775888195530048,1.618557591449015,-1.5540323573254555,1,1.264922654189089,1.500064717789241,1.369643466444693,1.369643466444693,-2.653279416504932,1.369643466444693
1344,-0.0366325201944823,2.3365118989639218,1.832744780041425,-0.6442639072191719,0.0464612731541895,3.775056083209303,0.867170536399077,-0.8250972999455244,0.9551652649893432,-4.086499221267487,1,-1.078547550967806,5.036427215404424,3.2036824353629987,3.2036824353629987,-11.770354897899566,3.2036824353629987
1345,-4.6737487480274496,-1.3770301783942975,0.8415496898321544,-2.4304460035386293,-0.9677523395471,-1.697877026109667,-2.0577901441301103,-0.3075773895637438,0.9358035127607228,1.496016479159561,1,-2.2759810030071708,-2.5932706326922537,-3.434820322524408,-3.434820322524408,11.42143055201292,-3.434820322524408
1346,-2.4141496411280654,-1.006794415005941,-2.1054665962950203,-1.4926975124490174,0.178669775219072,-2.3608075111678435,-1.233582593962378,-0.3617169878172646,-0.2382233310007484,-2.143900919629829,0,-4.360149019099714,-4.345843605263339,-2.240377008968319,-2.240377008968319,5.988174620227213,-2.240377008968319
1347,-0.2470190864092316,1.143096104515759,-1.1901862423269771,-0.1707895667745902,-0.3933511248228728,0.0863641551924532,0.9250493747010484,0.7152365838912327,1.244413844256575,-1.4019199546294006,0,3.428642736469024,0.8779592368898301,2.0681454792168075,2.068145479216807,-0.7298911132196204,2.0681454792168075
1348,-1.1351759044173837,1.817405781484955,1.7485535374746366,1.1326500945745406,0.3861664979983887,-1.3389368106831077,-0.9505752902380178,0.0146940955443667,2.2027928980279707,1.205060220013333,1,-2.3110008169954375,2.6153840287215737,0.8668304912469371,0.8668304912469371,-5.756452445799793,0.8668304912469371
1349,-1.46299971302702,2.142589324525276,-1.9891723637315428,3.313610211588231,-0.4046385200409463,2.873745381645424,5.560415387712276,0.5586952829218191,7.015911594140034,-1.2049496319339794,0,11.964984183409467,5.71383234850601,7.7030047122375525,7.7030047122375525,21.763361694335817,7.7030047122375525
1350,-1.8839484421264057,1.577641101670368,1.5073076133805918,1.24264656985653,0.3351605665351178,-2.5646792563995007,-1.7293569303757492,1.963552833543816,2.2313525971317185,0.8549170700264571,1,-2.5297062724352717,1.3555917846752106,-0.15171582870538125,-0.15171582870538125,-0.5911910070610853,-0.15171582870538125
1351,-4.646312767456151,-1.8803106251748365,-1.292322182821369,0.6550331292972491,0.7271679888921005,2.773607704427832,3.559595797434814,1.2428268933268276,4.767622078093631,-0.4269116065213989,0,-0.7506819592481804,0.3869629894386084,1.6792851722599775,1.6792851722599775,8.174506947908844,1.6792851722599775
1352,-1.2132832001625602,1.2297500597903177,-1.4436435220269996,-1.7331461578046847,-0.3651329377957845,1.8882638576791415,1.6432440316176469,0.0167008672675504,1.5032071599629893,-3.305263220072871,1,4.648314798936572,1.429350569380965,2.8729940914079646,2.8729940914079646,0.1732269941866964,2.8729940914079646
1353,-3.1692483103600946,-1.9512931932387183,0.9493603285318692,-1.1630950351291385,0.7573042237747472,-1.2137632819506274,-1.996188940715972,0.8509826785067651,-0.2818448988789497,0.5475168277537796,0,-2.09500178695958,-2.998121805422821,-3.9474821339546904,-3.947482133954691,12.782854573409375,-3.9474821339546904
1354,-2.456028014632312,1.3815676117442592,2.1210674511215477,2.163951421276966,-1.1152172279709192,-0.9359525078637528,-0.8879187637289684,0.310539637914204,3.162753500878253,-0.3474425812972992,1,-2.436749244779189,2.6147162991368385,0.49364884801529085,0.49364884801529074,-5.25036350896463,0.49364884801529085
1355,-5.6414201673431785,0.0064279146958363,-1.125945397724199,1.008935427468214,1.2450410082232566,4.986064167109074,5.672343258693916,-0.5908183480914292,7.920115202850667,-1.7034382743703615,0,5.686008654358492,4.552825775665553,5.678771173389752,5.678771173389752,21.95111857636374,5.678771173389752
1356,-1.98029070545753,-0.4173755112156176,0.3813978861078142,0.6551799038087673,0.170484680696914,1.5479639667018827,1.2471808977815666,-0.6594954368384278,2.1877837024513576,-0.4608727991710151,1,0.9889915242567537,1.2112032726737632,0.8298053865659489,0.8298053865659489,-0.3263623297576728,0.8298053865659489
1357,-2.499035747056721,-0.6950224709611786,-0.3855541253390682,1.0421436359310765,-0.6760707152936095,-1.9436953941346269,-0.6621079273559884,-0.8396083720406722,1.6663247541018793,-0.1039429039829249,0,-1.6250991791996021,-1.7426845236562354,-1.357130398317167,-1.357130398317167,3.27023304855861,-1.357130398317167
1358,-0.1096311277415293,-1.392547728845161,1.8108550094975788,1.7810229007031229,0.3366014275621669,-3.729607014881941,-4.57044242967948,-0.8348299105466731,-3.002936965127671,-1.651145158921098,0,-3.4412881277809055,-4.152135149027062,-5.962990158524642,-5.962990158524642,33.52577134130991,-5.962990158524642
1359,-1.9626797119865096,1.9870526644795272,0.8726179233766982,-2.81419484375544,1.567791509795664,0.6804163882918364,-0.5207509388953988,-0.2841878821547786,1.2197808168556876,-1.019841279780617,1,-0.26763604413413145,2.3389196489608266,1.4663017255841284,1.4663017255841284,-5.267977603902777,1.4663017255841284
1360,-2.0434624869419817,1.6949980232229322,1.8574361238767687,-2.1315667854505,-0.0793963813854937,2.270998404293261,-0.3866197564921133,0.9454973046593949,1.0523282130030198,-2.897991559299365,1,-1.8399722915031698,3.1658143906075877,1.308378266730819,1.3083782667308188,-7.473068379462375,1.308378266730819
1361,-0.7731761551301916,1.0083795116704974,2.384591254807815,0.8354010946689079,-0.443521599837115,2.444738531131443,0.3207290810004332,-0.5129742439678118,1.3731831877193317,-1.69614524006184,1,-1.0754643723859127,3.713699847478746,1.3291085926709307,1.3291085926709305,-7.344514261807138,1.3291085926709307
1362,-2.794213413111885,-0.1503005093822917,0.3060973879601454,3.793576493835033,-0.0785883929143568,-3.3079819213392527,-0.2471441245512479,-0.0633032227813367,4.14585793736144,2.8763079591905267,1,-0.3514380406025408,-0.09134724597339419,-0.39744463393353957,-0.39744463393353957,0.5958786915381353,-0.39744463393353957
1363,-3.2954513566957955,2.229315868489428,-2.1791307517703844,0.8640102764612386,-1.841919078931543,1.739836443257083,4.570848934558792,0.6069426083866378,7.189948486329581,-0.1383294681785096,0,11.658135567483235,4.621034051277835,6.8001648030482205,6.8001648030482205,14.329431892666204,6.8001648030482205
1364,-0.7130820445732113,1.506350697111451,-0.6788675577144518,2.0309797622891934,-0.0621360664693085,-3.409488187274792,-0.3605768457177828,-1.89203357248567,2.6319863948264355,1.800953034077564,1,2.168386470203181,0.4669062936792163,1.1457738513936682,1.1457738513936682,-0.4600518645955861,1.1457738513936682
1365,-3.036685091853905,1.3910159310671733,2.117378780807667,1.9638035407238423,0.8155942445961629,-1.623542950192823,-0.9753115804545724,-0.4347946933722169,3.7761273403291504,1.1639874290383667,1,-2.529603265594452,2.533083131420268,0.4157043506126008,0.4157043506126008,-4.942862419271125,0.4157043506126008
1366,-1.1019824194504506,3.669486723090736,1.2389668135810337,1.989975514464677,-0.8193868304987907,4.024011920997922,3.1003739720013823,-0.922351329061918,5.138579046024629,-3.9081061652959503,0,2.2234884223064806,8.008827508673152,6.7698606950921185,6.7698606950921185,-9.712741710287277,6.7698606950921185
1367,-3.614429402613103,0.4443717701226806,2.7908951402009947,1.9638080384507293,0.01433642217576,-2.042936433520454,-1.4961480147397466,1.1983685693734596,3.601760402317273,3.013808437557521,1,-2.2919712582949687,1.7391188955839287,-1.051776244617066,-1.0517762446170664,0.3109212173649194,-1.051776244617066
1368,-1.7820226356874114,0.6616146570018271,0.2527669861786126,-1.5983520998936378,0.2281872889609554,0.4388434070955458,-0.2896597294077794,0.6617366120969479,0.8170742201154217,-1.3037879012424225,1,0.2047205847320993,0.6247219137726603,0.3719549275940477,0.3719549275940477,-1.0800084253880684,0.3719549275940477
1369,-0.104779448093268,-3.3670126106164298,-1.832993313586748,-2.8657761901246586,0.1778297997054342,-1.2938152862059755,-1.90482182320479,1.1026920460743783,-4.509038765905877,-1.123816686419987,0,-11.443546035843395,-7.104827747407968,-5.27183443382122,-5.27183443382122,9.833296757364232,-5.27183443382122
1370,1.155916506480494,-2.285691754803532,-3.660821454661301,-2.238021780336504,1.8507811424357332,-0.5646939797611953,-0.1559322494881986,-0.4070158918067711,-3.82411571135979,-3.214820362123084,0,-10.809133419018938,-6.1024454589530315,-2.4416240042917305,-2.4416240042917305,0.20087491494800425,-2.4416240042917305
1371,-1.1839318557750709,1.027206290553313,1.8881978323420732,2.4412554688141155,1.3636072951996998,-0.6943772466312331,-0.3864491230305196,-0.1026485734506316,2.513273237403824,0.912205480181002,1,-1.298811523668114,2.5289549998648666,0.6407571675227934,0.6407571675227934,-4.95993793388751,0.6407571675227934
1372,-1.5148189143646835,1.798524501413281,2.151402735007787,0.6119072958608499,0.0716685538802441,-0.7093728996329981,-0.5394206067225384,0.5692893232700639,2.698030894290641,2.484634471211947,1,-2.6102466366283066,3.4105066296985296,1.2591038946907425,1.2591038946907422,-8.24798646475141,1.2591038946907425
1373,-1.3362926364179168,-0.8429478942189594,-2.0781233206626286,-1.0862132964838176,1.3442845752345964,-2.731767601121023,-1.7815172864269972,-0.2731522465199018,-1.289126620898026,-3.015607827229948,0,-4.376214857725831,-4.702588501308585,-2.6244651806459567,-2.6244651806459567,8.74910784671288,-2.6244651806459567
1374,-1.0575503267047068,-1.4792298933894126,-1.4106438839617703,-1.94063893709402,1.7772947680304536,-1.181000075573457,-1.6874819115484927,-1.9128513533478293,-2.347858620461094,-3.2492732332248178,0,-5.253378407021102,-4.577355688899676,-3.166711804937905,-3.166711804937905,8.50499609355774,-3.166711804937905
1375,-0.2504048868903878,1.3616306038730648,-1.142458846217912,1.48301365651326,0.4476962663950118,0.436405681238408,1.7824978447164803,-1.1992043250956432,2.5371698180983677,-1.549408097987477,0,4.699735377265366,2.001669602371633,3.1441284485895453,3.1441284485895453,-0.41289255586646023,3.1441284485895453
1376,-0.8521053403583613,2.4511311197068486,1.4557908758553992,-0.8903191235470294,-0.7140417437774549,-3.9313349682825063,-3.00275211388691,1.2998712435306046,0.6618923940181497,2.4738728636082747,1,-4.11995531377452,0.9041698816753376,-0.5516209941800616,-0.5516209941800612,5.095637050362574,-0.5516209941800616
1377,-0.6350377973961473,3.5702318263911264,2.7930827079609784,-2.683396886173512,-0.2845103043392221,1.7033717083904971,-0.9581626331428448,-1.3293590589340638,0.8634874716322515,-1.119706262693513,1,-7.359883584456716,5.40515190120926,2.6120691932482814,2.6120691932482814,-17.07109824061131,2.6120691932482814
1378,-1.53453673408634,-0.9481388776445552,-2.5241160950572183,-1.283370355211888,-1.124200096946978,-3.030554789747604,-1.2924854342684309,-1.279647848349243,-0.7043351634434967,-1.425325638201685,0,-4.633836913325094,-4.764740406970205,-2.240624311912986,-2.2406243119129865,6.282670715267137,-2.240624311912986
1379,-0.7600291892503381,0.7649996756009733,1.7225012832027966,1.0261888237720802,-1.0751030481167556,0.675312877401002,-1.3770153398536986,-1.3449277870651724,-0.1097474465421639,-4.612783157139701,0,-1.9297285871251249,1.1104856189500714,-0.6120156642527254,-0.6120156642527254,0.07998836862265124,-0.6120156642527254
1380,-1.1914772853889408,1.0516874032700392,-1.7596843692212616,2.0935639216532635,1.0714759302545598,1.1769668209702664,3.0975405863389613,-0.457676992988433,4.09256554672834,-1.6994808588396932,0,5.999865874450187,2.389543620387739,4.149227989609001,4.149227989609001,4.906623958861562,4.149227989609001
1381,-1.0761872840117312,2.2290622630948764,2.8726286275030986,-0.3808777826563154,0.8095418882529403,3.3464653999899774,0.6981079956735461,0.7047894424389869,2.142837314922786,-1.432032384895139,1,-3.476097810684764,5.799798886271521,2.9271702587684225,2.9271702587684225,-14.642882440869792,2.9271702587684225
1382,-1.357959629987442,-2.06849538668029,-1.1105839885902276,-1.501954132337937,1.2075031949519206,-2.259393543694994,-2.401799318387272,-0.6270508454473506,-2.5132447679568206,-2.047652325057849,0,-6.767532561987444,-5.580878693657789,-4.4702947050675625,-4.4702947050675625,13.522575507611034,-4.4702947050675625
1383,-2.5937548857014434,-0.1326089396593603,-0.0784476849884692,4.527601087500235,-1.2502160258948012,-2.459661072590013,0.8215582860314002,1.1064617708120716,4.831413932810229,2.3881721522749446,1,0.6785464820469876,0.6105016613835708,0.68894934637204,0.68894934637204,-0.634895854733811,0.68894934637204
1384,-2.948759268807037,1.3983399385701123,-1.1401738671167363,2.3789489563722546,-0.4753922422145422,2.2357433760283776,3.644569529210688,0.2190715625376686,5.942856928241056,-2.810719526584323,0,6.637260123084065,3.9027356006640637,5.042909467780801,5.0429094677808,5.931592640109415,5.042909467780801
1385,-3.0445407432367846,1.1487693297217123,2.0788647779099105,-1.4298910034179175,0.1016557615660292,1.5691147820112896,-0.0650406647310866,-1.1063441570771089,2.453731990406876,-0.0847508413109623,1,-1.3044074325110189,3.1625934429005365,1.0837286649906257,1.083728664990626,-6.630227917324145,1.0837286649906257
1386,0.7652355743620123,-3.691775300607321,1.047088418217887,-0.1611441453044086,-0.3830949211597937,-3.1772492968631654,-5.52265992451738,0.6418790614777692,-6.8488835292082335,-3.29925694712182,0,-5.348820065195919,-8.167346806906814,-9.214435225124701,-9.2144352251247,51.74716983383061,-9.214435225124701
1387,0.5967322412050069,2.12698906390945,0.9297088864605944,2.856591608311668,2.171802667396602,0.3017551144482577,-0.3203243451709633,0.9537602558113536,1.0531607637225475,-4.952937632588807,0,-0.17081591538262986,2.7363736051990815,1.806664718738487,1.806664718738487,-6.417911271949478,1.806664718738487
1388,0.0149759055464058,-1.5194031169071716,-4.043431175575881,-1.5739205585026974,-1.923216286209752,-0.8092644752191509,1.0463658552740405,-1.431188333235752,-1.134972674815394,-1.6531163074206,0,-6.6166391928027535,-4.516468437209012,-0.4730372616331311,-0.47303726163313087,-0.059214729244105646,-0.4730372616331311
1389,-3.5672180075053976,-0.7242489340314305,-2.9624087304564792,-4.116661308745392,0.4733366755549671,0.5809435547091124,1.2432983867494212,0.0828648418689961,1.282436251109918,-1.6129949039836502,0,-1.6264719124805174,-2.4433592777384887,0.5190494527179906,0.5190494527179906,1.324579338315703,0.5190494527179906
1390,-2.3233707265118317,-0.0291545210413812,0.0001753953457026,3.652102358369589,0.7125044420921607,-4.777833093174568,-1.143084706250936,-0.387491314905434,3.391874356198428,3.3086244913821528,1,-1.1722341137250205,-1.1720638319466146,-1.1722392272923172,-1.1722392272923174,3.650950818471017,-1.1722392272923172
1391,-1.329368881367906,0.5879665439247721,0.51554146421551,-0.266258296345458,0.5205124966282796,1.0482803214049767,0.616253480037453,0.7903910765354696,1.5973403859693132,-0.4053648684438484,0,0.9010988909975151,1.719761488177735,1.204220023962225,1.204220023962225,-2.8473342934463983,1.204220023962225
1392,-0.8643514508972954,-2.7604038376691387,-1.4232506241707623,-2.799097046448021,0.3367122954206112,-0.112799707773229,-0.8810457902725765,-1.5703258142530163,-2.872206752906596,-0.8391809712991939,0,-7.570196112867684,-5.064700252112477,-3.6414496279417152,-3.6414496279417152,5.553645079685253,-3.6414496279417152
1393,-1.8565864318720624,1.3416348083178062,2.1039224508941907,0.9500006055744734,0.2007385407583894,-1.4454932003501986,-0.8211623085792572,1.4056475975079636,2.7989145449012094,3.259258070883734,1,-2.3022230943824082,2.6243949506327398,0.520472499738549,0.5204724997385493,-5.29325550746103,0.520472499738549
1394,-3.179907712635519,-0.9998601517676272,-1.0330656401917675,-0.0407469856259095,-2.477506118629017,-3.5538575383637943,-1.5241981433545615,-1.2237448466562693,1.2988323791230725,0.8434759502157534,0,-3.5569794629102502,-3.5571239353139563,-2.5240582951221886,-2.5240582951221886,7.371441042853576,-2.5240582951221886
1395,-1.524665665221845,1.1571048095094127,-0.9165404762772305,1.9010124785081015,0.6399029571520845,2.394909357572953,3.262254466556294,-0.5329937194259537,4.284984731097259,-2.2580342113201346,0,5.479892669276138,3.5028187997884763,4.419359276065707,4.419359276065707,3.780659521922739,4.419359276065707
1396,-1.1482137265901131,-0.7368986396385901,-4.522895991051362,-3.026132561926497,-0.1271585968748843,-0.3651028974781549,1.6519654023345136,1.1044777038374665,0.0724188907896937,-1.7514046272197004,0,-2.4178491403366573,-3.6078292283554383,0.9150667626959235,0.9150667626959237,2.0888362531371647,0.9150667626959235
1397,-0.1180577827105384,4.006168529285979,-1.5563865007610571,-3.6569088916404606,0.532022432272786,2.109106106547424,1.5131469863817644,-0.5001526812147293,1.3909887077651422,-4.486947812509879,1,11.75446213442222,3.9629290149066865,5.519315515667744,5.519315515667744,-0.9574841094237394,5.519315515667744
1398,-1.1711420058834845,-1.3284399821820116,-0.5460940494300287,0.1666379364678012,1.110677684054092,-2.5678385992619264,-2.242466926984422,-0.6414157900234342,-1.3733654175125125,-1.8388456954450152,0,-4.296360078460964,-4.117000958596462,-3.5709069091664336,-3.570906909166434,11.991112617087321,-3.5709069091664336
1399,-1.3789548883775289,2.597540293011648,0.6766256612811198,-2.614363538854185,-0.6235968803326393,2.012436413211752,0.3880869831323675,0.2991997660888958,1.4683742886377262,-2.6209873826986394,1,1.2280648576806552,3.662252937425135,2.9856272761440152,2.9856272761440152,-8.254831125555729,2.9856272761440152
1400,-3.684932681421063,-0.5625768641907323,-1.7852389509143498,0.9396739295835652,0.2687757891486415,2.8031659029773976,4.314848869967313,-0.924925815719274,5.452416624999772,-0.350954426323413,0,2.7479378749400327,1.967033054862231,3.7522720057765806,3.7522720057765806,11.894281579182838,3.7522720057765806
1401,-0.8467142509416584,1.0331689285735066,0.1910257943008366,2.418764571570088,-0.0620886982142874,-2.2066271281687477,0.1809091433408402,0.3456203446514458,2.976492833780945,2.6948750768801557,1,1.0167161566866485,1.4051038662151836,1.214078071914347,1.214078071914347,-2.783815735212912,1.214078071914347
1402,0.2185516226707959,-2.225229409872772,-2.9123275681212184,-1.88968128623166,0.573558836877425,1.3227635689273596,1.232176625874609,-0.6032968487781549,-2.05281737709588,-2.5692341772409657,0,-7.473649739764746,-3.9053803521193813,-0.9930527839981629,-0.9930527839981633,-0.06390458229730367,-0.9930527839981629
1403,0.5414716841257672,4.705623953155387,-0.6512363455057227,1.7608347228428356,1.8311771355658877,1.4267591062738216,2.6604029473017485,2.0221741000873785,4.412810159232371,-3.2248826263542467,0,10.430500247034242,6.714790554951413,7.366026900457135,7.366026900457135,-3.938600266819611,7.366026900457135
1404,-2.4028968131429926,-0.8503013299175022,-0.2973062840515972,0.2029159534450064,-0.9463138227477964,0.0725571195098566,0.7035923797460399,-0.100695872817177,1.9943346766396968,0.6405084405386732,1,-0.399508878893366,-0.44401523422305944,-0.14670895017146224,-0.14670895017146224,0.8329664925093136,-0.14670895017146224
1405,-0.8234716969916706,-0.070956531493056,0.4094900090380591,0.3498804761899636,0.1243847669077142,1.87938129611237,0.8165019959038229,-0.2592218130040925,0.81758058857294,-2.122826671494024,0,0.7746014551331677,1.155035473448826,0.7455454644107669,0.7455454644107669,-1.2048494378222656,0.7455454644107669
1406,-0.1904752391617108,1.7417334544187546,0.7449476933205766,1.352283110342907,-0.2658283656469923,-1.6301362564530262,-0.5159990399474612,-0.8361948507041709,1.7730179743048329,1.150829332700788,1,-0.07176590477723765,1.9706821077918701,1.2257344144712934,1.2257344144712934,-4.227661832284992,1.2257344144712934
1407,-3.1018237010132745,0.3304421373558426,-3.042822300018761,3.14614486174629,-0.6531373899299409,1.5833576597229635,5.402365911293884,0.52252076644239,7.270776067317064,0.0437252348444952,0,6.738284753061948,2.689985748630966,5.732808048649727,5.732808048649727,21.76824034664173,5.732808048649727
1408,-1.0520980053505893,4.580914171202661,1.2330518946999285,-3.9394239217559393,-0.7193216868081737,1.6166784496953062,-0.0843063250589876,1.2160065389114765,1.8174054409839744,-1.8185016276807733,1,-1.151897052115519,5.729659740843601,4.496607846143673,4.496607846143673,-15.867664928801517,4.496607846143673
1409,-1.2158700224100685,2.502710297068345,2.519194452123882,-0.2576575030607853,-1.0397932245282346,-2.41819419944263,-2.7650682507214963,0.3589175837406595,1.0462820463395694,0.9339156913066516,1,-6.5671718493010385,2.2568364984707308,-0.2623579536531513,-0.2623579536531513,-0.6536900093174332,-0.2623579536531513
1410,-2.7409263328429936,1.6394785921248956,-1.001741271060075,-0.7934645619034413,0.1658590267986727,1.1227658517899193,1.7144638927322555,0.3999965529436064,3.623885365051426,-2.2299128848166005,0,4.996275853608125,2.352201213797076,3.353942484857151,3.353942484857151,-1.1244238904206127,3.353942484857151
1411,-1.094188123957104,3.524655998056575,-1.9734410199096124,1.6943016563187645,-0.227892558765834,0.6974352499885454,3.6222134374665615,2.530369668641689,5.917971540345688,-1.096317451158387,0,14.102570163158438,5.1734284156135235,7.146869435523136,7.146869435523136,7.755833063061962,7.146869435523136
1412,-1.4790729402797265,-2.3929559168166983,-1.8053341495291664,-0.4592886237848415,-1.4839790594674176,-1.9704875025705224,-0.260106889605581,0.2235237625415368,-0.2988250853774403,1.7862874148673151,0,-6.973147841369341,-4.458396955951446,-2.6530628064222794,-2.6530628064222794,2.859030321446954,-2.6530628064222794
1413,-2.623011548703848,-1.7138419674656211,-0.266401457911247,-1.5881753812511787,0.9328953551938086,-1.5211123221763534,-1.562732493756726,1.5564160355717669,-0.4868056601413697,0.1961160424445089,0,-3.7331444599846684,-3.5429759191335943,-3.276574461222347,-3.276574461222347,8.805113228636735,-3.276574461222347
1414,-0.2361684817217091,-0.4086670017200746,-5.144524163935472,-1.774571849629644,0.8153241668090142,0.058977259455123,2.6318514776403474,-0.5719285461984328,0.5152957936107446,-2.5795681094271803,0,0.1207872105682895,-2.921339688015199,2.223184475920273,2.2231844759202732,5.5224001471006225,2.223184475920273
1415,-0.6416934450491487,2.5825807973172674,1.9800412831805547,-2.377699828541336,0.4522743776485788,0.8919129249574405,-1.0596776911354933,0.336903263976616,0.3882526653243586,-0.8239931440743309,1,-3.5907134896557684,3.502944389362329,1.5229031061817742,1.5229031061817742,-9.016547282291395,1.5229031061817742
1416,-1.7895086042428636,2.0632181392032662,-2.7616475436763883,1.5463558730625362,-1.5297740801093362,1.307833750261882,4.325481781773125,0.9389571782348514,5.858645869659399,-1.2065998583080904,0,12.08658122717566,3.6270523773000036,6.388699920976391,6.388699920976391,14.391921652374084,6.388699920976391
1417,-2.2299039235992035,-0.2999805056085289,-2.458965421625765,1.2555957000603244,-2.521604801462043,0.495592793036649,2.6872650604348527,0.1976755669542451,3.563385243853332,-1.3357219367787585,0,1.6496428643731376,-0.07168086679944125,2.3872845548263237,2.387284554826324,4.168148126553864,2.3872845548263237
1418,-1.425174011276552,1.1624338112858366,2.1342544785733297,1.1260634227391733,-1.882520751467464,-2.1808291778710123,-1.6885369248833908,-0.3916706095040324,1.799723670087427,2.542799807253093,1,-3.0070326813794157,1.6081513649757755,-0.5261031135975542,-0.5261031135975542,-0.7118208724654256,-0.5261031135975542
1419,-1.206424312359679,1.5129117927366589,1.8734525155828503,-0.6782255758241645,-2.0200564145232254,2.0941608565605727,0.2015751193945605,1.2359432022281034,1.4445636806830788,-1.4119803390804788,1,-1.1198814918262339,3.5879394277140695,1.7144869121312194,1.7144869121312192,-8.096162215043812,1.7144869121312194
1420,-1.5917921843106035,2.76922865495802,-2.647959560346737,2.1738154495461526,0.9919263098869546,2.427340779113536,5.449013542471512,-0.7798066757376003,7.000507173946433,-1.459122110424698,0,15.551047689111758,5.570282637082795,8.218242197429532,8.218242197429532,23.23602924320783,8.218242197429532
1421,-1.878128256155532,1.7665527722898868,-0.2963054505898179,-2.801943810685731,0.215031942943456,0.2168884300123583,-0.2448402757294384,-1.422058497167931,1.1178758633511008,-1.7274330056030458,1,2.045151711744495,1.2254070459706305,1.5217124965604485,1.5217124965604485,-2.163733566727764,1.5217124965604485
1422,-2.601483840227738,-0.0166170102787577,-3.756666934870538,-2.9450739795320118,1.6772395929744568,-0.7085502581124635,1.193159554491082,0.486842068967491,1.42537175787356,-2.034777068726299,0,1.114117971141711,-2.5801243906582134,1.1765425442123243,1.1765425442123238,2.7647869958486333,1.1765425442123243
1423,-1.9132568723869128,1.0425353928014505,-0.7289779795548003,1.4326156718003982,-0.552692953783497,1.2844402300059037,2.2872029647431984,-0.8002227353999037,3.895898371923176,-1.6009847923729588,0,4.08972370180342,2.6007603779898485,3.329738357544649,3.329738357544649,0.060784010654350684,3.329738357544649
1424,-1.2592502050174046,-0.5375670814095281,-2.247378465445256,-0.908580461353206,-0.6008296390959147,-1.2325283077739422,-0.2594131727359433,0.0657846894747494,-0.1868383008786659,-2.778524243067012,0,-2.0050969366375018,-3.0443587195907273,-0.7969802541454714,-0.7969802541454714,2.700517485433097,-0.7969802541454714
1425,-1.172323178741812,0.9975450543527592,-0.507035455474498,0.2393221777208225,-0.5412990949622398,0.9253847157168094,0.9439251447243172,0.5043650657184098,1.8042665481888709,-2.736039602088713,0,2.4472609100671607,1.4344347436025786,1.9414701990770764,1.9414701990770764,-1.9791195528467476,1.9414701990770764
1426,-3.909393529652733,0.2583060116312607,-3.616621736624359,2.0345067446085947,-0.1085278425648478,3.064832024818906,6.836879659905224,0.1144760588187792,8.294549127445936,0.3993277655494127,0,8.029380807902847,3.478563934912126,7.095185671536485,7.095185671536485,37.10336901394352,7.095185671536485
1427,-2.316372724686129,1.454750917365902,3.3677623737570936,-1.6348551158112603,-1.6037294750298954,2.422010000548364,-1.0416453174948028,0.4331840672715426,1.0172951537354855,-1.9943991035713489,1,-4.4861498028224,3.780867973628193,0.41310559987109907,0.41310559987109907,-8.008204008733944,0.41310559987109907
1428,-2.088260317731048,1.6714637216028807,2.668032281154765,-1.7005637783466132,1.110499865647384,0.6706657625408429,-0.902049522940443,1.075390554416414,1.6871328489067918,1.492816741983547,1,-3.690104967353129,3.4374464798172024,0.7694141986624377,0.7694141986624374,-7.852686502658126,0.7694141986624377
1429,-1.9299482933710803,1.9784916570391788,-0.4447693309653329,1.647944195260444,-1.6755804496240945,2.0225628536969973,2.4230735988863987,1.329794365205076,4.321565575265437,-3.679323381258874,0,5.281537666547385,3.9567959249602445,4.401565255925577,4.401565255925577,-1.6071031046437296,4.401565255925577
1430,-0.6909792023771469,1.9461750049508384,-1.1786555782942214,1.2903110910081503,-0.0297664883364017,-0.1305158541546172,1.2946617337565318,0.115596738679908,2.790759283346024,-2.4348496553585592,0,5.534706764629459,2.0621811604131493,3.24083673870737,3.2408367387073698,-1.3329988683449607,3.24083673870737
1431,-4.166114138105698,1.027613653567482,-4.915515488019755,2.8036558447010824,-0.5076941283897106,2.690971634933506,8.322254946990494,-1.8582914882251076,10.390984105573068,1.1784324692987815,0,14.401119430369501,4.43435311253822,9.349868600557976,9.349868600557976,60.52695651942307,9.349868600557976
1432,-1.4696566495455612,0.3461247404305223,2.040190457324877,-0.3321596527476129,1.762473164869612,2.370403458770943,-0.1448807222042234,-0.5717358227493337,0.6558055292588774,-2.3444792181387024,1,-0.5049163742441029,2.241434475551176,0.20124401822629892,0.20124401822629912,-3.1278484625814595,0.20124401822629892
1433,0.9656069980092874,-2.061904665883445,-1.0023035987255873,-0.8002508258859425,1.2762639878735544,-0.7998257480589936,-1.7265084632236056,-0.1871655478638609,-3.9040749386089177,-2.933842849991777,0,-5.855067595951107,-4.790716727832638,-3.7884131291070506,-3.7884131291070506,9.493306863678368,-3.7884131291070506
1434,-2.0610723692972925,0.4575975293714251,0.2566417910371761,2.1845583053933657,-2.2176090801520147,-3.745654155820787,-0.5740486697862708,-0.4871671830291446,3.4141120121932595,4.687032877947457,1,-0.23388978992691506,0.14019065062233044,-0.11645114041484567,-0.11645114041484567,0.18835371556383274,-0.11645114041484567
1435,-2.636826243091007,1.546776875125025,2.654356311928929,-0.465057019269584,0.5709409939421983,-2.7825579619238328,-2.518061154708,-0.7606006644251391,2.0722669798768787,3.629412360636305,1,-5.07698124121679,1.6830720323459538,-0.971284279582975,-0.9712842795829755,1.523147264452593,-0.971284279582975
1436,-2.090623527556259,1.007748232520433,-3.626537114181832,2.4339518270701435,0.0637023597657709,1.2362523419304632,5.191516847473177,0.2644816849513739,6.42237467188899,-0.5407103104764319,0,9.853901446980101,2.5727279658117777,6.19926507999361,6.19926507999361,21.834490498778937,6.19926507999361
1437,-3.544865258468521,-0.0165013588629585,-1.003992412710182,-1.819529275061189,0.5102522224050186,-2.602227973785959,-1.7289299225854051,0.6611529286613466,0.9835440943461844,-1.4680739202946704,0,-1.7619985205461821,-2.7494236941585455,-1.7454312814483637,-1.7454312814483637,7.467486413720266,-1.7454312814483637
1438,-0.4801401989719385,2.25042626616632,-2.036151426037025,2.43127142199268,0.7475461257864594,0.4148101438386866,2.95862115078146,0.6603430545626816,4.341071998043649,-2.0790586974994616,0,9.791256067993512,3.1728959909107557,5.20904741694778,5.209047416947781,4.953704357038607,5.20904741694778
1439,-1.419981197697097,-0.0276145505150378,-1.276774796134455,3.2542058442948862,-1.3608349783010791,1.3387888952607716,2.575522567562885,1.8961232762543467,3.468121437988287,-3.1722083103398404,0,2.512650454943665,1.271133220913392,2.547908017047847,2.547908017047847,2.7790176959602944,2.547908017047847
1440,0.2291494827251337,0.9192238074201105,0.0400241973798476,-0.0586527295780974,-0.5037223368294537,-0.2465722171997075,-0.5451914965331555,-0.445795313826817,-0.2251443774148269,-1.8969496969041608,0,0.3372411157825175,0.4140565082668026,0.374032310886955,0.3740323108869549,-0.5276462463661333,0.374032310886955
1441,-2.424083875249757,0.6282643729236971,-0.3807565252397307,-2.236653691046131,1.7283293805663331,0.1661450267416515,-0.0590731688964133,0.095027885272073,1.2688756842562174,-1.018828861238624,1,0.8084069635936291,0.1884346787875532,0.5691912040272837,0.5691912040272837,-0.5149204839650274,0.5691912040272837
1442,-1.7464461838876977,1.6625735910584485,2.2927751862775674,1.7253348866361196,-1.391983286797076,-0.733997354809068,-0.8192775895751875,-0.9985703864824396,2.76153761323916,0.5138194804469551,1,-2.968611473455937,3.1360711877608285,0.843296001483261,0.8432960014832611,-7.120058895403159,0.843296001483261
1443,-2.401746939834204,-0.4329272363697565,0.6139784354898631,-0.8622133924252574,0.7859928127031317,1.013822821233743,-0.1000766887964173,-0.1356012399008828,0.9570774956948566,-1.4134285374476,1,-0.2671959378989206,0.08097451032368941,-0.5330039251661738,-0.5330039251661738,0.7278527457501927,-0.5330039251661738
1444,-0.3805024735385616,2.179376899950506,0.0018728455881993,0.7402458929915275,-0.6734142395598725,-2.757494884176536,-1.136384081481115,0.6174286309273244,1.5190582933625538,0.2435812066302287,1,1.0389111820572952,1.0448656640575902,1.042992818469391,1.042992818469391,-0.800571338295399,1.042992818469391
1445,-3.248681367974921,-0.2730716759862261,-2.1544130848668543,-2.7120547144799403,-0.8555276879406237,-0.7807688384346715,0.1142917464502847,-0.5815807632272181,1.2470672413990782,-1.6342794044200917,0,-0.7470891213871886,-2.3131930144027955,-0.15877992953594142,-0.15877992953594128,1.8967263553941456,-0.15877992953594142
1446,-3.08836153337509,0.7663446753727449,2.941459409276007,-3.266797311904281,0.4613307130354217,1.8098208709375492,-2.4731616234847413,-0.1305754572951713,-0.6533428302737176,-4.232745216604769,1,-3.960988704235724,1.2346424611640106,-1.7068169481119964,-1.7068169481119964,4.3345311467019405,-1.7068169481119964
1447,-0.7053174889284333,1.9637577568363784,0.6812456113425157,0.4574547214479967,-0.0478589276527573,-2.9734671869285245,-1.6559705778734863,0.3155229409202532,1.3695688834132522,1.288253100592649,1,-1.0300141746217137,0.9890327903054077,0.3077871789628921,0.3077871789628921,0.10761723192974149,0.3077871789628921
1448,-0.8347387918935002,2.574012906886273,2.2090608824956544,-1.220173311212655,-0.3333800556076656,2.5744284945626488,0.2265638964610144,0.0833453509750919,1.5237614064102851,-1.931895135115156,1,-2.8855744202941085,5.009637685842941,2.8005768033472873,2.8005768033472873,-13.445034513652027,2.8005768033472873
1449,-2.251023422163738,0.7821026942248123,-3.570482466385691,2.5096238082261504,-0.3884799067714809,1.1147137134880134,5.100960834170836,-0.0951481230773201,6.418352971340095,-0.322674480515092,0,8.67554748503835,2.312581062009958,5.883063528395648,5.883063528395648,20.61664079798193,5.883063528395648
1450,-1.9648550278279755,1.6296303035412,-0.0533573316404785,-0.434916088846488,-0.9972649579684154,0.7915557646321432,0.2740478376599433,-0.284789409515395,2.0115727436634536,-3.771484311784445,0,1.990630865758565,1.850320809560665,1.9036781412011434,1.9036781412011434,-3.591944008878296,1.9036781412011434
1451,-2.697512363363617,-1.6472956820349125,-2.856805274590668,-4.956276047226648,1.2228079221334085,0.9883240166381052,0.4052984361035965,0.0437103969919838,-1.0954218267156213,-2.8812112042474816,0,-5.948000239179086,-4.098802520521984,-1.241997245931316,-1.241997245931316,0.7990635955135512,-1.241997245931316
1452,-2.1348807437982176,-0.6629746409164938,2.287687915436501,0.328501146918593,-1.6556393601700825,0.6968435725625878,-0.7525479946687605,0.2997948741631638,0.9863406164243786,0.7069667028442086,1,0.10115643868026236,0.8721652798512465,-1.4155226355852544,-1.4155226355852544,2.6263649142794976,-1.4155226355852544
1453,-2.4178027544722185,0.5594710105352059,1.4637344560472645,-1.5436907385973262,0.4819678270528922,1.2216513587430695,-0.6687696052486822,0.1696931579712837,0.9037711097658876,-1.8356883413513687,1,-0.9282155899934392,1.3544358613337881,-0.10929859471347636,-0.10929859471347658,-1.6168014769957963,-0.10929859471347636
1454,-1.0171147728376717,2.8955146042346955,3.442576164077764,0.1572391910791155,-1.12728552370693,1.279371335098443,-1.031651613481109,-0.5277014119206057,1.76859646117346,-1.548438267851988,1,-8.104166568523837,5.3064391548313505,1.8638629907535866,1.8638629907535864,-16.074026653264188,1.8638629907535866
1455,-0.1577493204674027,3.057284110916175,2.624914564651124,-0.9973137092212276,0.321652659591586,-2.162765734365904,-3.2839430636552813,0.8261456160405156,-0.272147048701596,-0.332130500655992,1,-8.251768543759436,2.3982556119120177,-0.2266589527391063,-0.2266589527391063,0.5875757951363916,-0.2266589527391063
1456,-1.0240499380837904,2.05571012713242,3.1228637772519736,-1.1539548780678297,-0.0648714410533611,1.8388024128226557,-1.0056700895067572,1.1469628682551696,0.7193783056747085,-1.3617864834021185,1,-5.369662654926222,4.172903814877637,1.050040037625663,1.0500400376256631,-10.631274216126654,1.050040037625663
1457,-4.407689909728288,-0.0086296471036937,-2.003231058308361,-1.9510834774522925,-0.5054472096535272,-3.467637375171841,-1.5532521124138634,1.2114275036324305,1.7895930826139566,-1.5611141170614748,0,-1.5791689366179174,-3.5651128178259177,-1.5618817595175571,-1.561881759517557,7.5222995249612445,-1.5618817595175571
1458,0.5549741747894448,4.895655562305111,4.917107447454352,-3.2241913389088035,-0.965214076750548,0.3764080909982898,-4.38739511150351,1.8876251206260048,-1.9161610967640716,-3.672235980288998,1,-23.564203974780185,5.425367898255953,0.5082604508016004,0.5082604508016004,-10.756856910194443,0.5082604508016004
1459,-2.1402084919410727,-0.7049923459260635,0.38477630311445,1.909922874177003,-0.0179279682497987,-5.312562655193123,-3.812879549136763,-0.8002932816073767,-0.1239363660088394,-0.5970859598898138,0,-4.246607546473412,-4.1330955919483765,-4.517871895062826,-4.517871895062826,23.460282291825976,-4.517871895062826
1460,-1.0344509361604446,0.305945421793945,-2.997390133417285,1.1688606058020392,-0.1606532863660744,-4.3734933836775385,-1.0069143575374344,-0.2031685289846788,0.847552642828553,-2.1066488939118884,0,0.21606885290587075,-3.698359069160775,-0.7009689357434894,-0.7009689357434898,6.330242316968648,-0.7009689357434894
1461,-0.960644362776397,1.342943029611051,1.1073446035124437,0.8056183469846154,0.7637997723632599,-2.537497004567196,-0.97916010222067,0.0225003882454395,2.0732000923614486,3.72354395733618,1,-1.123317789274068,1.4711275309028247,0.363782927390381,0.3637829273903812,-2.363256669176862,0.363782927390381
1462,0.6539780638145545,-1.0240464537863987,-2.3674210676799365,-1.0625729472149024,0.252033979934877,-2.5624568469057225,-2.224497518115188,1.3845049626510342,-3.5102225274274783,-4.507865796460455,0,-5.6728931208784354,-5.615965039581523,-3.2485439719015865,-3.2485439719015865,11.388549070606892,-3.2485439719015865
1463,-1.572298290350433,2.217148000470702,2.8556239311269973,-0.1843112016778003,2.9141092157683617,-0.2857143231970975,-1.2966699311949414,-0.6292337633874194,1.98104308590374,1.0962758488276254,1,-5.410862819718748,3.7761020004027577,0.9204780692757606,0.9204780692757608,-9.346568048207933,0.9204780692757606
1464,1.497870364495436,2.503195447070131,-2.468244257017423,2.431750108860765,-1.2223646149872391,-0.1072519413633887,2.9514041215671125,-0.9988208693340496,3.1306797867879674,-0.8907471147540554,0,11.633097355060254,2.9863553116198207,5.454599568637244,5.454599568637243,6.448329194969286,5.454599568637244
1465,-1.5092095788374906,-0.4730452825701463,-2.165725515643269,-0.8440392023853073,-0.8447029987029827,-2.966417404982637,-1.57379571186717,-0.8378230611677818,-0.6135864065640482,-2.6618975700350767,0,-3.071327232954162,-4.212566510080585,-2.046840994437316,-2.046840994437316,7.711754208692548,-2.046840994437316
1466,-2.385324201330463,-1.6483342771559824,-0.7134883067213644,1.3446578704132972,0.7834656483247346,-3.544793615459266,-1.8665148518846515,-0.7184839851611164,0.4224564204743048,-0.1261380778520804,0,-4.69091636135944,-4.228337435761999,-3.514849129040634,-3.514849129040634,10.050997024789808,-3.514849129040634
1467,1.018019234269644,1.809579476141372,-1.8605347721054668,2.861022084813783,0.4583179391254417,-0.5625594027013392,1.639677993931252,-1.0736928461974642,2.158651492092046,-2.717229109605067,0,6.816043008322041,1.588722697967157,3.4492574700726237,3.4492574700726237,1.0173492939920519,3.4492574700726237
1468,0.8162568193359112,-2.864273922579686,-2.5585846759755406,-2.795844316312297,0.679373170574121,-0.4869124645498304,-0.7692882748689961,-0.8594597234480168,-4.274133689067843,-1.423695760630345,0,-10.962049563557418,-6.192146873424223,-3.633562197448682,-3.633562197448682,3.089026154615084,-3.633562197448682
1469,-1.5341326950850864,1.5121641378643933,-1.7438973631199457,1.6049507754136596,0.8865794927576496,-0.0345472522619547,2.0016166818457006,0.2472714521087559,3.784552401809089,-2.2232358022724155,0,6.150839872336355,1.769883456590148,3.513780819710094,3.513780819710094,1.3598641173690127,3.513780819710094
1470,-0.8548617980951455,-2.084870302426653,-0.1375446799206996,-2.0738003336977013,-0.0330680013617678,-1.9806233581940167,-3.312281178959619,1.323340922489938,-3.7913173434778416,-2.3079562974347803,0,-5.683914299809718,-5.534696161306972,-5.397151481386272,-5.397151481386272,21.616291432759922,-5.397151481386272
1471,-3.9404032897251,-0.2898712113812474,-0.1309573578941438,-1.1857120259964815,-0.7974854973437886,-1.9002795314031,-1.3976152961550714,-0.069851868183643,1.6638956865185797,-0.5909839687941969,0,-1.7254472755083818,-1.8184438654304627,-1.6874865075363188,-1.6874865075363188,5.421298121041347,-1.6874865075363188
1472,-1.9354907864810524,1.2146911107878493,-0.9053847538017692,3.095309107833064,1.0323893981263967,1.5032467923165884,2.4128273537077587,0.2201893142051328,4.293410671594032,-4.601626030770035,0,4.727281276781463,2.722133710693839,3.627518464495608,3.627518464495608,0.5718464758967929,3.627518464495608
1473,-0.5093784029432921,-2.791824528519012,2.6683697925806,1.2991084734818197,0.3343747468732986,-2.696006787677556,-5.164618195777054,0.894458843105129,-4.35079722559336,-2.4485860503761403,0,-0.5068224862103574,-5.288072931715466,-7.956442724296066,-7.956442724296066,47.36741700224867,-7.956442724296066
1474,0.6990028006339055,2.164896245670485,0.6750208469035961,1.1452018991747033,0.3288915367270408,2.893788781543857,2.4091498903638997,0.6550780176305259,2.468149145447744,-0.987041260856422,1,3.1126960388234783,5.249066982937981,4.574046136034385,4.574046136034385,-5.480460021942882,4.574046136034385
1475,-1.5415869353822405,2.3290776711232635,3.174948886002122,-1.8446994950996816,1.2167234924979469,-2.879249968418136,-3.623806025670506,-2.49116140815146,0.3707881948809201,3.026068817909146,1,-8.689430911892464,1.8802205314548797,-1.2947283545472423,-1.2947283545472423,5.151775377433006,-1.2947283545472423
1476,-3.024975230380787,-0.7824952962177564,-0.3439336396973704,-0.5771202802508986,-0.0575029687949163,-1.9172627958465809,-0.8411071645385017,1.2625774069641502,1.4671615079548028,1.15218035664408,0,-1.892728916030503,-1.9675361004536285,-1.623602460756258,-1.623602460756258,4.02947336817364,-1.623602460756258
1477,-1.6395355743252868,-1.1636308195936402,-5.795819203301748,-5.96332869984751,-1.0769545408779464,0.9092226250804862,2.2443061037417533,0.6847148540498922,-0.8454751031081276,-2.865607352774548,0,-5.6635185656064575,-4.715143919153634,1.080675284148113,1.0806752841481135,1.92718467254344,1.080675284148113
1478,-1.3141195183438823,3.8318496392692953,5.074735193532112,-2.61923130461755,0.720639231357267,1.5149955306299927,-2.183427345388921,0.6427171526314838,1.098220765709266,0.6400196946825538,1,-17.797199926842843,6.723157487412486,1.6484222938803743,1.6484222938803743,-23.049847029423972,1.6484222938803743
1479,-2.5388740027848917,4.260974594696884,-2.372467940040659,3.739892193315108,-0.1885948291474882,1.624265989726048,5.039672128682237,0.2863867439553901,8.749067283920931,-4.056853832999954,0,19.409672342625218,6.928178783338462,9.30064672337912,9.30064672337912,19.278495277145066,9.30064672337912
1480,-1.18448523835643,1.483627941043827,1.5872682994326306,1.731802484628728,-0.7932211972070344,-2.2213009975213405,-1.6694974824656212,0.4556469100885947,1.7203986134608469,0.2214756961965702,1,-2.5407851403931643,1.4013987580108362,-0.18586954142179435,-0.18586954142179413,-0.7832229716013659,-0.18586954142179435
1481,-1.5757416584893775,1.0479916225252617,-0.958045503286031,0.8228816821066343,0.4417606496494793,1.224252735695376,2.26002817847309,-1.188941118053349,3.439093529044667,-1.1825421051561025,0,4.31204346244011,2.3499742977123206,3.3080198009983515,3.3080198009983515,0.45375693022347807,3.3080198009983515
1482,-0.6662007727319765,2.0857610097951214,2.686494476634355,1.244897787089588,0.8844424373817379,-0.3968091418244939,-1.2424379653440725,0.4995589082492027,1.6074549247230303,-0.0153669546043571,1,-4.76006238794284,3.5298175210854037,0.8433230444510489,0.8433230444510489,-8.432873900202022,0.8433230444510489
1483,-1.394325029459459,-2.0564982993933,0.9418599826377964,-0.3268824014607847,-0.1693288571150473,-2.8383817883350213,-4.1955671406084685,-0.402833428474804,-3.2041374791421853,-2.635908795749409,0,-4.3151319874405365,-5.310205457363972,-6.252065440001768,-6.2520654400017674,31.10198798128049,-6.252065440001768
1484,-1.2189630689778828,-1.7124251177389076,-1.168764221630929,-1.2403904173888454,-1.3657959280509446,-2.100961262557448,-1.8466854314404189,-0.5237042828895252,-1.836785062871976,-1.2967804463219892,0,-5.560531759014693,-4.7278747708102555,-3.5591105491793265,-3.5591105491793265,9.695811192848502,-3.5591105491793265
1485,-2.0392002725988685,-0.3685603863358362,1.3786364068667163,1.173224942671574,1.5051959988790395,1.0040272690384353,0.8831501512788797,-1.55102618198332,2.6175953303350536,1.8116251149200135,1,1.0227005316744895,1.89322617180976,0.5145897649430435,0.5145897649430438,-1.1197509803174492,0.5145897649430435
1486,-2.424725808096253,0.3587752380476392,2.31046074116533,-1.1593751459881816,-0.2867216948200629,1.2801791097442672,-1.0444455367644887,-0.9906540774992384,0.7723812278585229,-1.2624987624894928,1,-1.5146064011281657,1.6247904424484805,-0.6856702987168495,-0.6856702987168493,-0.6771897668756859,-0.6856702987168495
1487,-3.4841318348666377,0.8179101137409525,0.8360212382280926,-3.459605671795431,0.4340684871831768,0.0954698812279803,-1.2671145595936653,-0.3829992144834577,0.9967564041260772,-1.013597675289605,1,-1.1329946719017037,0.3868167923753798,-0.4492044458527128,-0.449204445852713,0.98417673456259,-0.4492044458527128
1488,0.4173000937694755,0.7494736339436424,-1.2721669614732032,1.971603991283626,-0.212451702713056,0.5464320538439253,2.390199581971203,-1.4247656537214894,2.465709858262443,0.3798016520294121,0,4.093128811513209,1.8675062544416425,3.1396732159148457,3.1396732159148457,1.6593301668971892,3.1396732159148457
1489,-2.2879818460964776,0.7924030877665281,2.108569126094582,2.291580359678748,-0.6005066354139633,-0.8408814038123371,-0.4681717306226652,0.2736145811657051,3.220867698994132,1.4127682645295534,1,-1.3466053291426534,2.432800483238445,0.3242313571438629,0.32423135714386275,-4.208683757314602,0.3242313571438629
1490,-0.6067158580709902,1.218783333974084,0.6485463653660419,0.4808531692654547,0.281348347489577,2.099818952990315,1.0057597852140503,-0.0519547709007779,1.534286838078081,-2.7936662813405126,0,1.4341056177705351,2.873089484554176,2.224543119188134,2.224543119188134,-4.876517359606097,2.224543119188134
1491,0.8059285350643419,2.490346539192877,3.6227180398474776,-1.2521608192156524,-2.799964302593586,2.5028357189942785,-1.711916950649877,1.1138623979822204,-1.3343652097008196,-3.575569551503923,1,-8.24339374446277,4.401147628390477,0.7784295885430002,0.7784295885430002,-11.270740904016874,0.7784295885430002
1492,0.1891636884950271,4.464623680584472,4.020437028315353,-2.385524567441761,-1.410467416412775,-0.2931967417254804,-3.592666268890817,-0.6893290680800719,-0.8111886382383356,-2.2953695316962146,1,-17.077780951221733,4.892394440009008,0.8719574116936548,0.8719574116936553,-10.80683929499218,0.8719574116936548
1493,-1.93403736672779,0.9109799976015782,1.4626891436767813,2.5462156190467446,2.572752389244474,-0.880218147941866,0.1241808393702056,0.6943263811492989,3.5225671108922016,1.6009716017563178,1,-0.29731971562674486,2.497849980648565,1.0351608369717837,1.0351608369717837,-4.850070489352189,1.0351608369717837
1494,-1.3337348285267554,-0.5691871436122207,2.32236951111758,0.6589101652543321,-0.8001752986641041,1.3574807064080645,-0.7193829597923612,-2.061523112112249,0.2558237848131703,-0.9768749809545142,1,0.03329276504054324,1.0337994077129982,-1.2885701034045818,-1.2885701034045818,2.0941454069763266,-1.2885701034045818
1495,-2.129822524105648,3.112988166477563,-0.5882084102452719,0.4545801686739432,-0.8455521763546138,2.585417982254428,3.431838321217682,0.4050353858557128,5.624654951705405,-1.839638901912096,0,8.375912308211356,5.956618077449973,6.544826487695245,6.544826487695245,1.107155518349093,6.544826487695245
1496,-0.9828962998993196,1.999488926961379,2.367798516329761,-0.555550801190877,0.1936617645167992,-2.80381950312427,-2.4448670722125327,1.1549975605416176,1.078577719049068,3.804920206037973,1,-5.179765059928092,1.922420371078607,-0.4453781452511538,-0.4453781452511534,-0.23405413971530997,-0.4453781452511538
1497,-5.247262835659736,-1.85591727256868,-0.5796697066343788,-3.979376454387654,-0.429991408614839,0.3502587207014933,-0.2970488392126404,0.5399509007551029,1.2536227656608063,0.180285288349246,0,-3.2287851327088832,-2.7326358184156994,-2.1529661117813204,-2.1529661117813204,3.898020922147034,-2.1529661117813204
1498,-0.188357344731306,-3.2140221500426867,-0.6603951158090479,-1.0150279752253082,0.3947573891079933,-3.43544282159824,-4.089789381365199,-1.5763089967712456,-5.015508007664169,-2.209611743771462,0,-9.426336061398171,-7.964206647216933,-7.303811531407885,-7.303811531407885,29.87187083256207,-7.303811531407885
1499,-1.0331422189137347,1.6023704581017384,2.0226524114688407,1.663542856111576,0.7528910814937849,0.7664392228966932,1.031011396483861,-0.1786808876079835,3.527818073119506,2.725950364092501,1,-0.6076566165603126,4.65603426605444,2.6333818545855996,2.633381854585599,-9.46747009210635,2.6333818545855996
