f1,f2,f3,f4,f5,f6,f7,f8,f9,f10,target
0.16751897293480789,1.759890437269322,-0.6814305494362397,3.0274430341073493,0.33649978882090087,-0.27331889396290854,1.2225525531697263,-0.6723935843265022,2.632447295005968,-2.410573051850007,0
-0.35436944211355237,3.2842083612419293,4.212728291150685,-1.9177146600606565,-1.4413417457153697,-1.34772768931698,-4.082946968052413,2.2999691243864735,-0.8816997954552249,-0.22412886466529836,1
-1.4652166178286719,2.008237737964633,-0.8999531304082328,-0.685609718726699,-0.7100154428915523,2.0174522784286744,3.075882067525303,-0.7598021319877752,4.11754927819336,0.6601194389984868,0
-1.2078467493364764,1.2635653757376644,1.6135049282555582,0.3115051146834593,0.439842886472828,2.381382742294319,1.2073119942509714,-0.010939051960085844,2.4503033341821125,-0.36232751957438136,1
-2.939238382461511,-0.2908533784625478,0.790249240995827,-0.7676246851713125,-0.04166002338133474,0.029639680322122164,-0.3528390405292038,-0.3277950558774631,1.6920996070319803,0.35513404650851843,1
0.07076240946604329,3.271451125971021,2.7018800115778725,-1.9733759930170396,-0.41192323438595313,-1.6732037275942349,-2.90064426456216,-1.229495157708088,-0.2852758373948314,1.0452246020671045,1
0.543188312829598,-2.597826579908121,-3.4039939110534476,-3.256788946732497,1.1626480586861927,-0.49166432863281706,-0.8737680742843286,0.36254309109296134,-4.5167978838735765,-4.008280659354001,0
-0.412305637288356,1.0093946270869072,-2.0620160161502668,1.3228824992183628,-0.5511162400406288,-0.8053866105621221,1.4481842689353845,-0.12666402734766338,2.2854550285877906,-1.3348174839296134,0
-2.5932006811525588,-3.0767996437328113,1.5814335713230072,-3.1242759084203113,-0.5953056976939823,-2.216428076445233,-4.974885471556316,-0.5527909175451801,-4.367069095388696,-1.450661717656905,0
-1.9387272357511234,1.043691563215587,1.643157601031323,3.1598283943405465,-0.6842421805152435,-0.6014061243559261,0.04185062594973619,-1.0878930121092583,3.554365904382494,0.08986081182526173,1
0.062170201188510577,4.2844954828096595,4.374413956973534,-3.1408317737867923,0.7906723186907282,3.0932374584527143,-2.0711966394967893,0.9845928948957969,-0.7053524033861197,-4.341077752239274,1
-2.3005628501297326,1.7455197061397396,-4.326069594831129,1.0853431857744997,0.5032323845324963,1.5047595716213507,6.542204167762518,0.9338104260749966,7.821435158444014,2.41024198451129,0
-2.14533341971002,1.9115379606690466,1.9917071689277561,1.2050522011019542,-1.2960486928239283,-1.8854119438309318,-1.7363138753640295,1.0179570524293595,2.430861362133388,-0.1974639729026455,1
-1.7977893544318302,-2.752942244308934,-0.2753087271535182,-1.9006915549267407,-0.0963846363148971,0.12649567718414678,-0.8603434788044312,0.21446326746755132,-1.6397304788452716,0.035498354645581154,0
0.7619403098042712,3.222921551941431,0.44071269633455046,-0.0994920078919237,1.3908335481766434,1.2151840963632776,0.9463543738331459,-0.3199072780029138,1.709856362927672,-1.611896531577257,0
1.1217071125845717,-2.8101817630345294,-0.9383279475514984,0.02434335158902745,-2.388531462477686,-1.2391447733439507,-1.6438328584803792,0.5251693132621684,-3.874555320330555,-1.393938039597943,0
-1.4009906880764833,1.1573363756713062,0.2990453682507499,-0.0947745404637581,0.6623068966479679,1.3987752615569515,1.4632509650846564,0.12060854761357863,2.690566403476249,0.16635966710655214,1
-1.7967721665169742,-2.118002105787171,-2.8159049559699625,-2.6699365593180993,-0.4469775528060408,-0.04661913111388549,0.7968712192561598,-0.30056939058524895,-0.5179621423620728,-0.3338863294204817,0
-1.7115000058352638,0.9381061867150534,0.35792843953711473,3.034148394399023,0.087204992037267,-1.2654837308732914,0.8272145036467974,-1.4873744464039769,4.028411032805062,1.5929442311362811,1
-1.3158058869948164,-1.4705967666211266,-2.2235863160442833,-2.9853849760729827,-0.8664477699523984,0.5203027164189251,0.0642869271705367,-0.15350069556978385,-1.4978586359649657,-2.8822039346706463,0
-1.5831028515346293,1.6245297579675144,0.905057707045536,-1.4746141555585022,-1.5031550695996019,0.7959548407321332,0.1581668967810283,0.29401639930663104,1.793922102806717,0.06626101320634037,1
0.4289189533430653,-2.910371181038352,-2.074623523899609,-2.68921757315273,-0.1439999777016611,0.92705474558245,-0.2516724644378902,0.19261914758693635,-3.8912559894528767,-2.537528953907073,0
-1.931855211920173,1.4577288341671126,-2.9292011445129664,1.8014883572790068,0.7932624959550306,-3.5358059874606704,0.35418847108906854,-0.6449284603222979,3.385078621621437,-1.9887548578270355,0
-1.10709935946733,2.0741180902761562,1.7905866968804962,1.2210581244708116,-0.7737805788906578,-0.35144867860909135,-0.2532980899240254,-0.9857330334274744,2.6725099350081463,0.6619335244612067,1
-1.5273689994215562,1.4630530224938465,2.930812172917056,-0.0022223956158480274,-0.30639542708651957,2.0404876193866075,0.28105505198916236,0.2850347420993615,2.346186310785397,0.9713571397483993,1
-3.4469180214191253,-0.4918331360678667,-2.39730610350398,1.3358190792753466,-1.0247507500763902,1.9479884283659543,4.346519652948531,0.17557408492582183,5.601939625907643,0.026462377769645773,0
-1.1804887408289764,-2.4667778353479095,-1.8740926958845403,-1.9246091903564624,-0.8938332206390901,-2.611428450513433,-1.9848632544615359,0.032264810771252796,-2.574890689656273,-0.6241671381910162,0
0.8770838078304961,2.251039280234016,-0.35684886136513927,3.450425929307296,0.14341763068147614,2.09940309733785,3.1494595818759756,-0.48462856460008136,3.6749491038056123,-1.932060196763078,0
-1.805288226985097,0.6651136527896517,-1.3915320663137107,2.0705253587786183,-1.2451505759600856,0.44308258542592927,1.8756611294263352,1.2696132625998429,3.418546029005081,-2.9109798789100747,0
-1.1678599454212237,0.884262610468659,-1.6935255131020295,2.8900333550211967,-0.265924194072433,-2.2369045377276593,2.2202821229959793,0.27403884064930323,4.843901980983739,4.159016169802532,1
-0.4748474520899635,-2.328872679546379,-2.2101834186577376,-3.747056426213858,1.007117823412373,0.6159250592348435,-0.524413036814972,-1.7890123905014412,-3.3995667893005868,-2.820593287310772,0
-3.9411669339804627,-1.194871961930014,0.4439762275716328,0.06683194722194807,0.8049425736373473,-2.337885542441221,-1.6842612890985258,0.6248178230538752,1.5935258033199504,0.5698975897006964,0
-1.3614797925668645,-3.729717268187668,0.2977122577938207,-0.11032156317392872,-1.116064176071895,-2.6360794341770797,-2.9724555530395245,0.11833021889820218,-2.9381276919906805,0.8750110073354773,0
-2.8976624951952354,-0.4452191573514599,-1.3995469460814638,-0.8883317386479266,0.3476735422449994,-3.3560158229693,-1.4772102876535975,-0.26867787752495675,1.003989502382097,0.10652553774647222,0
-1.7904372897822218,-2.0118739461558723,0.664833811415575,0.8159562626917798,-0.08857106726878992,-3.797077446950916,-3.431133681437919,1.0685495584552998,-1.4164909602968878,0.27376998309476797,0
-0.5471060925128789,2.0028100789819208,0.7864473621369439,1.3908895845067057,1.1584719964733277,-2.203707245451601,-1.1190382694492282,-0.8193415927345735,1.7556517127070925,0.18376490358071096,1
-0.8620295184109884,-1.6311144287041452,-3.509791835370237,-2.046455556108679,1.2950071499384181,-0.4071262707190608,0.7249502069483205,1.270088025254897,-1.014738917677623,-2.2588100318532125,0
-1.124238048367772,1.107336709498365,-3.53147752752125,-1.342423457459475,-1.1309873884855863,-2.8807059945401736,-0.3637915305241644,-0.4908064664964202,0.592070118754044,-3.1833618938246016,0
0.7780398342802246,6.268255583745862,0.6305044447452275,0.4180382898127326,-1.7759822469618927,1.998297082345489,2.150540031052737,-0.37146202108768545,4.396944522965742,-2.8479885652011463,0
-2.0229438479413435,0.5447377980919703,-3.7113199425617824,-1.680089970571273,0.7787743079777822,-1.8055857604031589,1.0747435382085169,-0.09734596889273275,1.9665365532602959,-1.096887067331085,0
-2.2955179660682896,0.2824182134883235,0.10789801677197852,1.269526654871047,0.039569724133648135,-4.176372821788615,-2.84380847491698,-1.3135277983539944,0.7993508969000347,-1.4244968177777284,0
0.14921343875097448,3.078227277414462,2.3819984573099156,-0.9056741728771898,-0.6886944334452347,-1.05069500816252,-1.8470110658321877,0.010021151740569072,0.5717094500316534,1.040091934259022,1
-0.752609812241194,2.3366978793120925,-0.291414932327974,-2.5728241129942813,0.2316480716109227,1.184798371675576,0.4540317548145283,-1.1363751667038573,0.9865013979092448,-2.1506913388171403,1
-1.4232079255438084,2.815840540581139,-3.4147959836093555,3.5464115022011424,-0.20731609600824458,0.31141530070032664,4.342345354633597,-1.587188069678454,6.607058088996057,-3.305092682121032,0
-0.8821928941891067,1.846103452257925,1.4128825618579341,-0.36556735048573885,-0.05247385606304944,-2.00539041075178,-0.9073966366944601,-1.3646763259005417,1.9781159858415478,4.359337949974803,1
-1.6901918337435733,-1.5166796197817312,0.5098918236657783,0.7073271068620364,-0.20716168909404023,-2.112541051858016,-1.7016435665210043,-0.3812372872728735,-0.13749775125432,0.9531295624008194,0
-2.4697375824732353,0.9496434796857811,1.127108210898559,2.139391555859947,0.5001128296208667,-2.752478175800192,-1.1261781391892591,0.33607541250534645,3.160466929810877,1.6281124306020862,1
-1.963444448011386,-0.8472645149425926,-2.7215176494857642,-2.512496254856246,0.0765180622437113,-2.3612991312521743,-0.955128046853862,0.9416190135514908,-0.6150888682291686,-1.4479758647216334,0
-3.4693690370231076,-1.7821021411572233,0.5777232241784445,-1.0420888740066854,0.20139455871528109,-2.9236406607299044,-3.086107067661229,1.494141897266825,-0.5489976771444356,-0.08361087082740437,0
-1.4482291521323352,2.875159929012987,-3.0618163882772946,0.9209960787027864,-0.6008871758538126,1.9706810301152646,5.4582631826050445,-1.5649738934417794,6.76373774055194,0.2964505136419193,0
-1.4834875015226643,1.0571561425233025,0.5574991688550087,2.410093381305621,0.44841324947910954,-1.7667664658536126,0.32028992033543024,-0.2673170231678089,3.537421508376826,2.5719433931075155,1
-0.3990622526580696,2.1229739770796243,-0.2767121958312275,1.225205073105978,-1.0958708107987174,0.9682147029942142,1.4833862893707106,-0.8358702556183059,2.7120084762604786,-2.2607738493973186,0
0.49037955233208774,2.2206093323038347,1.1039883392879666,-1.0770859111351316,-0.2617807223427068,1.014927630324609,-0.42169902464575243,-0.9262391125885509,-0.011632578009720526,-1.9390159403737353,1
-1.6588973485804255,-0.8611510201300722,-3.085359453454699,-2.329093900191327,-0.027214132377857005,0.03587258494490775,1.4532563822566542,0.4788475732177351,0.6839727905388692,-0.6501948847967143,0
-0.7735005982492146,2.873097454392498,-0.1460813877263929,1.9362202244662685,-0.9989363762455913,2.483398618375676,2.6286445916506684,-1.2540226524285165,4.134555010048076,-4.0125747940850225,0
-0.9658402875840655,2.3207605104182685,-1.8264759531242172,0.7664099503454578,-0.7019572982951219,0.6978771245270786,2.426548813515768,-0.5632097340426203,3.7103673946326143,-2.4255049067852044,0
-3.07399874775117,-1.9928093196913435,-0.2276916872351067,-1.745214466851578,1.4717088983618904,-1.4673969010042294,-1.5562530070795568,-0.05008059885646664,-0.33757084046869346,0.39520197035109095,0
-3.1896201455402453,-1.0512298990152094,-3.044235646369909,-2.7288753708902966,-0.7084881015290911,-2.416920550637976,-0.8253470899709477,0.6389568142127453,0.15638596788383588,-1.9899418196111096,0
-3.6919340929392925,-0.6463551491541037,-2.8734460975480327,-2.418917083383936,0.563673654270156,-1.8685742023414014,0.4558259939774588,-0.08187417719083905,2.076139953900321,0.3934024991422951,0
-2.068623588378398,-0.2913784895598668,-2.102300042222263,2.18565917298575,0.9926281029794295,1.3523390886372009,3.460064176184926,1.5579054323183568,4.270792572783811,-1.0981187558621963,0
-2.2238090211277335,1.3653899814505686,-0.37330086903488513,-3.053632678856883,0.23946698878043493,0.8524463882141192,-0.14629098973933677,-0.16833763423719086,0.8847342567723775,-2.8520630406860112,1
-0.04896174382816598,2.7807339607047967,-0.06716288696991413,1.1921327282419185,-0.433990462215957,1.960137891795889,2.253772666269496,1.7872399646046684,3.279071867469528,-2.153495821571259,0
0.43641944649745956,-0.6245145956231083,-3.098804529345492,-0.544039670190814,0.5487004763949003,0.03298951891636248,1.3573740714210094,-1.5144140623981206,-0.446635633282464,-2.2848741151390897,0
-1.381717259889255,1.0964816288688093,1.840435207308324,-1.3470470357893922,-3.033989362145269,0.6924094641987851,-1.0543778551098877,0.4189116113727865,0.43861229957923115,-0.8481941453302919,1
0.2808410965536068,3.2348565477159856,4.814776002797593,-2.321842241499012,-0.09860839900467729,3.020181482211582,-2.5297774918541145,1.1263934497220656,-1.527819819009193,-4.357781908969681,1
-3.3428071688554035,0.24852190029542065,-1.8875564121381845,-0.5837150337666427,-1.7262139619578896,-2.990687100129156,-0.6826958556220483,0.8254145978230849,2.26696927645503,-0.844862079736877,0
-1.1673136733027851,-3.5954646091348,-1.3669355358451631,-4.359345219529765,-0.8501977458146558,1.163081641721622,-1.0862056359220933,-1.5772283709195007,-4.227677350241646,-2.3186153402195893,0
-2.2252730831354324,1.4586693163111748,2.253432493684956,-3.022549955624018,1.6785739643487574,0.12189622069906747,-1.960752924891614,0.2669757831275602,0.27170807132122476,-0.06686999892552947,1
-0.9828285805246545,1.5230871984407508,3.1937249665986998,0.027752000219561257,2.448586988174057,2.9398456323422217,0.10823512363226205,-1.1275909512087632,1.4567384923002173,-1.2209089131745086,1
-0.8917549782391397,1.2148185739084412,1.0885181052325885,1.1969274763764408,0.3975277565731539,-1.6787568366505587,-0.205906997058895,1.056288483746123,2.5136393051532617,3.6866559769864056,1
1.5722278562121295,3.741508212604165,-3.005080289450607,3.6227712886382624,1.0185374276503947,-2.4003505905976636,1.3709884656475304,-0.7982060763581541,2.9793883870152116,-4.36932288603068,0
-1.3351787419516774,2.326459187107915,3.3973957644324013,-0.804285747742985,-1.1497414553678929,-0.7122590846960054,-2.1957598538810585,0.16614061307833064,1.1258348964577654,1.4283658446266103,1
1.4231168165504187,0.9113133074697493,-1.686227681075864,3.42094036156894,0.019545844798181757,-0.721864001787937,1.5383395176113264,-1.7680567191743972,1.5766501047945383,-1.6667860534727208,0
-2.920367050170028,3.234743294516165,-2.5390445261740555,1.5501690788085405,-0.9607795582448903,3.375729840986444,6.7221168791836545,-0.8898447709411417,9.115759373600643,0.2221132687239109,0
-1.7368579825591681,0.2681067030323654,-1.9526852729983935,1.632760579783907,1.278434957965715,0.5775703501051451,2.864840504949024,1.4955717364824264,3.9470221336946145,-0.29461979962376694,0
-1.4009242258371883,-0.009595152328278234,-3.5126032634410183,-0.6315765213267426,-0.3270734308637865,-0.7544179031781982,1.5239924804697909,1.2710300994311405,1.5529005552758242,-2.286500871540345,0
-3.265726218851529,0.06366205084205845,-0.5949014637150428,-0.8114817218926949,-0.023393960243946223,-1.8044590773278388,-1.0742984852168336,-0.5927992331786469,1.5704966665762539,-1.4437089974564528,0
-1.3555665855680818,2.7434625464220344,1.5570818321894753,-3.1284535049935256,1.6028442471779696,0.7960936864543134,-1.0762742946375772,0.36736034914748666,0.6740978658243446,-1.4387748049125206,1
-4.093205622601905,-1.9857484108153187,-1.4900472923466874,-3.0303609573599743,-0.8033604327656939,0.8436750452352917,0.536372063362126,0.11835020112343628,0.9127844192978515,-1.1560408978300005,0
-3.789270827076146,-1.637591986169596,1.3062782437364153,-0.7169876650418292,-0.12454847968642378,-2.843228642039062,-3.840044998022332,1.2869472861164193,-0.8054776086215241,-1.7387969000508967,0
-0.6792820053103092,-1.9742823206205413,-2.8459136721448703,-0.03823827234462529,0.10269051674858726,-1.332125120236836,0.5356155467103472,-1.165974185680461,-0.39608726999992105,-0.5755553380178579,0
-1.9521526615271116,1.1734305034581154,-0.35987918695288235,1.5827976750524613,-0.8574424295472166,1.7677376233101436,2.1789105111365057,-1.4194331965450098,3.8056378481431077,-2.6765961107641645,0
0.21220271245396716,2.0156724380316353,0.2899280593324538,1.5080358736899786,-0.25308684101411083,3.4123816720202718,3.254339062665857,0.9937402628679574,3.386347828189763,-1.1135230448531999,1
-3.0245937390354936,1.2574578823951184,-2.6850158116738934,0.029337451254469293,-1.3945284378654765,-1.6944143100018632,1.471153914203673,-0.6683581639908888,4.208210994690561,-0.6854666401505309,0
3.2876911154991006,3.6408893738216563,2.7988549498427,0.15559139193330407,0.18087111148243243,0.20729579969265766,-2.374139307238532,-1.4942635290662387,-2.2349805714920943,-3.268379522801118,0
-0.48581380833850263,-2.051947556943489,-3.1669367999355114,-1.8278719000408234,0.18606843247054689,-2.0359361620454126,-0.3437735907479912,-1.3070983443991324,-1.7468460439566327,-0.12893454794150938,0
-4.175390521687087,-0.5710154706151402,-0.7624538026597077,-0.825699533174673,0.1949677059907586,-2.9510095644718337,-1.8359594916086681,-0.6553275232007943,1.5067987461797439,-1.2723231585351376,0
1.2821502215112917,-3.099029195108315,-2.6577225733732357,-3.812299565421078,1.134768614866765,1.6831735468305729,0.14334568035273954,1.1760109851977065,-4.9693054160962555,-2.722951429981739,0
-3.2579482566114923,-2.5862397500380547,0.2843247277121401,-3.760823387029608,-0.129297457035508,-0.07918653688552868,-1.7720544508088996,0.2066776285391162,-1.6274126089818721,0.24211460109692573,0
-1.4818119780496455,1.126003144196308,1.2614325307706964,3.074878624368548,-0.2712965631476405,-0.1757049819161256,0.37485845218523506,0.10311758244563701,3.27319106649425,-0.6865408894165017,1
0.6143345479297433,1.276889740287658,-3.382628426496538,3.2220409086942565,-0.041491104577379236,-0.6634909166853276,3.0670252901689468,-1.1173270089312346,3.3434879562581554,-1.734502490343444,0
-3.9421579532960944,-0.025131729064728825,-4.100799464002756,2.1820956631399273,0.2932844290048521,1.8199666067917701,6.713242645241491,-0.01813424350808177,8.477686127102215,2.2076589008049963,0
-2.8750046766990933,-0.9270347529985496,0.3283832733233416,-0.041729612589334275,0.46852360281883604,0.5118615450690535,0.5051865975933061,-0.5373625893133998,2.0544927537109903,0.5467707241975459,1
-2.6549220676760497,1.7278009794674518,-1.916161952617696,-0.164033385551702,0.22992434541793752,0.041894834181112506,2.0417897052740352,-0.6257730437317763,4.268610761083598,-1.4149523641013013,0
-3.8704127634064993,-1.2812461692543065,-1.993423237742241,-1.16081916329092,1.5907957421712526,1.5747305948659414,3.0576510505484076,0.27168358450003066,3.8586538428772483,1.3849451447106187,0
-0.7812266793216696,-2.328039764370182,-1.038073498691878,-1.1948087696065335,0.07488758437155775,-0.16526179904013394,-0.49768679114726827,0.3899455993834367,-1.7614025582660684,-0.7102804335199744,0
-0.8325267152489706,-2.7957481689722634,-1.2033684360541956,-1.4977189656598004,-0.7287901963773834,-2.2287988465186768,-2.1042303717047632,-0.8507827486281534,-2.9460333355428285,-0.24351161244965636,1
0.9694611081546252,0.9919075925394812,-1.0786660221657538,2.0420949347277655,0.829149035059542,0.5656183772311671,1.8422270472903528,-0.4037034339979068,1.6352608811092453,-1.1025646473018498,0
-0.26979377503961155,2.626612896051746,1.8798077960081216,-1.280467584615498,0.6084916486780788,1.35761761214466,0.041516991230281845,-0.20963999341916223,1.384697096774704,0.29221387832663215,1
-1.5075508023825772,1.1901813834706862,-1.836577783550302,3.0965236798087448,-1.873240111819152,1.731025385358416,4.281059078422762,-0.4992476144946552,5.667110125433906,-0.8738106965318934,0
-1.1444219878855402,2.3050182348475143,2.734456832729656,0.22822180991429364,0.6188603301446354,0.14344253670140272,-0.9844260511655265,0.736763345167897,1.9058205502122958,0.3009921470665411,1
-4.372094346010526,-1.6200100351394477,-3.1999461959965916,-5.808749136318881,0.18146106348063867,1.2907119955860966,1.295296009210203,-0.09427271723096599,0.686259906820235,-1.4686408826241628,0
1.590608935395208,0.8859267525418716,2.034494811171155,0.6609234287967399,0.9907108466240852,2.1891090588372206,-0.11862926154906658,1.8480401917708498,-0.9344014456147258,-1.7213112410745146,0
-2.336839822731026,1.2839888340243646,0.5230541085226599,0.3898254880241432,1.0440251294423797,2.0036120159140225,0.9690625741584475,0.12063476089345412,2.7275744598497873,-4.019941725352657,0
-0.8791834809120386,3.5386361839602096,0.6465149138260742,2.2572929611004255,-0.5387848378473886,3.534708735411601,3.1194979943081114,1.3160074197184983,4.986571406426464,-4.185819387360086,0
-4.6283382648892335,0.46973131235240184,-2.5279445652004418,-1.3223029328842295,0.3142674218011834,-2.0758164617151302,0.8554903910217783,0.6573210951195391,4.22269571086495,0.21355028011724264,0
-0.1532829411343133,-1.2074580481161077,-3.649245545449649,-1.5022602764201607,-1.0325332762094106,-1.6233991125457599,0.07402917549058,-1.812727965073143,-1.4207408673352007,-2.2554086280543855,0
-3.7262608648469695,0.11664210764945837,-0.8163924025208905,0.013903945955394681,-0.24072430398905076,2.2652255627296327,2.808247913972726,-0.6110850624767177,4.5339189955153545,-1.061989413919691,0
-1.1963718480622405,1.5639914147740024,-1.1336612514624322,-2.4729714209803872,1.3561067142103251,-0.06799561091205919,0.31765693987252164,0.5292999339436693,1.0510979644091152,-1.0441239766150123,1
1.9980052803301454,-3.6583231578514734,-0.11974714484678639,-1.74292003271588,-1.1819955218978246,-0.11820790819499294,-2.937059795968288,-0.9593549606481229,-6.995010605959473,-3.1922503377329976,0
-2.1343453265937367,1.4652898817016071,1.8687699403393658,3.242731775006968,0.13549137231676192,1.9430027997957744,1.7995280668597635,1.2473036506646777,4.811863713235995,-0.8455764791850493,1
-0.8085441756025722,-0.865457171867655,-1.807798498014727,-1.9886074418959132,0.043900533123388444,-0.938633136081915,-1.0280230514814515,0.29008789963543236,-1.7464758268954983,-3.1168791554701767,0
-3.410063536227499,1.090849085424777,3.042569340716801,-1.5965169804553454,0.21272612119178486,0.5672263823158198,-1.213669052818845,0.6381840407282129,2.2041914528894786,1.3837353772121679,1
-1.9089239159952829,0.0006474934972746649,-2.0466561037811064,-1.7761754566274413,-1.125096327023029,-2.3267747700565216,-1.0762931099989557,-2.2484965344996555,0.03209660702818321,-1.8982092871057996,0
-3.0004100047770255,0.07313524876545396,1.417381038677816,-0.9528262221410737,1.7123046874375993,1.2142865078477394,-0.09729549316407095,2.5460545359427917,1.8520924817413096,-0.5040179927241978,1
-1.7796675437872511,0.6443159672039347,1.0895467415718607,1.9811658874704035,-0.3700224658372443,-0.9447730914706967,0.8423878793356291,0.3987128017903442,3.8879230224670813,4.41542261125504,1
0.6683964709379535,-1.5902553832553508,-2.6169608142703282,-1.9837701544139854,-0.1513974919414092,-0.5119198759367916,-0.4900200200404023,-0.6705431614166831,-3.067598728799636,-2.996833095160773,0
-1.2817291363695182,0.05207407609792525,-3.188178625545715,0.4629663013708589,-0.0785907959688194,-2.3177353350443024,0.8125537711955662,-0.05589646661359551,1.7935637066306152,-0.9089537662761501,0
-1.7833589785999715,0.8381178740972612,1.5634587391499186,1.9016621561644684,1.045056145231206,-1.8070805203245617,-0.602928834144661,-0.42158231144029273,2.899598557877383,2.8986575328037145,1
-1.691612894464771,0.4674371774963315,-2.7494597545847554,0.7814621202899132,-0.6270486146977409,0.6474796145601898,3.5569439524618365,-0.49154441380690456,4.285766167145854,0.6695368546433835,0
0.7274041294917368,-0.9443438530157269,-2.8387751418706095,-0.87457311947985,-1.315438265887262,-2.0561226332653533,-1.4410356360587793,0.32005819149324455,-3.014942614642668,-4.734221166382168,0
1.7206354399931043,1.8549434251780177,0.38819732172785515,2.345293019335457,0.9466183083304367,1.6737736156948404,1.9259621522374575,1.612868370707128,1.7491405846451704,-0.6642918503907799,0
-0.7520989721398378,3.7899293311639295,2.4962020376803022,-2.9868608472397766,-1.4108022850909592,1.0557494048324352,-0.8602042414849594,0.20348200345228765,1.3049697242626204,0.31774765562225804,1
-0.5624905410584166,2.4439599212186356,1.1346876089213125,0.8962930190888467,-1.0053151259972355,2.532721015966036,1.3523423232226504,-1.2590649114481933,2.5815551245046833,-3.213745721969125,0
-2.1932361604287154,1.5967276825578458,-3.1693793123755745,0.24816303150852392,0.5080122910545997,-3.21587411528656,0.7295220132513768,-0.6401465050936997,3.509112256264236,-0.527036548195991,0
0.5226048967402606,1.5787066511411618,-0.21620076808129784,0.2649147992514116,-2.7452995536723845,-0.12396331814637596,-0.020172473136935362,-0.4894142344944204,0.4020554311833697,-2.012431470099642,0
-2.0089655886595446,1.5925804329276885,-0.7028600750529508,1.5443304161871445,0.04154184056389461,4.203020117049696,5.246899861205544,0.8229885920033214,6.292579523185798,0.04226339267259216,0
-2.0813035898750534,1.0139347158447733,1.0415777121261076,1.9491769950034803,1.1222033332933687,-1.911722599963993,-0.18547169982717676,-0.20331828541750677,3.5295411262995966,2.7980663750704675,1
-0.5288162888753307,2.877964975749886,2.585208624799826,-1.1197369869664264,-0.5831228313242981,-0.6980167335667633,-1.7028687884058211,-0.08701522331813741,0.9914449999674577,1.199020562878808,1
2.9726985728674675,-2.174131947414541,-4.1171737730299975,-2.302585560594588,1.5789450927179753,2.1703496028924114,2.0432469635227224,-3.0185567705677925,-4.037982215334494,-3.2640150716210505,0
-1.0036055354674285,0.5030020779336363,-1.3289397797897076,0.08233853251601997,-0.8146856532376702,1.0115434389308249,2.1629915908066026,-1.0188051975907135,2.454417133429173,-0.08733839630337537,0
-2.326919430023482,-0.5913141532009755,-2.7950304380219855,-1.4199423727079223,0.09748893902369685,-0.9620855576300527,0.9717435766748383,-0.8614434294642864,1.5232331310363267,-0.6073449297232901,0
-5.172441602226877,-0.2407901000807322,-0.362541341063884,0.6650642921962313,-1.5704750453679706,-3.9123000236293444,-1.2254052726924336,-0.6302320736464391,4.034673497587225,1.8711540716550998,0
-1.5613989309620906,0.7382283644112849,-3.033589710660669,3.233561514351489,0.34222557942434556,0.8507293359210579,4.341817093925713,0.2726335143194143,5.517431422548632,-1.2545311396040204,0
-1.7817727629532867,-1.1188291469942746,-2.9820750598948442,-2.3813121242567443,-0.5902219663056348,-1.20525146128365,0.35112151698722505,-3.321114555589139,-0.00015610210098007977,-0.5372688086837254,0
-2.072730117162222,3.6018711588718113,6.465911028190196,-3.3320976710729457,-1.2428715860631347,2.9083850936846893,-3.2189000493363724,0.6325827996421973,0.058609168787525014,-2.416426130913776,1
-1.5565068671277718,1.6596291246492572,-1.6711014788395802,2.157822525110433,1.5761725277413785,0.6539865503829103,2.8792780500995256,0.4123559690859481,4.702259580039117,-1.703039635047614,0
-2.847254215673152,0.5459326024315,-4.292636514396936,0.9888307472842686,-0.568876975197369,2.0742931875417803,6.424832695720585,0.7831556560131748,7.196782995957062,1.5264667732458124,0
-2.154891518145021,1.5631233106946367,1.9478101416588174,1.0500775051521825,2.1168030549638535,-2.4242763574989246,-1.8052625373573445,0.2335950812615763,2.4039568259293476,1.517188029427524,1
0.20228243968817416,1.7842546191318605,-1.4519815076986742,1.9605528928217129,-0.29954941119919215,-0.4724246442382065,1.4612442261527494,-0.7506268219767557,2.462160771782255,-1.781017867970854,0
-0.49791265471567425,1.887573649287114,0.6581477384208483,-1.0075986693258134,0.07427369019014479,1.5462190742180326,0.6665802041457125,-0.04285624766033802,1.3672581875496281,-1.1371298290025478,1
0.7868586135704838,2.017207077173715,-0.40551341346143266,0.19321454873325572,0.16179154060272016,2.7644012537176144,1.9996818452052234,0.6734288127536935,1.273825736096677,-3.6794145423206444,1
-2.6520817070643252,-4.193903658185439,-0.05882066832252275,-3.3136485671183467,0.8290984400183357,-0.36406663135507267,-1.9774547637842967,1.917287968605754,-2.998415174592181,0.8416265219098094,0
-3.0154090582749857,-0.43110806155749537,-3.2362748289788237,0.6395584639978841,2.0084730109816995,-0.024392356012838734,3.0473393248422753,-0.43042769880071585,4.287831557773148,-0.3043754118806281,0
-1.5367518272720158,1.5538501806289904,2.2204153858229576,1.7021621041006378,-2.8106283166180837,-1.2831943351985633,-1.505508771304332,0.06908519272427115,1.9915554043421535,-0.32150059222765837,1
-1.4513135332453049,1.7740124862312834,0.32626411906349717,2.3371572055282375,1.5668547072137862,-1.5176999821817985,0.23015366004455312,0.2736601192125019,3.5246953355670465,0.25477905105195053,1
-0.996651261359342,3.194657669139935,-1.7353325940403586,2.4469828825187694,0.8514099367626543,0.3367112638182568,2.686619342573684,0.9219363780076167,5.018487303277817,-3.3234079800752747,0
0.5013721174107841,2.9589682918043527,0.8727772827809095,0.1232578019543491,2.4015836610303523,0.9898622033697223,0.4468216873125901,0.18496258734208662,1.5167103740684114,-1.7228971106029194,0
-0.45801636538973445,2.9600992818668885,2.7183146026059752,0.015376950110475018,-0.750022681565717,-0.5225640223105937,-2.129402746899034,0.12079023250111028,0.6766731748665121,-1.9581063681771305,1
-1.6984642479534182,1.2719254589518112,0.9213988362987405,1.8509677272098948,-0.19466369502467995,-2.2218090417760825,-0.6588818757428756,0.003582601832783283,2.9123550351403575,1.7317104199175466,1
-0.8838150814410308,0.6099080495717651,-5.398951157705293,2.4743539972262347,0.3310389028172135,-1.7398685076412717,4.278537188944593,-0.589915396249933,5.040560581066747,0.7452808440941423,0
-2.489207280189254,0.9059288966768884,1.042124484218807,1.0548703142510316,-0.28554162530722377,-3.5666474073829475,-1.5326419376851974,1.198225393201287,2.827048276834177,3.6671662471530246,1
-1.4652379541287766,1.4744969813329978,-1.0493877511719434,0.6118707900838597,1.3049626887904189,2.0151992444873468,2.653817434799794,0.4202685290565615,3.558946043416212,-2.373606399304049,0
-0.529566782618811,2.8742360704313827,0.12739424439111935,1.3059685112508173,-0.9073265593722656,1.5022374658299895,1.3874395928410133,-0.03494150045863278,2.9805289161469246,-3.9585119245906135,0
-2.5165697831956955,-0.24181303189929348,1.1767385580566603,-1.3704313369378394,-0.467738683858582,1.9337344010756765,-0.2450824223861659,0.8201435941230599,0.6401460763762336,-2.5740438099182605,0
-0.43975666821950865,2.9851688816675956,-1.4221307340109761,1.8054459567323065,-1.095839163003958,-0.1541515388600394,1.7126508593944405,-0.6710148456624536,3.624238339279982,-3.1576478125514145,0
-1.2025444917334474,1.1027425872545682,-0.5665816069037096,2.2460137982366875,-0.18733030982130086,1.8715874750300303,2.6532797364219105,0.5095135639296859,3.790336468931435,-2.169028297998257,0
-0.10472624703000011,0.42252371749757267,-1.4664475780572224,1.7121302649350354,0.20968606357448813,0.5941481102396623,2.351939342048364,0.4508123363317998,2.4741791748127624,-0.07835877954865489,0
-3.9708757608473046,-1.141736703990277,-1.0754178316725265,-1.901177871854462,0.4329729280436354,-1.5087706561074106,-0.9747565722603677,-0.11382477230747688,1.0316869283873475,-1.0276201531777924,0
-0.6409282065909122,-2.4353469383820743,-3.2737878874706263,-3.5118523410750817,-1.6188225719864404,-0.2647241606740245,-0.17923653971022552,-0.6975419424751146,-2.891017789936753,-2.367293022383812,0
-1.1901322470200124,0.7461467202868032,1.0455013482459687,1.809176527659293,0.5753567245201257,-1.8454922932823687,-0.1462185951046479,0.14340596107130443,2.753046049631391,3.7731537754006377,1
-0.9021596517303309,-1.3217772689916933,-1.8954242904561345,-1.378309720563457,-0.2801110077500062,-1.1617795245543183,-0.8821289987240689,-0.16045004326563395,-1.5362660187367732,-2.57165211248566,0
0.353157400168461,1.791985513454239,0.8521649091972268,-0.16748590475964598,0.4548758006638433,3.084568567564431,0.9262796190009575,-1.0446665306312433,0.5080366563687507,-4.470738374598396,1
-0.8425819165987931,2.150624392704194,2.0591491974539187,-0.3368113371110084,-0.10919309450055267,-1.881049942928061,-1.6081240861545942,0.46215409605967733,1.491785591907207,2.9742219559816303,1
-2.8285989752289478,1.283305646348586,-1.2623126848633777,-3.664365945850788,-1.0910467171940745,-0.8786254725901919,-0.2455724920768246,-0.31120828917368143,1.520568823757466,-0.30303471937258797,1
-1.4667538151037367,1.8185185298782391,-1.4637824563357353,1.080053435369277,-0.04991023304116202,2.1822802447809284,3.767363105385203,-1.5058324053306205,4.872225515042391,-0.984463315116739,0
-0.8294559773813382,0.26049648098368894,-3.8603376063600807,-0.8112881732433365,-0.4093202145866852,-1.8769116540896593,0.6295927343156128,-0.07398478153626888,0.6048490251087145,-2.993773607480628,0
-0.44407209435113426,3.498764179341066,0.2034477279484912,1.4209596210343713,-0.6132118924759965,0.3072647667022854,0.44616351005452803,0.5948543733972447,2.768277846889204,-4.493684126871779,0
-2.784607162830129,-1.1018480686522414,-2.3659790420102675,-0.47789597480675394,-2.013824756281078,-4.099626875440152,-1.1694346846737522,0.42262861719256595,1.0091503671143915,0.8366148289746591,0
-3.1265595933167427,-1.880602872586274,0.19894287363884589,-0.6168614380194243,0.405850266692899,-3.725383193218112,-3.4014122864449363,0.9067842666754293,-0.8867251783414316,-0.24133663383357185,0
-1.1342867739270086,-0.2935135636178037,-2.5435514998120627,-0.6447759416556716,0.9758368916238178,-1.7873100460723144,-0.0911503363556879,-0.00836078727145676,0.24505076030279574,-1.9575682945123434,0
-2.2191491132906678,-1.5195867392724514,-0.25368471579563034,-1.3015927897906265,0.24489730171272925,-3.6144672681822088,-3.401439668374707,0.365169001048321,-1.735530513387177,-0.7636895880412605,0
-3.280377755830507,-0.5260250863800198,-2.7666512550363356,-1.515479710920165,-0.16003867357934443,-2.6692154890160085,-0.18682837390882556,-1.894581150472303,1.7112382026768664,-0.38444030555667164,0
0.04848438113245135,3.1544002540537086,2.2851503991586117,-1.3956394173238782,1.1966271208272423,-2.4506542568134853,-3.069644736954867,-0.0006084823222894505,-0.19881442662142873,0.8352449823199232,1
-2.43719238621643,-0.589889014557345,-0.31867888091843044,0.42759141804216094,-0.7064755007657966,-3.682508541904364,-2.6510920693393647,0.5881572644358652,0.10703035229202144,-1.4078039440174082,0
-1.2142755005066557,-0.5475612796507106,0.6923133302245114,1.4538056178930532,0.6089844464924351,1.137225905916003,0.8628932475152835,0.8730660663320997,1.6232694900587383,-0.2262353250519884,1
-1.8973407916264193,2.008139395647696,2.290057416915533,-3.7424745474237753,1.0925378336083031,1.238308638255969,-2.477043292404548,1.465835978602963,-0.9799791363300439,-4.420361052173153,1
-0.5918011532288315,1.6150239304260008,-0.7105565372500124,-1.5017877462114413,-1.6833821330428256,0.48638245030220584,0.736830748833702,-0.09759389015441426,1.2357530441075522,-0.8576973417946139,1
-1.2488725863032824,2.603851857129529,0.4282771448872902,0.7138387985617171,-0.20493247424160788,1.5527247283578414,1.218648826121107,-2.072135116096487,3.1431635329794996,-3.256994418893324,0
-0.13970522596984303,4.194667198765022,-2.2306239591108517,2.789257971028949,-1.8429369062476757,1.9832714053956402,5.017073331149064,1.0525473107347487,6.67922866006773,-1.985336759170071,0
-0.5836278067290421,4.135620120165261,0.09045442643634694,2.106514675254499,-0.6007479306385678,3.209779707760336,3.8144670853034355,-1.6880343251976782,5.78245735844211,-2.5888130719231026,0
-4.1849995531908295,-0.41505085324420654,2.210404718700205,-2.2203534660055295,-1.8075896491814576,-0.42480089542446486,-2.0095308874763065,0.5432569649742733,1.1012091813938254,0.9206139694892115,1
-2.0967393431058543,-0.5291116312805869,1.2124127096352666,1.1396728834471013,0.5245846830476146,-3.8180719685760733,-4.122461475569683,-0.029803781851440635,-0.979985022664616,-2.7785376126137953,0
-1.2917634974676702,0.7778104697639319,-1.6289197675547733,4.3243625382777955,-0.2606083323339582,-2.049077953803457,2.28128874816466,-0.7057555622271979,5.17208048003978,2.2153259220983803,1
-0.7792941151911096,1.519376587611341,0.7746297202986444,0.8088365166686382,-1.869731661954991,-1.821005560599722,0.02144295657479091,-0.2717300398697084,2.711046982695846,4.2719630247293106,1
-0.5632029134980665,1.3943423521415452,0.2585948809325982,2.627758550589647,-0.027969414486982293,-1.1014180495348378,0.5668884049195746,-0.46039233265665513,2.927251564168172,0.6666493021302856,1
-0.8727862682084961,1.4993023818585238,-0.8403060597796204,-0.8248074580921888,1.9529445539995067,3.7771642562694914,2.393409393281294,-0.3399837223515192,1.7719720981219058,-5.512621480977601,1
1.04657634334807,1.2050350765291977,-0.7343801512731267,2.6684659019787906,-0.28275932762936834,-0.4679439422926215,0.6969870603599665,-0.49061223402665266,1.1229167054456874,-2.303576408381485,0
-2.7788455729541086,-0.06085093770745065,-1.885042536487954,-2.5257163766822623,-0.05786615921434102,-1.1292492472580649,0.058959993772652,-0.8072156774844398,1.275606013171029,-0.2675983683698817,1
-2.4630668542266823,-0.8155324103010382,-2.585744235060308,-2.190250317000197,-1.129667459310537,-0.8077499068948075,0.5635560589060252,-0.24707943680771946,0.8882592550085191,-0.7743353701706078,0
-0.318960755280322,2.6449174697481204,1.9973697728130582,-1.246897514380089,1.117933822727152,-1.8664144908193625,-2.0373454596972302,0.22623808866742148,0.6433762910984215,2.1953895190670516,1
-0.8577104784374544,1.4634292499299224,0.07800172976477038,1.1075185314841303,2.8013729896349786,-2.291672724734668,0.031663552156782175,-1.0886348430590387,2.7523316620166245,3.3131686178691124,1
-0.5684203039193001,1.8250441158286697,-0.44697431654674036,-1.339534456452908,1.7441031844659785,2.4809994848181445,1.3075849735754321,-0.8463983057776877,1.1458067595597161,-4.129468592532465,1
-2.242338052679486,0.07469068831243253,1.565060085522668,-0.45014688066141395,-0.49094894973186637,2.0313929678403557,0.04569019245952499,-0.8312878954818901,1.2401118571105556,-2.0713535445976996,1
-1.0306764484774051,1.8633516704431528,-0.6477590974645838,2.5026910576711225,0.3753596961444733,1.9349885825979265,2.936843815169986,-0.051509193753927957,4.359313790843595,-2.5869285941706845,0
-0.9242237096448074,2.490067062590307,2.460814470111267,0.4734056558634583,1.0277187487795334,-2.1217860655487883,-2.7944021167351503,-0.422495895432434,0.7735056804275526,-0.9222000368512915,1
-1.0580044201223386,-1.9209610981018521,-2.208652345707778,-2.814529311705324,0.2808911266011715,1.2712942511321654,0.8685837796381118,-0.3720643253313259,-1.289262977709456,-1.6686133809057713,0
-2.044524462446293,0.7704980124662073,2.06121726242883,0.7614813934474053,0.009226992995468902,-2.3101450427261083,-1.314693506002032,-0.0936090233663665,2.4466179894393876,4.545501213008448,1
-3.142739047378914,1.0814744595264758,-3.368617897943719,1.8919313859073108,0.7271712595339491,1.1135044093633206,4.585751892159444,-0.1210210310095643,6.554678213574077,-1.6674810352133103,0
0.9840218756099706,-1.6620505950422304,-3.2943158765977083,-2.2662226300906534,0.9661253255303113,-2.590049399778401,-1.7232626786974103,-0.8516172401867081,-4.084047309405806,-2.8043794968261797,0
0.2838767302775098,-1.7649278609804246,-2.41409808263951,-1.0950110434853506,-1.4548921652893105,-1.642727579442,-1.2333074422906298,-0.412420069849907,-2.9291347515935575,-3.0920613576809988,0
-1.5076854790791276,3.4672212833528313,2.3399878501414935,-3.663414531042724,-1.4509129285940126,2.3620660390066703,-1.0184814615726976,0.5772623672009194,0.6489651340427662,-3.6325959184848413,1
0.8714642835678195,2.1618854406298156,-0.440773493379365,2.220529372738257,0.38767987903284645,1.8815393318520184,2.4618860423697058,-0.4625329663133788,2.6553211719743683,-2.339284161550692,0
-3.1541917989428723,-1.7330579117922222,-3.2186659159890416,-3.9589158909721163,-1.451834745168435,0.9636594271395684,1.8025646389980552,0.9068341463729263,0.8862869688295621,-0.29480892872003794,0
-0.4912329582470407,-1.8063420058338902,1.7375504475181494,2.3805690993833104,0.2688049344392308,-3.9582555745368238,-4.462184021045202,-0.3360666965057405,-2.6051655295635654,-1.3931236121225243,0
-0.514472605530229,1.0778898780044348,-0.8670734355917986,2.290554847532785,0.03162197391024777,2.8668797271610176,3.9043283873978076,-2.1268334877992654,4.1475814823290005,-0.9506782236091142,0
0.30686613535013585,-4.110789101042074,1.8422749569193182,0.1383725391994639,1.5623545093732296,-1.9884592899760987,-4.4658150794898726,-1.177031631453071,-5.684675189033486,-0.8714553151841691,0
0.33175988049514493,-2.664167752121415,-3.252644596030713,-3.4853517712338533,-0.33908829452682704,0.5201345260825461,0.4355140775387783,-0.4597413950630392,-3.3466930147663003,-1.5192390085547387,0
-2.4497124040546314,0.02035626705738869,-0.13011731307081953,-1.646266261496678,-0.748811671023577,-1.3904032468384648,-0.7342078017207129,-1.2814909728688244,1.1920586594332268,1.5296194262065481,1
-2.6657031878141364,0.7221434656406802,1.1568908579718773,3.4129805388239824,1.6776254421561345,-1.6142479740953355,-0.01942274773278407,-0.4299001052078867,4.189788723800523,0.9371565590883608,1
-0.10468207275101515,-3.461789384107587,0.08552049315298071,-2.3669956392011433,-0.11298112310661049,-0.4931518277405138,-2.8000950011991033,-0.10798368601261019,-5.099053371585798,-1.7621332428485994,0
-0.9567664229706037,0.6720052499638861,-0.6057736098458939,2.6573350228458352,0.9492964983753157,-2.7455473573514078,0.5502061279291534,1.2237936225131651,3.2920321064518565,3.3147421674914748,1
-0.048206942124875196,-2.694087859058027,0.4052412358909254,-0.09947353560868111,0.6205008990991628,-3.136489004387934,-3.828394671966981,-0.30466783375565604,-4.072118038076327,-0.7742968454094783,0
-1.4850094430080807,-1.7557061862132044,-2.4956583228914466,-2.4191947919718437,0.8995613767383077,-0.4418188609189764,-0.4267998030637092,1.0608000718059476,-1.6174916575339973,-3.2169829902597784,0
-3.525683012961564,-0.5956227835352168,-2.4559842364896154,0.13801416174930092,-0.30704834092510147,0.01581162933522484,1.8910291699940271,-0.4627366479963379,3.4193025234460737,-1.868478412586211,0
-0.8091445903209227,1.3700364174899926,2.0673905283906566,-0.37773569449815714,0.42076656251858635,0.1367670189253043,-0.6911853170192028,0.8898569517854946,1.156910238192146,1.474330315048105,1
-0.9981238457166791,2.8091322400998093,0.3407552295866576,-0.020687797161823562,-0.4581369898417196,2.0838174337749806,1.9064508761780936,-1.026625482884179,3.4259972461746773,-1.655169608505675,0
-2.096953325916148,-0.38306183834462204,-0.5375221817688179,0.9052330190975111,0.925904176727718,-4.090228539944725,-2.3681662958437437,0.7356551436413686,0.5047823700092293,-0.4790688513064012,0
-2.7839849493975084,0.920486564086327,-2.494481923691719,0.7675750982384796,0.25893042822568985,2.201605353634477,4.917315991279095,-0.09621226204057896,6.212591334771472,0.7327994066369166,0
-2.235294314931331,2.5326090338284275,-3.8564489404467506,1.2991520297276447,-0.9009211185541528,-0.3399271142770006,3.9870714680128816,1.6742707660711302,6.31609673739107,-1.2787230672174181,0
-0.6178116346275384,4.697802551411442,-1.019452506318956,1.6956802862187195,-0.104009227724695,1.7665057298621338,3.5402012710736472,0.8268386307091143,5.928130658215272,-2.6854832694784,0
-1.3364183471020952,2.4592801266269415,2.5313958573344566,0.3047308856563138,0.9099625408605586,-1.3503410605394102,-2.0272716783014926,1.769913067655593,1.5645214794758076,-0.1605013813593419,1
-2.7781938732057583,-0.6887255284808518,-0.4150093140184661,5.009353376039742,1.7816847864668515,-2.131347131917169,1.5884043830911507,0.8855770816950449,5.382445778089893,3.1166483258055866,1
-0.9106140616552816,1.572821668795688,2.8430434480262354,-0.6566189916159902,-0.975532935614632,1.3054063909307891,-0.8220084657389298,0.5981721503347945,0.8646533455657498,-0.041767548063901705,1
-1.4138634466241335,1.60315040311947,-0.5090193440770291,1.0892662704634208,0.2690526930157071,1.4593905807900291,1.722715248146867,1.2065357234543024,3.0903612841647075,-3.343422418918668,0
-0.6747342154746727,1.8078215566092155,0.633800061341757,0.9916809953227852,0.4330639467413191,-2.1005569807379647,-0.23010604000055332,-1.1130641011871776,2.5989709610447753,3.2909264621654977,1
-3.606589360231798,-1.9668766857044586,-0.023830217651151564,-0.6775330545315825,-0.4828777192911349,-2.3063834512372177,-1.732081789488773,-1.9037594056445934,0.561575227297604,0.9777258592625984,0
-0.08553543613072767,-2.542981943146493,0.13374579856842583,-1.3059053328250296,0.7791306255883522,-1.4008761560932674,-2.956420442737598,-0.17963037272551532,-4.1639364603117635,-1.9453192983145622,0
0.7060328444484361,-3.713156762746043,2.1910748992974205,1.2517883920850412,0.8255570748695653,-2.2203550352446744,-3.9067615258968194,-0.38850706711885274,-4.633378466761077,1.1557847915663753,0
-2.8123167036976287,1.6369159510725422,-3.124136871605445,1.9426152944950026,0.22693194380024787,0.9863486449232681,4.765692205845301,-1.0296109710894006,6.978933668885142,-0.4261409300627861,0
0.02912958473940752,3.6671885158309663,3.3296772071440026,-2.326795759082781,0.0867610754626467,-1.9291480206974698,-4.085430376499938,-0.6626914834880354,-1.1329885675232214,-0.7044753416265408,1
0.2282045476547656,2.1991902726885115,1.741322403274654,-1.3092686935533253,0.6223791184731187,1.972577387722546,-0.4652554402304329,-0.7586652015427723,-0.14124249980299808,-2.856081405500319,1
-0.513215952836642,-2.453020191138914,0.40506451820163947,-1.1001126545564799,0.5915710184530977,-1.3586251761514891,-2.9101984323493695,-0.82932037436137,-3.6282718827716534,-1.7619341633432206,0
-1.1893305340715785,-1.3597647248215354,-2.2825292752161683,-1.8424030064065295,1.366214785205788,-1.0562342288658007,-0.22607048759311962,0.3162737802597137,-0.8886285851400174,-1.1425931106798624,0
0.6094146737348365,-2.903952583146265,-0.9285882842861132,-0.8425932041731344,0.432850402519974,-1.8097701577053997,-2.3552459299190764,-1.178179687334277,-4.278192561413936,-1.401191443763258,0
0.8917911597327017,2.3105229081616967,1.3611687173014206,1.8916397060397416,-0.2927579187724547,0.5563991200538918,-0.5780685458806233,-0.21682705022214338,0.49285137708507437,-4.156005447948761,0
2.5156986850510856,4.257936369435699,-0.16732660151481937,2.359780580361087,-0.6478722896465213,-0.889953702772107,-0.00586625251879545,1.0270604268730175,1.1352570706983618,-3.958093192812387,0
-0.5232577944220521,2.1613237352575823,-1.8913335815361925,2.0694736637204367,-0.47606255777786693,0.702799028373705,3.1168742506242815,1.6641920547838993,4.3593467842447495,-1.3867882357037635,0
-0.5893141057997543,2.642692434083446,0.19794334067876007,2.7196082309896177,1.3906435959499572,0.3563236059418513,0.29563179363922537,0.5712242102362395,2.5087161908642828,-6.047214785070813,0
-2.4826937787635317,1.9835973769198536,-2.483519202157965,1.5739030599888713,-0.21673178915646166,2.263527058083879,5.205522325724946,0.12352920184109302,6.992524208276565,-0.3538374340142669,0
-1.7455535173784258,1.9132404950881692,1.2351252596739737,-2.4617754172418165,-1.0033018309754966,1.2916920680361863,-0.31207767150519244,-0.2137702480623489,1.19386040915691,-1.2274401196783975,1
-2.1917063653337663,0.8981643867031147,0.8248010901101259,3.6238007685331977,0.9154029704849369,0.22065899541442358,1.661281475626694,-0.6537420298069675,4.905191589277112,0.6749335609413772,1
-3.598732934532206,-0.5527814638418331,0.8569628228356398,-0.06397005855086513,0.05461178291007045,-3.149516219340571,-3.0383684393966255,0.4133720291303957,0.6251549293381542,-1.1278728677748247,0
-1.854263502473907,1.2754798298339614,-4.7122325875584,2.8877194728978974,0.3699256130043903,0.23743501478728568,5.70376736587417,0.9346547073366236,7.117638302600232,0.3545425387920289,0
-1.060749154651371,2.5661890185553426,2.0321150407554978,0.6905006124542782,0.23492812508811559,-0.7367148414618991,-0.7643520558989289,-0.21941232097207036,2.4669157486584044,0.7901818557105033,1
-1.6228163763817818,1.3618064920820916,0.39583400097090093,2.483623168980251,-0.8251658997455379,-1.542442146594618,0.14744094071507155,-0.6149441025160431,3.4182731553578485,0.3638009495263286,1
-3.8155324149013987,-0.08434161091014225,-2.1408029851436443,2.008480916779961,0.4337476093485353,3.1695875551360713,5.538301202226505,0.4575419340047812,7.0978908521418935,0.03835702693990739,0
-0.9566685112100469,1.7802861333005457,1.5862246251343923,0.5418805351840829,-0.10205639062884797,-1.639458549104245,-0.9367759597242171,0.283130822319525,2.036971164956363,2.5594651235135135,1
-1.7896002271889846,0.5303264735646313,0.0062513286897780684,-1.046136603385994,0.36905204858996804,1.044848524911555,0.5530808127783711,-1.0429282618087377,1.453788708424279,-1.2662066724038303,1
-3.0294515412416803,1.311569316167481,-5.395118326633742,1.1395137923267207,-0.7783085530065034,0.13903628416476388,5.90612718665921,-0.13642215027761603,7.6195166984571445,0.9365730464483812,0
-2.525661337628291,-1.72252190071835,-2.0764558730768417,-2.590220708225824,1.5018791337963189,-0.6077303938959322,0.170443945839273,2.7148169394863215,0.06176470518417893,0.11210148741084769,0
-2.7058005921207995,1.142313540361446,-0.36371673162444984,2.5689652404305234,-0.4966510521282467,1.560997456543894,2.2061345281681874,0.4185145591570548,4.655166275486967,-3.7066943283876284,0
0.6829430799530929,2.9232034337062616,0.686944793940576,1.4210718904200976,-0.7843209703002557,1.7417153867045194,1.3321384939344618,-1.0706664061901783,2.2181655156690465,-2.7203295660077265,0
-0.8199867621637686,1.9462094324028951,2.318021706309051,0.12196094431907012,-0.2754823151790223,-3.2537323073641033,-3.4167299077925977,1.0370053243691586,0.13409604575463205,0.7386419508031413,1
-2.6672947899279817,0.8357723938931251,2.364321391516913,-2.2564875607403696,1.8068588841465116,0.4734168707566462,-1.716688329035741,2.5083062730565633,0.5922489321612558,-0.4776198213489604,1
-3.7329522408278097,0.46845333897534136,-1.3626650053961842,0.09036780081528817,0.659849612104565,-3.3643141269508767,-0.7314126063461442,-2.4923896515830672,3.1343300998564656,0.16718696623784268,0
-2.1642853737811327,-3.9588365803109515,0.7054838885281938,-0.7334195532627944,0.20207450616131267,-2.235451778190459,-3.2890465958874016,0.09600926799704997,-3.004468981061688,0.30164318511128974,0
-1.6246212792019714,1.3995708133731335,2.397419029255554,-1.117303382881565,0.293008807258655,2.0340382144033153,-0.5553998812295805,1.1407858004524745,0.9591502913088705,-2.057756534139831,1
0.6053997559518542,-1.704449554465041,-3.2233617645460675,-1.7693508923716856,-0.589423411486891,-1.7624612717709862,-0.8087987219576791,1.3295342439705244,-3.04423075540273,-2.497262013200839,0
-2.351671161051156,-0.3971223209073813,-2.554085900592689,2.1615878485699014,-0.23457902961918758,1.0085822177778876,3.60172988401151,-0.8343736122951215,4.5623252606576115,-0.9160957493456202,0
-2.6487465941541686,0.4806044498459796,0.702465607840824,1.5929344375344443,-0.3806946237950925,2.379512439625411,1.0361718047590243,2.1563496317292987,2.7638292984758466,-5.2345029766293,0
-0.631909570087653,2.343180705772818,-2.0709001824994826,0.46915447156282664,-0.46595097807205077,1.195290849327478,3.6350371061541633,-1.3157974082181412,4.4940661060400995,0.37791148608603997,0
-1.9747983256219057,0.18493581152383043,2.3028776655468324,0.9451872906535317,-0.6167301099564017,3.2196200573188065,1.046008567463549,-0.5505339682007013,2.27735322281555,-1.5291699029427743,1
1.4194474596590827,-3.2000481086240704,-2.787991103018644,-1.900218532645234,0.841632255765075,-0.21051296778187378,-0.06813106237640502,-0.30234956633175064,-4.097753800493143,-0.7650021756659573,0
0.7003188307845014,3.851669959152043,0.1326088015469722,-2.817543185656798,2.1772934475490655,1.902565889932106,0.23414188740847447,-0.4917666126562028,0.21208427344196895,-4.168546908612659,1
-3.107299813522591,2.252351009147086,-2.1581355907578095,2.067193937940158,1.9824704501689276,1.8303059744404906,4.240945870871078,1.029604361419693,6.885129506272122,-2.976365354905985,0
-0.4162201958368006,0.538267153405146,0.5540455015625054,1.4768432206896778,1.3255002197212566,2.5594885087861416,2.115401627259274,-0.31444379029762937,2.299860300985332,-0.8310962001279839,1
-0.8276275314876665,2.1655136505670076,2.1185253520275427,-0.09106585767575726,0.6457976416037114,-2.3835188320773115,-2.222863247432501,-0.944908722685067,1.0902075473614252,2.035441460360115,1
-0.8390312849269494,1.7501695439249416,-1.3284914472546516,3.1378710652415194,1.4968802738508562,2.23387543998101,4.2163912024142025,-0.0762390173205976,5.362956420381783,-1.3362590473946068,0
-3.3819199745231594,1.2953210085779308,-0.7239603477208187,1.7413690680310099,0.8917005810695752,2.7223804812659096,3.146920998883131,0.020121129580859987,5.421499552464282,-4.139344096042997,0
-1.8491616693470916,4.266490254037254,3.2977777238244412,-5.120048624060628,-0.9711898691379917,0.47255747858175035,-2.706866149721621,-0.1664855842815459,0.3481457222778536,-0.8318627875812241,1
1.8270622869311972,2.7449589129494,0.5912727843619345,2.567596524891322,0.2688507864009919,1.10567111938199,1.2913877882445723,-0.48021443413239945,1.7758225249389357,-1.9223130644671371,0
1.7066278676820201,-0.6206828368625978,-3.477760742129929,-0.5428407352265381,1.6047350122948532,-2.144703588887718,-0.7689855778970885,-2.9469042192840145,-2.9202601147065277,-4.033118761802331,0
-0.37573828419774635,3.9115664442618545,3.172936533271879,-1.4096642195804139,0.867394492997976,1.5353555099960794,-0.43148371328123036,0.012575769600314238,1.9618806160428153,0.4647371921199559,1
-3.4946418271356174,-1.5876042199422766,-2.0019604707385454,1.608236706123018,0.8717025855988134,2.1713988438282703,3.558618139877261,-0.5744867054162757,4.2842974949001915,-1.545229922427021,0
-1.3322750024949128,2.052173421566885,2.917613744758371,0.05926514269986716,-1.8897034836215454,-1.1976662567239131,-2.012625436621328,1.2813833981236349,1.4166328131944692,1.2906808617278354,1
0.1370583670599843,-1.357308439982502,0.6567876473568197,1.4855941747682828,0.5951311859137686,-2.4257488451176115,-2.756156162022537,-0.7113199105465682,-2.2209383823707105,-1.5755018285403046,0
-3.474756377037539,-0.9011492381830761,-2.7911938253326296,3.5780639016417406,0.09546204135829657,1.1703136128349052,4.522981171339178,-0.18705751647366262,6.297223509690244,-0.7213448981117921,0
-2.1856493765178313,1.3248011519066105,2.4639932195878615,2.543681860120656,-1.5285912962592862,0.3156441338979483,0.17635431470404567,-0.3317787717721222,3.7912398260266302,0.6248655068047867,1
-0.6935432716450757,2.8738284502633067,0.5304350494610381,-0.27929398615836787,-1.3845180194249966,1.7417136859288678,0.6411455266737489,-0.397548696545778,1.9541297327072285,-4.237615361177912,0
-1.1530152495606592,2.6485029700518163,3.555186300819597,-2.924674644152737,0.03158900615257829,2.306032306508075,-2.1362372970038797,-0.367114170072311,-0.6301789904863274,-3.944541602029512,1
-3.3392364645114507,-1.0366021381708292,-2.2464294744521505,2.573446647555844,0.23849892567305414,2.134989471733835,4.516228816875354,0.13982135851821087,5.676067053498952,-0.4256319915883675,0
-2.5622177915984867,2.2869961161754775,-1.2282573546886835,1.6603904185763887,-0.15195112347198586,3.4412569078234583,5.297974050686581,0.1756035498043702,7.2655684674710574,-0.31525786508886644,0
-2.5987840539218294,1.2455100303022144,2.514579115624456,1.1928597960025997,-0.10744488179424941,-1.09204279267082,-0.9033617413617243,0.5629106602850852,3.227486962224853,2.4482398044543143,1
-2.073717399442656,0.5475989748239655,-0.9982974275306256,-2.4003807497644347,0.43737267417966835,-0.847327846979093,-0.2879951786276763,1.2322042374139113,0.922996045861416,-0.19267104555865755,1
-2.230541502844579,0.736480283813505,1.6885937621685256,2.4045306802602777,1.8105224784209932,-2.0913631734118843,-1.0116430239647114,0.9308873827918375,2.9814598616359866,1.7728516796664684,1
-0.44014876293512595,4.143377649118839,-1.0593156650268778,1.892441673255985,1.1565816515942398,0.6850517947800779,2.3944509591153333,-1.2774366038453426,4.744953045035124,-3.4044876806437965,0
-1.3632750205427846,-1.005389171789683,-2.6960857865763965,-0.9213098359225638,-0.5335436258230818,-2.7483141706350973,-1.0542850032912174,-0.9265132547797481,-0.7139602602237551,-2.1525891445042116,0
-2.0169824238065077,2.077132693510211,3.7038169699103793,0.8116063127548155,-1.0509411661889605,0.18181229249076214,-1.6128266794320611,0.7735476151070181,2.179941854508899,-0.3907481309369427,1
-1.6556787525356993,1.4037512480966265,-4.635970278494108,2.7193523355375913,-0.04060623167853,2.2231081403950808,7.964739497490936,0.3812446551620988,8.706638661031182,3.258958011810326,0
-3.3404564125848872,0.7174540554442166,0.031020456540183483,2.3999030297305124,-1.866700586803942,3.413178509653782,3.532391193911902,-0.6514425498636812,5.667283341007768,-2.809570926364603,0
-0.3359841337623506,3.2096332436374206,0.12927008576286814,0.07918152634884024,-1.7394252442322782,0.14089091288714095,0.6354205272374343,1.4341770365203266,2.5552393579943447,-1.4526554432256826,0
-1.2272380062706352,1.619150394649608,-2.6962376030766375,3.042529852725415,0.5328917202270399,2.286645192090128,5.453046819008994,1.21317918839159,6.4068851674423675,-0.8647621671672442,0
-0.4377647527803863,2.9134126999326497,-0.9024826315765946,-2.1553363477078755,0.8146844372940691,0.9904975553289567,1.3525439802182826,1.0733401768635453,2.023450712157381,-1.046921448121694,1
-1.2818818544923196,1.1434645170690043,1.6607634479765891,2.191723159202953,0.10577038352412323,-0.7211279121479913,-0.0134347590297256,1.2149441068549691,2.945429895645654,1.825763941808102,1
-0.20773857295637743,3.0469108868056134,2.223372330065341,-0.7900619218273293,-1.1040256334723855,-2.3664183389084257,-3.1696819558805864,-0.8938164305816126,-0.13359197676923515,-0.758983776616609,1
-0.6907641798087447,2.1060610368241024,3.429692046231682,-0.5739263823054097,-0.9465645185278149,-0.3772253060792561,-1.855472968865318,-0.5630810770523736,0.8535648387697211,2.1226168761881223,1
0.3868519679733997,1.8012164783766282,0.05134613664256782,1.338827980799522,1.3011020630240928,1.4816014825675576,1.5199787634540685,1.1942144830139918,1.9455642703356395,-1.9858086710944671,0
0.07014455749219017,1.7541098838757998,-3.3142406543645366,4.524205135452847,-0.4751252784446032,0.9417334327212433,5.2539591105334384,0.6369080790029854,6.022784169006863,-0.7614772514127268,0
-0.21141740056288216,3.0012615265434626,2.5886739000111394,-0.812218582449387,-0.9681285978523266,-1.6495752998423352,-2.5663264382402002,-0.6512874649831818,0.3480289414794666,0.47412671294847963,1
-5.873072674038399,0.5446876098022081,-6.151189388101507,1.57709480100889,1.7464906315946216,1.8989457919988082,8.367813247022939,-0.7957176635206115,11.048572483761776,1.1588874470880715,0
-2.1453630033993867,0.5573626708694726,-2.158896216065688,1.4711931126543534,-0.31178557325602474,0.8502203357729713,3.071375847214709,0.8766058798421794,4.366887682519086,-1.2512269360243533,0
-4.047624720363964,1.3794175278543308,-4.979108535461531,1.5723905790825166,1.4137696482912587,1.863689572635971,7.424281192165806,1.4239538455411669,9.56261115588432,1.410336756184909,0
-1.2032220479677715,-1.6251341592711508,-2.882382993090215,-2.961762392463324,0.24260281305494147,1.1295072991331159,1.5367065522817347,-0.48171705093552597,-0.4989689492647076,-0.9732643638150599,0
-2.205861953090855,1.8101911910045794,-2.7956632684567837,0.9135765231528914,-1.489284264440218,0.5741642476043083,3.6190054667041593,1.20357805453346,5.424094657095698,-0.9326461477113819,0
-0.6914678236556049,-2.1524947496324893,-3.5623712904630676,-4.265889814960444,-0.32832094269055984,0.844795719749555,0.8347586375376956,-0.012365938242364536,-2.348615221341431,-2.0373302207447876,0
0.44525170529957925,-0.2374094380156766,-4.139623942377668,-1.1928039745975214,-0.3983270128816281,-1.5596158567635192,0.9056022222168914,0.6868274954528385,-0.570062464589125,-1.884081799135019,0
-2.208626902613672,1.4942650789862189,1.532866153458118,1.977995697943237,-0.5217666572990717,-1.8390253914723225,-1.1094488712959252,-1.8481101123885366,2.9463696899781815,0.03673128715937812,1
-1.5966790190724967,0.03635134154009645,-2.511290297919805,2.055960600783707,-0.72839031324171,0.36664022899276527,3.2250119876552903,0.06338339263771817,4.111815107970513,-0.18784500874735888,0
-3.395230863789231,-1.3002851019159223,-2.558144866345054,-3.884397994098454,0.8496447827066518,0.42081962387784766,0.5627928319389323,-0.34610427178001524,0.375183867738021,-2.051842606363603,0
-0.778053323531066,2.747969066666841,1.6672385521560453,0.38262297401034395,0.1794141710488413,-0.891298415928072,-1.1436051016082638,0.25100354315014656,1.7723738388408656,-0.775107831530931,1
0.1818830985220623,3.2318997848892734,2.5573309131265702,-0.7179140126183503,1.4545384608877576,-1.1226486354611227,-2.410693895493697,-0.8505653895034339,0.1089836649509515,-0.6687144371215279,1
-3.0000802348176303,1.101173344680866,1.638520949973532,-3.698273605734465,0.09468138947073004,0.8827456587893513,-1.9577881955311618,1.2588862057428216,-0.12016498442820253,-3.158861753868165,1
-2.872267828792215,3.1946726969430044,-1.30472450520853,1.0852513431548172,-0.25155190018413637,2.2061022177516127,3.4552643372547207,2.768373605625943,6.232700658513664,-4.0463159278991645,0
-1.507249594324552,-0.42721942029450943,-2.1148846954187306,-0.8133871696398342,-0.08081557316355767,-0.6736387892731205,0.5943553955401917,1.0574272871141361,0.8425274631654837,-1.3199235967389955,0
-3.6225825724504035,-0.821981103322031,-0.590540192256273,4.027170694089427,-0.2153882888600766,-2.6436676882039865,1.805392236940748,0.7811753362875992,6.154971614081573,5.737723275374827,1
0.07550002829864622,2.0876681731147886,3.4628366213918156,0.4024369195557147,0.8380140545363104,3.323568572132954,-0.020741664345480994,-0.07282243259034207,0.8283265095817832,-2.4413219754385183,1
-0.007361442349034242,3.753682789692377,3.4638514353801364,-1.7052403620595147,-0.11607081012048345,3.055382557291385,-0.45158302103852077,-0.10861665493834241,0.9089064852627547,-2.315604533396156,1
-0.8228637050909744,-1.981424787923959,-1.9844169917947854,-0.8663971656426416,-0.20891795737087174,-2.342787163531539,-1.4607267936302986,-1.0456949708779122,-1.943819157363902,-1.4704847250118271,0
-3.369531055830755,1.4568059731016205,-4.303135529498774,2.0112332377361923,-0.6418214039443414,0.8476494486332544,5.43576752710995,0.686774070503355,7.660700273472443,-1.1778641212954892,0
-1.9437260900130866,0.27650610136298615,-1.7962760972167917,-1.2200545225772457,1.598110895751759,-2.7129694651006577,-1.2101934720262073,0.12437612230092951,0.4423123922770195,-1.6135012855822044,0
-1.4294711209989472,-1.3353804587045714,-3.244208058534169,1.34102094824851,0.33658304545903495,-0.8240682843147065,2.1656198068786963,-1.0756504835748875,2.2186735585401807,-0.2002039158025346,0
-1.1916866885011559,1.6768781950603087,1.2849991730091086,-1.4263630902620172,-2.55254015202075,0.9634944439883601,-0.3688026702782943,1.2740635835161493,1.00929110424262,-1.107589798352584,1
-2.0300927871849943,-0.698338176658412,1.3724141947612398,0.9177712578353243,0.7875433243268652,2.0481934693076047,0.9501302521882278,-0.6115158020383546,1.95695914006656,-0.23529697659432802,1
-2.084279174746081,2.867284226967495,-1.468681147587839,1.2532133349189862,0.6037814695529586,2.416745292428348,4.309030679114959,0.8452732970420956,6.3756849117911125,-1.4290735513087611,0
1.360744177847971,3.3298472742860437,-0.3971169695493191,1.5293418399291703,-0.8927733072761507,-0.04843490097527914,0.6405889517125912,-1.2243872733579544,1.5794698768841595,-3.326169807728015,0
-3.5320616123131483,-2.66800430240277,0.4743471896680662,-3.8331359233714104,0.07128726054946169,0.15447909049519049,-2.079796773248089,0.026185149185798437,-1.8847285418046278,-0.9777662612843951,0
-1.5020993096088349,-1.956113626833316,-2.8008905190858435,-4.291888437969997,-0.9803882514834749,-0.15589589006364024,-0.4938927988767571,0.4261565596461849,-2.4263763753395584,-2.506890957704233,0
-2.0322001249862867,-2.6009225710207966,-0.11574172591210097,-0.03132052580817901,1.2721985542500975,-3.409594018809547,-3.03605495605261,-0.4214829971663628,-1.7584055022602552,-0.02899887565111059,0
-1.926266326255342,2.6924738110666224,2.9306830230561696,0.13677374010141596,1.5991232408367342,-0.9524496549212081,-2.1590799230285387,-0.11365684249904019,1.8790261535462576,-1.0309581451382144,1
-1.4690901059401411,3.744938271827297,-1.50632361912133,1.5894434965351474,1.3227032199889794,1.795490521881794,4.0361032261189695,-0.26776551872484483,6.407957123454823,-1.7365728407485082,0
-0.6791266983093226,1.8459663844499923,-0.8802518853437054,-1.141121248898674,-1.4910799236114736,2.1204535434896163,1.917798140971716,1.7293008660447564,1.9874729388020878,-2.4837043575789854,1
0.02197310624841431,-0.4782910193715708,-2.989759158055765,-0.513290332254232,0.537179814541736,-0.06842745906355541,1.0477037472253379,-0.40602915441271537,-0.3422654194431962,-3.2507359514657095,1
-1.015946743316,-0.41161043247299656,-2.1695929979805695,2.2236737756610525,0.2270288603889453,3.19211320147274,5.373067227720305,-0.3449831619570674,4.77724732849771,1.0910125547960345,0
-0.8682263034894301,-0.9598596718643633,-1.7968477258310611,-2.2520282906667517,0.7551849738039433,-0.4873477947627409,-0.7162006226693626,1.110753172414642,-1.6562327579295226,-2.8425193168222167,0
-1.7553244932050942,1.4395797124477212,0.9246346290831687,-2.491590736385367,0.8179920992573367,0.1684031818696845,-1.0512710368415494,0.06820678260283634,0.5222804615714096,-1.0382583575146753,1
-4.292570315879532,-0.37788839888580505,-3.3262974932912486,2.308019143744108,0.9765065890631646,4.478668138080328,8.070847236714007,0.15734656767307767,9.178543578064158,1.7196332162600294,0
-0.31352381571485055,4.113515400778382,3.251904288730114,-2.974936395828681,2.2369710770616296,0.5280792752747414,-1.8587728663531153,0.3566676072498469,0.5611427937240633,0.2623521227590426,1
-0.30952227547555444,1.236830528984132,1.8158249176714403,-0.22683390970056672,-0.32732557507239574,2.0427481157508085,0.10486912905321626,0.11122333484085803,0.6511745674176516,-1.5137175462101558,1
-2.6681481236186513,0.3235278169683866,0.8584484571950426,-2.020998391277048,0.019290880373942807,0.4652040592520639,-0.6498365390560555,-1.4439289224922272,1.0139662234714146,-0.6153015309052351,1
-1.576976141025715,1.757784524640253,2.0778618476799937,1.2084058670747095,-1.6653846382409996,-1.1014927753293653,-1.1862562884083037,-0.38758089125557005,2.245981115875826,0.30570433989073464,1
-5.009377640698102,-0.7440757255276194,-4.707916414700781,1.185046620615232,0.6509656787794414,2.9996251980029642,7.610540137428053,0.5724714117797358,8.897247772210452,1.7731766681131478,0
-2.444488919232896,-2.196261514917694,-1.5758402151719297,-3.970615607176562,-0.06420379495271358,0.5315750130081991,-0.3792343795692272,-0.9907369187412842,-1.5037634516473224,-1.3472556831913791,0
-1.6181438371787729,-0.1604690590684923,-2.9769073259395555,1.3376314230322504,0.8468399454691652,0.015581578717591249,3.114899638828243,0.42124737869098017,3.736703878359274,0.2255077615985226,0
-0.9562238396554362,-1.1492739279682767,-0.3287237406301444,-0.46894308760460146,-0.7294370488476493,-1.9492033739229395,-2.1416558189101633,-0.6448958586443377,-1.6625286571658515,-1.8553083503049221,0
0.40411294818150134,2.329408985713122,0.30863345842613077,-1.503860156904624,0.21920418763358843,1.7453340405676494,0.3789960818546353,-0.604029885474771,0.2615701918431535,-2.9815908309314376,1
-1.6818635098089714,1.0186157195422845,0.9382351392474858,-1.0016789269539927,-0.9900137139031393,1.3539265050563074,0.28276963964757545,-1.202671507771992,1.545492281458102,-1.0030433552695859,1
-3.600245704221031,0.311754347099541,0.6910799265602413,-1.989367009189836,-0.5237592910266834,-0.23700330666888503,-0.2876824317735864,1.172967699164266,2.378827859475077,1.5971059942014971,1
-0.7536380346346973,0.795819322914355,-0.08080175341233753,1.5177111466387565,0.7497666284891851,1.9464594512310598,1.8534082831549676,0.33086702840635124,2.4038388673615922,-2.347194093606375,0
-1.0054815545490676,2.1164943113882377,-1.360244448157426,2.12328703556159,-0.9910911353316136,1.935362812957917,3.5279032872680984,0.383455014854216,4.784218777060597,-2.229215437415208,0
-3.0666684645145077,1.0192846238170723,3.0372207680571317,0.5859915584850247,-0.2622335693828559,-2.4991043427914867,-2.5819299615064755,0.6858904564379201,2.2742511273872603,2.6095272390439748,1
-2.1206252087597024,0.5507900447849376,0.9661580793011949,2.418248365150571,1.5745863577623422,-3.0702161353158957,-0.8561513117624114,-2.355703490127358,3.180233771762941,3.3187672950489606,1
-2.2319812348378267,0.10081069542099241,0.6971597263968814,2.6645996116692623,-0.47553444673535483,-0.5617169399104394,1.7516056362077002,-1.0523294696031953,4.792049433362067,4.904919154825407,1
-2.680225827647207,0.3572009386991939,0.7849980374787693,-0.8908734659067457,-0.08621709800745275,2.1092384215066726,0.5505991877511274,1.0781253957947718,1.8278583401006914,-2.6673294769209344,0
-1.5829373568054435,2.9438123377261594,-3.301511683261661,1.8281949493925977,-0.7053167239158482,2.4530523062287344,6.462458353636107,-1.998344967144626,7.913123121625586,0.5346902172522108,0
-2.355558043580897,-1.2963185902028351,-2.378863502395801,-3.1631056033472786,-0.4225684190212185,0.17430477833115998,0.526307496181694,-0.5946729871621688,-0.061748224343281435,-1.277762282276135,0
-3.2039686495112374,0.322484317714681,2.0412591744378545,-3.50236965136543,-0.9501525300518722,0.3291749199839351,-2.730954502794798,0.7002098475187654,-0.7815073811533921,-2.7921833655431754,1
-2.747392209309968,1.77313327717341,-2.0792093525445465,1.0026322930874179,0.6534789819517407,1.2877062992770707,3.3787220411435843,-0.05275510800076566,5.472603696231633,-2.2119592462279947,0
-1.0998749777919197,1.9771619774903437,0.7525641625521523,1.6063597860315495,-0.3103961364755137,-1.9587897215879329,-0.6002760211066306,0.9177681977951373,2.651523268964649,0.6645828887614088,1
-1.3109182731938935,-4.195409947387816,0.8622842404743563,-2.5072414644967527,-1.133042347377462,1.7236827607665228,-1.056971306902573,-0.5060892911918885,-3.3581997399420875,0.6051065644656011,0
-2.646087128566599,-2.0968142784447936,-0.3404549773472858,-0.10353890220370188,0.10752500043079882,-0.7380938294138542,-0.46930207666381435,1.1711190647375707,0.5028901970291869,0.16897895432035903,0
-0.9018981013199955,-2.0459980735583896,-2.128500319328518,-3.2213818364561932,0.09406984119152385,-0.320776279059233,-1.1277591330260435,1.0084159699429913,-3.062387366574519,-3.3434853972646836,0
-0.32032843257404786,-0.6174559699441917,-0.5336888148532307,1.5178701369748226,0.49911050679894126,-0.3430839802070855,-0.16865542336392128,-1.4266492108103472,-0.02297771654391401,-2.631554639114368,0
-3.1805892426333315,0.7795521887169637,2.81921387539244,0.4520517467764755,-0.06701004172522106,-2.138966778712558,-1.5134543569813075,0.200033787312328,3.194876563406142,5.164058005837799,1
-2.437643525018885,0.8738531467050139,0.6799539971123255,-1.6893754251476993,0.30124248009139015,0.8683281591935855,0.06376011941952207,2.4398744669855015,1.7488220130794256,-0.5643724742432168,1
-1.8441405874792745,0.9771118493031757,3.63134996605757,-0.7584201947774817,-0.8121694717263299,0.7578547967166809,-1.6967945731490044,-0.9659709246115364,0.7904302464913575,0.7662609793850503,1
-1.093486839480926,-2.606261868937238,-0.4533499541115489,-2.906957232372784,0.7756752996156893,0.32447651144380263,-1.5767488084825458,0.7082662196573998,-3.2823604216474247,-2.014793419280619,0
-1.7262960296117744,-1.805059607604467,-1.6224734496968216,-1.6480696989392873,-1.6724045258123525,-1.7596128257217667,-1.2486442453117856,1.4443434119799452,-1.2613158675769385,-1.0792939163471467,0
-0.6813108995599899,3.171069963794781,2.369794181367773,-0.6592819713737263,-0.4908728948935657,-0.6229742284538623,-1.5610740262499874,-0.9888723476355838,1.3740715258791951,-0.10489821035285973,1
-0.9854223540318211,0.8500592163757108,0.42848439745587585,1.5676722666891585,0.6856563925137109,2.7432340602670875,2.3889458527157403,-0.8281805638735081,3.051764874757836,-1.5181100702855408,0
-2.947861880928299,0.3453148645858737,-2.392324725498349,-3.0676403521915465,-1.0802670597806927,-0.8353054315814915,0.551181099204331,-0.6389850540666776,1.70520024130648,-0.5903287937746077,0
-3.7690866390620377,-0.25998463191792087,-0.5319010561385287,1.9669495604738705,0.21498281745454795,1.2333496457702544,1.8009930876645766,0.3149718715553322,4.219322040163258,-3.102404140772511,0
1.2500553841385464,2.279195082237868,0.10613051374517424,1.330195956609185,0.06354190456093739,-0.9482913430056419,-0.598437583725343,0.9330666057209853,0.30701293513266836,-2.514803074194738,0
2.6055054833452695,4.1670436104783315,0.9100250152164366,1.638864637728389,-1.0944943608348963,0.4993717928726218,0.15648275581196172,0.5444598695274623,0.836252315986244,-3.205444791684375,0
-2.3026592287703087,-0.3085436765464742,-2.469061111725175,0.775716392044698,0.18794177643275645,1.8123493606680352,4.090082915926168,-1.4603024352092226,4.504020503401668,0.5221083771734971,0
-3.751008994927428,0.6983953897979736,-2.026896678322209,-1.199385733768211,-0.0034808485732018284,-1.764286293120596,0.16694695832177184,-0.5807410905564503,2.9843084290412087,-1.5903365084337644,0
-0.88527456322131,0.3760346148410001,-3.3723247902210955,4.5181729088446465,-1.31246730344855,0.32390041546526116,4.253688677209392,1.1770006367903372,5.133075108322847,-1.8877902972862317,0
-1.38491556606526,1.3148140708900473,2.1761582087344444,-1.2534655215013004,0.7177387066589793,2.12835385018835,-0.5140423828586494,0.509887247921195,0.6293814662417491,-2.3839772668849797,1
-1.5798927243448773,2.8689218660267057,3.3298471976329314,-1.4929657821580746,0.8109137726156964,-2.261728183710136,-3.668439075459388,-0.5668133178023392,0.4389445965817985,0.5082752377607241,1
-0.8637152927766641,2.157092816436169,0.710920665807274,1.2455446113091069,0.47993974114827864,0.9569348218338511,0.09570502299990409,0.32478159411011454,1.8536237988430824,-4.781260070174156,0
-2.439717828783981,1.493163452010613,2.6591120365151553,1.9668942029131788,1.118338136793128,0.006828345766573873,-0.2767926689265824,1.5089188942669034,3.6417045196509834,0.8306348316751532,1
1.0002078949480517,-2.4731194094966447,-0.11207531853550812,-0.2061344394966016,0.5501284812178794,-2.34609865864028,-3.7555103287976004,-1.4363524570391606,-5.252344011815241,-3.648210409115235,0
-2.967425098986517,-0.8617969514890098,0.7575759492892229,-0.5972694378639117,0.9078523849098702,0.12164520705372328,-0.45659478586782665,0.21747348301422456,1.2856369371466947,-0.0030685739944871226,1
-0.4346044645853724,2.139088209101277,1.8825843529569997,0.9532346039560057,0.6564065654899721,-0.2594926584533883,-0.7466747326025412,1.2891318354374448,1.5876082303990118,-0.4178765042497026,1
-2.536211287026828,0.0636112942168452,1.7095249901281528,-0.7203049981274002,0.4670909439935746,0.008367873988000651,-0.6475567442141041,0.5790615726946706,1.6391698751369752,1.748169423575105,1
-1.7444143444013902,-3.055439614238253,0.7200704116571379,-1.511292228633938,0.515719619170136,-2.6006728492222893,-3.798732580495441,3.377768241289362,-3.4266741653429915,-0.14316041065345542,0
-2.6965629849814428,0.08779266393431073,2.666777422316461,2.5972234300155197,-0.15014783201743892,-1.0400330775893731,-0.6237482969238605,-1.1693152650864689,3.377166937401155,3.0804282803975056,1
0.48126309180828963,1.90028212234724,0.8744081458627222,2.446426089761242,0.6149612320467747,0.0820153706617035,-0.8816501304996471,0.12390681652107108,0.3691445702886737,-5.80116548197324,0
-0.8042733521722633,1.5051156487772461,1.9499233608409208,-0.6085240596264206,-1.3106457843043726,1.3867199290748833,-0.3556204477400334,0.5881379513426596,0.8982707706724848,-1.0283711527333808,1
-1.193115195159763,0.09120882161380428,-3.412106312706431,0.864879038830527,1.7305179518279585,-3.020059204053334,1.0287260729800898,0.8889877491836431,2.3382143089980025,0.7189730484674888,0
-2.296760786350188,-1.2599916397746422,-1.6281745953065376,-1.8078024530874257,-0.48016958420723416,-0.7168216626348508,-0.10708664141190044,-0.3746228193260549,0.19853198035144703,-0.6730265769412884,0
-0.9495407423883624,1.8406486148936907,1.896756261174712,0.285321027582331,0.5010900093087719,-3.3833026253255554,-2.9887517873297575,-2.476792066877087,0.5968868874442143,1.2791023732723934,1
-3.0317412596514504,1.1122622804764255,-3.143787677507242,1.099015531709733,0.3252594982295819,1.8666913925663473,5.086342724119614,0.19821732772082012,6.640722673474851,-0.31576512599915496,0
-2.0702561215840207,-1.1623925086603282,-1.4414682482043908,0.6480464449276675,-0.5263908651106778,0.5742459404833018,1.785012006440293,0.7679376635165371,2.2352548958998786,-0.14921511766411721,1
-1.700757994476406,1.5220202774042644,0.7493721742707509,-2.3186755659851883,-0.19399479256662508,0.3445121675271712,-0.7303441162981316,1.6756362938455622,0.7743205354462587,-1.1536089382730346,1
-0.7537093669077644,2.687470166556401,2.145258431671622,-2.5980779617951133,0.7051486589381767,1.4885206019090207,-1.169260592203251,-0.4150913367253287,0.1198841202534377,-2.335854623408813,1
0.6635891246524155,2.5849857066859103,0.7280174039895027,0.6663179018655028,0.4158027257204452,0.28625531457241205,-0.22422107852287138,-0.1735444175613875,0.8278306243474085,-2.7492772405511134,0
-1.1839404518392522,1.8670984972196758,0.3356244753532218,1.203268602451514,-1.8331704516987275,-2.4699981649751215,-0.6616701992174122,-1.1933757685433153,2.58330447510936,1.3054394953574264,1
-1.513893229328441,-1.8804791562122616,0.5120653420478205,-1.1674128247842277,-0.5881085989243096,-2.7751980819338824,-3.5350974922805354,0.7524833770742185,-2.637659559592188,-0.8284271355144369,0
-2.1534023286986725,-2.0535829393398886,-1.8732192489098134,-3.13117816287198,-1.0859631707417063,-0.15706186096208752,-0.7000742323759617,-1.0182539014177285,-1.6323610848316055,-2.4363890016676457,0
-1.6560908706388084,-1.5758354222808657,-0.719865918967746,-0.4970094418958093,0.12466339340755687,-3.3378230873867665,-3.0010404678766767,1.862869121400177,-1.8643824392428545,-2.048809487103742,0
-0.2054343319973384,-2.7432297579168656,-0.3108003969533184,-1.7052562760866086,-1.0703205486518375,-0.8301032068385837,-2.5298485095784997,0.24784628190182476,-4.2254862877577795,-2.624177150706865,0
-2.9629138078601858,0.8263606397785525,-0.9460049055405152,0.4069745207484359,-0.6920651986646917,2.3147944577361415,3.2609240358970055,-0.2981525261999003,4.87060438615886,-0.7290469968469674,0
-2.2524126371711986,0.5519980964675844,-3.002068619184297,2.0811273692053414,-0.23450753514589096,2.5074117655725487,5.913803376153412,0.6884959745615665,6.722719669867902,1.0389222194244598,0
-1.4100401620127316,2.25641200322692,3.7212176331389695,-0.42223389462933825,-0.6900125998145852,3.682172347817523,0.13773888279703234,-2.124027075878851,1.9165351655471532,-2.1919071605953895,1
-0.6678936577282659,1.781592624893861,0.3865852347594829,2.1269529967853695,-1.314878664404412,2.004294231972998,1.7033075138488223,-0.4351387479620344,2.9384497452083496,-3.5107602324326614,0
-1.4875803505755796,-2.5908873471937417,-1.6707430641648617,-1.1800881674685415,-1.0262423753029,-1.1274995085003172,-0.32975945139384294,0.6352455366039567,-0.9770516876082238,0.6629571410533122,0
-3.9936438853950147,0.2128967923236884,-3.8604245355035736,0.4433185973597753,1.1084446017228928,2.505915437415827,6.269193121338576,-1.0893426377121063,7.522626780606608,1.308977606156597,0
-0.1041122323869057,1.830554084135501,-2.2277837171575974,1.2222673410392217,1.0546206284873183,1.3806749220291408,4.000538887048579,2.1655214522065567,4.290510305074818,0.6183134055617119,0
-1.0252897454221381,3.063642637381538,-0.5197044031665834,1.778966027755972,0.3924560184705202,2.9458397591394068,4.100291879480796,-0.4326595133965921,5.716112811332809,-1.247250270374685,0
-1.9781334067085317,-1.4178430669931568,-0.47979538747359873,0.5628092523884267,0.195162047141818,-2.2820892731946953,-1.4576403796833524,0.9442148402518143,0.04178975559450846,-0.5614198949800994,0
-0.26688344674494857,3.1672682638940404,-2.3761850673739224,2.3324680846395003,-0.39272623842581755,1.7464695999828623,4.735032322408789,-1.1929733710191368,5.900646496133241,-1.140387847518213,0
0.8793434536558866,-2.920279363516942,-0.28269611954579155,-1.3635809437834239,-1.1429425463832155,-1.832031327733946,-3.451241126197058,0.17118714374566293,-5.5862347439470685,-2.600710057438533,0
-1.489693573122456,1.3940913320008093,-0.24185570261152844,2.4446040718196125,1.1864155905176088,-2.82334246591798,-0.4038951603011761,0.9156538042583441,3.052537100650488,0.3210219961536507,1
-0.6216343947882337,3.2253804492229508,2.6312760916132936,-3.1664453449683263,-0.6270278518303946,1.8509069213122977,-1.3939489553294586,-0.7387387253049276,-0.06378017303076586,-2.557176419997168,1
-1.4374067801477617,0.32372060106660605,-0.2599893107332487,4.078924794918649,-0.8546246417550657,-0.6104943914349191,2.4919057480708573,0.034204684538075444,5.111891474640847,3.4441587268829483,0
-2.2335170221606186,-1.2741515077258654,-0.6780858483026854,-1.096084326910945,-0.6226138999593189,-2.5145848567085967,-2.0830411841890495,-1.18120117314888,-0.7401704888817113,-0.8712384924920378,0
-4.147294036258945,1.3504328544728539,-3.7763888677024826,-0.3089239528953007,0.11041804694611956,1.3612687703184505,4.999849784146916,-0.5973810610451429,7.151144571842458,-0.09195351705275989,0
-2.24488378768808,-0.3476362654390246,-1.6379125705676187,1.4732509783731993,-1.7821150819848288,2.0839059210405297,3.513858217754135,-0.1929813677606896,4.120969866814493,-0.8034139568271277,0
-0.6158686010054977,2.865385909986237,1.9214224891855833,-2.3358986802215025,0.5069763458281417,1.8338327520190292,-0.5316092448773772,1.182900489387524,0.6448495992892551,-2.0954054907303368,1
-3.5780836837919296,0.9290384174811974,-0.7108333117741217,-4.874711976812119,-0.24717161224439949,-0.501182935095585,-1.437686645091465,-0.3874886632696904,0.28202004230095,-2.623541465396406,1
1.1560355365307,3.9162150016750257,-0.18471185802420043,2.4020197571515958,1.3558053394315013,1.5013027852190755,2.1410187097771747,-0.3894035615253766,3.2677087234975555,-3.605298654266089,0
-0.2927835530270977,5.434070864462001,-0.597900403737577,1.5635009143420335,-0.5417732360116019,1.6904948961312318,2.8728044658978478,1.5153180943238018,5.462677351617206,-4.086815869012895,0
-1.6688380517800023,1.7206681939128474,2.3210326194952904,-0.20569040606747602,-1.2672766883727302,-3.4023396399553203,-2.815331363358089,-0.8420986897213886,1.34113498667536,3.460110345601097,1
-2.517260122969432,-1.8548054426328378,0.6821507830517954,-1.1625287104176647,0.01823099713711716,-3.275298486422253,-4.229796795640292,0.37120676347005876,-2.408206011597438,-2.077244045558622,0
-1.1579994190739642,1.8225944881540537,1.0587354875323896,1.8768045470679249,-0.8866391692045981,-0.24176573627153064,0.599841997279881,1.434001003730461,3.3566237739408282,0.7467815711570148,1
-3.1367047689387304,0.02063654527421943,0.5304612767681745,4.936381858640006,0.43374968596096225,-0.7166188148406681,1.5391855073761047,-0.27633529504421733,5.606639424115808,0.7154573682280062,1
-0.8499243608335537,0.07889984603581546,-1.472138912541994,2.7921352477364296,0.2750022982918108,0.06560984237529799,1.6596991127244913,-1.4089607467920393,2.497983430493732,-2.5678021647452685,0
-0.31762716135374536,-0.34219936607684653,-3.93998061490926,-0.13210240681696583,-0.34201734580477505,-2.732943720300225,0.6529091189910079,-0.23186850662578992,0.5008851504960352,-0.6382814548875045,0
-2.6485685384261695,-0.49677376211023283,-1.4526031034090472,-0.3327188272938322,-1.9259778184451013,0.36542302529697057,1.2026804488105836,-0.24691832748945464,2.19074920041287,-1.4700278348355853,0
-4.164716315673034,0.4349903642884263,-0.21251437069779944,-3.9546090881454323,-1.2512279153776757,-0.7357775093776784,-1.0869794559856567,-0.8097354673898115,1.377174447012949,-0.33288460240544215,1
-2.0497708242407655,0.7932715914672475,1.3400227737542179,-1.113158765235034,-0.6018971609326136,-0.11102570156022828,-0.4343629072476926,1.3451171736117884,1.7270977434797885,1.8501075428503406,1
-0.8128809901543105,2.2452606524158685,-1.5458536444194944,-1.9097695655355278,1.2377381057492252,2.5661931720469067,2.0788922613607297,0.7229969346243232,1.8131441771230945,-4.5444755365632155,1
-1.0511751109152576,1.2491338092891182,2.4183289162470496,0.7237613596846733,-0.0178621548877335,-1.734964051940159,-1.5267754555790187,1.0772936730156928,1.584222069083145,3.3147574889534965,1
-3.0525958692007924,-1.6968336341969414,1.5595412281707979,0.37129912790898567,1.6371217900017057,0.89790394363794,-0.35085311914219436,0.6232358966388174,1.2064548441962786,0.008321820614552333,1
-0.15323662441791952,2.0070790572566812,-1.1182665429681151,2.0204398499374143,0.7958638123412264,-0.3212188439919925,0.9932666036191609,-0.7178532143540355,2.3512072792921854,-3.4808445430767145,0
-0.9878283762540484,2.199472292039206,-1.5244258387047167,2.2368138227937253,1.1523486389619257,2.1818802809833464,3.9617121379139073,-0.682074798023783,5.153042659419883,-2.0548636080649296,0
-0.7128169594150513,0.9595436055790186,1.4672473089305509,0.3369292978025895,0.24245018063581938,1.4211575258493616,0.4570777731189784,0.4137542029473876,1.4896873272890518,-0.15324006185655348,1
-2.035572939037155,-2.1588539558656588,-1.2407676406009385,-3.030163553972593,0.6927757697082377,-0.21415569178609095,-0.8580642118970319,-0.8644303136735378,-1.6392566797980859,-1.0156292506157698,0
-1.4447380779102157,1.5344491079449463,2.2525858216750043,-0.20100977454684554,-0.957927839495268,2.8892665535605113,0.8081521944900908,-1.104145456663919,2.196183025657541,-1.2084547612300698,1
-0.2911803670179791,0.40346339301583956,-4.047355012801971,-0.4384180072301509,-0.6638331028256903,-2.877586032042405,0.5856650788284281,-0.47548474118944284,0.7336323001453795,-1.1464504185434792,0
-0.7709807658870256,-0.00841141101264431,-1.1319199297075766,0.6583773770622038,-1.2094353289590587,-0.6822517802129235,0.36933580794523757,-0.9261632634832083,0.9717057716384945,-1.2330899771981763,0
-0.6414140481337903,2.989638610169038,-0.6886287923432368,1.780259744802399,1.4937097590055342,2.438362469564054,3.463310884153652,-1.9255673603328771,4.84106374332583,-2.2556866442984322,0
-0.2774056823241495,2.7364711632326504,2.190155453673216,-0.47483298496423676,-0.1247181582364859,-0.8208876601360711,-1.568030236751492,-0.4265996362860371,0.9263070421734452,0.39528225899481595,1
-1.2760971263445862,3.141404489623288,4.564344331554095,-1.4422940547301821,0.9622105785810979,-1.4217632407199754,-4.232498251212197,-0.24237545810511135,-0.1939435000202636,-0.5941707657330966,1
-1.1165208305180008,1.9276113462683688,2.935578699728338,1.8326119718364098,0.612171618618584,-0.1879220555442218,-1.2500721831602286,-1.3376741860876842,1.9589762683118157,-0.8027962642989501,1
-1.0407918341936186,0.44619760234798544,-0.37677127550192835,-0.06435999978014362,0.49127402072628285,1.4349095203052136,1.1868492578423233,0.9661470124092959,1.4674215345457775,-1.8875763072134097,1
-4.264868041200678,-1.4874136942833849,2.365479302715559,0.0352269895419961,-0.056836852206949735,-5.0712483216363395,-5.703056359553267,-2.1797886613902455,-0.8817385713394614,-0.5669887169574627,0
0.9171386161422341,1.9034907107537768,2.241252188915736,0.7371807315995396,-0.26284049946239324,2.646551059980756,0.4200390196041058,-2.207547565671355,0.5487647557728401,-2.090616864197985,1
-1.6233758307682795,1.9923614839088815,3.6725947191711596,0.578959670448124,-0.17426703446692562,0.8708536111833451,-1.006862205457013,-0.8797173613845565,2.1690617409714843,0.37601278657225734,1
-2.067158633811634,0.944886052256826,1.6362362324286646,1.7497301518821553,0.14641429184260343,-1.4988866622121493,-0.5808008960075154,-1.4902475232990466,3.02651894514561,2.2192689999907422,1
-0.2558355114009081,4.041757627101143,0.9475862789716639,-2.953558866040392,-1.1741423724811146,1.4224159497840276,0.17040013485200506,0.43128381688629847,1.461223775395154,-1.3689380108035132,1
0.15834019255454423,2.8961006476142868,1.7859623725066112,-1.2993564503639232,-1.4500163561675328,4.408025553857202,0.8875550893483465,0.26264198787169046,0.6502340618218373,-5.560071029327361,1
-3.645473071693763,0.3623673023270477,-0.3116503126217305,0.10650181125453728,-0.13260407824049675,2.5887551480298017,2.3019175375201515,0.0689061331209721,4.072405004611777,-2.7052511745283763,0
0.3859861953963124,2.6914477740727927,-1.945945241539973,0.8609292617481478,-0.22652747238283805,-0.9157404318459457,1.2662825051099766,0.5558260275751273,2.3398968417059707,-2.036955729467603,0
-0.7023319206995722,-0.3786855588988258,-1.6336998890298393,0.8792271946813282,1.1003928922787292,-3.3264119674974326,-1.36526916011538,0.5076118229432475,-0.14908606979401423,-1.2304118719842276,0
-1.3049281529366337,0.6707643490199228,0.8928516537205744,3.07220862256941,1.8054168464197806,2.5911184548747235,1.6968646679248596,0.6235257988258587,2.9494785980602214,-4.212724211690981,0
-2.409621013031107,1.0227032027659464,-0.878316220530083,-2.9275271259572406,0.007673193321506307,1.3149546553242648,0.40779184098621696,-1.6133682362049397,1.0832646278182543,-3.504877384124759,1
-0.9266485751683192,3.173897249746826,-1.1204729164478495,2.0172166192374084,0.0722883471248695,1.2731451276395789,2.7908573196182287,0.36075575466383486,4.78853864811906,-3.2557918996535715,0
-1.263447907431479,1.1915406560077386,1.998227852049243,-0.794836882944112,0.6793813730119062,2.1520547122950306,-0.17072104161002544,1.6038660672678657,0.8911181021534597,-2.105816686480234,1
-0.8378556728174815,1.1739574822461962,-2.706221218521102,1.755153730541823,0.006548657804539276,-0.6250742700943146,2.5960258977454993,0.5870575345945356,3.7419208746701846,-0.5293156176721375,0
-0.00047379150534587744,1.885568873342515,0.5442759280592535,1.8559824955311295,1.0556942488831498,-0.25237706440714813,0.9976687584105233,0.07707861138149362,2.8184474857361517,1.4327106177526303,1
-0.004989374217914788,3.4517835902925826,3.9942003951716316,-1.5281228504908047,0.43383524008887653,0.08118473541773175,-2.838538755176127,0.44459199507312896,-0.3093721443641905,-0.8816140854491934,1
-2.9027542105122963,0.18245481009670095,-0.1705535079069651,-2.0741905996545595,-1.124165984761934,-0.5433208009453532,-0.4239162229885458,1.1780873685621747,1.4344862573728503,0.23519840894715904,1
-3.0527190961289516,0.9812190083091441,2.3341125905794886,2.3916279438072476,-0.26257565931562216,-0.42048088220166346,-0.202474382571074,0.3736534056211483,4.073808593267408,1.009955193903851,1
-2.206269168727025,0.7333219395426426,-4.206148106156874,3.081795766961563,-0.3129289671900141,1.3917805447355442,5.996316347372647,-0.3043448710539514,7.1239999554892055,-0.33756679103031195,0
-1.5728114885783824,1.3486328127877145,1.4915515940795723,1.8024437703857845,0.5069157201363107,-0.3259158349827169,0.50653040138462,-0.9544386262909633,3.5177391399574196,2.203697624870505,1
2.247063617588715,2.8592887235773237,0.538714079072578,0.8522985689360352,1.067997778058972,0.5957922810506817,0.145266831014445,0.67101780491777,0.0765609155699864,-2.386367906318121,0
-0.4099762845046844,2.8807825065338637,3.39383597457626,-0.5279521992323133,0.9661396608610485,-0.9350656212614096,-3.0316197584583455,0.1654915641331403,-0.07594395919521416,-1.3182671516790512,1
-1.961120831317102,1.594538621692318,-2.5409828602407534,2.4090676411608323,-0.5208929039037633,0.5323234980947386,3.7347722991864147,0.046637366565965746,5.70729960808844,-1.235266329184789,0
-1.4965671093917323,2.8655676956373317,-1.1799902426391606,0.7196088065578922,0.0647913501233811,0.6538545109288768,2.1297492478245674,1.3610067047697736,4.288775782360274,-2.393474145532152,0
-2.0875851004165824,-0.1839921757567471,0.7705122555226825,-0.03916657785677602,-1.3099765543749995,1.2944306943678254,0.7410815246311423,1.032974234914031,1.9342052946833181,0.11562468749198551,1
-1.942201901540229,0.49978703328600993,1.9856348536281132,2.013769593991784,0.5656329018867201,-1.4396449111431853,-0.36253566555462463,-0.3346038545302957,3.1460329002797156,4.0187324742808475,1
-1.0081352793608098,1.715171198812236,1.7181284692014949,0.5851418117526196,0.45920418159952925,-1.4937867821214925,-1.0024814369149835,0.9878615824065092,1.9562363209285025,2.263082939074484,1
-1.9320023527284316,1.2593319437489126,-0.37106134028268145,1.1107484710828937,0.591668049693131,2.698791539356722,2.842794349098339,-0.5693514235811376,4.051783132127892,-2.4314440886324578,0
-1.7421682646409558,0.6043936804904995,-1.1638225775406523,-1.6594558280161384,-1.1811935394294981,-0.7081418354494002,0.30568570966687925,0.45134754786463266,1.422007209463139,0.2662517782067595,1
-1.845681302400673,-0.4128607434504803,2.7737808729049087,0.21914471122623347,0.17969538110620695,1.7645064991364683,-0.9264766980979134,0.9772633703031223,0.35205444545472975,-1.5176223378156932,1
-2.0872020152202975,-1.1831520716384718,-2.7997222609723362,-2.4828712948982763,-0.5102911595630633,-0.12909818736552436,0.8307497193853959,-1.4771644163123816,0.27051892336812466,-1.3394031276746854,0
1.127503393631713,-1.0867217568831162,-4.279851612309669,-2.910437762156703,-2.17554877698757,0.01681038165619375,0.8929095716373052,-0.7228347951782497,-2.668538470682478,-3.2507643666865533,0
0.2665220061157114,2.973320356550906,3.3904452836602443,-0.907650925224349,-0.8192664641893721,-1.099744814136312,-3.1827092238549146,-0.532836268779924,-0.6836438127729206,-0.5958871866253594,1
-1.923141276651801,5.196459170069064,0.4773118309811848,0.26169279355040986,-0.3054994630536529,3.3700184528353763,3.05989629614337,-0.6784947304872218,6.080449015850265,-4.226238022443081,0
-1.2164294647987883,2.5425732335446813,2.371353679519505,0.46841055658817177,0.00022394799578804667,-2.6077056168607964,-3.3409673731412193,-0.9621412281903847,0.5675388468954657,-1.9859456296021527,1
-0.5933645239568656,-2.4139350374842827,-0.7937983326054459,-2.2964572810570463,1.8341345643623908,-2.186742905180855,-2.9726659105313336,1.1772087874169148,-3.9568234467146355,-1.5525541921210282,0
-1.5830519658744875,3.2795069383492628,3.080280457184192,-2.708358772683364,-0.03540743904535086,2.6692180355667414,-0.6269535599840319,0.6104398198094931,1.4190555747671827,-2.1030112629780717,1
-0.9587119336480429,1.2599635967267195,-0.5178537102641552,-1.4239903275948687,-2.9667530687407306,2.817821295150141,1.0310424354215395,1.5095239926988544,0.6080238575910886,-5.80636956716146,1
-4.284293254164634,-1.4704430928063363,-3.806558260769108,1.8344772097704922,0.19145071595735258,1.354704133104146,5.4942155976301414,1.4336250198209464,6.866973741988194,1.7415892720171384,0
-1.1622645414396717,1.6329053752253966,2.4596261774207635,0.8494868130465489,-0.5462640091774649,-1.3701965258525417,-1.557357372964249,-0.8582160317716268,1.6766084346996468,1.6546479100016236,1
-2.018670433886298,1.8301610247728033,0.49778468221250005,-3.2039867605854604,-0.571902849809924,0.7982917807886483,-0.6267706790744995,0.7917452740087223,0.7647813474384955,-2.1498975496698454,1
-2.9349572022767196,-0.7479453807996803,-1.5161421369070471,-2.4738652250001247,-1.0867108113847272,-0.6564075510128953,-0.42704393124193,0.03537141708863912,0.410324969161836,-1.7502691304824642,0
-2.633468084221149,0.7704023192505537,-4.479444884795367,0.4470674002985562,0.33531725639730775,0.6262590771193961,5.335153764706468,0.8226824265741438,6.4074792081908925,1.7855618485547873,0
-1.973151192068819,-0.6775396093180843,-1.2085416721301199,0.41664231599070667,0.07388693612455402,-0.9090943439724537,1.3394847796038287,-0.49687612734152825,2.6676225284089092,2.947428296826356,1
-3.4222824431037244,1.3257141467582143,-1.0836266493750175,1.4237317546033519,0.8918776345702746,2.163620324290309,3.213861293377666,0.18217062771210168,5.606294803230399,-2.9751326841195214,0
0.7014331904972964,2.2980562928240653,-0.1538534403369307,-0.4231578132041516,0.32868234949648295,2.2941947681897714,1.6255172860816278,-0.5911468299256105,1.2481805897113056,-2.5398833087313526,1
-2.851985087725937,0.26010226184334995,-0.6605984167727146,-0.11599792846927826,1.3698682233619108,-3.722647566909071,-2.176541155231494,0.6259320959729026,1.1421266261480254,-1.0029734638204002,0
-0.33134714888271,1.6558733757886643,0.7321176378091625,1.578318248701867,0.5212299906445413,-0.6049924276196433,0.6957548870639044,1.1874271516819999,2.7845208940595816,2.2708269357664155,1
-0.5239457812880093,2.5810989844990293,0.017254773309417493,1.298531333914441,-0.27362761039326816,-3.357259992124696,-1.5832101647911043,-0.8554826959255813,1.7085456416814542,-0.849849800197787,1
-0.8991221210952682,1.0971384510327211,-2.4946458162433767,-1.3094843758780192,0.26118454127962865,0.3001999436461187,1.8223852786167138,-0.3759282454713564,1.8570665366965402,-1.3316034476053935,1
-2.432816825946545,-0.9240983490292766,-1.5022229565358096,-0.7770739286870064,0.24854510511898723,-0.8296909724302965,-0.012867817682090955,0.4021978249123513,0.8849086346879932,-1.4295441077843944,0
-1.775654975677239,1.5524738346887061,1.2436723860512515,1.1382553832097675,1.0304387856367914,-3.97739210081461,-2.72541402933708,0.2725179902295931,1.542315244810784,0.769080637591324,1
-0.5873561290567842,-1.3775789063761763,-4.100662465396576,-2.3521799636849074,-1.67308401250574,-0.9540625474308541,0.879784503980331,0.9610934572320833,-0.9415043147844382,-1.517915156330145,0
-0.4679691971878046,2.3350650596062477,2.9922087779718614,-0.7328239279234803,2.602479874874313,2.1069060060477707,-0.46486428343390335,0.6632733812644779,0.9927240659682524,-1.043610670482811,1
-1.9936436541278204,1.681313178019354,-2.6822817557008554,2.2728848722183486,-0.35385896282010376,1.2025111233435857,4.125160425146094,-0.4553424231453126,5.812242966103295,-2.063207427169786,0
-1.2468642185560117,0.6944816694986105,-3.6134343385765018,0.4634662545116768,-0.381771196674043,-3.7748728875169157,-0.09943849525645068,-0.7418431610084755,1.5572779549784783,-1.905133855070647,0
1.3633804900839994,-1.4332039327604347,-1.829196313713482,-0.014309528762851853,0.3820337057160107,-2.9797411279327304,-2.359573447475416,1.089272246931099,-3.73021166066546,-2.7872428304054933,0
-0.7106011741996052,-1.6768230137794813,-2.177939886378912,-1.9187251510026329,-0.9501045691456493,-1.4024004873124702,-1.2543819877643898,0.596081494132487,-2.3900069311040304,-2.828135528533843,0
0.17709837096773406,1.8451606536086604,2.991743663635721,2.068932754626175,0.8185946183432132,1.4155176383266848,-1.8017824041026222,-0.8476272124968842,-0.3707978056030034,-6.577530208804394,0
-1.328005788292438,2.119617313189576,2.291867978656017,-2.02970606738011,0.08534395552050993,1.0307937848032551,-1.0043704832546287,-1.7376861982453433,0.8449530934261135,-0.5269392492376807,1
-0.8885465091315329,2.8444291905075216,1.9875221029473291,-3.0790765076685087,-0.734975101257266,0.2899088294208436,-1.7477922455774053,0.37105373821536314,0.04540321066004703,-1.090543348184473,1
-2.4624174323823325,-1.9664074463013923,-2.0346538480111254,-2.018070187406243,-0.9744525476102961,-1.6489041890311384,-0.7869571424481343,-1.424971171815412,-0.5778738401486965,-0.6986865010164953,0
0.45485616007455887,3.092212894449738,1.570473718068142,1.6059649711152253,-1.258264629367288,0.9339993158475349,-0.5304047234479833,0.9704884596133799,1.0848221322134666,-5.191082481527266,0
2.17685227110047,-3.2398988177837404,-1.755915077744528,-2.519557265782205,1.2537347862197346,0.550824662841487,-1.3868159687099653,-1.2896760979610558,-6.2707710481828665,-3.4443950265154384,0
-2.4843488184186135,-1.2967768149394563,1.7527429531424028,1.6643894160231971,-0.30093529297013316,1.2448246782640342,0.6529023599494849,-2.52345736251247,2.3445707577032815,1.4263360771566984,1
-0.4575314508686228,1.38498671076462,0.546173459724101,0.7751282688529879,0.3588480726789188,-3.467590309636223,-1.5587125089061593,0.28815004154025464,1.2764772671897,3.0084852394299295,1
-1.5354255388476539,-2.34715893027468,-1.2387617786657061,-2.9610916539765326,1.1127981956129065,-1.2728762178520054,-2.036657271574407,-1.038540857035756,-2.9298313965064886,-1.822516616094217,0
1.1974218673294903,-1.6672580220767728,-3.1709811782871737,-0.4518824533099026,-0.336544921209111,-2.3144982339841067,-1.189789111240717,2.1353211239759577,-3.334076344880227,-3.5278324343803953,0
3.1168573188090356,6.248765732636021,-0.42611309432491007,2.156000634675174,-0.9530404633648498,0.48556485379003056,2.1665741768276887,1.9235134876034545,3.401356196242819,-2.2556069552263223,0
-3.6500912796706304,-1.3483987925981538,-0.8090566305787836,-1.1812095916022634,0.913711652342591,-1.8359378418404022,-1.3029250347065986,0.2753962341432087,0.7356553973980581,-1.0447505219401783,0
-1.1736056443903125,4.066846224412991,-0.8477839503222325,0.5160666480920775,-0.4134487034717953,1.9351283757057753,3.1262882775634546,-0.9001602278736629,5.280398548644625,-2.3204275212753727,0
0.07367595285598472,2.662637907771481,-1.3909866354519398,2.4382578093682556,1.1206857064225952,0.4554366995294965,2.5455974879796748,0.3852126522593542,3.9169254941786655,-1.969158621354189,0
-0.9482252011892445,2.0646358963409592,2.154102408769477,0.8735329922510808,-0.12719938398244293,-0.5791056123475667,-0.8930620100023929,-0.2796127199046768,2.0001428687059444,0.5874605092925037,1
-0.4687893060265693,2.182682224926107,0.19325333447542548,1.7596370312348855,0.41208346487146014,-0.519163711393284,0.972044351797106,-1.2084822042690762,3.231929489311805,0.6345087524653383,1
-2.9036345937016454,-1.4724625347289357,0.2582031665090303,0.24259782719402723,0.808988609229009,-5.034894436930392,-3.628629411266153,0.28092849694782634,-0.2658367114925926,1.4119299331867379,0
-0.690266844657963,-2.9322230524932116,0.8506506740682371,-1.2081900977788116,0.8048559381800797,-2.041978159683751,-3.7705609494769456,-0.5297677059230407,-4.242873139526545,-1.1282748388764001,0
-0.8548147469243746,2.179534654392734,1.9127790418920427,-1.3348195387193593,1.0371714725320045,3.46359179300342,0.4045186194410817,-1.7101751013917943,0.9657988414846669,-4.086908524324037,1
-2.8305645923100715,0.9212069068251881,-1.384692135869105,0.5531330248331201,-0.1435815887121344,1.0907585001052067,1.706075035860685,1.3576196330501393,3.4506752655956685,-4.275496717702439,1
-2.533451913304342,-0.3656807448431396,-2.986921310419545,1.3611723608265123,1.794524848392212,3.1438874159538868,6.05750463676007,-0.7148072589914705,6.188417001648001,1.5194956600859988,0
-2.9203253708930372,0.24586818158704715,-0.33269878193713476,-0.29915602469084024,1.2592837114361684,-3.0115626138828517,-1.8615899866676966,0.5918011911450157,1.3015401278822696,-0.757099272773519,0
0.6152742823054287,-3.178354779665825,0.22382739093006676,-1.5673358725552073,1.4224229552858216,-2.5728124096224505,-4.593619581202922,0.7344258528096671,-6.3269222746014355,-2.8077509161272474,0
-3.319633692455431,0.6150002704135518,-2.6946443363026336,-0.2807839603697757,0.28191802075105005,-1.901068301118645,1.1628869970244013,1.298693290993424,3.7777357209009548,-0.33696104628957424,0
-7.019415448828856,-0.08021179379189003,-6.178505402416697,1.1959784986848856,-1.015581379650545,1.9196798433363595,8.554525359531064,2.305636837367189,11.677218359536408,2.137989221942611,0
-0.6751353160724178,-1.9293646534400901,-3.0721229881639283,-3.305977233609735,0.4931956884898786,0.4509499687630314,0.7816348807135475,1.8307438248312617,-1.720605008815819,-1.2027806076196377,0
-1.7893079147115458,-2.4757216292588984,-1.0205136617508792,-2.335697255933723,-0.5270661182397741,-0.9272195101431514,-1.5708817792125234,-0.035420140691509526,-2.2208550490975774,-1.3458452566053498,0
-1.4526482723112926,3.252239245203557,-1.2318938595508677,0.48511990107760794,-1.227828566056992,1.0115229741267768,2.69477226379867,0.058608917371792725,4.863963024320889,-1.6042651324761508,0
-0.00308797793793425,2.3080866394473123,1.492462873334879,-1.4777323183851379,-0.8212863840728593,2.6534825339706263,0.005741767905879815,-0.7591835461675044,0.15329489028400667,-3.8308309374631144,1
-2.736595800027782,1.4261524309503508,-1.4925621023345044,1.9718129804677746,1.1685803642733814,2.244640336073425,3.8700431959496635,1.024774112281728,5.836982505787752,-2.3896526912734863,0
-2.6581154692755256,0.4903893065295728,-4.020199052829569,1.5484912843397425,-0.7710421571412046,1.3191351673220817,5.445859330090609,1.1971785314619128,6.487080381394034,0.3709087879894257,0
-2.6191920346565203,0.5625086201288425,-1.2961785909636938,1.6218789922894308,0.023980019015592963,2.320108363019566,3.5868606132042204,0.10307822153084817,4.973577670691423,-1.6335087442226432,0
-3.2460664180371417,1.2487890122797942,2.7671972168016756,1.009986382804885,1.0654247235975804,-2.29625667591645,-2.418611679370575,0.5161630229264693,2.57654764933283,0.9658970694836229,1
-0.807713585290579,1.071616064941912,0.03534088659470225,1.51178986823136,-0.5098939528656328,-0.5553684607031393,-0.5638654567236611,0.3624498815945265,1.0283669496894872,-3.925899685253281,0
-1.775159375659333,-2.1159892484075185,-1.266791576363384,-2.479679763900949,0.6467439354186445,-1.2100029097520681,-1.5572764644781234,1.315821840016223,-2.030687494312787,-1.3727935051194708,0
-0.5459444229296732,2.362998796200767,2.02636252771648,-1.597843070007994,0.0217130184848427,1.3393334844928024,-0.5905033729324767,-0.4198469958312289,0.7169598864515105,-0.9926938049480382,1
-2.6661672451849068,2.322941790890173,2.0829363589395484,-4.144270516628836,0.2257880340855212,1.0654887689896255,-1.9210046179425415,-0.8043615017626171,0.29062006506093196,-2.8067908233038508,1
-1.073323628871867,-2.2832597921562097,-0.15055658337429056,-2.2782160678230206,-2.767325422602398,-1.8421755371079949,-3.4917721677572184,0.8603325594167204,-4.059023259011206,-3.0406061671187885,0
-6.142636438057404,-1.316074272778224,0.2371983819938981,-1.1305460931044071,-0.3471614824184498,-1.8122971571990254,-0.8507632993232729,0.6879020828923982,3.4875984188654403,1.8082137272170509,0
-0.9190541957565546,-2.3144677408253456,-1.218405733098151,-2.2016169222983955,-0.28568654809226357,-1.7446072565015556,-2.4959923306248624,-1.0236597461307144,-3.495911650641542,-2.7117755868785243,0
0.4041611994694956,3.3728810329244623,1.2869146027951857,-0.8315695618906704,1.352759030614763,-2.969290166286336,-2.9726627142505313,0.45722481194934356,-0.27897363735444974,-0.8866758865343645,1
-0.2774641063418113,3.975963968941702,0.3747757913717442,1.4126694443072423,1.295207072669644,1.8724173944261837,1.971574685351168,-1.4921020171453638,3.967917981330559,-3.363314262804167,0
-1.666696850812276,-0.3224429071667454,-2.311006794779303,-0.8267687407813089,-0.17022379197117923,-2.453902073094403,-0.49790297491502183,0.2893389056429845,0.5228896274621243,-0.9410612585193197,0
-0.5912977637649521,3.126454054074994,3.5704554913991724,-2.6385055837609084,-0.35928530430641653,-2.7375354049244085,-4.45314693644403,1.0896295229091613,-0.9495921992843588,1.528583452852096,1
-0.3743656634703325,1.3494484556586777,-0.39591288314848305,2.8532995685679636,1.8641995258873496,-1.7256577718262052,1.0479662187595642,-0.6964610897866884,3.4160467738937057,2.193965055694903,1
-1.5767260357634736,-3.1100464469560722,1.9711725116512921,1.926249133177203,-1.308684130989139,-3.770849948724794,-4.174200506652238,-0.8489046563704645,-2.2209861693900006,1.0563048292812107,0
0.03184831090770168,1.4148373589126615,0.4330263089705777,1.6650622716675392,0.430362641506498,-0.8632038534737002,0.8636064390962174,-2.061405424022905,2.6258014913237,3.1298501763666344,1
-4.122754898043542,-2.7771831722770015,0.732899343881996,-2.1360459283964603,0.1884535964292827,-1.1543095487687098,-2.3945176530155,2.2689916116594535,-0.7917783825429475,-0.11576805763898457,0
-1.0009032568520508,-2.724162367084257,-3.883337787215171,-5.124146620691281,-0.07502700039680087,-0.076016674990256,-0.010744777276354738,0.44049449616333775,-3.2507388531859776,-1.8441385154366536,0
-0.7786746224391424,2.002196463562486,-2.2109470677300225,1.282479674547263,-0.01020560039093268,1.857718993231342,4.323993375883226,-0.48663118818926915,5.015303202670174,-0.1976144597028633,0
1.8012985858554056,-3.0030161349683633,-2.3200526869631277,-2.6357059717164244,-0.06015449940512768,-0.41805652781777036,-1.6130470726464572,0.7796961821794943,-5.933218334529914,-3.427499265985399,0
-0.533957523713017,-1.970857357310059,-0.6057192529761718,-0.22088622580770712,-0.16164379447861094,-2.150573302889294,-2.1681001305913328,-1.1627104393277614,-2.361986175064541,-1.3505759955652525,0
-4.510984639199796,-1.2406780084089464,-0.34992382478831296,6.9529142140088664,0.12341913350096105,0.6336211685821325,4.5309969577422375,-0.2812035954027669,8.839995721484385,3.0370235249281503,1
-3.6686564241816404,-0.07189103979745282,0.7733092745140833,-1.5830939954759027,0.7193276018294383,1.5385153793299633,0.3046103185374122,-0.32888949667080924,2.170098468402524,-1.2310934833299907,1
-1.099004360148238,-1.718373515982317,-3.43205964862453,-3.6669679883229023,1.6037018554669304,2.0972609594948275,1.7334786106734088,0.14268841220163028,-1.2388708769350087,-3.4732659281758895,0
1.9402651619977473,2.912570785845967,0.5949744436049,3.318152582328451,0.397637501776279,1.259213534847661,1.2338953203949012,-0.4245981660221425,1.7855914027102657,-3.626370558215955,0
-0.7210444684607126,1.3536814246251754,0.48433768067367144,1.8651972591778636,0.03080713499795014,-1.2827372774563344,0.3593286844128317,1.130526619537311,2.807809072638781,1.996651795836328,1
-1.6439291604062285,-1.3027544245405849,-3.0253330123920206,-4.052267025547246,-1.4208939852234432,0.6176128127937663,0.24661435585884792,-1.4297242430303712,-1.566618198125272,-3.754429343969923,0
0.5342960198782407,-1.8630434857436926,-0.9712948744801372,-0.4728913499584133,2.2331159171321766,-2.3840567177628387,-2.568366807211138,-0.7554608013928819,-3.6247607513226656,-2.2810843015973847,0
-0.4755212668715152,2.3174769715196573,-1.5035680893120436,0.9291268104826621,-1.7599588821492502,1.1396127734699986,3.3149621270721084,-1.0126855633684928,4.352329506694043,0.5087087855291745,0
-1.4978201931079733,1.1737575845902668,0.911237179163578,2.276158398028146,-1.66871386234613,-2.3728100683811593,-0.9227715499627024,1.2227117928319309,2.5678958874400712,0.8636153824147055,1
-5.26200748562284,-2.1987547380298627,-1.325018095313742,0.5119410614154395,-1.2126571326233138,4.1953431024731,4.316550044492093,-0.8383618800008077,5.189707899668726,-1.6842666956754302,0
-1.4702166589477221,1.3965441218183177,0.7580174458249961,-1.2118969130493593,1.1116314741410516,0.7148533335148932,0.15869144513576425,-0.6560347582406549,1.633953426092635,-0.14331634842489294,1
-0.23301573820693156,2.1381519731090517,-0.7651277408064776,0.6333821158211113,2.040133885996919,-0.255141533152518,0.7924806248334956,-0.863189712166828,2.0742605645557126,-1.7973753559274601,0
-2.9825586738805674,-0.7004341528183282,-1.7368454851886466,1.9253773310840263,0.5477389787375606,1.4998356729841342,3.0126781556285707,0.6882597107724135,4.222044825491277,-1.8891645840265572,0
-1.8554556714669093,-1.4879677707584633,-1.9414237227782722,-2.899111582454816,-0.18204043108565582,-1.3527735625705097,-1.0068576051423714,0.3775547328379105,-1.3163041258049526,-1.058519022230657,0
-4.288630439043868,-1.8943882748866527,-1.0728186736319545,-0.1888748633723476,-0.9948563524675411,2.2402270099833492,2.647577111436728,1.9530596955398964,3.6243956225557366,-0.24928517090370406,0
-3.430208559329601,-0.3099205692589395,-0.11992785602346512,-0.10151518062615006,-0.5545932404325518,-2.0493658565827326,-1.1576002360961566,-0.1825848784124418,1.8690884032077508,-0.340993274435194,0
-1.421762330942457,3.20272817285493,-0.5492984663788326,0.6276350023151464,1.6772005099660963,1.8043309779402046,2.5849888658253692,-0.8065198324565613,4.610579117999784,-2.4388142605157035,0
-0.052817756250271186,1.9149062235875627,2.146305808985554,-1.250945677072513,1.558294956772448,1.092137959564861,-1.0589243217481799,-0.8047518137191378,-0.15973891722369132,-1.30737390465142,1
0.24896098386400078,1.0562320174031257,-0.7193232205717797,0.7752632088100735,-0.3005359851787682,1.5553101240551115,2.2470420125549695,1.49116640428018,2.0596567379811885,-0.3215949157413387,1
-0.40863320883255283,1.4215261171806617,2.4807901504183083,-0.29874605784398556,0.043908301877156795,1.794684455661859,-0.6005351500514663,2.017775813175065,0.37146702285088157,-1.6395618449995786,1
-1.8355549020177198,-1.4017862271288626,-1.2018883553473643,-0.11202375075838478,1.2979165056607622,-1.7577851501154065,-1.0168831001822567,0.22654275093099605,-0.23187016185544207,-1.547480454253966,0
-0.9136554238204516,0.9952929869729991,0.5933234217840309,1.76684494196765,-0.2686216239380641,-1.7466365952403549,0.21128722594824273,0.3886472460333105,2.8513325475769067,3.469372618382039,1
-1.8295110635159562,2.4680341159989787,2.255165212214609,0.347368662266087,0.48253370982118504,3.369293692244563,0.8833854144561665,-2.161303886302362,2.8871847031354068,-4.216484082357742,0
-0.14367680017281814,1.9713610923098142,3.895656683572655,0.2722701483202874,-0.8323894449694428,2.6686642065627657,-0.49613207454126407,-0.611188502250286,0.8491327621160399,-0.9246730968142269,1
3.1479685217973783,3.091028611576278,-1.636858300736053,3.342195666055013,-1.5341246934488515,-0.8458813256486768,1.4058868496787578,-0.17613419771077837,1.330742576433449,-2.7889716179170105,0
0.07668111739471617,-3.720379615780455,-1.2763608659663859,-3.2830730628550295,-0.14114967234280568,1.4850314580270383,-0.7887817057834,3.287761187388739,-4.728851447209513,-2.399797468061302,0
-2.958136109113118,-0.7957391602880817,0.9406805860816199,0.48255897500771683,-0.49736953314026283,0.564799559936013,0.6838785768624269,0.574386351133876,2.722711170229321,1.8877953170952395,1
-0.7981334573407242,1.8673994259141242,1.4444824935773692,-1.6409481548622955,0.028320263677764197,1.3882117956736406,-0.5949515082223987,-0.3920477826671146,0.3713106329756818,-2.3541303331122894,1
-2.784735118416453,-1.5230951760165503,0.34820087732149463,0.444990517909577,0.14342893703732443,-3.4144492808075055,-2.8219533964209047,0.9719303434406339,-0.15351850825120816,-0.16125491899623468,0
0.18114061360982747,4.192531417262348,-2.1681399249480986,3.5348900281966813,-0.9242684025950716,0.563653698568941,3.434447388462548,-1.4512262989011584,5.4724263397671935,-4.228449441915407,0
-1.6474089076589193,2.233059463898061,0.04043424011351715,-2.3021872372912675,-0.19260643876080602,0.1904093952939545,0.34806552203377905,0.9363801346166222,2.132519294144058,0.42116267694785425,1
-0.8594810517079245,3.4353233475467997,-1.4638251018510497,2.1233617151444615,-1.5008020152621748,2.0651308624967224,3.7754307021395204,1.110911144734433,5.508884673733208,-3.300506552098402,0
-1.7760876343807859,4.028062987046228,-2.3590238499332727,2.0415728857939213,0.3465270183130004,2.5340197701856484,5.512909961015172,0.6180684939300419,7.864200599053247,-1.9925264635119695,0
-1.5848121915257594,2.0353983781454175,1.4514421692649764,1.3367223047969845,0.5990841852948223,-2.9908053016698073,-2.5723823862891995,0.25200376120192847,1.4605304673593646,-1.5373522081902706,1
0.36302493343140263,2.061563293431392,2.2476658093678745,-0.07241695898925227,0.809861984870875,2.8186374684212967,0.20165460909241906,-0.09800096678333993,0.5184945952415876,-2.8056684518323003,1
-2.571129314544268,-0.5835206771368728,-1.4057904397605112,-3.044429152861061,-0.27811986436633407,0.3278307211716429,-0.43713060829725786,0.8530151882434975,-0.33496437704171095,-3.4742275971584773,0
-2.8107435848534212,-0.8736463583786804,-1.2967942605834217,-0.7426054388884028,0.7077916141550177,-0.14332599467586693,0.9273483923099303,0.10607257638683824,2.033822520099331,0.24428890734675734,1
-3.022871180608191,0.047879785641153916,1.7960247337149498,4.26045429005538,-1.1907458007366716,-0.17178583786024748,1.0977098927217424,-0.7931346636139368,5.146394508867235,2.051787700007668,1
-1.471496739067049,2.6152997997743173,1.638052279858456,-3.429952686302542,-0.004142584944154457,1.5403730846578334,-1.1950651027550823,1.0694473881241897,0.15887948517140577,-3.2892904200945745,1
-2.097596011648562,1.422924735825554,2.7978296257298947,0.6345295913305684,-0.5326067566734964,-2.29027808171982,-2.5970657618784516,-0.7748021781355291,1.5723070113968156,1.401754931688473,1
-4.059670185337904,-0.04752871316860041,1.2105231082053347,2.099052615469267,-0.28479555664743317,-5.089922648922556,-3.274174768120234,0.7911400043558836,2.4655299999131284,0.9001814556264596,0
-1.6096154923657562,-0.7004223253926902,-0.40737578613277625,-0.12863817059294758,0.5286348153345591,0.620306927749412,0.5721145105599162,-0.5963246890919207,0.9665596818471027,-0.930607383213715,1
-0.09336189349289659,0.2859208764643981,-4.789321899228881,-1.3467304300342111,-0.21053494035299194,-0.46316081157827527,2.4276196078555037,-0.03813456882464037,1.0076037200185195,-2.035850682442428,0
0.07729810755066557,3.1483757797715506,-2.531720717371736,1.7283879421425927,0.36660624701380495,0.27271531863595966,3.062495305285446,-0.723168438829393,4.2291219526903685,-2.392144467477078,0
-2.1903486708765576,-0.9145251784696192,-2.4599739509902543,-1.740040499363367,1.6009079918889153,-2.078370988252418,-0.0857964260581344,-0.31983226412807936,0.6569817435071523,0.5356639402249717,0
-1.5204019786526517,1.182530703725272,1.736249013404139,-1.0058923567817182,-0.25177867392637926,2.8256963596654887,0.3174844615169706,-0.04946657132325152,1.1559298107849625,-2.871695313605584,1
-2.291388440184318,-0.25059739467547315,0.1253422098311141,0.4107920933540361,0.7009723227039657,1.6234060322661057,1.4585006741091042,-0.3525930970644072,2.544516755904995,-0.6867001246587369,1
-0.8763787092611031,-1.9958974259924616,-1.2595367671757072,0.30047056553276486,-1.063258686531278,-2.180906629969931,-1.100911107683363,-0.4596052987574804,-1.0337350151472073,-0.12920345286378576,0
-1.1556054831163474,-0.28448188925586937,-1.928586646288654,-1.1684270753392414,0.163427820386131,-0.8740151663404733,0.01208264818525795,-0.0617760622705607,0.0860409396893386,-1.7944170830987642,0
-0.629046366322799,2.712009782993824,1.2442781720560454,0.3114976521079116,-0.8456893114465224,-1.7471877338619684,-1.4881639408324108,-0.6866045318482008,1.477505281338703,-0.5538306641661421,1
-2.397664047664766,-1.094032712909521,-0.10194503008082778,-0.9369281642683456,-1.681376891715264,-1.94999755121761,-1.9742214778407983,-1.1096093679030308,-0.4144013158309066,-0.9591359323783115,0
-0.7423393015799549,1.38814286832118,-0.8081158506866203,2.070777036986658,0.5809995399616921,0.43506197269661584,1.5114505959871536,0.4076897368371771,2.839465290478111,-2.667733417629476,0
-3.1040314945408713,-0.9387712954492604,-2.5187256171630303,-2.9336529461149077,0.07321945031246505,-1.2855043015836307,-0.271354298487274,-1.1151262626634877,0.4192403122447009,-1.53335316661493,0
0.8078954558722047,5.727646153246638,-0.11254397792481385,1.1810407344303964,-0.8034342741712571,-0.3947020770777536,0.25039242057131594,-0.3171028325739657,2.9087898660972136,-5.367404418364075,0
-2.6746895410261127,0.8066675760581883,-3.4473395163143024,1.8823000096824354,-1.0981863837781498,2.1088115738313196,5.537828870901598,-0.4638544295059457,6.676972073299241,-0.7008312165153658,0
-0.7997543174303664,-2.294660256313974,-2.2984562501097674,-3.8953350018496953,1.0750212145109097,-0.09741301226710308,-0.7357645487704016,-0.22467990162987012,-3.1133175389689915,-1.8532169386694477,0
-4.096008519136317,0.44300862096194216,-0.9314744284129525,2.1348882673275944,-1.249564911924005,3.8329256366764213,4.550550592938201,0.5368074692249037,6.599259374496843,-2.8788556118300246,0
-1.9488411061937665,0.1295531429314314,0.5233925329467478,3.391441543831043,-0.8593992108172007,-2.6969670913642427,0.0008831484523422134,0.7172635437832151,3.6818475008532285,3.3892361692117126,1
-4.802292643947887,0.15795406147278657,-0.24360735543190182,-0.32845612523744205,0.5484632735405707,-3.7608347453900186,-2.387931653051634,1.0033658927291456,2.379087968975232,-1.3015608859267243,0
-1.3263784490828046,1.444989238364757,-2.1017057446416265,1.428422777101418,0.10338199621209512,2.4447591241564304,4.579879367145073,0.47001366124666144,5.215395010520265,-0.5715987301813461,0
-2.627865798450184,-0.07075833795089981,1.3895808073033962,-0.8205139835610532,0.8695725186534211,0.6144583959945873,-0.35995912308830513,1.0733665824449723,1.5212816941988,0.3830791444301913,1
0.05921141146109021,3.480651623318524,1.8444575592378354,-0.4669657982528266,-1.08318844666605,-0.6978416073719926,-1.429215502289554,-1.2770845623311189,1.0102742805670604,-1.011796929907256,1
-0.47060749185602924,-0.7892461321849373,-4.632538304070852,-2.7977955006023327,0.8594142547594531,-1.0117613427729766,0.9677331456960987,-0.004262937643876164,-0.9166309501621853,-2.5043701971366503,0
-0.5773920209421498,-0.09886817762352607,-3.363794927050953,2.8471869453049745,-0.6140381615494112,0.5591917050098336,4.391989887928671,-2.343039101651841,4.397259925136689,0.8098197760330041,0
0.7646468152752268,2.704533198416086,-0.09791974248415336,3.4749706369967592,0.02310434600073103,-0.38992572005127246,0.09931899019599744,0.8687983383055493,1.7449446175771086,-5.67600460709982,0
-1.9273475267443754,2.0690623815545326,2.530783502408199,0.4324235344839522,-0.013283088959019524,-2.593684647328117,-2.6544286479854784,0.01342048538846011,1.6985195186250466,0.9895098127984803,1
-1.6535223714405527,0.923155466770926,0.8711604503371005,3.3871073825759366,-1.5249849401440596,-1.7022016924808938,-0.24893532054308362,0.14111449670559295,3.2193371166464684,0.0065682210620674475,1
-0.2328424217917746,1.4320740118338842,0.20531930205516158,1.9355581949852887,-0.1353342339231097,-1.337328660628067,0.5370851709243918,-0.3351431387781925,2.632558344056936,2.132873976021409,1
-4.787458035166383,-0.6470933710769016,-2.3493974516638123,0.7328211725940973,-1.419877164270929,2.8935398617875543,5.086588358632883,1.542547211374117,6.77627614050049,0.2556416563161812,0
-0.6112087433337638,2.2514487181270937,1.5824237155203806,0.5076886112414785,0.2944189776840481,-2.31875534897758,-2.1744490974791932,0.1817812325871601,0.8984153919326107,-0.20549460874063064,1
-3.0025487653137866,0.14824563318802397,1.0198843655641072,3.0283778817296554,1.629318517441612,-1.0963484083039516,1.13484468430482,-0.47952499463178405,5.111314400975631,4.118351132867865,1
-1.437568132122631,1.7248978971446072,3.3839758869025074,-0.7827689015347177,-1.2325890641689152,2.2807514372229143,-0.3103711696116768,-0.6295942318637977,1.631367214334302,0.22781743600201398,1
-0.34339427788593313,1.7019283037303516,1.543670969242752,1.522940751697203,1.2120907193227362,-0.6541964016282751,-0.18088726685049714,0.5025462464541818,2.140400228788369,1.558413858081107,1
-0.5319252805275624,-0.5828203289221667,-2.0644005388453963,0.6291013919218105,0.807739555984151,-3.0976734639917214,-0.7582090829917886,-0.7411626686348293,-0.0014957078989410054,-0.26654986691352356,0
-4.390184996812906,-0.9575639969574594,-2.498116747521888,-3.1472014006413227,-1.7959827345840234,-1.9818112384817825,-0.36441747152293796,-0.7648492283081031,1.52452473755135,-0.3362141094267006,0
-3.613729974508908,-1.2649064277489197,-0.39301642592771513,-1.0796096548120773,-0.0022462017571209794,0.7084709265660181,0.3463278886014885,1.68076571338819,1.6193998539520338,-1.3600156393663494,1
-0.9522276248018752,-1.530317380363294,-2.9831187303405775,-2.6481412232294,-2.9086607444805037,-1.6926651465028177,-0.29402448783797913,1.3163448375195195,-1.359368808711069,-0.1858836014728511,0
-1.307698599750684,-1.4856301535654939,-0.9912487015888253,-2.042742969299926,0.2916589331890461,-1.5405653327545457,-2.1402749960364984,-0.7480909828486626,-2.3712013102296914,-2.6953459558629156,0
-2.757572266098145,1.6912049282896096,-1.2114900227653407,1.2364290342434439,0.05237276872756848,3.317128285514886,4.757461190679707,0.7813581198065147,6.462052820870146,-0.7994255828178729,0
1.039804441502417,3.6746189215385328,1.8826087459646401,1.8614708678857455,-0.4046958568633263,2.9781102685148992,1.5936643639678478,-0.20068521837532977,2.6159879854216763,-3.0690390803405068,0
-1.9843325945349581,-1.3840329114572671,-1.1919416832648968,-2.896369496125258,0.47474210483989104,-0.46540286704628464,-1.6217862014339104,0.6102350056939962,-2.0208080997497495,-3.862766587597057,0
1.382876718551202,2.217202175832757,0.9403867358950944,1.603825106451688,-0.20141990007697352,0.775277813784042,-0.17291490509775848,1.0454602404822526,0.23172718904220355,-3.731004339277246,0
-2.146006876709076,0.6024925016565115,-2.74571667049829,1.067147014353141,-0.7969866688138775,1.4646702289559155,4.527383278100347,-0.23078615210272213,5.4666385521186225,1.0567121083279964,0
-0.25245886467767176,1.9840730029289009,1.960400310192647,0.2309667186839901,0.701823040543344,2.0054418978110338,-0.327849993926119,0.1699745397492694,0.639288417078169,-3.896346418971272,0
-4.111163521623437,-1.6365123401573893,0.9370329078834274,-0.621848806245307,1.5206400960170445,-2.1424920190923924,-2.692769082187968,-0.7706179501253388,0.28659651287779836,-0.9656316159437869,0
-4.3216051835168035,-0.8524212748631423,1.4495211859024368,-0.15330694884166385,0.005205261894946381,-3.3563269404048035,-3.645950665802761,-2.729404384923734,0.6114533004292754,-1.0730569988090835,0
-1.596034811184419,1.1254788416220567,1.016782099499104,-0.3199490694727216,-1.525185436662198,2.6120482383563974,1.2989949118700763,-0.3564271205250787,2.274951289260097,-1.637301439838165,1
-3.8861250323680765,2.1610577898844237,-2.8117459171309243,1.9309193286810964,0.4070903833988318,4.0877262295078,7.441598139437361,-1.5669593711673528,9.728587215592114,0.07066710595381753,0
-0.3342127937152648,2.3857189979543554,-0.24615164697520808,-0.9190760285500923,-1.0777439349303435,2.205326250813839,1.8327657961304107,-0.5442744329245381,2.175301418607157,-1.894819026342571,1
-2.412910915120648,-0.483205212138869,-4.391033328042189,2.6006786433748297,-1.0731902740670494,1.5720766661983034,6.426855818623049,0.5308015836727296,6.917305426516812,1.9529970081175372,0
-1.752611952276416,-1.0032558935358051,0.882744600170612,0.28860450222221856,0.3090544381042879,0.19844310895559714,-0.590817343411626,0.7145497614635058,0.3885005587772824,-0.5959001134274354,1
1.6565171143086626,-2.1140596235912117,-1.9124144818989506,-1.2614861344981947,0.3160878221089338,-1.2339504007605766,-1.575974129997636,0.8437900258815756,-4.5016923688002395,-2.643138516404948,0
-0.21784285496324296,1.2993697965222677,0.7947570444624191,3.3751688548699486,0.4981119956445415,0.872681272122616,1.7432304604768547,0.13863502853045098,3.4116822796170023,0.15188547538646957,1
-4.803089276169496,-0.4235157276459327,-5.897356302449426,2.9662994933152653,-1.9111593252604877,2.577545731335153,8.839105442494262,-1.2629629368673227,10.416332203326803,1.5287969361148894,0
-1.069940717609749,1.746864571704891,1.3649837208384088,2.573187895502385,-0.14663177404360228,-0.4861682400340579,-0.4020269028949559,-0.171810463802674,2.4701850301842727,-2.057096940211386,1
-0.3835982354050482,3.788790249635104,-0.38893008078629365,1.1222927456281762,-0.25518717151428366,1.5423417058907163,2.427299995293506,0.2454986817943127,4.2718259107592464,-2.430926836966436,0
0.18350147837324338,2.648400678171366,-0.8289787550289021,2.6749341749073032,1.0469545344282092,2.146194171871152,3.4803055604768565,-1.718930412953847,4.373609607227948,-2.047977295189378,0
-1.8218008654993387,0.4666354791512757,1.5349267931263024,1.9252888938020698,0.6116015615496833,-1.611531864968994,-0.0064278940564165745,-0.4384273672152734,3.3408561960381675,4.7406856017462715,1
-3.9091373792697586,-1.0250410339626221,-0.6455243386194931,-0.6781979506291188,-0.5737031442926516,-1.8683198697337047,-1.0550969739224496,-0.5532410018397994,1.553745848909517,-0.7555102767730546,0
-1.362470668294419,0.40515164022188244,2.053275210603551,-0.11112918588153331,-0.7274539247231182,2.486319408059667,-0.10250482089853907,0.6184072157441348,0.650591156164408,-2.764877315149823,1
-3.120352537061361,-1.518528764414843,-0.641435879790483,-2.006082826427905,-2.0265777765994355,-1.2155918489410935,-1.4832376904374167,-0.6421271738316033,-0.3373017885823964,-1.4068501067662915,0
-0.491758294468305,-0.8082730318073699,0.026381627137104013,1.9916817067696888,0.7611740390516385,3.283645633957498,2.3440499035028313,0.04052294231700992,1.4854180992781258,-2.827653977444505,1
-2.863318268089307,-3.390951084945511,2.895654422680906,-0.5658165740621077,-0.49705248683568226,-1.8585652075737442,-4.495648437386674,-0.25876441187237875,-2.8816793133232146,-0.19469642703278955,0
-1.108810539044296,1.0837435435199403,-1.016945081805369,2.531217512416796,0.3740620881310435,1.3268851303602398,2.3066026263141226,-1.7011404742672418,3.4459883982198294,-3.4229467123988417,0
-1.9309971909205936,-0.507041238825543,-1.4766938745715859,-0.03332669596315241,0.906870534610285,1.1180729956910302,1.8449866717380279,-0.39925664594596205,2.1069691093452376,-1.2979096488477602,1
0.16861252246541114,2.74927783530769,1.9661111109227587,-1.6111168981595743,0.4479307327729469,-3.532599249309429,-3.5179661450212847,-0.421130234801084,-0.6488804687683759,2.1725824134017797,1
0.6696023641086248,4.166784615073525,0.3140024146188345,1.6101199022477772,0.7531899497325488,1.8421668108958258,2.290046626339705,-1.6102631187918002,3.7920921372077263,-2.180439268362078,0
-1.9754827234162675,1.1953923858170383,-1.6597098021520191,1.9189136432234402,-1.106732987729451,2.025083665884008,3.6415496817740247,-0.013503244592976752,4.944076563906123,-2.2764901954053807,0
-1.1757837154700455,1.699023042102258,0.9092300844254237,2.4265402445146194,-0.68015236575182,-0.9287010225772013,0.21938015447515724,1.3831356467781524,3.2501033509586352,0.31775022692798194,1
0.5971130831147202,2.343994834253742,-0.9679548232137176,1.6865068488102484,0.6779699708965284,0.441541802865852,1.8956457398310131,-1.0469217501069061,2.6607567515857546,-1.446649908612702,0
-1.4568291370667477,0.20294397353332627,-1.4599236090961836,-0.3841006620475971,0.10451403607582113,1.8944503275027775,1.9799068707023066,1.8752253884833885,1.8283639827593734,-2.967580635179378,1
-2.7907321460393097,-0.8377451098369337,0.21458626448588336,-0.7390815371956808,0.03756685870725232,0.7126230713691901,0.1743888348234074,0.01783225452975753,1.363529189415408,-0.6685649255293936,1
-1.9750168491405635,0.29556730692867417,1.2223614560249045,0.11728627929056423,-0.5516751380466781,1.6436712568220515,0.5548772271615369,1.322926160335532,1.9181143880196185,-0.9108946905537058,1
-1.9787001229991108,1.2562665346044033,0.24344522937691226,3.0953880900345276,-1.40822676830745,-2.552423543721583,-0.45733158005413455,-0.45699183382523145,3.468588719703066,-0.2704985895708407,1
0.5133401851129773,2.248382820083118,1.2187671781012748,-0.30734173196970827,-0.7133109002802115,2.684399989026444,0.8656647122097741,1.3055827158105235,0.87075399950065,-2.73192491387437,1
-2.7506372468884503,0.7440379884454812,-0.2731150010633516,-3.06179907183533,-0.33702637468137664,0.9176807800785386,-0.40939639608588885,0.3467240162419504,0.653664732868651,-3.3565977845405106,1
-3.4935273566551164,0.2299716051698959,2.120622933818649,3.5368312487557554,-0.22572263161213502,-1.3254785462754182,-0.329402178941872,-0.34034048288290325,4.458085621357632,1.5609598702930554,1
-3.7294890819525275,-0.05816701129978763,-0.5240562947985757,-0.24570268817130825,0.1351762413426691,1.202842243023851,1.426997114262253,1.3048347633193296,3.4270838631981277,-1.6712706116312752,0
-0.7996405637197164,1.3905078756811204,-0.694722335580304,2.6710658041679785,-0.08313352572149399,0.28542122585474083,1.4210765417044013,-1.7046219581771158,3.016985450246086,-3.0620349956377417,0
-0.5389604448323108,1.8105051229521203,2.0079863801135955,0.3676545624191123,-0.9770721461414011,2.7101459072808014,1.0368215489850239,-2.2690772729524014,2.0569629225486463,-1.0351625195137093,1
0.6816903358177351,0.5776013275968205,-1.4223358737191443,0.7172346818612975,0.4449683153761758,-1.04377658022131,0.648036775826448,1.3967601773984912,0.6241629980148304,0.17311640329225964,1
-1.6361209531996241,1.674774672413157,-2.672692621571238,1.3890265807666986,0.2274050789916206,1.4475564376482195,4.453785355842294,0.8678054595424457,5.646808569998451,-0.18601163118739428,0
-1.762606954757507,1.8807292880224296,1.4395049686006667,1.1752741818646022,-1.381769188567704,-2.1708520790921995,-1.4169202867420658,-0.9684836469618956,2.4231112995112887,0.5127564870279229,1
0.7667189795284024,4.417787437008206,-0.3836447230965512,1.0071644955803678,-1.0198013336945937,-0.45129342804299255,0.5428875042811753,-2.3910785652839595,2.519754844047927,-3.3390716413406922,0
-1.2530165059084188,0.7602770650523891,1.4285092380228779,-0.08823746043584291,-1.4144630113663208,2.2212914625535296,0.4961120162314537,-0.5461661042180197,1.3232961740717453,-1.9581258726134585,1
0.022442825041969705,-1.6719854874478595,0.007138608580786299,-0.40828841363530755,1.1792631585792293,-2.46981226146547,-2.83763152570334,0.32525167585434406,-3.018457453877772,-0.8612302131315959,0
-2.4100591694439073,-0.578428309001048,0.3861927230047899,0.31035143400029575,0.4862873047408947,2.140853317543768,1.234164920696556,-1.8559332871884366,2.0377239837072914,-1.8202877464994138,1
-0.3395101056804126,-1.9173898341350375,-0.3655004353105087,-0.7797854505389362,-1.3432093905839007,-2.1227565834978677,-2.689553371301793,0.18033869066388744,-3.110555051749664,-1.841018835761932,0
-0.3445515854336265,-3.946277929613437,1.196866011109834,-2.056225144344534,1.0615091571758442,-0.3254600985961904,-3.081664388007106,1.1850069835830157,-5.051533644564272,-0.1681208902832012,0
-3.547631673235655,0.7814725036418229,0.5959003583650717,3.507305909070431,-0.7766940529721439,-4.951493856387547,-2.01794239276051,-0.13362772972677125,3.93750935544942,0.9134177414049032,0
-2.5177543150454693,1.1349941716070329,0.17264726573606937,-2.1914605643574685,0.04406463491293769,0.5422250130484275,0.2591138585800863,2.001922459248361,2.011335804348256,-0.04158916965192061,1
-3.263849272267195,-1.024210314574869,-0.9849126558736383,-0.7318077843639375,2.3596142591001037,-1.477635922124195,0.002690878393002128,-1.9425705714374064,1.9909418812453348,1.443838960016469,0
-0.903559545679016,4.308189238634704,-1.6157177589148886,3.400142595846763,0.44670361080914417,2.0611979554773896,4.6916053050108175,-0.2459953383557008,7.236118959106555,-3.0253436237116986,0
-2.760961144710472,0.9467632855308739,2.4073593623140956,1.460503062219094,-1.527461356118704,-0.5467503252213974,-0.175214773522155,-0.3628556273736071,3.7890399006824285,3.0854497909450913,1
-0.7885976754040656,1.6427370242302277,-1.9820137022100375,2.075018843083436,-0.15627633670504304,-0.029080940734404148,1.902116751289178,-0.6391935337501581,3.1941987891621486,-3.547462889662147,0
-3.341780167434587,0.8901814119157191,-2.2583783011079106,2.002988793038962,0.2837880278380801,3.6102419705318365,6.209100589157531,-3.9224002516183423,7.757086961322902,0.13720137913862107,0
-4.069259664328612,-1.2525693013707813,0.06631514268934646,-2.1768293768637763,-0.7946591841458039,-2.5748642896440668,-2.501176273495165,0.17769804579023982,0.20803047060012186,0.1281816069690318,0
-3.5932982103757563,-1.7315948179308736,-1.4063657690158806,-2.527191792947055,-1.509993170579207,-1.0797712560990633,-0.901674902972298,-0.5773420157083338,0.08423098415320125,-1.2450746573993732,0
-1.835815277721347,1.423788152766728,3.6368544776414624,-1.5749492865089252,-1.0828405288683434,2.6576379280618116,-1.3529220835850535,0.007350674919699149,0.3038600694082237,-2.770912021879457,1
-0.6511653192622668,2.8162615358201126,3.532677838924878,-1.3215575665097612,0.009395354575849457,-2.4007117597038996,-4.037821644430794,0.8549039226364025,-0.49103974471032336,0.5517275812639297,1
-2.959880137498997,-1.718482015770583,-0.2093114501100184,-2.6114742132104345,1.3461034238624805,-0.3538350705240061,-1.4815677040272548,-1.325281371952441,-0.914213274329186,-1.5367177343707303,0
-1.041878431691876,2.5792370004322573,-3.1983419302424725,2.4891419543232947,0.04456961088927163,2.0142466339982112,5.8395042345358155,-1.098679373434385,7.012712322939974,-0.3022494863486833,0
0.6231511119492366,2.7751845548701146,-1.7544309590020324,1.5604809965961548,-0.6124228909008682,1.4724304723861872,3.8848393186584516,-0.9779388355526387,4.3216731904999905,0.285879543009103,0
-3.233497407152514,0.07226175154643322,-2.0350605121930974,-1.640800628384322,-0.43403335432359996,-1.1826066483412534,0.18174123575362555,-0.2410632224657809,1.947943797718314,-1.6574359815674435,0
-0.961243766818441,2.5098229753641075,2.60674582358744,0.29732942739633184,0.5156606300833942,0.2428547596885009,-0.9639378762213208,-0.4785542667177183,1.8111366587271371,-0.4569018022219109,1
0.005175897656533701,2.293684539165561,0.9852920612775193,-2.2614120683611536,-0.7146641168409925,1.3190940401139108,-0.7970285214799865,-0.18080744508722618,-0.5094360819356685,-3.325451362647599,1
-0.5506098186625825,0.48177872669043276,-2.034783640584353,-0.021689373737151296,1.1364555743248452,0.05757187340276082,2.0190408755101856,1.2523463622980082,2.109950691406359,0.5511002505590143,0
-1.4719870463471292,-0.9601376236645401,-2.211935558135255,-1.1995419561578704,0.5930540502830212,-2.3909073876194054,-1.096494986282857,-1.3853605184444944,-0.6940812449492914,-1.713687850383936,0
-0.6371031787014504,3.179725353018151,3.5692539945230677,-1.6443946555177362,-1.1310686299349713,-2.340873534478934,-4.174884638159421,0.49200405410295983,-0.562846517902911,0.03536507908398989,1
0.013314347022481465,3.067170876522899,2.1881442639719766,-0.9482827922788057,-2.2243841086088687,3.5227067500397937,0.6427616149437846,-0.06660102702197371,1.2273180656009672,-3.5292650059423076,1
-1.3776417230600941,2.15141650152775,1.1810111936211656,-0.16629187236741916,0.21411098228613354,-2.261999358798163,-0.9780125312944452,0.291732725378309,2.466082836310205,3.298743194915761,1
-1.9927921068649752,0.47562524978129295,-1.7281947605657364,0.8674201322975638,-0.06611239395200703,1.1626356580412631,2.5279107222716775,-0.17117936979639942,3.48580385091738,-1.9167517830925032,0
-0.21422100531254507,2.40871272835382,2.573967816709988,0.19536252112145047,0.9397354817471042,-0.16173956232237496,-1.2506885413818496,1.9687573094339588,1.0615763565108143,0.265017440709556,1
-2.4192384082862914,-0.1709447468355776,1.1677338982980303,2.7641017417810705,0.09274306577955228,-1.6336904214721337,0.5314260641860389,0.5239989555843281,4.108633971694854,4.925584743907296,1
-0.31289715804112994,2.839048300952321,0.18373657722550596,0.8164533725206695,-1.4621104551954147,-2.6171037644506203,-1.2025903811768477,-1.2977283756812326,1.7381614321407632,-0.6332158475698173,1
-1.8671424686475488,1.4785010475553029,-1.5216606731926108,1.006189088552008,0.12019855874605508,1.3441983837725198,3.16793857848648,-0.828293760348399,4.662918888947118,-0.717334910697138,0
-3.894749994651191,-0.0675064259878353,-0.2829944478297406,-0.02068853698043971,0.4334524416994807,-2.3524552526608282,-1.1238300996327777,0.9341414422336946,2.455037914311723,-0.46542276344529765,0
-1.9571034805393934,0.2689778834914376,-0.4895406887109621,-1.7490918504028907,-2.707565693672108,0.4443027110976696,-0.055272674288797084,0.38505516793783434,0.6801360680558854,-2.0587423102155276,1
-2.205838412005956,1.7877106700551428,-3.0274135536923836,2.01301931242108,1.232328605214664,1.1183779727833392,4.800259162065494,0.8092586281232986,6.6521707840686926,-0.281410207156894,0
-0.9223789492678554,1.6201201041072069,3.80039816521242,0.18152579292615112,1.2959278615737506,2.2898255914645764,-0.46870649796076647,2.3330164182526882,1.3916356383176631,-0.013727202271647254,1
-2.589463933019479,0.3967712003957118,1.556650503163309,2.202876582968436,-0.526482354794923,-1.691951933662533,-0.3100181724900726,1.5407523765167723,3.5995494104571963,3.1851850758672144,1
-3.23844436238082,0.9149837759550771,1.3246528563591142,-2.7868750972282514,0.4643205608266651,1.0583485489667053,-0.7742398321822751,-0.4358573549814069,1.3103337841163727,-1.4189897162395888,1
-0.6341275806859895,1.0011318906150284,-0.4397460125985264,0.5909511986607611,0.114845090277753,0.22168008445737541,0.882094344095292,0.2921688282073261,1.7990057543846256,-0.9055722617148413,0
-1.1138649473349242,1.0467900562785375,0.8213932405809178,-1.310360519107684,-0.5912156192423738,-0.25521095455592446,-0.5352886463845231,-0.8818184989854194,0.8833463429316403,1.0051405084320248,1
-3.434725905113279,-0.576676503283991,-0.11484985875944842,-0.38076199470824523,1.805668878116265,-4.204476568565173,-3.521289774265939,0.6555543582884528,-0.01733469409801513,-2.0643231532525745,0
-3.177189449633232,-0.19009921642012428,0.8445753969983341,3.697668306441282,-1.8537322412191233,-0.48992505497159433,1.9590654394670266,0.18291456362025593,5.796536241988304,4.252676419933264,1
2.756785908146915,3.801995916832162,-1.4084987917279896,1.688153729216333,0.3884246136775064,-0.9653314765290948,1.1896882582249815,0.1871071001250919,1.5267773456220175,-1.4447438335412808,0
-3.597917946292655,-1.619212700781984,2.1481949943427834,-0.08575439127315043,-1.8249777469611168,0.6385422157062587,-1.0020318091146565,2.1773203810422213,1.1511608732393248,0.22976530840476972,1
-0.9994954140464634,3.179134392376726,1.0638348871919883,2.069158639848828,-1.8082953284995145,3.9811903455318984,3.245520929597222,-0.9395651672539582,4.9598285277055565,-3.2796746143971047,0
-2.10011564648561,1.3640306226062413,2.3216026374772536,0.9972476707304403,0.24523584789423636,-2.354590674605749,-2.102455105612577,1.4043162819949524,2.0304716899747413,1.6144433735926773,1
-2.131058792159264,0.792981990771265,0.6873243108088981,2.640811061555379,-1.4120756063156303,-2.4090596070104486,-0.5458676079511042,-0.09512487755346981,3.270131820360643,1.231379095166425,1
-0.5311252619684432,-0.6514291065861713,-3.256890490555162,-1.3777457869688425,-0.5432015003763371,-1.018248853558305,0.5790011998434672,0.5220206351107666,-0.3985520237391737,-2.036734850478176,0
-2.371351614852414,-0.044732971557487566,3.267110146410875,0.6925887874368657,1.544092663524045,3.034353274359597,0.024003375515986195,0.0778857269806748,1.6925271481185893,-1.6414204606851943,1
-1.2562706812388857,3.1367189427423514,2.6108570495734016,0.10664793860839139,0.12249092537445466,0.48041809942168245,-0.9264856965713856,-0.36123019291437297,2.2170742935446817,-1.579548279933591,1
-2.8272931049254595,0.3973696336956507,-4.398046072064002,2.979700385245075,-0.6368764742064333,1.0298584208561565,6.22128780942337,-0.2818448493970999,7.742762942649399,1.0579958640478395,0
-2.497689144917849,2.9300192659697117,-0.6757644498526023,-0.7095752444344172,-0.8089638929258004,2.973832451401403,3.728439056283426,0.5424239695321018,5.682105239770339,-0.6534322191007972,0
-2.244354026025997,1.2550290364903007,0.37439388542631047,-2.163165731335447,0.39662793922145717,1.3613598441118484,0.1925345877144348,1.384871093794044,1.4821032739236346,-2.025602382197385,1
-0.6744279163080343,1.894999153718137,1.6189103666081954,1.7600352374924926,-0.06541023359539401,2.3970264829478456,0.5441353569669949,0.7819425354519183,1.8868282424574194,-4.972019422836352,0
-4.323408275215742,-0.6374802801188522,-0.9482303455174248,-1.1877386284783111,1.6764549619146627,0.7410727899688193,0.8619709024422417,0.1929896417729295,2.7646043707942414,-2.1190187355155263,0
-0.06909235963371363,-1.6248705752492998,-1.719793222789825,-2.4828915160726304,1.2101660953653188,-1.43628915172546,-1.8675610138802803,0.9177721505515003,-3.4432586436074164,-2.5788920666175135,0
-0.7322483419134452,-1.8435046281862304,-1.4226322261965283,-1.6484787047057041,-0.9032931107791092,-0.9031424635817167,-0.9528233274828865,0.4080960585699445,-1.9792003733073285,-1.228605046200722,0
-3.1880632051244158,-0.8807445720277004,-1.2866876516506864,-2.418785714728591,1.718439615602714,-0.9848839840570096,-0.8360222365236669,-0.45325952594704233,0.31502285234337674,-1.7305507814630745,0
-0.21156964866618466,-2.1238227489966865,-2.9525941464491403,-3.3802549506461084,-0.9849461251170324,-0.19515366252265665,-0.5385621859965474,-0.8781217036054526,-3.338371553292393,-3.185517146878074,0
-2.645313723072256,1.672253704216963,-2.254450671421152,1.1427382416647924,1.5894412835616984,0.9412972341859106,2.9821063340302354,-1.0263536223898961,5.011664746630493,-3.1560600138270054,0
-4.640443226311316,-0.26462361750395313,0.2666056735064355,-0.06473818223677452,-0.9201522314576858,-3.137596696188657,-1.8736027557593147,-0.8727849535276425,2.6186171407335053,0.4141022055911745,0
-2.6439816447456055,0.5039614561118054,1.505232441801931,-0.5695890124982679,0.4060940188486671,3.336689166295085,1.2365807702961802,0.9230448272267618,2.4366153807389876,-2.208154454960098,0
1.1094897853834649,-2.6800613829614464,-4.294710582042251,-2.038490323578967,-0.3827784017095585,0.03985831153187691,1.194505925826246,0.032863373980213176,-2.925017557652714,-1.7315226480026367,0
-1.5589815448988582,0.9975942309389559,1.1738332261507392,2.434458731540108,-0.7684355169034929,-1.4119884601528898,-0.4299113981592143,0.5280360045479643,2.7688246600893915,0.5930346143252979,1
-0.4314496338432059,-0.3901874671289698,-2.328227734734002,-0.4465232312446936,-0.25460798601388357,-2.103506110648005,-0.478443618025322,0.23787515634886738,-0.46876009434347143,-1.569337493567185,0
-1.2972412092217938,1.0614424201190147,1.6240517146792415,-0.17636456434124193,0.3132416936936163,0.4724988676707369,-0.0778048567542922,1.959683981955883,1.7599475677132974,1.2464119796367323,1
-3.713464022651885,0.856359961074128,-2.8871787714332635,0.4009936547367472,0.4259109671014114,2.1313716927477273,5.042503917087278,0.6506676287920862,6.7844853463513894,0.2481200038941589,0
-1.5078749814665964,1.7626427166315826,0.055963334090828765,2.8958178478027516,-1.4396081307988273,0.772862825708794,0.7906008053433786,0.47803781519228344,3.079748015251485,-5.713063150323819,0
-3.2333642580010156,-1.2146037979565363,-2.0852446829438573,-1.606220916602366,-0.3467498910082427,-2.4061272919729633,-0.46420150001833593,-0.30821592816082993,1.1524210593247535,0.6592250997637548,0
-2.3424534977818774,-0.39597269035010574,-0.8767266135682927,4.229708845466554,0.9035206838035016,-2.98237274862794,1.2751458818756047,0.3543093815188606,4.921422412113717,4.070420136785367,1
0.579101644686991,-2.6177020791218304,-0.8560398449914717,-0.49679000669698925,-1.4168235279491899,-1.7075382001288082,-2.3310807069212283,0.21671964212288297,-4.039338877450022,-2.1664648772928192,0
-2.758630194686113,-0.5785136022124938,-2.789941824657415,-2.4635172190003587,-0.9913343922342502,-1.3313258974604147,0.34969592299311086,0.37086779247102475,1.0823430497455435,-0.7120036410025886,0
-4.788374589516155,0.6392950719006456,-1.2252614208228876,-0.17581616271797973,-0.27831025587657626,-4.150538450904466,-1.1087121716657138,-1.115246536376814,3.9181898828278396,0.937133422592034,0
-1.2882418665666786,-3.18690162043677,0.01461487614890955,0.223381816303452,-0.7696664090113885,-2.405254289294428,-2.2829392722749526,-0.8136645751375527,-2.0816362182922505,0.9422300258031608,0
-1.2223154217546348,-1.7643287491992936,-0.5751989892503505,-1.5577524267760607,0.9136072175680342,-2.021888750904354,-2.360956289612563,0.45963731807481595,-2.31714533324536,-1.2380785109484087,0
-1.6195672265128171,1.7813561143804018,1.9336861354515067,0.15723620279587158,1.764825883791736,-3.72006102308296,-3.106396650622488,-1.369463774656058,1.0620270669021756,1.728781092681492,1
-2.3718420435722063,-0.6555749034012783,-2.6916423273869743,-1.849106194073475,-1.3395179235650372,0.22143802564306436,1.2583594182379731,-0.19280608730741247,1.2307610344595907,-2.043556007696214,0
-2.235616826125185,-0.8658149037231326,2.1836066543526593,1.0573625821055073,-0.1088486250691617,2.0189931809753623,0.2084060838442448,0.07142083258109318,1.532841504289489,-0.6669144399651488,1
-1.598842591958152,1.5919485796664679,1.7563561405144505,1.4748471243537031,-0.37093110360766823,-2.4525941372569653,-1.971811856691013,-0.2793502470569215,1.8468140676627791,0.228161691782645,1
-0.7954421686687941,3.9640217359641836,2.2804690264027774,-3.263848152930355,0.27924010122099974,1.2584108770407938,-0.8516317913953948,-0.33123930887839503,1.1846954219158852,-0.6822608407049199,1
-2.3484571624999075,-1.5626602265117913,-2.1771632544192947,-3.099333949057705,-1.4780022553041843,0.6013272580544444,0.3946272994474894,-0.4350526002358597,-0.46607862914934906,-2.1886011970129204,0
-2.0646836914427924,1.257159440263662,0.5144371478074388,-2.691955119206733,-1.8789809447538273,1.4191941128642533,-0.41483297032289074,1.1748140575856918,0.5672149950456301,-3.1831692119303314,1
-1.654858565850681,0.42076727328213415,4.739968331767363,0.29089603798998986,0.12301867352675562,1.7515780152256029,-1.9400469636398805,-0.8180021847417462,0.28027060890253186,-0.457505502484159,1
-0.16873069076285097,-3.345664155840744,-0.7804514639214084,-1.9979325493970692,-0.5112594578695273,-1.7080198469107706,-3.3145301703797942,-0.034572225485819015,-5.287385462397674,-3.234539576859659,0
-1.7590047357654406,-0.2047023082237336,-1.3589916197862928,0.16669764984250457,0.18700772147472028,-3.149680772309398,-1.6911357188012899,1.5571608896986593,0.1884533190869863,-2.0427730540655142,0
-0.4702672415293827,1.8505607836163445,2.5697754289083865,-0.39495495107084144,-0.4075893446596956,2.7878230461891347,-0.07750937002856417,-0.3680582821436807,0.7646611805315524,-2.690381649790232,1
-1.153207147748268,1.6771979293805617,1.8201746820671525,0.7897563282747265,-0.39320100368219,-2.716463071675882,-2.1203745700219523,-1.7324945949673274,1.4185949500987596,1.6876313572492478,1
-2.9551939403598957,-2.322844144330088,-0.8724801001394082,-3.1117268093397104,0.41207113706602394,-2.237693832685859,-3.072309586867824,-1.3806521701101395,-2.524165916913529,-2.4835185716923864,0
-1.5195919117182433,1.5425182473313162,1.9965747128004423,-0.7241165211415465,2.445769569113684,1.960846175969559,0.2548744938162536,-1.03008605490443,1.8523303196322152,-0.6637516249572326,1
-0.34945560356590377,3.045827303085205,0.8882572058587228,0.826720322930805,-0.4592203979892406,3.5724046329396835,2.675475380478284,-0.8065096290255822,3.6450325097571774,-2.5170314917593144,0
-2.031211880930072,1.1953113391542403,-0.24606630866499435,-3.0293430687282985,-1.1290644218323018,0.9006772764560592,-0.38975383695947835,-0.17281335189340633,0.41341488347213795,-3.2377407394746838,1
-3.3823778285086794,-1.2328017979311339,-2.8254578682310783,-2.8033418119009665,-0.25959672180927,-1.4072663639687268,0.1489699133756908,-1.6382456590945336,0.9239034650316886,-0.5716191333724335,0
-1.8935703360984204,1.6500767671925805,1.944872266238736,0.9627151368609973,-0.6719173104649906,0.6600345367014722,1.022707679577778,1.1346396998210568,4.031915995539667,3.1028986239120395,1
-2.711984718818851,1.5879491778794173,-2.6121746475523993,2.424044656372082,1.477720295302075,2.392653871000016,5.669814928861617,0.7654374943750158,7.558449057981997,-0.23519864075521157,0
-0.9387543762047249,2.316209141333549,2.189783945140753,-0.7226458938037008,-0.11741030034486948,2.560643816788711,0.5169250918358944,-0.01833806663370996,1.9103563990032766,-1.3398551154730147,1
-2.3131236709756795,-1.349629147155514,-1.0895261423943379,0.7361991241037358,-1.874865655501711,-3.3288008208515505,-1.6787826808361321,0.6785496546210517,0.3513468790402396,-0.6043207881326224,0
-2.1610508159657473,1.7583302348794307,0.6905471958697926,-2.6862991578930364,0.749698021444869,0.8816129333628484,-0.501285918165972,0.5136092944152219,1.1209193245552278,-2.074659707108407,1
-2.9079764407143496,1.098948070795144,1.3529433572448668,-2.9081438089706557,0.8892634247589758,0.08138554908937956,-1.422621835577243,0.0773637302840967,0.8769907992131668,-0.7352988301700044,1
-0.6131798594417075,-3.074373430140226,-2.3057327571445803,-3.697170144163613,-0.687784294825431,-0.20388344618749255,-0.8499748439880745,-1.5105460503694963,-3.6720042680391307,-1.3002463456149078,0
-1.647977346224529,0.9044450721090115,3.711282239811541,-0.7032578565608031,-0.6116051462045847,1.1774658011663077,-1.704463905154098,-0.07984915348779596,0.44318845311351196,-0.09740312931080819,1
-0.9897239725924121,2.105955156852372,-3.2807775752205055,1.9618997836228331,-1.0674339329604994,0.00475963093310261,4.019943811114578,-0.0022381164741810933,5.465055354418737,-0.16075495123724814,0
-0.6096901521674863,-0.7816478672796819,-2.2961622354244255,-1.8427039341995004,0.4375062034730363,-1.5231095963463952,-0.9626665172785865,0.5884361802403073,-1.6556307609028833,-2.752845620092959,0
-3.0088961921178066,2.3632240368708226,-0.3940107832031903,1.6266810799254416,0.6368701583954032,1.8724640962246208,2.645350692027659,-1.7718966822464437,5.627693532143655,-3.358013092526093,0
-2.44488883797666,1.577287267210699,0.7376163608256716,-3.9581192184329628,0.76339307958197,0.9505794972158595,-1.476044551707853,0.4917396407562205,-0.17896980106644636,-3.9748216469393682,1
1.127055938018037,4.847309518416067,-2.358818661378419,1.9231564509291244,0.16823054118369438,-0.6561732671276439,2.36801144699831,-1.0071949875269783,4.072844747173887,-3.166913079244636,0
-2.6296605072967627,-0.5331221562173054,-2.5283291844481113,1.2200245272281078,-1.8596630405497985,0.8652070332835964,3.126243216595294,1.4336336088178778,4.028609367694553,-0.9563282911391121,0
-2.5631506362828587,-0.23563964417841698,-2.68736249546378,2.2663125639125723,-1.251356182239287,1.4330812228071628,4.3229260096956486,-0.547191788882491,5.392354304159632,-0.3409779621948621,0
-1.2266155596259585,3.3450257581749696,0.7177516398161854,-3.9110677403336154,2.01780644879303,1.3556800365581987,-0.4746163582470434,-0.14031622804715976,0.7973190671647811,-2.763500568176952,1
-0.4780760231523511,3.2550124726571816,-1.1913479054755418,1.0839662826128198,0.9373674142536799,1.734039850490979,3.609355370887736,0.9951676651586061,5.025653532049553,-0.4319558091730651,0
0.8741446227272425,-2.1753111607925453,-1.011505668902068,-1.3247351195664512,0.29967197733792633,-0.35122044368264316,-1.3994083191671969,-2.342478337665347,-3.8419800019874075,-2.3167149166634777,0
-2.9451965815019427,1.8602207256799872,-0.11609572799310341,0.10523481001147728,-0.5969720279011155,3.945721613376048,3.718711646392208,-1.525662409286842,5.380287259526976,-2.0648087640554187,0
-1.0520228915579273,2.628796695972931,2.1840749048396844,0.4756867713975701,0.14561699682689125,-2.108361862777765,-2.851772803113125,-0.4112604304834833,0.7425491997911342,-2.1689265361021364,1
-0.4305718384511472,-1.7159687355017557,-0.07057923463531712,1.0776399872124118,-0.25083367181123084,-4.734981988067101,-4.042905556446446,-0.561050852022268,-2.7453916883003227,-1.1403327953063283,0
-1.3531744095730576,0.5153608807623637,-2.439246431746194,0.8494028502356364,0.6067621502064073,1.2160218905008793,3.7177227366737964,0.2252697220150467,4.1195323179332215,0.5774343842681402,0
-2.855772048748527,0.03532896668126728,-0.6405967729512803,-1.323785145679831,-0.5387262803464412,-0.9420908572782083,0.25868300518276904,0.842774030099027,2.2808786322992853,1.708186862975141,1
-2.1954804530993433,1.7693174763849178,-2.869812970794641,-0.01932620606641433,0.7020303236673265,0.253644170156361,3.5778930949457184,-0.8432983112849525,5.2897495447670675,0.8701183889336579,0
-0.814497591857924,-3.1711135698415385,0.030633191780193414,-2.4355702562902555,-0.011900823094228097,-1.8645347428682186,-3.357557182816879,-0.5751864496435164,-4.464162185020599,-0.690682921794975,0
0.006093374544049235,3.422691611850492,2.7304356218202077,-0.835920082012485,0.9943787309920463,-1.0130857626431395,-2.6978666537338816,-0.5581332596574506,-0.015250817024154489,-1.6795216211186874,1
-3.326444636545733,0.9784606029516995,1.9825234510496068,-3.6590476645114034,1.4744973675705146,-0.015177874050758433,-2.2155814181018054,0.6463201631358254,0.3460299128402038,-0.7018452931950836,1
-2.2018930925237123,1.8367358742688817,1.0525126588558649,-3.131802665124233,-1.2008189998350405,0.49735268089499174,-1.202783921301502,-0.8249606865912409,0.6182247757509971,-2.0211256273534026,1
-0.7837044485090836,2.1863762051037927,2.6153143738570908,-0.18813784478547824,-0.6650459180031121,-2.8425952542652633,-3.073656542959231,1.1888062411931566,0.4872923159432593,1.8071496343621742,1
-0.5904329554569261,1.484522220291639,2.057348695038095,-0.9312453533074155,0.018790511307940762,2.499587135338697,-0.406966003560529,1.575720450373765,0.10498452126089998,-3.48850230435817,1
-3.9666119562742415,-0.37015480920616994,-5.087975621784707,2.514082875204187,0.36191427073052657,2.6465211613699027,7.859131061060716,-1.4455181477453234,8.913630927568384,1.1313303960159535,0
-1.5892749248426248,0.33053893429695114,-1.9659155866516134,3.301495224555577,1.0467127137757637,1.68572188019543,4.015851290953255,-0.45768456167907784,5.0023335622437175,-1.466222604380074,0
-1.7103752296888104,2.6067135031988293,3.8980168791863625,-3.291521284023431,-0.12049741389935952,1.643409605629731,-2.4745327063432128,-0.5902146122004895,-0.25329716312733613,-2.148530432076129,1
-2.280171945609289,-0.63459162768673,-1.3061872268839378,0.11118897716095866,-0.5382371300747891,-2.256785090279962,-1.054145548029045,-0.5181340566668573,0.6636842916815067,-1.9324928156155328,0
0.057974680826292424,1.910077207594868,0.6957770510335309,-0.912975008534652,1.027959002257798,2.303134905315468,0.5613316805645528,-0.23731223419521827,0.5197905306135548,-3.3525935344269735,1
-1.4967632637030965,2.013499443886325,1.8900120274551302,-1.9144618040768193,0.16222321689883193,1.6153845084294116,-0.37761625143607985,0.7091143896332839,1.2130041351749279,-1.2004564947274998,1
0.7285790178304041,2.7864870901829546,5.0894440283383675,0.6308950485220817,-0.9186164585230326,3.608210442546269,-0.45744291907286627,-1.6352902700715526,0.7809908669099213,-0.8827298104572446,1
1.5280486904549209,1.2032845544610697,-1.6644618535255364,2.2180303235911545,0.23773172790598612,-1.1525305650718245,0.8278139696590119,-0.32461967439794126,0.7934031291510371,-1.6271801652974311,0
-2.361252777867791,-1.2693976220669299,-1.8243290616180037,-1.7092709398309651,-0.5338446438149185,-0.9427591537759521,-0.14725079888922082,0.9948686937879384,0.2420403298188748,-0.8844984327429265,0
-2.123694593174172,-1.2904795373073195,-0.6547204565513958,-0.858140507236837,-0.6422324784439893,-0.8281599783453815,-0.6840324671259804,0.034393795307583075,0.036947949527056455,-0.7829912714471499,0
-0.8091805953289671,1.140614231551777,0.2629597859163981,2.697357607735759,0.006131450435226853,-2.7909445985912846,-0.7740967820735402,0.7990680731422993,2.257304888410152,0.6775080146376016,1
-1.4536563794840203,2.0388005174006336,1.5438154935678103,0.3645012198428965,0.7914974359729572,-1.831638866359269,-1.220107361013654,0.9606132325034853,2.225665681263829,1.6192465606670419,1
-1.071998107888041,-1.7102032170544803,0.8758447458831466,1.391746447753067,0.2483054757359842,-2.97878583404992,-3.2395608995669827,-0.9683358632535589,-1.7558563852063915,-1.3804338220901542,0
-1.4995754801570835,-2.4014429267601476,-1.8134390904916062,-3.5827437927762222,-0.07937614002031229,0.04080516819110991,-0.9831054303843381,1.2972975339255457,-2.7619994318246373,-2.4916299640153268,0
0.2751348106732978,-1.8049290512108316,-3.003222547731506,-1.949536981793806,-0.25772456158629525,-1.6838788392021355,-1.2039042577283197,1.2373697935635992,-3.3054472693222503,-3.383098415456214,0
3.1029816702836044,4.412260471213008,-1.2924427030690322,3.0966025375697988,-0.32417686104064125,-1.0105505334498992,1.0143796248778447,0.569758919704179,1.7268374293735966,-3.86550259629354,0
0.6755593359485395,4.104116269639929,-0.018441113018130117,2.3995181791076297,0.6040974263555673,1.6033969252128404,2.164240770565888,1.5448414624182585,3.7464229516639307,-3.8351646554845784,0
-4.75204609361176,-1.7662362398371272,-3.933372028457125,1.7987430468465473,0.07758538948639096,1.545665773410522,5.324976815438557,-0.9345938948984711,6.700487413461454,0.31040825604263245,0
-4.112414212021122,-0.6340079220196412,-2.3558634970323964,-3.3405099424062965,1.4706619906522893,-1.4954921190757406,-0.4067929417361984,-1.165441526221057,1.2159594242052563,-1.3856462760264385,0
-0.6190159967808897,0.9499529571359818,2.461038308099787,0.39078261057961705,-1.4511039864667385,2.8551028874190543,0.1973896825262385,-0.5225209294096369,0.8301584462092462,-2.354656635230431,1
-2.916511896659575,-0.9942487967492073,-0.9080030787819822,5.767697832692469,-0.1564092787928027,-1.6791483374569296,2.8843785718482713,0.5910905313252215,6.572656809339282,4.3600209182952305,1
-1.1009727942539396,0.830863514916629,-1.4756845338887026,1.3667617685403206,-1.7684154256380724,2.3586766546305964,3.71925867187189,0.5343472134537843,4.037712387251073,-0.7919606327166725,0
-1.4544249172401602,-1.002073056751754,-1.2559887049635816,-0.2746362340682633,-3.2325654325124336,-2.116096634254582,-1.4238031252550356,-0.9844130461752121,-0.661717596013488,-2.121625611623883,0
-1.2222173129410663,0.9103552942283493,3.4786074527067643,0.403251807940064,-1.0704682430200712,2.8147027933052464,-0.39110004967641077,1.7347627931235772,0.9972599083799635,-1.8428586911903886,1
-1.4785097385726709,-2.217434382945316,-0.2758347465514974,-1.950480368178868,-1.3369779581405543,-1.2038842274831745,-2.2800839872601535,-0.14963594425179252,-2.620828971093189,-1.5957475736276194,0
-2.810883798214645,-0.08188392375123144,-2.9670675277042364,2.6560758545716947,-0.3825838427224335,1.2508176644527222,4.441043335619497,-0.1135881136210503,5.833039900887423,-1.002942215900927,0
-2.607555269936399,0.777437421609239,1.9751318212881532,3.1206004490681227,0.05517063787146392,-1.474702871078165,-0.6536257945901738,0.4891305566492876,3.646723054872846,0.9173122827248352,1
0.29459420969304007,-2.1573047146512545,-2.51445277806586,-0.12401969453264283,-1.047774946139099,-2.0906858500046592,-0.7086224205128302,-1.1169408841023638,-2.138894533070498,-1.0578674659002987,0
0.3892593569786158,3.2186199452354294,0.4834996597226846,-2.3409681514947422,-0.46291637948632713,1.4972160120358964,-0.13358332731975134,1.0175314239306263,0.1347587354426013,-3.494707479869991,1
-0.8497125179513623,2.608890631729034,1.8720469493277667,1.7785774326589778,0.8949300615655605,0.28422186970841934,-0.5486052089329869,0.040307699330247825,2.23558544671733,-3.0891118026163147,1
0.2805802319913575,-1.5563998468344453,-2.4211297739265203,-0.8390140083235981,-0.3864948903227902,-1.6313275712314186,-0.9823509950602145,-0.20470723352228773,-2.487639122358362,-2.7966665149737864,0
-2.7127923897587993,0.6912107655133722,0.9560539866676434,4.375713840214599,0.3915511752600938,-0.554682489760918,0.8019146116703906,0.11835006565517724,4.754916684280077,-0.9153688349993554,1
-3.378786573547119,2.1566622080961784,-0.08881001544199085,2.283738515886073,0.6357265264405499,3.7976094849938256,3.896528292512215,0.12792720237457925,6.5621870265174715,-4.3190445328824705,0
-0.43533451924695576,1.3434720446987605,-1.1756967707494386,1.0157802053367313,0.0018035063564141765,1.234258652366796,2.4164342636632474,0.11430875305924776,2.900499523615177,-1.1193350600010925,0
0.08062871085053391,-2.948135015157745,-1.8769987569991804,-2.4221837760385654,1.533012542249183,-2.581961352216582,-2.822822160615658,-0.04003720752109928,-4.8039529954871245,-1.793751906548694,0
0.23383002571950784,4.249536979780128,-2.651740278269223,3.0613982287091894,-0.25111783464244086,1.5469672266256838,5.058798432335324,-1.7582088766554351,6.584212153986106,-1.961211624412885,0
-0.26982996916652424,1.5716137916978314,0.5817781406257807,1.0957116395905313,1.4141103906067818,0.5121343635435496,-0.368835165824599,1.53739673068429,0.7369622849085521,-4.37437820829311,0
-1.9802592170509037,0.7219787515011798,1.1100891625364895,1.168950561765935,-0.15032837376370992,-2.219511438787751,-0.37164546315933955,1.8955073459913552,3.1217659097554575,4.568600062099403,1
-1.1151347809196575,3.990266645043986,-2.9475690215870722,1.5838419259891314,0.5011292760645764,1.1155381378962208,5.039937295245931,1.5891473016364572,7.186701360164727,-0.28988409913121727,0
-1.4400566696761148,2.408089708099586,1.5019442473112075,-2.508819110925422,0.34355457703993575,1.6828084232063476,-0.33026779915295235,-0.02230853891243119,1.1065130408707684,-1.9241033182421021,1
0.04093441548852006,2.496903484147833,0.01857587637252589,1.4901384529687853,-0.4352481970051683,2.3293478402596444,2.2308327754647066,0.583837081539059,2.9619323266812176,-3.0687147303277875,0
-1.4752162532340218,0.7233665095887218,-3.497949583817332,-1.8647281061034617,-0.17870688456349573,-0.5237003620461397,1.5298349298795368,1.6652522339446956,1.6164003084318166,-2.106257520345351,0
-0.6224070089764596,1.7661410267990827,1.194399432393722,0.9655987228526867,1.9856764110148397,3.3994866638671297,2.0808656773554928,0.6185563569779244,2.756391500356189,-2.298106275627392,0
-2.035766664981727,1.444733714843034,-3.5089089736171,2.997140382474301,-0.4952150980047351,0.04271237922069493,4.043193386318865,-1.9768215689475905,6.003437263272462,-2.1039050821912353,0
-1.9480981920294718,0.6203667249811294,0.7165661069826392,2.7935377040387612,-1.1719339292231947,-1.7480209300701015,0.3825771361378369,1.0974849713531636,3.8604341977929892,2.8686351226285827,1
0.38360707147771156,2.1542391768906013,2.946524124649608,-1.2579784844090334,1.083261776294304,2.1268016641448844,-1.4212055887801385,0.5553988606517399,-0.9562872686855236,-3.263307136061683,1
-3.1238689293538555,-1.9855762686327885,-1.4140597810005824,-3.263291133217897,0.9109070350337493,-1.2197568284032205,-1.0918932866473852,-1.277371133550618,-0.6773924351226803,-0.04738432029733408,0
-2.5317007369076556,1.4336514856316314,-1.7896571235848204,1.7663900447203462,1.6651423825437814,3.3221840072372197,5.610824527278576,0.06589160860223994,7.038248008122995,0.3512550331709079,0
-1.50444032499508,4.558227754718141,3.4986377552325045,-4.78150264393939,-2.9937066026606227,0.43547965516165843,-2.3516104255248136,-0.40231002275272265,0.8335322983740048,0.5766288713178089,1
-2.088175951976137,1.7341947644928923,2.6009540013150767,0.7792241652331193,-2.722454140991939,-1.397462541261465,-1.937667824175954,0.4728150699278325,1.9955527329270037,0.17961049428097553,1
-1.4246511921925435,2.4857280142409452,-1.1641179459956454,-2.809765364993882,0.7254188271577661,0.736805490997286,1.0460319861192335,-0.07004644372796484,2.039861702468908,-1.4734054671055492,1
1.8386906213995777,-3.3912713408219517,-1.705914953600593,0.16534021623605355,0.628102969833705,-1.9532384099844948,-2.283457399725279,0.053384272479021756,-5.35784759679649,-2.9456663812472224,0
-2.2584812292985346,-0.3527711476747122,-1.160191288874278,-0.6810795726284633,-0.2134326970879245,-0.7397838994062957,0.5118508485651485,-2.2832386346150395,1.7746244049767308,0.5356467864632841,1
-0.5208974948472278,2.0031367163691955,-1.1209772783833798,2.6243658358706003,-0.24965553821891934,1.3131196202309028,2.9153637380370054,0.9792597442869628,4.175090729875522,-2.2225090513750008,0
-2.6404747311429224,1.5324655176922317,2.9686685511827138,0.6833593436947671,-0.18487675624526564,-1.1757071290518546,-1.6568876153498855,1.161503048481976,2.6432125093208536,1.585700762148673,1
-0.4617352171906366,3.43070304580687,-2.1436512947504305,-3.33420107524101,0.2839278876047216,1.5322139118529112,1.6237959602778926,-0.012276533502175885,1.587359679083047,-4.125389382872317,1
-5.015078814423704,0.5419395980157089,-0.8633203403882193,-1.9855242242705877,-0.38479202360407067,2.9308203622687747,3.153082257921956,-0.8577331766050195,5.311714195437886,-0.5040094828831927,0
-0.10554149269683633,-3.8159236509407357,0.49869229903939516,-2.223226845857802,-0.7243636318034608,-0.2154772940741958,-2.955421934337962,0.22957264107425313,-5.389766775341321,-1.7583309015471356,0
-0.8697869238907967,2.49691909060111,-1.073245148659317,2.497690629449422,-0.5738199139101188,1.535514206410857,3.15141080068303,0.32864402580480856,4.825746997222624,-2.4437399253626415,0
-2.8130032914512544,-0.9420337188570684,-2.0059442596962564,-1.0787623922263967,-0.12107543239055386,-2.7785575768320303,-1.1081347013709826,-0.664700905151014,0.5552837794644041,-1.0814699551939961,0
-1.6667650605911255,-1.335416588913397,-2.199287835346489,-2.0043759682827855,0.056706648839265496,-1.4709335828850916,-0.9518519352617243,0.5849534930864443,-1.1815667948253714,-2.4477808141616335,0
-2.688723566962241,-0.9746541504921885,-1.5781080487053838,-3.003729040802941,0.4203098174852043,-0.3424551746989315,-0.13528171106552553,0.553627409358232,0.17945510965675626,-0.6928826123165128,0
-1.494820130442891,2.377370528106882,2.6733254295357836,-0.018448754191723538,-0.08616210409949455,-1.8900372890102115,-2.6810103708233006,0.22848217771819174,1.1320942688586917,-0.17380916220456966,1
-1.7529351904661405,2.151188900063017,2.153536711384727,1.3994380290476307,-0.7308131256087531,-0.244432720096164,-0.5201768657479017,0.0873574252602637,2.990047107061413,-0.2880290733376678,1
-3.513023501055489,0.20870836309965135,-1.039619147906355,-1.0217608018521764,-0.09024288144032204,-2.9111214873868536,-1.8249889299531743,1.2530582102439143,1.256191682206944,-2.2847332302327588,0
-3.085435200621804,1.7503157647963783,-0.07820748129220978,1.7137349330743294,-1.498635497149212,3.941465349923025,4.31891062329136,0.6621687539474996,6.469966690333754,-1.8393197913611785,0
-1.7316049410771468,2.1177426666169397,-2.40661070473664,0.8929825336870166,-0.31146719489920155,1.8803134628118354,4.445189941356356,0.37969967741711247,5.719090404648513,-0.5813005673608722,0
-1.352727877437569,1.7420919651466646,3.105890233069479,0.5383188525323757,-0.20057118065576857,1.295395455208939,0.14569168592741347,-0.6611371121909724,2.7508878731000532,2.1999747551554796,1
-3.3955735948065477,0.968288385445169,2.743102847205984,2.427891727937376,-0.6226717665523829,-2.247979394463291,-2.0140389123585427,-1.0971438697704636,3.269593599311945,0.5880984105169643,1
-2.066820623765591,0.2268333851274602,0.14303828499672155,3.772566683113479,-0.6735396478972429,-2.2670737387919604,0.4906572868445911,-2.102600691921022,4.091556715655861,2.1966463852771447,1
-0.3599244087636635,2.8925575163151542,2.937611553766245,-0.7219437023798165,-0.3492618853479615,-1.1921594356514646,-2.4935057354374424,-1.5166625462859213,0.42320021037189814,0.32656226823116064,1
-0.7017790744503564,2.692048124046658,3.4170373607716247,-1.070053152942465,0.22629226724343637,-2.0696524228039834,-3.575551502466566,-0.7877224332655192,-0.13576753680376533,0.7237573511726036,1
-1.1578921832342752,2.882507312184736,3.5193459788659514,-0.9972155846157786,0.924721805513421,-1.1067344291278813,-3.142214843808362,1.2746531240383412,0.36966143583782707,-0.7344303493168263,1
-2.2659348625300537,-0.5368286196556808,-0.8258229270555377,-1.0320623701506428,0.25149366994199174,0.8593476146468761,0.466118673394227,1.6712624603036346,0.9133349604029649,-2.570482131702064,1
-0.5127741583703969,-1.2754387834436933,-0.032676593637147144,0.8867800085245157,-0.2802827130771807,-4.571461161582402,-4.132387894923996,0.6051330157589494,-2.6797960947559196,-2.0861538570911105,0
-3.1505611337371713,0.03791662585108346,-1.542680348804745,1.892634111893475,1.0745297902299311,3.6428964529486296,4.822497394493854,-0.7974381170700989,5.838846876616958,-1.75923983466027,0
-2.408375043818549,1.1779760752369333,1.6530946052592166,2.216707253785909,-1.173630392546798,-1.5413362260324261,-0.642922334682737,0.3629957034326874,3.4312994033035404,1.1065953289550041,1
-1.2414360691165254,2.1278467550592857,1.171655225906453,0.04567575108950117,0.2802359460024943,2.4442365350934843,1.263352409746689,0.2921488421187989,2.6933913310159485,-2.166772108114463,0
-1.7162365004154094,1.2131659555791448,-0.4375391932508259,1.7229422089581994,-1.3467856621154346,1.9775623933754267,2.488571373038463,0.2075422948887419,3.9125315373631517,-2.45539095035054,0
-0.7717898224122656,3.284445351705423,-1.5729219505423302,0.9380421339970714,-0.23860553171462742,2.9978058255243942,4.617049155622182,-0.430996200219813,5.61530480038484,-1.48712893171421,0
0.2781582542787162,-1.4318047544868855,-3.322762670024644,-3.249351222996756,-1.361675030463631,0.3597441051409829,0.29590808103630734,1.625330309075195,-2.771972965941947,-3.39905463452137,0
-1.6694027465136052,1.0479779633220043,-0.3418037583319331,2.292727073488246,-0.5831657172559563,-3.496147581474444,-0.3669689220619619,-0.40011966130113097,3.315254708869947,2.5255933148339995,1
-3.2198883435812737,-1.2729145600847813,-3.6577327280578973,-0.734016688998282,-0.02881660158862331,-1.4753347558005214,1.7768312734710294,0.5019002337006719,2.7979232306870547,0.5967256285173406,0
-2.697867649137837,-0.9909861602840488,-3.096374127547816,-3.585426654409077,-0.2694937557039864,-0.15833756368727392,0.5763479202320645,-0.9230723963155776,0.1689769863873166,-2.1567075999355323,0
-2.1361256909761406,1.66417400429596,2.7703023508766895,1.3198917638023966,-0.47935394265608433,-2.5854890991797417,-3.091840518230787,-0.18643641582155404,1.4089757305130466,-0.7747556625130767,1
1.0313933791305172,3.0101925150675086,2.03464972129763,0.7014050381404282,-0.30971081180657256,0.5904830399775968,-1.40013643314247,1.4106923204208948,-0.20100614740730713,-4.428792864789577,0
-3.861196037629297,0.6626470219137374,-2.447099962732447,1.6133382358061394,-0.7223474046150294,2.6995002339148804,4.772560696168579,0.6568987063196474,6.622957618334484,-2.540981797402638,0
-1.2395773842934648,2.347614975652289,3.710803638886902,-1.3051604412150017,0.8399445397420275,-0.7938417888691486,-2.514078747319992,-1.5057478005641665,0.7664836038272633,2.0786125735810157,1
-5.217338430488245,0.9832591872498408,-1.97535118836088,-2.5693819197088565,-0.198669133822903,-2.2009334658518647,0.2958658557586967,0.5615734705711045,4.279543545424927,0.814000739182831,0
-0.8267417890425524,2.6282078323892417,2.0372156780454342,-0.12531615625349923,-1.3076425810934404,-1.7990601942404774,-2.1058524630442954,1.8486630689665502,1.1226717005971614,0.13126543020305292,1
-1.5474667892971894,2.5444401551873677,0.22756864365932672,-2.3749288854287687,-1.6713322676347722,0.5892890332779358,0.4823175112288008,0.5855215328568677,2.2377133526651454,0.12565874615891603,1
-0.7495020327251298,1.82192036531016,1.941210730262025,0.7653594652675304,-0.4839843396005531,-0.25604661386479455,-0.17196386643291295,2.5031717909057107,2.3155136220929124,2.1787094933651696,1
0.10892593115206517,-0.975890820083134,-3.1601992167288957,-2.2939450538555715,-0.5492386533125753,0.2631970973118696,0.6177989124970321,-0.9928687053786982,-1.7439434490617025,-3.3333122598818345,0
-0.7875773983010836,-0.8671802554489253,-4.219590942715092,-3.8189208247042274,-0.7136288932044673,0.9210716653229665,1.555694241993829,-0.019530389467102203,-1.0292342563649644,-3.5019369386831642,0
-2.7656907612150103,-0.19986509742828495,-4.649209522488744,-3.6162715275744257,0.42737604547079716,-0.127805710325803,2.2954938242656944,-0.5439834133726836,1.9494808333865234,-1.2708051018336723,0
-2.3084462545030267,0.9876886195227691,2.372828543698224,-1.1023438557354732,0.903058166736933,0.7145983756947637,-0.8943059307619237,-0.3494249506357074,1.491850251985504,0.3839680125960523,1
-0.6694157520924434,-2.830595000926353,-0.9935098207596349,-2.786185096344557,0.3939905721750079,-0.7950522926003972,-2.1987330788681274,0.29003780305390187,-4.070206150441555,-2.250070368306548,0
-2.6582185074750395,0.8211963082857846,1.672069122569157,1.4680313452663267,-1.139061507616351,-3.7533123900196967,-2.1818094720794297,-0.43884999047817147,2.582930858522637,3.0871437862499524,1
-1.7099812930572693,-0.14253269054806372,-2.7999489930475066,-0.8892627290766938,-0.588018519036967,-3.2994043512101086,-1.251296874446852,1.4554013377261916,-0.04073688036395961,-2.7558040171473017,0
-1.8241117109825764,1.8734241238497362,1.5464052122128795,-3.1861542138178676,-0.24791602574300886,2.305598000831697,-0.9705681949062656,0.1847686502490239,-0.059657325455004795,-4.65380411543635,1
-1.6773124612506725,0.27886489945476134,-2.650433112305731,-0.5473743258599924,-1.661580989177992,-0.8708889043145273,1.2739402859137525,-0.07627815173958268,2.0327674489576775,-1.0199432294912505,0
-1.8547645781817432,2.0596500608891475,1.7907698402052503,2.4367654250158073,-0.7634653033091117,4.9416432222735995,3.10317267295215,-0.2996934959328892,4.753737192512003,-4.2872136243753545,0
-4.556618250050955,-1.093995041651715,-0.3409357918298985,-0.8699722505360973,0.18046814183120646,-1.3065634367363863,-0.7012467732120646,-0.8138136419289294,2.2054707105321976,-0.3006683188603938,0
-1.1344024417226493,2.147683292443169,1.9422794940753099,0.7231684679786884,-0.35254624273661994,-1.8634999868699147,-1.8183318077020303,0.21566877093361858,1.6049837706125127,0.3017339167662312,1
-2.212022015945067,0.015731849880370685,-4.097837388093376,-3.0726939635941894,0.09535027433277855,-1.7486000861743105,0.48366485453312424,-0.8324766217233888,0.679370344371647,-2.222580461030925,0
1.1726371471019617,-0.8853230000231229,-2.415290885294326,0.4946404531329709,-1.2258922634399458,-1.1325843329512715,0.013738930599482141,-1.2787358548192564,-1.6013135086709525,-2.499311237637449,0
-3.0518250619714644,2.563836373390817,-1.3588529668541278,0.2676516333686747,0.9679319487649898,3.7830955941762454,5.237666307675113,0.2183387504421607,7.174963936864649,-0.6618710537875918,0
-0.6671276348541314,-1.364395385758794,-3.4772450913896966,-4.472342375940892,-0.49920199827593026,1.850779065499569,1.611872638750312,1.8701386928213053,-1.5725282384906731,-2.4086276520752623,0
-2.288528762825873,-1.4096068831228155,-2.1722168950828022,-1.024016675919602,0.030140661315177376,-3.064244499219745,-1.268990664596821,-0.48016228319304444,-0.1515853034206524,-0.5710469432072445,0
-4.669496234003602,-2.8051912664901337,-1.9042807277212164,1.212931740234192,-0.301579807791105,1.1601314686667261,2.7232158287709542,-1.28950006972398,4.0048186448522145,-0.33460924793437985,0
0.5300231812935494,-3.0652416372829108,0.06926656240364037,-0.29042903467377057,-0.4583983632127938,-2.108405683118723,-3.629722524077797,-0.7967812326691753,-5.119630911060531,-2.9174620109368714,0
-2.168045871884785,-0.050087558566916046,-1.170167482980998,1.2731278156754693,-1.0658027113487583,1.1008110902067327,2.0459952612189274,0.2588875157127058,3.1330094344011448,-1.98120866324491,0
-1.902766822681473,-0.09591416621763904,-2.8394420930534063,1.4734889633880637,0.36849758683903877,0.38079404628296043,3.139727866306726,0.8369911546336737,3.903112607033306,-0.7510052833518692,0
0.43539567185950645,-4.014901288053147,-1.534115808466961,-3.783438857550271,-2.0843316213428005,0.7645167116129805,-1.6254622890496022,0.5212157911887249,-5.96026743745788,-2.906808808563629,0
-1.986279208370768,2.4758789702397985,4.6878450612919975,-1.3555099329173486,-0.4691307161274624,1.9099679426485978,-1.4774011077593345,1.4838901537677616,1.6346442580994476,0.357015642740643,1
-1.0914270184859918,1.2604852986161177,0.3850417260967476,3.4459671083066725,1.1529132562048097,0.3800721578613617,1.6637460443851146,-0.9939209291753933,4.00581883051923,-0.4755572039818783,1
1.2384440014685096,2.7952483321200825,-1.9213939318017192,3.4869261075379483,-0.2164187116383712,-0.8344715869066555,1.6097619120597768,-0.36317555873281615,2.6840565273795414,-3.9366482192766323,0
-0.1627419976589446,3.2837629992524047,1.5321266713349782,0.8045003956040713,-1.0345979596066548,1.418309651158646,-0.12544474209550185,0.39188126224558456,1.6755473886514602,-4.765721539744835,0
-1.1880320398579638,3.0489645122486815,2.99897563174833,-2.3399416794445345,0.502574774371437,2.0438933979281293,-1.0004861183065277,-0.4561683474800591,0.937204943159078,-1.8900456306370457,1
-3.0874944003016673,0.8607679027739027,-4.887561100572807,1.3694317894151538,0.8582704301818718,2.2337331535694465,7.43733135635782,0.3120621317267384,8.457171495432961,2.066202027942262,0
-1.7008244362433778,2.503362717413796,2.874816646069384,0.6410545974541751,0.35641258353437605,0.32988069385621044,-1.0760241605762872,0.6400266183843293,2.3391504853806953,-1.244227408795648,1
-0.7314341487940332,-0.14762100303699666,-2.205833074133289,0.903307927131594,0.1227289077054837,-2.009987463786402,0.562820214466736,-0.24272858931102861,1.3596021462101606,0.06022169536998834,0
-0.821404190111008,3.2057858178926466,2.90511498082119,-0.6387322616433209,1.3134731613252366,-1.151379001215649,-2.4773592286786656,-0.07686540700366203,0.9056888316083417,-0.5431882950336613,1
-0.14632258417641753,-1.491971732686667,-2.2800241684944518,-1.8243178923100323,0.6165793523072711,-1.8312784904905692,-1.4192025676952544,-0.5972789358462477,-2.704599897855184,-2.4618599679221336,0
-2.602329115909283,0.7148852403311481,-1.7134538953276908,0.5685730525678525,-0.7426591657723782,-2.8059900613698545,-0.17541421004316513,0.16392406359342962,2.7769904119553104,-0.5831084909673525,0
-0.9078121793725223,0.04900870254518841,-3.890185030833611,2.316146625723199,-1.156996455664364,-0.38922566310508366,3.9651785911776916,-0.11798109460737784,4.346557550847018,0.81223887129998,0
-2.1838535939593493,1.0871583645830696,-3.659828762346975,2.425039205167307,-1.1652019999652885,0.5613874768482875,4.867589917995597,-0.8141532565976035,6.466104076814186,-0.016204918187279427,0
-0.08057352970563292,0.13678767222930066,-1.0480985316389504,1.9047828847752384,-1.1718313004725252,0.04309965878169786,0.8691739431567791,1.0153923286752233,1.0642500413180631,-2.5928815347990684,0
-3.7205340853617948,-0.7565842451126819,0.6540700144423268,4.282869658244744,0.233285041087872,-3.32092847564292,-0.39914326405194767,1.0421905769830173,4.578102504983231,2.782618439957026,1
-0.5033389499795607,1.3829237731024298,-2.480257781039653,1.5901355001370887,2.054092441435975,-0.5527458598711044,2.277994047769466,0.5557421780428925,3.2595167766302042,-1.0421490841912413,0
-1.1066735734863853,-1.0392816575979191,-2.750227637918637,0.303606126086603,-0.37962449667683384,0.008292671252628336,2.564988613803393,0.19022322184489376,2.1902061911730732,1.4846902480150401,0
0.12850572503413593,2.3364511046464997,-2.2796404581729095,0.5364344403801913,0.10649398029009184,-1.1716275896816088,1.5787359260658402,1.143566044928613,2.637574707758761,-0.4948596478063165,0
-0.9227056154159761,0.514758700778252,2.2827836159314403,0.5577150758599627,-0.4411766907937603,1.5260050920087285,0.12790098009506637,-1.8360052833568312,1.3686581355438612,0.7115418197695651,1
-2.840476694801101,-1.4263447379828567,-0.637159684591536,-0.3356264259053041,-0.736901352231799,-2.725432245043714,-1.912074731388079,-0.4666189681756455,0.09036700515987388,-0.7405677310342343,1
-0.4741532782995168,2.121083642466182,-0.8618191179941803,-2.1367792205451015,-1.03873443416267,1.786179761793088,0.9202905853314468,-0.18770160587403686,0.7804785407285612,-3.94196372341175,1
-2.530714097345018,-1.4812909799278058,-1.2071142752882238,-1.6533892188792008,-1.3673264612849558,-1.2966634102056163,-0.8755155391336354,-0.04798579485058113,-0.15068686885428323,-0.7165491866775968,0
-2.0821019550145756,-1.7011700008336055,1.4201530531896727,-0.19595445931233013,0.24140911637004694,-0.9938578027356124,-2.557336358758007,-1.3124886903363124,-1.3075399694207024,-1.6072112228348194,0
-1.7758977283930841,2.3443275316939216,0.18828311831189182,1.2646927508224999,1.5246385964827562,2.7592917680860767,2.5328177032274253,0.8571583884232884,4.34360779337462,-3.392342758897345,0
-3.9280354666298805,-2.385388069648253,2.9693023426828495,-0.00905440247705358,0.8219214824159002,1.3973817166728661,-1.3852818857506644,-1.1182319393560314,0.5439620435875462,-0.4818438587767462,1
-3.8394731838290537,-0.06399871802127732,-2.967548732115475,1.4804064737365439,2.322609225262766,2.3163139933173187,5.019645451086808,0.6365532068732643,6.487044832839476,-1.0797771687099162,0
-1.8572088243429394,0.9825852731654295,3.05134948209657,-1.7715880350734274,0.034143893340212214,1.4017405913652679,-1.9980853251592403,-0.0004787180685054915,-0.31614557420232003,-2.4669135383031175,1
-3.1234783120537157,0.14258406160793968,1.693076216512075,-0.5488017515074407,-1.4560464933464334,1.0629813512261126,0.30304648732326,0.4288111804330056,2.7145844602891196,1.4610566696058962,1
-4.904796171452688,-3.10137159605756,-4.287044671473748,2.233507892289889,-0.7756063614376031,1.5496598654919982,5.58754424593544,0.9877285159245996,6.4001790724938274,1.0025943170671967,0
-0.7412437059367998,2.333028428033627,-0.5094911460059154,1.7825874141649702,-1.614749862291331,1.0402143484992794,1.572164299338131,0.09675491843880031,3.1399661964326153,-3.9486470252557186,0
-1.7593367742370316,-0.2572532838927084,-1.2426902186455722,1.0262151839062577,0.33396514967619034,1.4824149244203395,2.583047307306748,-0.21600142157311336,3.102889874979937,-0.5511695078390361,0
-1.4067297351851382,-1.4983581410539724,-1.5319231343248907,-1.8964321503460848,-0.7474292532492047,-1.2413263185515957,-1.291155451992256,-0.17444393428528215,-1.6564766008391378,-2.2500448212106003,0
-0.2760903252121112,-1.1384010713923993,-3.000007207592222,-1.7682049187617503,0.4414197598929505,-0.8081199085958056,-0.13599836012832922,0.05469486537462616,-1.731480690437589,-3.299271491884128,0
-2.7752123204414385,-0.9392360026232948,-0.7405288504297329,-0.5795011505314801,1.2962567097480018,-1.6156894274338016,-0.8755181087500152,0.18609302087593527,0.8566057518017606,-0.6130473510368429,0
-0.7109176234510765,0.18626400486193817,-3.915561255799468,-2.992562894858,0.009426360563773238,0.08061115335910607,1.1183523139424623,-0.2610087241723136,-0.3718474349417193,-3.96949105877653,0
-2.2217024416122033,1.858551457022682,-2.012802582468165,1.8228905444026393,1.801528407832186,1.3793350153544128,3.4070063953399017,-0.5674472812283516,5.321054824640753,-3.007500152664397,0
1.9472658343534293,3.771163073655218,-1.6623626164041454,2.3669314308834246,0.3916980160104727,0.12351548289704062,2.771515743666125,-1.709226399202596,3.431819542899357,-0.9068499693196874,0
-2.2102400366933885,-3.728413151608221,1.7611439333679844,-2.2153811652892847,-1.1013266287697099,-1.4594525932322866,-4.532294322775085,-2.382762352073065,-4.556551616175984,-1.7501341982915513,0
2.3122645782379223,4.755662866491591,0.0493683908633753,3.490023187281233,0.3090468350240348,0.8678108190019266,1.87697306714167,-0.3950468521695675,3.1781314198583086,-3.6808651219275474,0
0.6575508648424413,-2.66407842336218,-0.939897301971754,0.5470332353516292,-0.007674063684503472,-3.152980116037312,-2.46333333347491,0.6776371019248881,-3.3827117687686976,-0.03679293201267608,0
-1.1719946946684683,1.3550834640446814,-1.747513579534846,1.8424743981643537,0.6734727961582307,1.0041040282116978,2.785302412551272,-0.9331190886861417,3.9014262350585116,-2.2797572040903775,0
-1.7279263968937058,-0.5589583811311251,-3.5607693970553322,-1.596215377072418,1.5783426774972855,-1.7615818150949223,0.40865487091211106,1.2374645917335385,0.49340540749973993,-1.9488022336301192,0
-3.3857421535208627,0.6375552732807623,-1.3559250526097246,0.20269405766703708,0.40861074756391724,-3.2762562025427338,-1.091583912424546,1.4744820073782556,2.529717451208239,-1.4629176470848237,0
-2.6257721043900544,-0.4806055488687302,1.1934826622323897,0.4783492754062364,-1.1087648954049951,1.4927467937332028,0.6083235893731952,-1.1561273671510321,2.1975613124986775,-0.42054098987652355,1
-1.2832513060355244,-2.895487408988288,1.2648193989354084,0.2251089606058685,-0.370036612568197,-4.248554778437499,-5.3186790109486,-1.1534825308886436,-4.066685342731138,-1.5264774654042876,0
-5.015177840935609,0.43612465680287293,-2.427861021630009,-4.111025313587281,0.9761386900669211,-0.650351663497716,0.42731324364202933,-0.7012495444040763,2.7558477950571,-1.678799107027593,0
-0.8108731922341631,0.6064632658418245,2.880978773113026,0.7758189222522525,1.6049345017539018,2.9532434332626405,0.10008558318361097,-1.184951941226075,0.888351798830216,-2.055996272857114,1
-1.839075343134023,-0.9214472671550336,-0.9189456377056728,-0.5585393046414794,-1.715093347182539,-1.663221404811546,-1.2411789965092503,0.9496414986165338,-0.2750315957513403,-1.7589185970267285,0
-3.002298731156321,1.224628818054363,-1.617519334881121,0.6957174218125202,1.4140291355619874,3.4732850561964317,4.842960228108144,1.0618166459897318,6.151896112618132,-1.0339287180781327,0
-1.7347694980460657,0.6409136486791516,-1.0504417856141688,1.9662713037195654,0.7460239529828163,2.8913485211473806,3.761576474818229,0.6712701367053535,4.478148885964018,-1.9166821082747787,0
0.694566289378681,1.3626654730555292,0.300828684335424,2.5290575711309735,0.40684763513978306,0.6322353041421561,0.6505290694586983,-0.4503681912566681,1.2559620880460058,-2.882741991710943,0
-1.7842777824644283,2.6100994132869406,-0.26776650912776057,1.7754483993041505,-0.3017984933962528,3.1707140186051825,3.4111158832394617,0.48473464796892385,5.217306528427062,-3.6301279521518883,0
-2.382821151163094,-0.2881879323027998,-0.5834739775385094,4.293562472466775,-0.7511672196238788,-2.8499787918864756,1.0122859159603566,-0.5866945887618727,4.7644195386487205,3.355264170311594,1
-0.988251966067691,-0.2617468652405701,-1.643516654173439,-0.010590200870829847,0.9165676137777012,-2.437628397968986,-0.901692771044624,1.5803397708229694,0.03234080302115992,-1.262146147728382,0
1.1058083658065576,3.1564771862101786,1.123002149433774,-0.6351146572061324,-0.695680744166515,3.4210496071281753,1.107066332517795,1.43388446819627,0.707256891186525,-4.388910178142806,1
-2.663838425090377,1.2158902709112651,1.3186643289952924,-1.1310715629366623,0.7039646767942336,0.2613785213234372,0.15822454590473423,0.6455980789595456,2.8678851492136976,2.0604663352315216,1
-1.6552355479009795,-1.4405872104673851,-3.8149166983969995,-2.524474836862984,0.9704626369066661,-2.370963439152818,-0.3984865559072525,1.0929591108966683,-0.9269266105195203,-1.6593990074593163,0
-0.994876433956578,-1.5972683366646148,-0.29007664731245986,-0.5239299327942671,-1.9783849165730842,-2.603642233859687,-2.906271081454238,-0.193155224849579,-2.422001524582387,-2.1168204861782827,0
-0.470970076189847,2.60758416622909,2.1729872591043886,-0.8125786747211632,0.3140226024861145,-3.3947993035340467,-3.744328566570599,0.12147857932905783,-0.35199121076854306,0.2787971417848363,1
-2.7261715103056225,-1.4521702897393045,0.5170572445916894,-0.5561907825180734,0.9148677980978497,-2.3948769791195628,-2.422161376605473,0.8519290707908426,-0.3260904635289772,0.11318689580897923,0
1.8050258449884051,-1.7281419317487445,-1.9281566332771285,-1.4569486622782257,0.3720814786673863,-2.0000733929791465,-2.5133591220094624,-1.5736290221169846,-5.184052552932553,-3.94357581888543,0
-1.7207478176274718,-1.5841111375959283,-2.64520708493795,-2.1966415427915225,-0.235164878251097,-0.9765743773081256,-0.3367852336353997,1.645354952270745,-1.0136809127868651,-2.414353801215074,0
-1.419802225435206,1.4780600988235442,1.0276024300521642,0.6764558608246738,1.2724833308487593,-2.8684540173811075,-1.1597591098582731,-1.1283415702657829,2.358004509692585,3.530380842991416,1
-1.9684052456782388,0.5927539875164469,0.9398135628323,2.6977274585753146,0.0999881637655518,-2.3216928092818834,-0.45648966607122016,-0.9218236563202137,3.23551977315701,2.2498766037082834,1
-2.52622421684383,1.4727276758860097,-2.0557259522584843,2.184678185178852,0.7013898938094993,2.9024111260292718,5.421758774083483,-0.9125881981776266,7.011836754423906,-0.461770061205391,0
-1.2410634695167593,2.7447710850537845,3.216725685673066,-0.6518403496990315,-0.5019919601812046,-0.8708886691865781,-2.4796078569054276,-0.04020473453637896,0.9641021317826746,-0.22608135595492573,1
-2.387706112572985,-0.41982863920924096,-1.5618002043381347,0.3668213831560936,-0.30173305395863576,2.483380911030833,3.8305893527528383,0.1485479035926389,4.1712633723219295,0.8294018459212436,0
-1.8588732452586272,0.7556194477308344,0.43115155300485775,3.693439389687647,-0.6593241347771676,-0.3234669447073577,1.689797094146043,1.6165216545137489,4.751400496494806,1.4776249870895248,1
-1.8621350083069186,0.0367566885857209,-0.49793458250451783,1.09039937741795,-1.9495901727260327,-2.6480692352893467,-1.2035785108336774,1.419064413357521,1.2489475822160478,-0.8097430982415202,0
0.5730460763639726,-2.480184641232122,-4.397573177034493,-4.006360538193756,-0.6969414601380967,0.46884726658383014,0.713772321457594,-0.5430219463857897,-3.6600201758583504,-2.9596276234217838,0
-3.8505731352450847,-0.07107666417524183,-1.5573124532434814,0.479469499944398,1.587400602415537,1.0212110757668786,2.269997183328112,-0.30209704102460566,4.2978455909518924,-2.0279334780507114,0
-3.518016672239482,0.20809601727889016,1.572505103292972,-3.565971793097805,-2.3254201541396804,0.2585476917613445,-2.1333677170345906,-0.5638483318598599,-0.0876145731030252,-1.7553889586809082,1
-2.314652141468255,-1.57485066097307,-2.1290557625040654,-4.074563790692275,-0.6160275437179559,-0.09468653867493515,-1.0647822032481535,-0.2805717065985525,-2.0384313904400835,-4.024540157066145,0
-1.1200452690399745,0.7798196483299173,-0.42368815689725725,-1.514789905446706,-0.9469827656173482,0.6434995471165907,0.21672942770778741,-0.40615141657380355,0.6311680843933533,-1.788823905244636,1
-1.1830500375068729,-0.514983162636759,-0.07934819791747727,1.7169156248911968,0.5085353176271308,-4.147185258459148,-3.235424100590419,0.4301429743153713,-0.8433290406857633,-2.4864858811480954,0
-1.857938648062595,2.0099321489601656,2.143263093231644,-3.6422325178975874,-0.31170759246721447,0.44958146306170765,-2.3796598793768666,-0.0072556984656611655,-0.5432410846271166,-2.359764487406074,1
-0.7337438793744021,-1.861806188181121,-0.7223118706673589,-2.102960218775583,0.5775169546072118,-0.35141407642320677,-1.5528276731932362,0.6754908472654697,-2.7620360363543184,-2.3718048990109235,0
-0.1389066029116559,-1.1139895570989011,-1.76673694053612,-1.9245387619193803,0.9334229544758642,-1.9671750757710238,-1.65652396772918,0.26201657435847575,-2.540841046445746,-1.7545942036503492,0
-1.2798381473164737,1.7217951952369361,0.8566084280493813,3.5856017592738545,-0.953157504755092,0.3061087505191096,0.9013850707783123,-0.4970306906659087,3.7329394657398467,-2.458779538581297,1
-2.726983751797176,-2.0011069947202267,-1.8868334250790695,-2.869918232478862,-0.3743900332069141,-1.0029439191829006,-0.9797418509187253,-0.6770111767903435,-1.0620002087454246,-1.829766054075625,0
-0.03625341017588646,3.0313138331776273,-0.9056044343169067,3.1837635677228793,0.7401256641052443,0.994727400948985,2.7336156189804695,-0.38163109541321133,4.481202889540854,-2.877190071543084,0
-2.092297255373073,0.6747023496594801,2.483018101998906,0.5652450618488866,-1.1975323112651621,-0.6220123389485003,-0.07594073150669062,0.955388571179851,3.187954982802298,5.717575255951741,1
-0.43285479219989553,1.872656421223668,1.745265521516778,1.0750847576818512,-0.16878473741594932,-2.266073035416275,-1.774597001581056,-1.4931898122089313,1.2112974288992266,1.3123676659280294,1
-4.016392283589719,0.546670172283472,-3.190085614716992,3.6023894690268072,1.2218046849767015,2.814708452980538,6.393900358265749,-2.0648652776836416,8.608109128081084,-1.6758384447739918,0
-1.1389499803060887,3.5738349860017675,2.8938873673829284,-3.2018327463387397,-0.5212548068561296,0.23175179741582608,-1.7429793091113341,0.018999082259871004,0.969978868666082,0.8658256386949659,1
-0.7187555758889258,1.4403934128426996,0.02807933358733128,0.6555082811291841,-0.21224430983993056,-0.25730003345363284,-0.4803490785802723,1.3914579669559421,0.9217157112050031,-3.720434291078918,0
-2.96185891943536,0.5920447688320813,-2.9424012106656514,1.9176787405756772,0.8083595496657083,1.2558538259122587,4.447360231163072,1.027151035893151,6.1376276009038255,-0.7773731359321004,0
-2.949546701154886,-0.06003537339817666,-2.943638464589978,-2.4301697196405208,0.3362629511858955,-2.50863678713596,-0.3962673535248848,-0.8197150228673898,1.1221064339695148,-1.1939908772013321,0
-5.664672711354903,0.6412738672392521,-2.546407838284653,0.5849736933792711,-0.24258303628979377,4.497223698226927,6.94110003396723,0.04596093604893383,9.298344265364603,0.1068240116732635,0
-1.0722853679396775,1.8242828128712305,0.37402099441523373,-1.325582174108931,-0.753707644861746,0.6690559505785922,0.3276597196097457,0.10142296423965788,1.5982612380120056,-0.544303472476317,1
-1.0787539487431759,1.622069061318753,-0.9196487815196019,1.5885369091238182,1.0331898643631479,2.229334324430899,3.4407563463278614,-1.0010095444828142,4.423961192582435,-0.9725737598793773,0
-1.8586160019004474,0.48661531433250604,-0.8553014833426897,1.6705737547137354,-0.8460396726276345,2.092415191181322,3.0277470674813154,-0.705537947278461,4.0481103304842545,-1.2727819372462916,0
1.6677463168138877,-1.8450533218171858,-3.5708318835995354,-0.7905034509294684,0.39631968200786294,-3.5930078860854384,-1.8469755307188225,-1.218176066807319,-4.127496109573964,-2.475264308421563,0
-3.5784939704344945,-0.06730278427088798,-2.7763754368918807,1.393183483478414,0.32324718753356224,1.8790406227220346,4.869589760309368,-1.1097501278882742,6.403656642491825,0.4308347056941759,0
-0.460748391248216,-0.23944629273610607,-4.417529145400605,-1.8504488196926017,-0.9723350038161881,-1.8322467213842706,1.0192858170452799,1.3250046549456387,0.09232554619577063,-1.192086429576548,0
1.1776315003204214,3.7047550680284895,2.1174857903990913,-1.7849682576546018,0.17567371249177932,-1.6729194130177671,-3.001870775304881,0.599089759263809,-1.18476665066567,-0.9749195682801695,1
0.5792783875859913,2.766479147020662,0.5830365767521815,0.8671132537382719,-0.5334524457759005,1.3618069284117449,0.6677376410303592,1.257613112576651,1.46934627776696,-3.5024765891266236,0
-2.8041372037992724,-0.13803466290462096,0.5474561884425161,3.9788653920633164,0.9498890682492921,-1.3140973174051918,1.1029447756539783,2.3491085580250326,4.892951691812856,2.4949454175059054,1
0.3024577659580636,-2.9496964501911,-0.9466849996787362,-0.8417832884567867,0.5385031566390435,-2.3522073740717784,-2.2857613013424705,-1.3412597272367377,-3.7397502613498244,0.1890752648827454,0
-5.405816591167181,-1.2418568391840892,-4.472412966831542,1.0604526386407676,-1.0630362728537182,2.6982477631328114,6.841748956639295,0.12999822580159529,8.255926787222819,0.9723647483493449,0
-2.2523144852625148,1.4011595377820698,-2.3771854528096226,2.965413332312078,-0.09731115070159116,2.5719896208017134,5.599738426709842,2.004423303675171,7.176498586185339,-0.5528996094898807,0
-1.7518559041420225,-0.14546595849282506,3.678241908226257,1.364681990544566,2.580291898690775,3.198388101698315,0.09262087162579632,-0.24266646142712253,1.5096245227702132,-1.0863373980410909,1
-2.4787288789048216,1.8663159939315828,1.44811482255776,-3.970957474192726,0.7260359992293337,0.2549510542419593,-2.0118760078207094,1.6764234178440736,-0.0021348941889213426,-2.246214309245471,1
-0.4661680540155906,2.984690351271806,1.098427980348425,-2.2447247688054563,-0.44859687310912016,2.4453125833379845,0.24947914095783907,0.5224452109266943,0.8837090377291582,-3.482909874377221,1
-1.257268785331601,2.345946608576047,3.2856809238581537,-1.7506770799523341,-0.9427752402304745,3.433092790022393,-0.7178414985327073,-0.6059900460849119,0.5232033372480983,-4.062089442372024,1
0.12928441040496375,2.253153569770895,1.3374035097587251,0.9609162198881291,-0.22366657180344413,-0.34530559738887967,-0.2717205332554112,-0.7742699224040547,1.6162468125864515,0.21533127747169778,1
-0.8545065138387979,1.7942748272126399,0.7498597524774601,2.0075726504613245,2.060422698444699,-1.5482187768823785,-0.3155448728122196,1.1329263873010347,2.597590974049463,0.34309498754544654,1
-0.9377171931667567,-0.7515881304929671,-3.293026398651449,-2.5117760295857945,-0.6608411967525808,-0.42558274201500756,0.5084842759868982,0.9305333193245915,-0.7775889371941068,-2.749177620457627,0
-3.1622998247402627,1.0433762875166865,0.2919910134998851,-3.8654700685312555,-0.3498853491230032,-0.5244641581477754,-1.5245134848806794,-0.12064303412983486,0.5748372872178282,-1.2244110118199094,1
-1.58821049571808,0.9907306633150453,1.153777805717084,2.0201792835528427,-1.2425008369193873,-1.3437912304346662,0.06656374501852327,0.2452917426369353,3.2437588215407973,2.6459612111243294,1
-3.5704501786157943,-0.007834133975096247,-3.1332408761306416,1.2807743094594481,0.250951020712043,1.2244437047960013,4.49959403403478,0.26841327369456214,6.145319052918287,0.0429959405150504,0
-0.8308431008980193,-2.840923650629515,0.6594618751979278,0.04264137485748232,-0.08145598777787942,-0.7968466341096933,-2.384713350445965,0.9955266916741141,-2.919476376218921,-2.0134646972419477,0
-2.022929883641159,0.7209170335720816,1.7280994427769296,-0.06015320483194264,-0.031471370203683895,1.8200074173756218,0.7084577240547277,0.367199798775388,2.4296367288658374,0.3085748030991904,1
-3.3563793278235794,0.7243184340964115,-5.232265252466314,-2.8938070141476757,0.6099513873319773,-0.6876536836760715,2.7970217241386335,0.18421722953009348,3.5870887763775237,-1.793574551219701,0
-1.7912238227334312,1.7003747087833485,1.958152970998758,0.5053655209900443,0.3070030600053617,-2.2804817227956127,-1.7465594015499524,1.2914688890653634,2.106120064608653,2.130766382004647,1
-0.1361542169056862,2.636739282334671,-5.2517081159535,3.4525128675472723,-0.37753114855982517,-1.368537708962538,5.061360590497057,1.1049972018044145,6.494025035724897,-0.02534760177960127,0
0.4842423910464837,2.9574715993242906,-1.1970721113758178,0.8494253541613997,-0.020921037383076883,-1.039561257950091,0.6214489272094021,0.3188083396282559,2.0166999862546136,-2.104190139433505,0
-3.3183777715621785,-0.039215657817236904,-5.596543295528614,2.0329269615773553,0.7339504783642384,0.05895214588136155,6.169611012206939,-1.4723540615107777,7.606464060531844,1.6380803140666789,0
0.12671723119222378,1.7705145064258514,-1.5630297618378943,1.8655007873495175,-1.6711471647953489,0.595539895912867,2.788645403027896,0.5363892188475762,3.471730551934929,-0.26506899900080527,0
-0.8180765147734689,3.03529967231605,1.497064083521586,-2.639513820566945,0.8410412769616195,1.4266354983434058,-0.7255254624857291,0.7738771734428223,0.6071953299762097,-2.7402587961167977,1
-2.5920487429804124,1.6989052749287912,-1.226092613884645,1.7253849877094667,0.38420922164946225,2.7259004338570927,4.12027217887729,1.734041954422619,5.985405527634785,-1.9882556353505487,0
0.029091124301614313,-0.789437523659511,-3.28722273082429,-2.60114166599439,1.5301856237965608,-0.795303350467276,0.31360076260164177,-0.3146014474420489,-1.5429157963644713,-1.636420378849306,0
-2.8990724257349783,1.078681670018549,1.7176413415087437,-4.377678011023741,-0.07875288624464047,0.005713791543333846,-2.893610004965391,-0.12430093887849918,-0.9689101529883418,-2.8492412562299756,1
0.8114520181817095,-2.4760149170359114,-4.505161625589782,-4.460289222371101,0.0352953907452159,1.1614121399497543,1.2778679675848978,0.21930891313205408,-3.6443916560209,-2.470866509167229,0
-1.6836470068147116,-2.2661289154392867,0.5874556037341772,-1.6634493872214324,0.3363229693212808,-1.3342732880642334,-2.7929739788404326,0.015123261584553639,-2.6170540994115994,-1.0904511155108176,0
-1.7625888731043144,0.22584638555610437,-4.019511564422765,-2.9050417859669007,0.9837360439035638,-0.44531628213113894,1.5749281476182924,0.6672189393045282,1.164161293460166,-1.9391493443258065,0
-0.34737513441005796,-1.925306307737499,-0.7776582148698161,-0.527379246019608,0.1288496213559143,-1.868647374692954,-1.9516136865465956,0.16344774661747724,-2.4911638779417724,-1.3921113488120378,0
-1.3781692029936834,2.5862142248646434,2.311679735188056,-2.103200326471233,1.5949202080860148,1.9917291794190075,-0.41817069890845204,-1.3708420448290057,1.3140384797027356,-1.5160251145763637,1
-1.3300151014108699,1.2948891690566338,0.951116142391501,2.3673726192668396,-1.185921599186856,-0.7813995323386269,0.35483832443102087,-0.8557425799515072,3.253382278878795,0.9115803870675994,1
-0.5303486007463911,3.4435498180078294,3.478853722394178,-1.6007241356204909,0.1779083914116544,-1.3690061947097212,-3.3298163771697755,0.002925966679437699,-0.02875729611358151,-0.20664003055217117,1
-2.55182580488046,0.3970413764915308,-1.4353175694947387,2.0006733535924437,-0.5610891309809973,2.6328863862846545,4.045785632281886,-0.37598357935186616,5.245689607030828,-1.535617764879707,0
-0.2813584290689508,-0.1282789784343752,2.444778642494903,3.5704051584097627,-0.7602844386215937,4.004423177752718,2.4812660058990215,-1.8662459348495894,2.8021567997885835,-0.21957639423464514,1
1.2241034208768569,4.226564377264005,-2.1108133266874,1.6925790314922897,-0.3386690538837576,0.16719266434719127,2.8730116310949363,-1.0820177850419361,3.942428063528199,-1.9790641503728037,0
-1.1896685597225691,-3.816899752279197,-1.6199548450972883,-4.430935322102512,0.690700889348637,1.1762373780495512,-0.6536247407667924,0.3805203053163029,-3.9394726680267027,-1.2028805162156755,0
-3.749712926682345,-0.2916027315208465,-1.0437046230567,-2.898189696604028,1.1575196058099577,-0.620325094401688,-0.459343946328429,0.5465897256886387,1.2691782108269294,-1.0795680848548368,1
-1.8170316167555642,2.278799095597358,3.0278014919702825,0.5420024235570419,0.07468584263688564,-0.7094059260567335,-2.0626423046456934,0.7777350472478546,1.713462088477334,-1.1192527808706578,1
0.3253039925050514,-1.9067113736792507,-2.6731374672575905,-2.2410877880225275,0.32982306086851004,0.516898836659414,0.49137853136234055,0.49100394595775343,-2.4124562083730194,-2.092298912832904,0
-3.1150634468616922,-0.11467143997595697,0.4964342100509913,3.731944396475361,-2.7404264220349313,-2.484992550812666,0.4787003112330916,0.896499670200166,4.902175727727323,3.528098307382755,1
-1.8905776850187728,0.7993462904525578,-0.10487153923471793,4.306654511548473,-0.19856918688096045,-0.2573039208015857,1.8338158839459155,1.316176081530022,4.829418918362842,-0.551186398940291,1
-1.393825346792456,2.8935382324244197,2.1609084669177587,-2.5974464276042504,0.99006123071636,2.007637510836271,-0.39100574047015824,-0.9115933765861459,1.3375261565266332,-1.5829179859967986,1
-1.2200851041385288,0.3904945222852909,-1.9666535723256267,1.5103950403261308,1.3006254010559588,1.9823001854515088,3.6244152760721255,-0.19807363014936016,3.8048795539207902,-1.2373456657229829,0
0.2434013388141021,2.5841329527339862,-2.352052165879372,2.2011184684716945,-0.06387783283134668,1.1886356078496378,4.154303399832605,0.9389694687047921,4.832089732717848,-0.47844291314224274,0
-3.323402026101438,-0.6746276146014569,-0.4618019099048736,-1.4778484210562215,-1.7052076077760168,-2.761081212748519,-2.4512921227814832,-0.08251351891139448,0.0309582494032597,-1.698029927615718,0
-1.2406864932960955,-0.6165080733904469,-0.05971760010217442,-1.0287716366514315,0.9905668274427895,-2.4236926322948777,-2.955014725231101,-1.667665266190862,-1.9183426770663097,-2.6895136960997332,0
-1.4795807744754088,2.6860036957891413,-2.362914961803532,3.1968371570114433,-1.5235978106681667,2.890925976429304,5.861188501649296,-1.8829834466717266,7.458073185473626,-1.655865199784426,0
-2.048839537294657,2.145551789337085,2.327430832592725,-3.306373791056811,-0.6284426891553463,1.6726070570859195,-1.3277588471327293,1.5480082208186925,0.43101725555264514,-2.225783563134187,1
-2.735289025039016,0.12423179710875543,-0.5373330684847906,-1.141349644865903,-1.0152923742498159,0.6536515982948155,0.8585561805761506,0.42136025430670854,2.231505170604323,-0.6193803109890648,1
-1.7627670636221002,0.20783506072420188,3.8031290918365386,1.025212963906403,0.1804960560780812,2.1893580551061094,-0.2902314768000952,0.01590865839963108,1.7257392351228082,0.8027618580461753,1
-0.7530816209910192,1.8726743600162479,0.581529462265196,1.5404120167227437,1.6235292108918062,-2.3408805875305467,-0.9140111130345633,-0.8216808263050224,2.0906998738682203,0.5498858431569756,1
-1.9132533087215573,1.974916712883814,1.2056254211676602,1.4614248429138357,-0.5131272463642831,-1.2890355565934923,-0.4811713202377945,-1.0311060532942633,3.196197231678209,0.1563614203908159,1
0.31887483877902634,2.18019557864012,3.3797877575733946,-0.04408136447394395,-0.7176391376105407,3.7366260642499802,-0.022024094725102618,-0.1349902279770614,0.3705466171038518,-3.2189242522413264,1
-1.9111811483893952,-2.24423704443013,-1.25946894134359,-2.8570044798747687,-1.5184156988286825,-0.40011849315714443,-1.1385877129761417,-0.2451724218513857,-1.9795202463771209,-1.603987333649869,0
-1.235729970551386,-0.07074784414815771,1.9086125757738457,0.9840037851663999,-0.5621623419347272,2.7455447482444573,0.5725425559253672,0.07224913423620272,1.1497271501755837,-2.3159874257886695,1
-2.444773697377568,-0.9011420393152659,-2.840297377933131,-1.7520499769894777,0.45322190228289727,-1.7787508281130346,0.12013443418399115,-0.297949364813223,0.775330909250767,-0.7943092776235188,0
-3.277949767639546,-0.9574554954461361,-0.02058702647107702,-0.13431295972355084,2.116012056830995,-3.8380762502437262,-2.8481574855027763,1.1747618002330382,0.3821193042678853,-0.2440047082396002,0
0.7820173529074181,-2.594086610048259,-2.3174954482825263,-3.1453166140213353,0.5711026285913683,0.8293098844273739,-0.8660048055870034,0.380067440573832,-4.852452968747122,-4.6714519276657125,0
-1.4710641902188628,1.1380491934516428,0.8911042321122807,2.52990785489042,0.549574316064444,-1.4255394032634638,-0.13761813690255056,-0.07792273567851586,3.025483128210472,0.6693252840329781,1
-0.8321060848567832,2.6161113956185176,-0.5064880748069578,1.6667496961727255,1.202249003361171,1.5513180791635812,2.0830609366425272,-0.6172857068788872,3.6672365005659673,-3.759831720471173,0
-1.8787584988009436,1.3528301670183676,3.4157845350845677,-2.574572284243314,0.15226937580750002,2.462807229756473,-2.2040837279701413,0.4685312569051241,-0.8952158000566607,-4.552522498897623,1
-0.3480035205471239,-3.005950916749473,-2.3281215022696937,-3.6804922719271196,0.6095098962124401,-1.1805837081364259,-1.4621769051551405,2.44125584526534,-4.066909473128682,-0.7257425957274435,0
-0.7766569983372368,-2.15080299934043,-0.06141308460937012,0.611656591712348,0.21655473837820582,-4.181757115797694,-4.412617897599936,1.9941237407344399,-3.5101468582604713,-3.1570715033245893,0
1.1713186546540855,-3.142714160634249,-0.9803119827061492,0.1860104130350686,0.6491477210704204,-1.2901971841731346,-1.4576228138196028,-0.22666220372399956,-3.8139631572456736,-0.5272579908174199,0
-1.070722407811393,-1.2029120235674795,-2.0277117374084854,0.1163706500911712,-1.631067625194979,-2.5409801785614867,-0.8558080521645957,-1.2465619661594265,-0.4004003361504164,-1.1039220353212031,0
-0.6434098511776052,-2.6967311265530007,-2.274902930366532,-2.6945498095452747,1.3079641925493437,-0.12103069116153486,-0.5473897031066655,-1.331913110391086,-2.93829001282013,-2.0728235707279654,0
-2.9092387473966967,-0.011216265118243252,-2.472391578780604,2.113017407165054,-0.007062904550829715,1.7509916635786127,4.267173166836175,0.2839110587363809,5.58418337624745,-1.089053647740741,0
0.18663914163936757,0.2510755740515125,0.7651212679107773,2.6104683968854108,0.36926377764990465,0.9777437425545726,0.2325886788356595,0.9752005416847661,0.621424026545058,-3.3010362959786383,0
-2.8515896834207504,0.24305370117414804,0.4337966775813171,3.024638245161981,1.5061472407749465,-2.0529398207010607,0.3994705061726597,0.7700501089175859,4.4154602462827315,2.5434841830898085,1
-3.301279860277222,-1.090008356430886,-1.4067958855755345,-0.6178654095195786,-0.885668184006416,-1.4059026069436178,0.12436487611567837,-1.3387237061355735,1.9384419984817232,0.39440422257210694,0
-1.4345124717449396,1.177796448782538,-2.3373207390508273,1.9425204420755895,-0.031261414154246076,1.7426883149373853,4.431445665418488,-0.21800563112112403,5.33924613464974,-0.22597087853198694,0
-5.667418032349436,-1.570192097982249,-2.1490300725446443,0.5956782571327445,1.3355704555367565,1.664224542575678,3.0642356570686826,-0.32307574267702455,5.241592208359852,-2.34413159421288,0
1.1320837117793254,-1.0648504777103502,-4.25964881441114,-2.450332681938144,1.1119533608604089,0.2894439878127164,0.6173708283644002,0.5065876716972757,-3.0191183791623644,-5.565308143747459,0
-0.6946653735260621,2.3017110288799545,1.2659077313877953,0.4763607852498306,1.1896426454852358,-0.9837509751970404,-0.5607187749259508,0.13734132456510456,2.0751368011723046,0.8511881399689587,1
-3.1424033523144757,-0.801121098104092,-1.5987753213563065,-1.4755309491109165,1.705362356513084,-1.202938390902551,0.38524657786627114,-0.004201915391156093,1.9206555204973965,1.1156525353380946,0
-0.06292441574774998,3.7559962820478336,1.9374773230067819,-2.442084501889969,-0.660147867336476,2.2212921083508212,-0.4370945682362043,1.0825370086829098,0.5927702575382022,-3.26954705997379,1
-1.641527191978381,-2.1871412944309436,-2.329255465691945,-1.9822849689285473,0.7489361138059267,-1.4907037251835744,-0.9067178827984834,0.04621160367091715,-1.6036647786426823,-1.709154416877698,0
-3.2756681464354376,-0.6515854697534037,-0.29002608887641235,0.553289073917683,-0.45669914469351297,-3.6716946437690985,-1.7911549615088653,0.11198193262125772,1.7126667631038934,1.1105040331983238,0
-1.6787950296036482,0.6643363262530566,-3.9037875639534225,-1.551758964026817,-1.265636445089811,-1.4526638911371685,1.313743998786922,-2.9733061712925575,1.8313733769570075,-1.8575425331157074,0
-1.987968274374487,2.216089043592013,-1.3436813557073695,2.9700774438209283,0.4335416104725293,4.057780056124672,5.523187047516516,-1.1044518278549962,6.995561024219022,-2.8346787369206643,0
-0.8016070319088029,2.550936475281526,1.6846056197906751,-1.4893340802490014,-0.11399655283962636,2.194462640217242,0.3122328366386031,-0.7728337308889638,1.5041890732682681,-1.6286968558630064,1
0.06095930520615478,2.0997994824872768,1.0537071874780164,0.43284697048817455,0.5168252658244509,1.1684449092998412,-0.14293181056275922,-0.9864404990992466,0.7657956869713395,-3.597540242139566,0
-0.9547606229772048,1.0726224443420251,-0.11609276472539598,-0.638701911116895,1.6588696944553298,0.9264577888157266,0.9499229604801039,-0.6411116541527696,1.681469064682842,-0.4361053857846722,1
-3.2942393069751374,-0.29909552273713325,-0.19641610965929046,-2.7452895987640717,2.031158713073231,-0.5868269846580358,-1.1785478174040764,-0.35991109356667156,0.4675162565049723,-1.2860793167470639,1
0.8165224079545217,2.0699333659114996,-0.22747551367388485,0.569439354342419,0.3683520038409712,3.3650435951016946,2.6097567545249194,2.426178003841775,1.8465956678075683,-3.215038209080089,1
-0.49007653954977237,2.0525128265796573,0.22051368080237443,0.656468118720746,-0.3904091864216333,-3.5329467161663666,-1.2737577695583358,-0.36702261472164177,1.8328503844407193,2.73070750758729,1
-0.8564803084447006,1.060028073717792,0.3832682633039648,2.6884875352214737,0.19731341229026655,-1.4378910684032915,0.670182058680558,0.48674150215806,3.3241378916772013,2.4312912490816787,1
-2.064630769454742,1.618725098724468,0.23977328003120513,-3.0888391132433908,0.4595754883110654,1.4949430997438178,-0.2759429964902177,0.787276293122914,0.6750807279497133,-3.5390983102125992,1
1.5969968525950327,4.142499763971647,-0.21155606808069272,2.5829525687779435,-0.12574629749577262,0.17558771673974483,0.8236900134921468,1.4086194934459193,2.2018919435920132,-4.852983502917107,0
2.400279534101774,4.142785153356742,0.0869594069235029,-0.7134763604146098,0.13480142329020342,3.0060419945305377,1.7946623434587843,-1.2255347222149022,0.8342329094470553,-3.7982771220567826,1
1.4677225103780804,4.20723878042339,-0.5579823090211697,1.91766159632223,0.7985013379072202,1.3325886966660732,2.5159378275955158,-2.0591604836923203,3.4592878489937533,-2.3220265981393613,0
-2.8151081383123557,0.09813449721868328,1.7397917578439253,-1.450849954534674,1.482832866385907,0.30521900092825627,-1.2113739467418705,0.4962485662454281,0.9117419215681278,-0.2927887037090784,1
-1.9492420908393975,0.9663941738892452,1.2228008334907126,0.7149915629402329,0.11666175116950343,-2.9626728806903433,-1.1548967605960547,1.5193363510906441,2.625158122228923,4.525502540886862,1
1.812928090008945,2.363616387786724,-1.473055010318256,3.0649066008098584,0.021222650834258405,0.7989181821092518,2.9695368358040803,0.03277363755578143,2.9546479171720375,-1.074177228700265,0
-1.9425187924942005,-1.5527180577171862,0.05577375158957243,-0.9723974498572896,0.13349941906137147,-2.6996992139878833,-3.1072587795363695,0.34961533102838527,-1.860760640658374,-1.6479731755641711,0
-0.10585708372992242,2.3112955585540713,-0.5809833691451713,2.644880491900003,-0.33186486182197916,2.1793657790377714,3.1746961962602303,0.609238830889753,4.136785160444576,-2.325524282314838,0
-1.209672929416912,1.2413248069804552,4.4540060075958365,-0.8462872332285418,1.1122924498917277,1.6551348304242353,-2.063035765101157,-0.1498780335221683,-0.07774832084205596,-0.5528955773663131,1
-1.8340272549474976,-0.29480207279436454,-1.72714977726726,0.2503288740360414,-1.2083035156593327,-1.4196763465488347,0.6014616144050655,-1.6795027929134034,1.8926484478167056,0.18981785784295102,0
-0.9363050299625263,-1.4464628113282882,-1.3375357030787247,-1.7959108377859572,-0.32474193508197385,-2.3158404870712612,-2.320819193196209,-1.1858149110149452,-2.538856507855938,-2.251731807909394,0
-1.3854643408794753,3.3984773784382627,1.0079053213547269,-4.780096119772711,2.1050866393345022,0.7218620395475709,-1.5007763328844177,-1.325157155197762,-0.005924369103581839,-2.869321008598601,1
-1.0061401783528967,2.7672451342149995,-0.2609069449786092,1.7019974305846672,0.47263976299001165,1.440202371112236,2.076373837721062,0.6054045047627467,4.02193040512831,-3.0933257263187177,0
-2.0719321896853504,0.7238994150958784,0.06037804717687312,3.692283947445225,-0.5276537761783373,-0.9144840128797782,1.5391266258616383,-1.070668371416597,4.847578769012036,1.4737294252983937,1
-1.6761794103977155,2.0567551615174673,-4.786386998254891,-0.4035720829834706,-1.2298831152865406,-2.3073354116863194,2.1078141917751494,-1.771422551443844,3.7262321789670176,-2.0155800187079826,0
-1.368093228458162,1.5248700721708672,1.1629465229817169,0.586048428090993,0.40251620973532143,-2.0480222274906805,-0.8061935560915957,-0.3109714664860723,2.391049080549569,2.955839722358971,1
-0.061161037012223085,-2.7357319613092796,-2.427523204265073,-3.429656779322708,-1.1084970907967833,0.4550113321100575,-0.3856631936579199,-2.2912928068840652,-3.6772697170650654,-2.2031771033464445,0
-0.6467787528848478,-1.7555729447099835,-1.7508570635799443,-0.9765202988190412,-0.39039446711714254,-2.6929569600830776,-1.9619875097017638,0.7639029085756444,-2.2969431249927297,-1.6100028601883871,0
-0.25613190103207084,3.811005623018568,2.5379864153535165,-2.387132787064073,-0.9650455805761796,-2.162994650387134,-3.5337465517502578,-1.9133403347228028,-0.4408095691641301,-0.534351674421043,1
-1.4195115127494178,-1.8811375270330495,-2.4879416032335686,-2.6729995349028424,0.22732590682319032,0.31276545987492943,0.4162970691443624,-0.3536525548815512,-1.1576019331889758,-1.8083896508011004,0
0.7429797490655146,1.3475103886619775,-1.1904279244992897,0.7057201459841965,-1.0257233949746074,1.1540806762602143,2.619341474379902,-0.8093466847948803,2.276129836636171,0.9127930936580433,0
-1.798367255506447,4.03142788411736,-0.7062813450682902,0.871213021778008,0.6970509788397266,2.524950398134817,3.5443737764019634,0.2541276870714354,6.034882737358319,-2.897938355923909,0
-2.5106098403598205,1.8352516950440916,-2.33615421491608,2.9032079576450345,2.1487062939370514,-5.125870446966728,-0.23609727000616304,1.3779743339254138,4.545025446705562,-0.12026504452121412,0
0.20662227913012154,0.198835051744227,2.134990473261796,2.723744865914271,0.727122481485493,2.5808934919964424,1.591705065352849,-1.9252622125874854,1.9787160107222757,0.7958919698371476,1
-2.409751302030475,-1.2748098035907904,-1.7012445908215552,-1.7055657276420493,-0.7163942937007461,-0.6477016166464535,0.06618240919588607,-0.15914947153772793,0.430323432186146,-0.6379739383705955,0
0.7844641526142135,3.55527319639097,-1.7547817004583721,1.674237745471792,-0.33551583203306606,0.11938361718582624,2.6470426754275804,-0.14027558555042832,3.829894901698426,-1.194699681029702,0
-3.335543387021347,1.0796281956868934,-3.5181521443428303,0.6031373876229551,-2.0534865486558886,1.171408810488034,4.754412952922253,-0.6275400027440727,6.539388123850344,-0.10167238692511615,0
-2.0595830106996487,-0.3764767714644397,-0.27544172529716726,2.1406678107522135,0.29226545615571214,-3.5468349553533574,-1.4896548165652785,-0.6807755663251802,1.5999370198072735,0.2905801227781457,0
-3.540936606225664,1.6181661818088835,-6.628169088849953,1.8407619241328548,1.7127114112762727,0.8879417503685272,8.274906367612502,-1.1094555554462198,10.164292296067115,2.3098458171486915,0
-0.9361027494582718,1.9256337347551795,0.8568906654138322,1.7334767248822773,1.4985463606698537,-0.9877072812539291,0.17642564620147738,-0.47025571626635737,3.0092811168969305,0.9855332160684089,1
-2.510989248435087,2.9966743957141606,-3.3346903129357797,3.245473529202772,1.610292980482871,2.7628731933124353,6.84759563463588,-0.08920329769166797,9.165321019043818,-1.5070008792179321,0
-2.9834148405077405,-1.4798745646807143,-0.5453117919270408,-1.6428228173044195,-0.9156322963584598,-0.35364863228751364,-0.8297246646852071,-1.222750278738175,0.03696507985477184,-1.6575991515275474,0
-2.1495026349582123,1.1712887753349714,-1.370482914619369,1.9264484178691565,-1.3115439660370012,1.6327712498240121,3.2391562347929157,0.8225729212004805,4.900789970534509,-1.8899517378993285,0
-1.4695278330617583,0.8621416957280904,1.7569130820686154,1.7735203104063426,-0.5198341457252261,-0.3478743302461751,0.8255468286952751,1.6218737477850513,3.6970474032668434,4.766082145203107,1
-2.497340632394031,1.4508422736244595,1.7152009030632749,2.605290292917099,1.3984839930693214,-0.7501194941231398,-0.35632621272410303,0.8878039355788485,3.675776863868189,-0.7726217839701248,1
0.10862667432653916,-1.9682996923470264,-4.340411218614109,-4.100684777479175,-0.4697297964895977,1.6895735177999134,1.8244190899109096,-0.8037236608946853,-2.376712271330847,-2.9751150417748713,0
-2.179437870162459,2.4064739214056496,0.372127992345219,-3.2777547498061104,-1.1675008238807143,1.8258101284501935,0.26884887123408047,0.4637230575571145,1.6351026983718622,-2.8095640109002273,1
-0.9010119151263029,1.8848864673284624,-1.7569805503694444,1.1218952633620722,-1.1192502422206438,1.2391550681827375,3.3898530178754074,0.25597714641877106,4.413331016707353,-0.26829037568045155,0
-3.820006466310663,-2.0975316780554776,-0.21205667639449421,-3.449441716088016,-0.042824379075518997,1.0488284361494697,0.18365961350237028,0.22084177029035232,0.6005562353360538,1.4070548462325685,0
-0.8502127106284493,2.4659278842645,2.6062631840263504,-0.07585003735395812,0.6314186062724064,-3.273865503031706,-3.980512294718188,-1.332449780998205,-0.16041327926061816,-0.7284514166021805,1
0.20921938493381864,-1.9798367616435388,-1.886196093899176,-1.9150947707333543,-0.21188953119824255,-0.8607623743634345,-1.0239277246798764,1.0844775248572875,-3.0660123553331644,-1.835912355599195,0
-2.737399925401469,-1.1264714904702449,-0.42746045570585256,1.6073749443805152,1.1905296437176767,4.542652501010748,4.818115953902623,1.847866995702103,4.935024180805703,0.6556212904988996,0
-0.34563313989543176,2.4113301254464243,1.1061556092146572,-1.9141854537635559,1.065963719731826,1.2094687055750506,-0.2880814559886158,-0.8331415233289663,0.5687522618628892,-1.6405813332264454,1
-0.7446524467183125,-1.5950870536168513,-1.4701781660955338,-1.2605570001557098,-0.5895789959361277,-1.387296569790664,-1.5841504922849776,0.45005467118514625,-2.292001010549817,-3.0244831234992686,0
-1.188823082274725,1.8518675435509615,3.1129374412193513,0.8246008451529346,0.8353334353648353,-0.8694822893878131,-2.106547232340726,-0.08119318413546972,1.1788083397306164,-0.1131902787046466,1
-0.5903259762524988,2.1768772584859093,1.5953773439470975,1.2213962969029006,-1.213463360152923,-0.9901682840900756,-1.0305452235014065,-1.622974962003564,1.6789416322272517,-0.6551224591124849,1
-3.068390165867105,-0.2984988989881101,1.1942158547762998,-1.2215327311031614,-0.2786563338793094,-0.4134996081980127,-1.0848073750623282,-0.9126787606958671,1.2193030234767719,0.6309216693697004,1
-1.8263198578791586,3.0431143341209133,-2.4791838596881752,1.8567772267914717,0.07957954655656065,0.5802507025923127,3.537699867006275,-0.972162217943325,5.981128672336756,-2.636618063194099,0
-0.905078838531134,2.127944411673654,1.2439828639846697,1.2067935232893787,-0.9773641174837107,-1.9390325490737415,-1.1763030271702035,1.907490672553268,2.027459112815808,0.3975261115764246,1
-3.836897704038533,-3.4935334603311037,0.8123814949671493,-3.4247463347478826,0.8983025496890353,-0.9241121453734517,-2.6303764343222515,1.1851630314393404,-1.9605113292888277,1.2029235111364462,0
0.21623818027336017,2.077532486269433,1.4024338186051666,0.42228742274994,1.4846418618765076,1.9998801992919315,0.47229131915207984,0.6255913025065598,1.0985641872494563,-2.6341937875187584,0
1.3805300879942322,3.015208619283845,1.8046507775170886,0.7533047717125564,-0.06616593454643473,-0.1328926381346438,-1.956542014978454,0.4547043964167744,-0.8266210463590936,-4.879192588948698,0
-0.16796727790441746,2.4293299301876177,-0.19952733999995909,1.2805081661719986,-0.04504411801092395,-0.4634204751619184,-0.21975995213950938,0.20934885733468878,1.4525301471331893,-4.351414255515101,0
-1.218579903395067,1.8902779486463646,3.271645340641922,0.6309026635251156,0.22399496890104872,-0.31665862605089656,-1.3643331343744316,-1.4193843557960406,1.8434354494237097,1.6186461689303042,1
-1.7973883643115158,1.2911125665174878,-1.2858087556715707,0.9363615599138686,-0.24989373581204613,2.208297868042999,3.5242259102194615,0.10776005545254295,4.596321443228601,-0.8924210109553783,0
-1.9899775999808569,1.9890042556344563,2.6516984575579654,0.09617539724354285,-1.9911401489546665,-0.774202866904783,-1.175771328442701,0.49982163597380935,2.5203785258307105,1.9614004191669328,1
-1.975263897669139,2.2233798961263997,4.297852180923082,-0.14473503022234424,0.08919819661257138,-0.03352827977207107,-2.167399774885467,-0.6713075913710861,1.7356819734234559,0.9994063409061811,1
-4.458613993566608,0.8872583772427294,-4.426422405598798,3.602998443717858,-1.406719432559558,3.159403433490978,8.513596742179912,-0.0682025303326691,10.886995195207936,0.8481852509892063,0
-0.8400371225175205,-1.129843955123543,-0.7234475014969297,1.6778279078847276,0.4892118246643012,-3.649423203988757,-1.8619978516888684,-0.11648835263103476,-0.3005429748993423,0.13191544652123355,0
-0.333667895421792,4.011910368744592,2.1864179321301824,-3.3144515342045753,0.949263174282309,3.3864129770761604,-0.5849292956736913,-1.4036162110718102,0.088922977100138,-5.707790186585435,1
-0.7776052852933594,2.0010598813929192,2.6873593610564024,-0.2964087193960563,-1.1229146774475707,-2.194029566046594,-2.5308554073775555,-0.75311733062058,0.7162468404307111,2.458893114544802,1
-1.914085625500974,2.845510602665246,-2.6055130666853383,2.362452270832075,-0.45144539032493364,1.7956206538221389,5.369208545296966,0.10311792571720485,7.5415702058849075,-0.3618296136665602,0
-1.4293405194272715,1.5412064654375381,0.745724404222182,-1.5848297798330153,0.6280786969002486,0.7045304052641186,0.1324362971126156,0.6037330161902218,1.5703389397588803,0.11052144754907234,1
-3.018550395367342,-0.013969897787140084,1.360249377838715,-1.9312989370245435,2.523373331399558,-0.838071798043825,-1.5612993510563107,-1.6368018643107916,0.9022096551056967,1.234525118053365,1
-1.222832315215013,-1.9777121466148428,-1.4209237966890105,-1.918239779905958,1.1378577759693718,-2.0875590704142417,-2.313553213554591,-0.21583075543615446,-2.7596582067475848,-2.563054201917966,0
-0.542590468723875,0.41393147260068286,-0.27008861336343637,1.8167623956966295,0.2595956466989539,2.0858858527381265,2.493603103513912,-1.1037585626023165,2.729771171676738,-0.8309508217508287,1
-3.7421555364513575,-0.36822132851199263,-2.3239163425340856,1.793398788776649,0.3918287077161016,2.924676589665678,5.142926299065527,0.4283529137714487,6.444554082137459,-0.5772627468135269,0
-0.15648267937108007,-3.424186854015039,2.1363298905410395,1.0595789549046857,0.2149259647767057,-2.522132901748644,-4.380017437336048,-0.10017276878675659,-4.34710772960516,-0.4273565408373188,0
-1.6606721394909099,1.3183491335515956,-2.2587762293307687,-2.8341926927051917,-0.05321243627298323,0.4800454050707279,0.8896912092083252,-0.689655504900944,1.1159813034201718,-3.2575025538852964,1
-1.9419756001038386,-0.7102364142046944,-1.0904589066013182,-1.2073987577045777,-0.5944977224267224,-0.5380673042103111,-0.23700530410758477,-0.5491264809895774,0.320287814806414,-1.2724999400064294,0
-2.556909531379251,2.7627427938650952,0.9812391979911504,-4.980064492955551,0.0779372965582097,1.043737707012294,-1.539744991973472,1.9519290895174237,0.25758951811413655,-3.785793607760516,1
-4.432316290070893,1.4356098737395153,-4.082503241591734,2.4517314210391072,-0.42657125283057357,2.450775814030049,7.171961916163247,-1.197957962340662,9.827604050071741,-0.07011877939421951,0
-5.6737583417879485,-0.2290154229529242,-1.1857697417243869,-1.3635816122652746,-0.35166018383421516,-2.134864660121676,0.08646497712175873,1.0994637713956532,4.30364205927501,1.5332329029934004,0
1.1881651582231352,2.6060449512768216,-0.6755913422303748,1.5573710512825252,1.5142807357204837,0.08897952242614338,0.8113011547049228,-0.11965890247315014,1.3687102168047895,-3.262280783447366,0
-0.7338930120487008,-0.7997744700633498,-0.22187848953075395,2.6544543562671974,-0.3306586623763318,0.6446648466745074,2.0734067097335385,1.4939281436421976,2.680570723743514,1.9559164018475546,1
-1.287508544805599,-0.5235828527462305,-1.9800786066351008,-2.0591382371169633,0.0005599923396953997,0.7391058801851678,0.7531369753088801,0.38714831606090655,-0.06721491366406335,-2.5252833744611722,0
0.1404010105670923,2.9528025683979915,1.5072004762623024,-0.20339180118902456,0.4457598512171287,-1.3447225927661437,-1.636282520969492,1.0864801228903818,0.6833412777531855,-0.6029736803578358,1
-1.735469071237421,1.5722492831953012,1.8609724784960493,2.1794988328760003,2.6323862046774984,-0.7074742937762567,-0.7641136400945944,-0.5319315082920923,2.6709255705630226,-1.0566925943454772,1
0.2517518450283893,0.9755058600457969,-5.636039454944999,-1.3101064758083154,0.23671712102639317,-1.735685766652795,2.0562779594126286,-0.9658267708959641,0.9477552630985062,-2.7033756583073494,0
-0.6436008455441438,3.018466703668738,1.2847582610126245,1.79222263279291,1.1951774115114164,2.287693741261226,1.264137085552709,-0.16206210203682392,3.1803415960874797,-4.22677720976869,0
-2.2295816848336667,1.3353135065238955,-0.7912257536148387,-0.20381808759523845,1.2687138945765704,1.7100507394788318,1.881157846279908,-2.19750100526203,3.222814359093491,-2.8278786633485753,0
0.42528097073734794,5.6221748485354786,2.771498592081559,-3.826458178696216,1.5498186063283395,2.7576324795663525,-0.6111251457847627,-1.6612044051839225,0.7624885511108204,-2.956215746092155,1
-0.20181890891619858,-2.5367696121834777,-6.178282544991472,-6.593464419030518,-0.39222961134402384,1.3617215586311557,2.040699113635327,-0.8263652852658686,-3.287271323101013,-2.802108995687494,0
1.6788357361911195,-3.331982509463641,-2.5698708100748053,-2.4243689539599234,-1.0002705227767883,0.1779691323385264,-0.5787297280079763,1.5083107487475504,-5.151533137469515,-2.1074741418225247,0
-3.200289600952937,0.1251527206346632,1.6441451380511638,1.8270011014084835,-1.3141995296231093,-4.076139230960441,-1.8319924130399543,0.1822802235378697,3.257483398177608,5.113038093322673,1
-3.807876045570046,0.7645889329110229,-3.5747369594751293,2.3505592679386424,-0.09426907076490067,1.2256976313290595,5.0299905666190154,-0.684812109738896,7.342493307275923,-1.6363636624559605,0
-2.8606929910708376,-0.8399794165082001,-2.5787730815088326,-0.9304346396998736,-1.0730913283626153,-1.2190712322939443,0.9032842916581233,-0.125819351548333,2.0158512114817673,-0.21689728260923435,0
-0.13660172728101072,-1.8528669223074439,-2.3687635113330923,-2.551738577860884,0.6128253216693214,-0.23244913322241523,-0.19426882861567266,-0.5582302623977843,-2.425997280764689,-1.5179433897223749,0
0.03432065954392627,2.349162817489386,1.9825829098498884,-0.8599021515201466,-0.5416207633091875,-2.5870423175165973,-2.434556608518043,-0.31830101410433403,0.2102823340012316,2.7985008974942187,1
1.4847192054836595,4.714213905520975,-0.45217517397290186,1.9445835996582577,0.2899111740376629,0.6606866600065071,1.9059536822841496,0.6543881340607632,3.3624083636218587,-2.8703205460254697,0
-2.4938153091969912,-1.510056248348048,-1.8620490674723043,-2.6177147071175915,-0.4496501938428139,-0.9690292825384881,-0.7393735267846748,-3.3755791001776,-0.66100264021101,-1.6944608910702181,0
-1.5407066036245862,2.3493563566387423,-1.0288526720272833,0.7458591312000737,-0.7664664310197877,2.5400350377656027,3.824717281711964,0.6110709051105707,5.18996311424844,-0.7463024602218894,0
-0.6257159609818966,1.702405034190745,-0.07665057852168378,1.7680825729955507,0.26930618956233815,1.290257571636332,1.4876377061593802,-1.532598234597762,2.7047211510057436,-2.9908742111493685,0
-2.3495813901875278,2.466156620554017,-2.476193063320503,2.485883690114775,-1.1512266575071441,2.316144412364186,5.5283755454154555,0.6312243569717831,7.672494776403079,-0.9275811535913201,0
-0.710252240483698,2.923894050073992,2.611999350447701,0.19912232192415957,-1.1164508551840475,-0.851770927377609,-2.221874565207127,-0.4409021886108555,0.884787583657233,-2.0102812116313666,1
-3.2800405840824345,1.0640969157852114,2.9492154769374475,-2.443875149640371,-0.6078099800296577,1.4488449225980098,-1.595426248309321,0.898726774013644,1.0051907048551274,-1.537979507380718,1
-0.7810380425390766,0.841833013640244,-0.2702709640684502,0.19545845784783178,0.11650805247587083,0.06375098982333416,-0.30569425049850685,0.32158454037275613,0.5016541835187682,-3.652569185915838,0
-0.48059550552618835,2.610442068327373,2.9223006238103704,-2.1997891346707403,-1.3268775593670228,2.078790284941957,-1.4526730197755773,-0.577004439727203,-0.33143489164555273,-3.106908564036739,1
-1.0979900114617165,-1.338639824563925,-3.3677439980785016,-2.4495651829047285,-0.28368622092717277,0.3602390952240295,1.0723900356933302,0.8439514005189311,-0.6979427271973286,-2.71943937060483,0
-1.5066324051606519,0.9536443046071754,1.6360661749652776,0.05316920170549255,-0.6760543665488049,1.2573788031903552,0.29169608724944107,0.5698763759795229,1.9511732505693142,0.07411953708635788,1
-0.4964901995681523,2.575280844333893,-0.37730352652850097,2.3496368719891443,0.20548642756002017,0.4931849196329723,1.4373124758451317,-0.1332787152291555,3.3666429143634837,-3.3505897616641502,0
-1.0508275361217705,-0.9673170417688413,-2.376827594344648,2.1113721248687694,0.13931963072955983,1.4389927062214602,3.7402355275184904,-0.029172699226560628,3.373682870196271,0.32574829540359995,0
-0.818757336165147,-1.8751267259022348,-2.768196492797917,-2.4285017735380547,1.3951019065022976,-2.1301754339457406,-1.6113657538691286,0.9713442845414815,-2.817820370178254,-2.903979708488988,0
-0.2819163302816641,-1.3893808487829704,-2.7055753545514927,-1.2660687465741678,1.026087440960004,-1.7780508865709774,-0.22283524401107144,-0.6929570045312151,-1.24739244060167,-0.42926860656158117,0
-1.2977701115263762,3.2893661003303563,-2.9587021900001744,1.341047670712235,0.39488149000257766,2.3338389482505852,5.794768973457713,0.295195368158836,7.201793897056463,-0.12125389965495037,1
-1.0262582609786581,-1.9554030855196083,-2.070711878489319,-1.3603078276766893,0.6097377233367051,-2.081134654031414,-1.5211486370046448,0.6887127445547695,-2.122337150761806,-2.184502702086893,0
-1.1970620254313469,2.6095837129265957,0.9735523562260662,0.7063922313694615,0.08497296263582721,-0.43400076664134746,0.19115843156828302,-1.008106506760428,3.115507017194329,0.24168616850936697,1
-1.3138693288522423,1.3433267682258845,1.6557929929873945,1.7622383917147977,1.3339981858769252,-1.1892807595917585,-0.5430575118618427,1.5413211448013207,2.588569853773165,1.5608519793548545,1
-1.309359078788454,1.4094713587415149,3.3325533043958133,-1.0424937078271512,-1.3004502289219138,1.9132992035531626,-1.4335062238592209,-0.3591316281088747,0.17668848115638636,-2.1553108351866044,1
-2.412073254673124,1.4102763366509143,3.2444761716698474,1.364642235375201,-0.9896509661643634,-0.03270892881700793,-1.0670034463271385,-1.2666319951066096,2.7987672987814,0.6318882161395137,1
-1.5500511365592125,0.6416810792534111,0.6758887741139359,1.9831249265307116,-0.20820525798996595,-1.1667739310651286,1.0431089930847084,1.0692837063951832,3.896308389391796,4.74456381545361,1
-2.5444451508141093,0.5534480305972711,-2.104477456408908,1.0919198773935181,-0.03756350936619123,1.6110190042397887,3.665270970353722,-0.9728278925829571,4.914851233324705,-0.8742790026185618,0
-2.6415571128567685,0.3260885151797306,-4.015406313323858,0.9078152338642157,-1.5297489550040915,-0.5612844488118216,3.379440947263621,-1.0084330205311458,4.7761230790606755,-0.6940585149443919,0
-1.1227092464928505,2.4767810731918267,-1.304691864256604,1.5680736668043074,-0.33577861774042206,1.7747690683071937,3.46081353846271,-0.574601858183391,4.956894902843951,-1.5964252343257952,0
-1.5456819678168416,1.1224915787993621,2.1065958359528683,1.2705228726213416,-2.0017060017255335,-1.1309417451961021,-0.7826998075476217,-0.4507402773027516,2.425463441429248,2.5244635718337243,1
0.15393040360321164,2.0569364638543304,-0.26955679013704525,2.272177726561027,-0.7087782027214982,-0.5039188368488546,1.3227637035460351,-0.26789873415849874,3.041040344346597,0.4061605215664601,1
-0.4144294208815289,-2.452437151802793,-4.2341664183945955,-4.093528443510824,1.0995844643276695,1.2005366236036772,1.7150090871990527,0.32548511232461763,-2.0825373406489276,-1.5071198521336884,0
-0.09779748456175952,3.594129065730347,0.8059077731005164,0.5860576466616159,0.9158237815976042,2.421092726465268,2.0290285329297335,1.2519474545131573,3.4643901122210377,-1.922299206256461,0
-0.33379414312249955,0.017250805799967184,-3.6427812013038245,-1.6115231639572967,1.3697811019623787,-0.8762851333975107,0.7083590020086408,1.554282441611026,-0.33836077420558747,-3.338422511643315,0
-1.6270751304592284,1.4131352354073348,1.0099524629515115,2.2460613004890533,0.5382116054922572,-0.9538001706292181,0.129432035007986,-1.015663230879826,3.3433918964654277,0.605246151260216,1
-1.5579930174346055,0.4209984448151962,0.07467102823980709,3.0554261222676877,2.1173241443709534,-0.8706420668462179,1.7259796634479418,-1.560170825129944,4.410849847695545,3.515372093770467,1
-2.3845150455875808,-0.18620351633271803,0.6343662566064654,3.2154612575296477,0.40073725369161306,-1.0505088251790484,1.7208332161926223,0.7636681497189952,5.0498386057734574,5.499611173834463,1
-2.6474891913037295,1.3461376388299464,-4.535462146291479,-1.5478590311917817,0.22442003838225033,-1.8248796788422905,1.8938259791360166,-2.153588112944552,3.4536344044137186,-1.816386071069831,0
0.05420771524708545,3.54720190876658,2.4459809608802257,-2.5092713982195827,-0.8422957167700686,1.880001414851118,-1.135857660182701,-0.34750029970591045,-0.04359786350582379,-3.0046394148357245,1
-3.478806494299855,1.0703572881244823,-3.151362383362847,1.9791492411932685,-0.3310243342080806,2.0789950996037443,5.3210508656757955,-1.2847277664174672,7.280408236714543,-1.4611406607834345,0
-2.796935774692466,-0.5618211204682075,-4.589525762364254,2.992163688006455,-0.45822302925650094,1.6120005355577978,6.402131061240799,-2.4874567587061294,7.09756290882825,0.5376756655340853,0
-1.5867154115287632,1.6352910678420718,0.18029277578290315,2.081048565981359,-1.7047757442280442,1.8481443401605295,1.5216170876818391,-1.1208969737681593,3.2872995751208194,-4.649773345750793,0
-2.910937134506849,-0.559800578645347,-1.183359642764649,-1.171760666546233,-0.12168868568726955,-1.7585821551939316,-1.1222184756936484,-0.14503369152842244,0.6158945754080796,-2.054107700981116,0
-3.76387146478793,-0.4543573927633484,-0.2567492849773927,-1.7657134375022143,0.9859483833147212,0.7314921238294015,0.38504287618196653,0.2079200673839576,2.07661098366104,-0.9674528497501166,1
-2.5910038524098358,-0.7985044107094146,-0.5190685674552715,1.1567844040656228,-0.046496581126557926,-4.800111336252193,-2.545843916698398,1.3655603704321775,0.853446382862557,0.753160488256643,0
-0.2872719714336385,3.5983972986497488,0.6760468279720904,-3.064198259673722,-1.0136058423544687,0.6259496092038215,-0.4635257637523275,-0.5031635190463567,0.7815152802837751,-1.5585505256962418,1
-2.776667201433691,0.7341268894909109,1.7653679168189071,1.9952756871048778,1.868527188073091,-2.4891551374433827,-1.0746718175776844,-1.8190510153025476,3.4413900078016306,3.0808702385018294,1
0.010926094455117719,3.7472612216801866,1.8325986958279148,1.3447026137927938,0.12375464252427706,2.380626722411092,0.7282605786409502,0.05990977407950356,2.5379111612125094,-4.663836205312586,0
1.002550280800146,3.40254274447051,-0.6150538258584145,2.4643775825606804,0.6769940973750542,0.945919093550617,2.1922335003903166,1.1234272870957618,3.2926941742434375,-2.690522405113425,0
-3.1865801350365945,1.086356999686309,-1.8270397016369926,1.3849262544734586,0.24389094162045094,1.9231297485303556,3.583836851835713,0.5259372802546505,5.555893647492961,-2.605379039777049,0
-1.2180342755601676,-1.4390459485895875,-0.49707334386757807,0.07126234230674311,-0.6849961501263927,-2.0346165346501355,-1.8207866153648289,-0.6892766231523877,-1.1622690325229716,-1.4874597471645639,0
-1.4060124779290315,3.3678027721899095,0.02523669967844966,-1.986724615889623,-0.9561357029585392,0.9197976646211197,0.9838520996558402,0.18030505133750305,2.957861461431249,-0.8602770295660815,0
-0.6085569031843739,3.0702954749894733,-2.610221648580121,2.6745856528708196,-0.6799058967468314,2.904172584788971,6.143782324508387,-1.2270140772885358,7.145118610613305,-0.5704929318478641,0
-2.441173758728884,0.13762760475792235,-2.9645738530335723,-2.2996111328691233,1.3486931986455122,-1.0617005040083776,0.5085878193971032,0.878654850180379,1.2199860159738796,-2.1655187955343993,0
-2.3980047256528545,1.097518516573118,-3.577293370076449,-1.9080017764919286,0.9224811702331092,-1.1617502653687324,1.3468822812163246,0.7631423007096569,2.5139857275976447,-2.0863304936257765,0
-4.464158149370139,-0.8733842138877432,0.23138232260619462,7.02736504977291,0.579076300875503,-0.3835000629292693,2.4612066881131005,1.8115557731939131,7.320484295587494,-0.32881897360336754,1
-3.197292078432225,0.35253977137465276,-3.9263490253896087,2.89225046928371,-1.3750852331670849,1.2940326293848292,5.746405358349748,0.0021835908370359453,7.475346540350607,-0.1361178747621603,0
-1.3780259189893906,0.7012285858037727,-1.1992537215577506,1.4301806075630348,1.5184220306521798,-0.17167651124245809,1.1676083659507772,0.19286184315019064,2.559511513416026,-2.121263150363627,0
-1.3458252315775363,2.8459062029782283,3.5251810705536517,-0.7003415281549579,-0.03287448515243416,-0.8024229388093446,-2.759226670138095,-0.4357108323847371,0.8454664493264328,-0.6657410787505342,1
-2.5442811923346613,-0.2557124841914147,-0.656976597562778,0.7054706653376601,-0.1035878946470647,-2.806001505713348,-0.98715002934282,1.2833545772882056,1.7784199343819687,0.3516075045439375,0
-2.4723296709825595,2.116809255217971,2.7685366672590774,1.6372536964447137,-0.15201890563269788,-0.8349663105481071,-1.8053968530149616,0.037563351381111706,2.5735712633717225,-2.2125300215171877,1
1.211282285858743,1.52523438188892,2.400063083486047,0.9598701342602771,-1.314748860310423,3.0919693398632058,0.1290246634401164,0.2536835542980969,-0.2963060926861924,-3.654807375837275,1
-2.013902137790831,0.6468275401111027,1.1457811853883666,1.3306134873601239,-0.8604384680668331,-2.9064578008882513,-0.7495156708432015,-0.13377937252123967,3.0532795333583103,5.107089471733653,1
-2.1874380091551027,-1.4973477722104418,-1.1995557147151898,-1.588175347155139,0.3424508791769014,-1.3058132871501704,-0.8033151986957919,-0.6937666074967505,-0.29663301316870755,-0.26687523196096596,0
1.4678998998234998,3.2895647070298235,0.29897846225573765,-0.5846878653045632,-2.336069605021263,3.5296568275579654,1.6597716785743546,-0.2619450064243539,0.7748914111793002,-5.007310806945502,1
-1.5593573010786912,2.2832476444844714,1.700614217185177,-2.390084009957051,1.2354317757568007,1.4676758779588555,-0.5481244345059487,-0.599355705052997,1.0880813908964697,-1.634478412218362,1
-2.250696413252901,1.0403848750310205,-2.152666078561066,2.005068597919924,-0.7708136306140894,3.581298995664641,6.10668673851573,-0.9809467270133695,6.995364016502348,0.6580409937096077,0
-1.2704199274083385,-1.0715050095555532,-2.1516424374563927,-0.8546135407524954,1.2364895121841768,-4.154491753231206,-1.9641771780164121,1.0945624546137955,-0.9412466568251872,0.12925760745751202,0
-2.3428385255904822,1.7981857231020326,1.9515857856437666,-3.045922533652723,-1.1617513001764113,-0.11320929715727002,-1.6415631142653986,0.5644982040474971,0.881223209247549,0.49546251148252973,1
-1.2673568559542674,0.7283223475007011,-1.3745851586703641,1.5778899763555925,-0.40611035702340326,2.062625962178379,3.545503979027773,-0.44890838731300636,4.133046464943075,-0.5604763450215476,0
-0.8116917812904139,1.6465460262743818,-0.050340463409512815,1.4709782522266728,-1.1830855152497652,1.7473837253467026,1.8879321927926895,-0.115188328776479,3.004066964488747,-2.447893327954397,0
-1.582259862730333,-0.13408129156216586,-1.2788367932908091,3.451555235275501,-0.24584831744398336,-2.7958852516155543,2.067608363873931,1.1064571522946443,5.023569724704983,6.449739939212427,1
-1.446556963466619,-3.3205404247030588,1.4292498763155042,-2.977557702987915,2.0064086377129366,-0.5687913755955979,-3.954881578198766,0.7947585224719341,-4.954268763570309,-2.107741754716397,0
-1.1551246486529143,1.7792814352489328,1.3304062979177045,1.2893536419235982,-1.5075529446334208,-0.8281688559096287,-0.0030848488272514334,1.5161161803550431,2.9129875425031324,1.8101149084408483,1
-0.1203949575067138,2.1074469941661453,-2.246045790473188,1.747179697783178,-0.8300704951292369,0.18170166380274733,3.0637895005897464,0.8627545919526867,4.03004340100663,-0.3778411087721887,0
0.5237301451099832,3.3122767165283378,-0.8161248556086433,3.5842971101906462,1.27427225873437,0.5837955614300275,2.0023385573388173,-0.5918760663430924,3.684585662835817,-4.552899416977084,0
-2.617659464076606,-0.8766573770220394,-2.5043249309836857,-1.0309978360250203,-0.5029096500380191,-1.3134009850660044,0.6944090569967161,-0.7712694166774808,1.638213349032057,-0.17229020823054397,0
-1.9650077743834826,-2.5275033383670733,0.7954742013331195,-2.4149526219865525,-1.6239178425699672,-1.6090758712626179,-3.7392460657725732,0.5546387081318072,-3.5826429682418803,-2.049962751436499,0
-1.558968932830316,0.7090275371814317,0.8667392042227096,0.3126692873639392,-0.10140782972186395,1.072782349651662,0.9379726927681075,0.3269108642391749,2.4478821999168403,0.6472295861167314,1
0.07033734985624074,3.777333915319183,3.022461577753363,-1.2735282110060167,0.8467711090082444,3.406885299540374,0.5122338401817138,-0.6465284794765146,1.7234231147493042,-1.626413148305195,1
1.6492397911452121,-3.1885673388860134,-2.632048029845265,-2.59964958950503,0.11333446390530184,0.759956999123288,-0.059869045378519975,-0.32573889318261995,-4.801102487539783,-2.011610545349878,0
-2.393284118650806,1.1244189319929359,5.8155348511220435,0.2445884105503202,-0.30530915351856486,2.9505119000562487,-1.255375964946189,-0.1947896212832356,1.7993001750901438,0.48341291467233316,1
-4.161301388681771,-0.7036079650795655,-1.1621708615218689,0.8953982124085292,2.0268171160423925,3.453645418969201,4.215279279944753,-1.9790186934897123,5.534383890862661,-0.8879703819521584,0
1.0687938001008317,-2.535135315843584,-1.7442246780347297,-2.4874492324217834,0.8717244241841364,-0.15120540600880106,-1.591298495727123,-0.5106839381956507,-5.020219782119848,-3.62532552154739,0
0.19274282072400672,-2.5761667659490914,-0.31652064837118643,-1.3286836655453653,-0.30746090001514215,-1.488866128828843,-2.423545070388051,-1.5722305440781297,-3.901979059776752,-0.8135541314489095,0
-0.052211975679421485,1.7602901987334065,-0.27625257241014833,2.0226504562003433,0.20394385751599503,0.7079673839176658,1.3689250952636816,-1.5475697941363111,2.442748625152622,-2.3657601453328443,0
-3.774624421060517,-0.7181675509527995,-0.8333421858317133,0.14403584561199145,0.28456679047452627,-3.076340265778134,-1.4615500719488923,1.435856464085898,1.8161256694530616,-0.6232585591805184,0
-1.0924140494783785,2.9815533435562322,2.159814972964288,0.3164578252772179,-1.3517075320246466,0.01772490557895523,-0.9609100746974719,0.0490947313056715,2.0667347184786946,-1.6646094824219522,1
-2.4041770088152155,-0.18593730801310815,-0.3431594223617256,2.002063413310434,0.7851265854600545,-4.488558216903954,-2.7066272293988525,-0.3098449013640731,0.9203518341931726,-1.8311735563310028,0
0.4841843618042776,2.2421363999985644,-0.6166850133013488,1.7566170767624774,-0.5224147283775092,-1.5683325959467247,0.5498723999938478,0.09901444948725731,2.2694739996025017,0.3457420382400631,1
-2.9519103973739864,0.13831745587690936,0.4203789255265078,3.1288030754804588,-0.5653499525010943,-2.4087907941800033,0.4013200693672153,0.3306132610904059,4.62917072617581,3.433090082251552,1
0.8315146363418982,0.5090920545504588,1.7822888646184298,4.000851510233612,-0.8612881023859011,4.2043832223611,3.1169912008469782,0.40848533814647026,2.7797719764328153,-0.9060723253149472,1
-2.6850391103846105,0.425810050510943,-3.067061418125443,2.1425581826287794,-0.7322995497370884,0.8238129608575159,4.271270350266787,0.7777976308777149,5.860115201749004,-0.48043600418188537,0
-1.607888926959585,2.52820581315144,-2.3068978797504602,2.256452570531126,0.372842248655825,3.7349419647929505,6.544008487613666,0.8301613723463044,7.690161289838668,-0.13927777804126618,0
-0.08607416039184312,1.7528190440497398,-2.8026017407627943,2.2327481174668726,-1.601181198811573,0.7118556990908198,4.169187665806993,-1.0272518875051289,4.730248230251679,0.2936711072611642,0
-3.6005056238665647,-2.6592393366426252,-3.100410296721151,0.9413337255036497,-1.4092157980245135,-0.06749926330372014,2.861860269035237,1.46644239118858,3.533379929129816,1.1345982664788248,0
-0.6783213050370842,-1.868831051148549,-0.7591443635891246,-1.3085786135690514,0.3435975351782162,-1.9556546455597263,-2.1406500115548237,-0.07459267700807634,-2.5558603553405397,-1.027868248373328,0
-2.736977010666905,-0.3956359498812918,0.42466601713838226,1.6355937584059284,-0.07296943188127829,-5.757441074819509,-3.6999340445191042,1.67817992212487,0.7658661501602828,0.837485116753057,0
-2.1190812439139055,-2.697602417466686,-0.16493737104124673,-2.056410533194586,-0.947530740972112,-1.3724546428636388,-2.294327983402256,1.451926632314722,-2.309196388778993,-0.610461977794294,0
-0.6287264946132832,2.2189713092775203,0.9575381461847188,0.024373543852651558,0.305085404706753,-2.640540977331729,-1.9587535768460624,0.6731336922329685,0.9489956646343964,0.37242483914736524,1
-1.419508565329311,0.9720629326463851,2.19080831720016,2.525471922976603,-0.1121264436113449,0.8216729335463562,0.8372441074696086,0.6694383715424684,3.4815146822022807,1.6631165215252464,1
-2.4937343620403514,1.8206441099518462,-1.6236142173163426,1.901448803211545,-1.574341717731963,2.9977305669751244,4.660266122555223,1.1494873640103684,6.342717294724094,-2.230708765490996,0
-0.48328920436063627,0.8687980499810573,-1.5887317225743969,3.488227089645701,0.9456334275676297,1.23868149186121,3.046855203517207,0.8234231845623113,3.7610508085664933,-2.745527671425932,0
-1.3965322443403614,2.141871216956611,0.0725440286835004,-1.6964517062271793,1.3071354231507137,1.2630736273224563,1.1521791484647579,-0.30445802114822945,2.4563028015244566,-0.17061097548920556,1
-2.5805100788021447,-1.448819490159101,0.9730465297829674,-1.1101048408110354,1.0813169577685364,-2.6257206192561617,-3.2483045585444312,0.8656746511673697,-1.2024431198132255,-0.1166268070329477,0
-0.5420288170676743,1.5899721949598198,1.5009524479984158,0.036625474739642616,-1.2738373251342043,-2.630085284403322,-1.9338140211972956,0.23873792529135657,0.8339448338694714,2.655655022058545,0
-2.193762630434684,0.8045728475397502,-1.9624050748445252,2.9146092031671595,-0.7816720723468876,2.827456944720316,4.906728352060608,1.000820497768414,6.066763158375324,-1.8653131009996693,0
-0.8326514912865333,-2.8223534599572515,0.3221213561743823,-1.9471295098087684,0.5125436283994018,-1.173182102215746,-2.9113104560445384,-0.5678078421841054,-3.879791712623972,-1.2380169099137148,0
-2.0941888868020695,0.4678742691184403,-1.7897257696471838,0.6189317866332942,-0.27027036767460905,0.8772675146225246,2.7005701699491738,-0.4434294182350357,3.8225632004187204,-0.3977224507958381,0
-1.0000975667736582,-2.1460989249428395,1.032204629997663,1.7496802396628142,0.9632265338939392,-4.393570779969231,-3.908602027640206,-1.2704882455818216,-1.966814489464421,0.7030189736291144,0
-2.1971186025221665,-0.26040749023597565,2.477966853515821,-0.03915312539297622,-0.07002977680804456,1.660468224957238,-0.5799114901754788,-1.431114142771255,0.9586412677637274,-0.8546420367842797,1
-3.3985105424198534,0.8942263098778473,-4.001575153651879,1.395618368300645,0.15714578370253451,1.7744918458953403,6.019473292241847,-0.3997705114430575,7.6346885310222525,0.5068546091787063,0
-3.806451921559958,-1.540258222602569,0.9791969921411079,0.6188132233915762,-0.5154692730838591,-4.515812237594821,-3.4435811797041724,-0.07833084893015722,0.678826712439069,1.659241397212024,0
-0.661353704520069,2.176818205173466,1.8070298818074741,-0.15894735967481588,0.5052613431742017,-3.4238061869782,-3.04683127650742,-0.1482228888431208,0.3824295824991862,1.3293083070666065,1
-2.8223666540923187,-0.8474354058574621,-1.7277836029350961,-2.751420880620158,-0.7449787674850553,-0.8359391740458229,-0.5600351363947252,0.8264531108587624,0.07046101975379365,-1.7804037030558946,0
-1.3283239214479248,0.8994436387871345,0.5367995334295125,1.7884264841798139,0.18411939832816962,-3.4030670547312,-0.9280434930422122,-1.3938176478742055,2.5634579154230632,3.7302327892032143,1
-0.05783388651967525,-2.1238433555245666,-2.602663685014622,-1.7900379326254683,1.9489631114476191,0.6444802352643539,1.047810760514238,-0.7853179202632383,-1.5374323879056706,-0.8497516192351661,0
2.769926617466342,6.922232954679596,0.8885102248220036,-1.8611353206167505,-0.6650318903039252,4.108434517616039,2.3445351418012192,1.302928421945811,2.137677407098773,-3.9235815064597372,1
-0.665357688948994,2.506860689723932,2.260145833569185,0.2967860299401528,-0.9807648436625377,-0.6983240423225525,-1.6535814763071646,-2.4581694305490185,1.111657529193028,-1.0523717676032538,1
-2.5773942456733607,0.036823509156144185,-2.539148649798779,2.060367540934808,-0.16176728116566902,0.8055193138376858,3.8282958295391905,0.031063426398931438,5.2874516440494475,0.04566222492382255,0
-1.7867603782852286,0.09102371208935933,-2.327845756021197,4.596114706568799,0.39329513816648076,-4.0612253962295455,1.2656681607095275,1.900649041722087,4.754209234699464,2.3764530604372665,1
-3.1832032103267203,-1.1197928271583446,-2.1812235627248695,-3.8350287817045445,2.171192861062495,0.32834818933646215,0.14846574927701714,-0.18657325305536468,0.04060421355671205,-2.3423452281030874,0
-0.49646992859359473,2.0693164983071157,1.565055616751763,-0.8856804753174107,-1.375149392040303,3.345864742905966,0.6481212664652778,-0.6633383235123018,0.9458773787244797,-4.097848942615233,1
-2.0039814816793733,3.109828078070457,0.19090236042242004,1.4240376922839462,-1.5365306903820384,2.41380222558735,2.2922226692733245,-0.1296730520286007,4.802031500718963,-4.42305998955316,0
-1.6093718890752151,2.615386388403458,2.864375095237994,0.6253661670955565,-1.036329196838163,-0.6615223458887215,-1.9673692805002274,0.32434571119492384,1.7670967203995165,-1.705883722761243,1
-1.1117332035225025,1.3787764100078383,0.7617203061742975,2.7020838893051735,-0.6462423241465945,-0.7045237135399798,0.5098090308687842,1.6857017540349715,3.270847893628167,0.33320840387406725,1
0.32651591791239754,-0.9552142145364102,-2.5950920449802366,-0.418315546095686,-0.2597211710765324,-2.008084796587504,-0.5611063657136162,1.6923130191048756,-1.5336539301307897,-1.857548668972914,0
-3.4134555497544588,2.3015699721159057,-0.640933548373224,1.0104784225974284,-1.6819687839854107,3.582498235681252,4.4085093258569765,-0.22257492722485295,6.8791066713340285,-1.9569156487107418,0
-0.6685141210100753,2.7874650937723287,-1.243990384620913,2.771017901017819,1.3345061333378379,1.0730767959593759,3.2087327430463826,-1.1068702915340567,5.104763419687211,-1.9442735298067877,0
-0.6590046523545582,-1.5282790229661358,-3.0137195483405623,-2.833391119316666,-1.0581464312944115,-0.32647051273147265,-0.22407264529560478,-0.552924016236234,-2.21152310651648,-3.4665789115530297,0
-2.630668577665852,1.2015591210668177,-0.16076968128199165,2.1553195507093275,-1.7737751322025186,2.7906532440559353,2.7464756651490214,0.7032538280959473,4.65768115866893,-4.161729705882787,0
-1.7810100841528245,1.5369326654429387,2.245895165156671,1.2417285026425469,-1.0783150666292278,-1.9070694573423959,-1.8368758130593048,-0.6568354686944304,1.9956308006656656,0.7874479217872138,1
-2.435452658608545,0.6840958370501009,-4.6765527991861795,-0.7410424852156688,0.3420994815573816,-0.624428417486311,3.2167967386113623,0.34936355348237974,4.038690040008183,-1.0767904892663611,0
-2.4975172524698235,-0.43480633173674477,-1.8825889550092796,0.8869258818248886,-0.4957059465748997,1.4673548235730671,2.739466627678703,0.7735577062068134,3.4346539910691933,-1.8282725463671783,0
0.12977668379710217,1.7478749621627823,-0.8112629527886965,-0.06720199218034728,0.08036232596303014,1.406806615036364,1.69133987320121,-0.33149938829951425,1.6972568039759253,-1.8673305082336393,1
0.7012705019657939,0.759284967792552,-1.3118323461146761,3.7704306001587224,0.6443884535381822,0.4783220369383132,2.2734119473739245,0.49576557301551033,2.508822971571955,-2.1110403823866872,0
-3.223751963853445,-0.8163316871427214,-0.06206488037265778,-1.6534214440043622,-0.1829015674239269,-0.8562587852356499,-1.1454899659787385,-0.5379439663331403,0.6113620676194612,-0.8477439888433691,0
-1.8610108727263062,-2.6181925951426823,-1.5279872483119723,-2.183353962947193,-0.630863510683409,-1.9718905760093677,-1.4597348852695016,-0.28212494313773495,-1.7736385888602315,0.4937113774624522,0
-3.216533914263003,-2.537221931984851,-0.09775621403063983,-4.08128782094271,1.4238989372468513,0.0661754880980272,-1.6153849852895636,-0.4644017814099108,-1.7452723766724239,-0.2913680797818943,0
0.064703620744891,2.761154893939547,1.5322038619097123,-0.7255623288128485,0.21740585272700344,-2.7887990985405517,-2.3827469565835218,1.2724283828165954,0.3892666660172285,1.703681465850146,1
-3.130061560065675,-0.23532382688299114,0.12179821127105517,0.5436342581921965,-0.691054377393896,-3.1828856526958527,-2.303375721266598,-0.8343381865826627,1.140382424960012,-1.2896964290877648,0
-0.7158258007116839,0.4254693862487995,-3.0028593223160156,-1.5692351825192707,0.2263042077451344,-1.8738516636680747,-0.4582549031924661,-0.7131923043661328,-0.4652339194149184,-3.6247413837108176,0
-1.0634434811243803,2.0940090121449537,1.3643926622353872,1.082445846692392,0.7138774440901375,-3.6018294075093347,-2.8108096388751673,-0.1546903311345547,1.0550955150546972,-0.3216450785219269,1
-1.0497066592815067,0.9996365194489624,1.1423082752623355,2.073833605911178,-1.6076413105231968,-0.09867939617110189,0.9671830775559231,0.6992124386719866,3.3115479561615278,2.573039454033669,1
-2.2409509297613948,-2.0626466333951816,-1.053526287378609,-1.8487171477631543,-0.04233189566021276,-1.4023209055167671,-1.3918450101135509,0.4838411250264615,-1.1690379842782408,-0.7945175546237329,0
-4.564254415259193,-1.2580134071008215,-0.018907480128179444,-2.1859212654000393,0.011369908798494166,-2.810028264531052,-2.5541751716962637,1.889282454250252,0.5734215051147372,0.0774724637062183,0
-0.8648167224673722,1.8262747160396964,1.8308312714818051,0.015860666810566304,-1.1785727847701737,-0.24602149465296086,-0.11030675618890275,0.6727567871994219,2.270700916203604,2.9523498407934254,1
1.1943080593200355,-2.006050468709436,-2.192890594991428,-0.9358238722377547,-1.0414529517748186,-1.0205388339642862,-0.8957440353274466,-0.466227391717112,-3.480890133353329,-2.4129487074629576,0
-1.5981434188093702,1.0486526641413318,3.1512131456694563,-0.5044882399806554,-0.6116931217017983,1.9441498455898087,-0.8662488449571976,0.13394188295201317,0.8869223849625919,-1.2086152586692471,1
-1.3137698728231668,-1.1779291237129845,-0.5597709495578218,-0.03485263863352772,-0.4552205808827054,-3.7823183860926815,-3.1117569717246427,-1.742082457705964,-1.6625305471301282,-1.5449426744119732,0
0.02543162630842688,-0.16779919355200335,-2.875666870496791,0.13520479230904558,-0.9413814861392652,-3.1959421261488603,-1.1096814607298864,-0.18173353761590585,-0.996396655684747,-2.9796692111417453,0
-2.195362835439674,-1.3599812384865626,-0.03559765661352188,0.17933589544340145,-0.589160387988942,-2.804947537824897,-1.9182367917458212,0.30297187358728317,0.05247718801696881,0.8107612455883513,0
-0.25005089959647164,1.797970047398816,-0.19853311871051638,-0.03468899568916495,0.43426364992207156,-0.060407198417912866,-0.05319459935113004,-2.8019115694878916,0.934823653009993,-2.581088310692694,0
-1.394442785840797,1.9126194825430216,0.5192499467032847,2.433443876102355,-1.5145735090585566,-0.9763887523719067,0.3415791599678652,1.0095859678911938,3.5147341822472673,-0.5708978908199618,1
-2.2020265298845514,-1.0753656845722341,-0.9746469933096599,-0.519052454950282,0.6756644532569765,-2.1336325496416872,-1.1102167131495084,0.1335654155359782,0.2785969789123012,-0.2275799080075187,0
-1.9245202305706182,0.8029428576708837,0.13042125134454818,-1.227724712165902,-0.9172616421772875,1.2387282503632002,0.5667006087738092,0.47758881955300486,1.6185575914490147,-1.5540323573254557,1
-0.036632520194482376,2.3365118989639218,1.832744780041425,-0.6442639072191719,0.046461273154189575,3.775056083209303,0.867170536399077,-0.8250972999455244,0.9551652649893433,-4.086499221267487,1
-4.6737487480274496,-1.3770301783942975,0.8415496898321544,-2.4304460035386293,-0.9677523395470999,-1.697877026109667,-2.0577901441301103,-0.3075773895637438,0.9358035127607228,1.496016479159561,1
-2.4141496411280654,-1.006794415005941,-2.1054665962950203,-1.4926975124490174,0.17866977521907204,-2.3608075111678435,-1.233582593962378,-0.3617169878172646,-0.2382233310007484,-2.143900919629829,0
-0.24701908640923165,1.143096104515759,-1.1901862423269771,-0.17078956677459023,-0.3933511248228728,0.08636415519245322,0.9250493747010485,0.7152365838912327,1.244413844256575,-1.4019199546294006,0
-1.1351759044173837,1.817405781484955,1.7485535374746366,1.1326500945745406,0.3861664979983887,-1.3389368106831077,-0.9505752902380178,0.014694095544366792,2.2027928980279707,1.205060220013333,1
-1.46299971302702,2.142589324525276,-1.9891723637315428,3.313610211588231,-0.40463852004094636,2.873745381645424,5.560415387712276,0.5586952829218191,7.015911594140034,-1.2049496319339794,0
-1.8839484421264059,1.577641101670368,1.5073076133805918,1.2426465698565299,0.33516056653511783,-2.5646792563995007,-1.7293569303757492,1.963552833543816,2.2313525971317185,0.8549170700264571,1
-4.646312767456151,-1.8803106251748365,-1.292322182821369,0.6550331292972491,0.7271679888921005,2.7736077044278318,3.559595797434814,1.2428268933268276,4.767622078093631,-0.4269116065213989,0
-1.2132832001625602,1.2297500597903177,-1.4436435220269996,-1.7331461578046847,-0.3651329377957845,1.8882638576791417,1.6432440316176469,0.01670086726755042,1.5032071599629893,-3.305263220072871,1
-3.1692483103600946,-1.9512931932387185,0.9493603285318692,-1.1630950351291383,0.7573042237747472,-1.2137632819506274,-1.996188940715972,0.8509826785067651,-0.2818448988789497,0.5475168277537796,0
-2.4560280146323117,1.3815676117442592,2.1210674511215473,2.163951421276966,-1.1152172279709192,-0.9359525078637527,-0.8879187637289684,0.310539637914204,3.1627535008782535,-0.3474425812972992,1
-5.6414201673431785,0.0064279146958363675,-1.1259453977241993,1.0089354274682139,1.2450410082232566,4.986064167109074,5.672343258693916,-0.5908183480914292,7.920115202850667,-1.7034382743703615,0
-1.98029070545753,-0.41737551121561767,0.3813978861078142,0.6551799038087673,0.17048468069691408,1.5479639667018827,1.2471808977815666,-0.6594954368384278,2.1877837024513576,-0.4608727991710151,1
-2.499035747056721,-0.6950224709611786,-0.3855541253390682,1.0421436359310765,-0.6760707152936095,-1.9436953941346267,-0.6621079273559884,-0.8396083720406722,1.6663247541018793,-0.10394290398292494,0
-0.10963112774152939,-1.3925477288451613,1.8108550094975788,1.7810229007031229,0.3366014275621669,-3.729607014881941,-4.57044242967948,-0.8348299105466731,-3.002936965127671,-1.651145158921098,0
-1.9626797119865098,1.9870526644795272,0.8726179233766982,-2.81419484375544,1.567791509795664,0.6804163882918364,-0.5207509388953988,-0.2841878821547786,1.2197808168556876,-1.0198412797806167,1
-2.0434624869419817,1.6949980232229322,1.8574361238767692,-2.1315667854504996,-0.07939638138549375,2.270998404293261,-0.38661975649211333,0.9454973046593947,1.0523282130030198,-2.8979915592993652,1
-0.7731761551301916,1.0083795116704974,2.384591254807815,0.8354010946689079,-0.44352159983711503,2.444738531131443,0.3207290810004332,-0.5129742439678118,1.3731831877193317,-1.69614524006184,1
-2.794213413111885,-0.15030050938229178,0.3060973879601454,3.793576493835033,-0.0785883929143568,-3.3079819213392527,-0.24714412455124796,-0.06330322278133675,4.14585793736144,2.8763079591905267,1
-3.2954513566957955,2.2293158684894276,-2.1791307517703844,0.8640102764612386,-1.841919078931543,1.739836443257083,4.570848934558792,0.6069426083866378,7.189948486329581,-0.13832946817850966,0
-0.7130820445732113,1.506350697111451,-0.6788675577144518,2.0309797622891934,-0.06213606646930852,-3.4094881872747917,-0.3605768457177828,-1.89203357248567,2.6319863948264355,1.800953034077564,1
-3.036685091853905,1.3910159310671733,2.117378780807667,1.9638035407238426,0.8155942445961629,-1.6235429501928227,-0.9753115804545723,-0.43479469337221693,3.7761273403291504,1.1639874290383667,1
-1.1019824194504506,3.669486723090736,1.2389668135810337,1.989975514464677,-0.8193868304987907,4.024011920997922,3.1003739720013823,-0.922351329061918,5.1385790460246294,-3.9081061652959503,0
-3.614429402613103,0.4443717701226806,2.7908951402009947,1.9638080384507295,0.014336422175760023,-2.042936433520454,-1.4961480147397466,1.1983685693734596,3.601760402317273,3.013808437557521,1
-1.7820226356874114,0.6616146570018271,0.2527669861786126,-1.5983520998936378,0.22818728896095541,0.4388434070955458,-0.2896597294077794,0.6617366120969479,0.8170742201154217,-1.3037879012424225,1
-0.104779448093268,-3.3670126106164298,-1.8329933135867482,-2.8657761901246586,0.17782979970543425,-1.2938152862059757,-1.90482182320479,1.1026920460743783,-4.509038765905877,-1.123816686419987,0
1.155916506480494,-2.2856917548035316,-3.6608214546613005,-2.238021780336504,1.8507811424357334,-0.5646939797611953,-0.15593224948819862,-0.4070158918067711,-3.82411571135979,-3.214820362123084,0
-1.1839318557750709,1.027206290553313,1.8881978323420734,2.4412554688141155,1.3636072951996998,-0.6943772466312331,-0.38644912303051965,-0.1026485734506316,2.513273237403824,0.9122054801810021,1
-1.5148189143646835,1.7985245014132807,2.151402735007787,0.6119072958608499,0.07166855388024412,-0.7093728996329981,-0.5394206067225384,0.5692893232700639,2.698030894290641,2.484634471211947,1
-1.3362926364179168,-0.8429478942189594,-2.0781233206626286,-1.0862132964838176,1.3442845752345964,-2.731767601121023,-1.7815172864269972,-0.2731522465199018,-1.2891266208980259,-3.0156078272299482,0
-1.0575503267047068,-1.4792298933894126,-1.4106438839617705,-1.9406389370940198,1.7772947680304536,-1.181000075573457,-1.6874819115484927,-1.9128513533478293,-2.347858620461094,-3.2492732332248178,0
-0.25040488689038787,1.3616306038730648,-1.142458846217912,1.48301365651326,0.44769626639501187,0.43640568123840806,1.7824978447164803,-1.1992043250956432,2.5371698180983673,-1.549408097987477,0
-0.8521053403583613,2.4511311197068486,1.4557908758553992,-0.8903191235470294,-0.7140417437774549,-3.9313349682825067,-3.00275211388691,1.2998712435306046,0.6618923940181497,2.4738728636082747,1
-0.6350377973961473,3.5702318263911264,2.7930827079609784,-2.6833968861735116,-0.28451030433922214,1.7033717083904973,-0.9581626331428448,-1.3293590589340638,0.8634874716322515,-1.119706262693513,1
-1.53453673408634,-0.9481388776445552,-2.5241160950572183,-1.283370355211888,-1.124200096946978,-3.0305547897476037,-1.2924854342684307,-1.279647848349243,-0.7043351634434967,-1.425325638201685,0
-0.7600291892503381,0.7649996756009733,1.7225012832027966,1.0261888237720802,-1.0751030481167556,0.675312877401002,-1.3770153398536986,-1.3449277870651724,-0.10974744654216399,-4.612783157139701,0
-1.1914772853889408,1.0516874032700392,-1.7596843692212616,2.0935639216532635,1.0714759302545598,1.1769668209702664,3.0975405863389613,-0.45767699298843306,4.0925655467283395,-1.6994808588396932,0
-1.0761872840117312,2.2290622630948764,2.8726286275030986,-0.38087778265631544,0.8095418882529403,3.3464653999899774,0.6981079956735461,0.7047894424389869,2.142837314922786,-1.432032384895139,1
-1.3579596299874421,-2.06849538668029,-1.1105839885902276,-1.501954132337937,1.2075031949519206,-2.259393543694994,-2.401799318387272,-0.6270508454473506,-2.5132447679568206,-2.047652325057849,0
-2.5937548857014434,-0.13260893965936038,-0.07844768498846921,4.527601087500235,-1.2502160258948012,-2.459661072590013,0.8215582860314002,1.1064617708120716,4.831413932810229,2.3881721522749446,1
-2.948759268807037,1.3983399385701123,-1.1401738671167365,2.3789489563722546,-0.47539224221454224,2.2357433760283776,3.6445695292106883,0.21907156253766866,5.9428569282410555,-2.810719526584323,0
-3.0445407432367846,1.1487693297217123,2.0788647779099105,-1.4298910034179175,0.1016557615660292,1.5691147820112896,-0.06504066473108666,-1.1063441570771089,2.453731990406876,-0.08475084131096233,1
0.7652355743620123,-3.691775300607321,1.047088418217887,-0.16114414530440868,-0.38309492115979377,-3.1772492968631654,-5.52265992451738,0.6418790614777692,-6.8488835292082335,-3.29925694712182,0
0.5967322412050069,2.12698906390945,0.9297088864605945,2.856591608311668,2.171802667396602,0.30175511444825776,-0.32032434517096336,0.9537602558113537,1.0531607637225475,-4.952937632588807,0
0.014975905546405821,-1.5194031169071716,-4.043431175575881,-1.5739205585026974,-1.9232162862097522,-0.8092644752191509,1.0463658552740405,-1.431188333235752,-1.1349726748153939,-1.6531163074206,0
-3.5672180075053976,-0.7242489340314305,-2.9624087304564792,-4.116661308745392,0.4733366755549671,0.5809435547091124,1.2432983867494212,0.08286484186899613,1.2824362511099179,-1.6129949039836502,0
-2.3233707265118313,-0.029154521041381276,0.0001753953457026558,3.6521023583695893,0.7125044420921607,-4.777833093174568,-1.143084706250936,-0.38749131490543404,3.3918743561984277,3.3086244913821528,1
-1.329368881367906,0.5879665439247721,0.51554146421551,-0.26625829634545806,0.5205124966282796,1.0482803214049767,0.616253480037453,0.7903910765354696,1.5973403859693132,-0.40536486844384845,0
-0.8643514508972954,-2.7604038376691387,-1.4232506241707623,-2.799097046448021,0.3367122954206112,-0.11279970777322901,-0.8810457902725765,-1.5703258142530165,-2.872206752906596,-0.8391809712991939,0
-1.8565864318720626,1.3416348083178062,2.1039224508941907,0.9500006055744734,0.20073854075838948,-1.4454932003501986,-0.8211623085792572,1.4056475975079636,2.7989145449012094,3.259258070883734,1
-3.179907712635519,-0.9998601517676271,-1.0330656401917677,-0.040746985625909504,-2.477506118629017,-3.5538575383637943,-1.5241981433545617,-1.2237448466562693,1.2988323791230725,0.8434759502157534,0
-1.5246656652218453,1.1571048095094127,-0.9165404762772303,1.9010124785081017,0.6399029571520845,2.394909357572953,3.262254466556294,-0.5329937194259537,4.284984731097259,-2.2580342113201346,0
-1.1482137265901131,-0.7368986396385901,-4.522895991051362,-3.026132561926497,-0.1271585968748843,-0.36510289747815494,1.6519654023345136,1.1044777038374665,0.07241889078969373,-1.7514046272197004,0
-0.11805778271053846,4.006168529285979,-1.5563865007610573,-3.6569088916404606,0.532022432272786,2.109106106547424,1.5131469863817644,-0.5001526812147293,1.3909887077651422,-4.486947812509879,1
-1.1711420058834843,-1.3284399821820116,-0.5460940494300287,0.16663793646780123,1.110677684054092,-2.5678385992619264,-2.242466926984422,-0.6414157900234342,-1.3733654175125123,-1.8388456954450152,0
-1.3789548883775289,2.5975402930116482,0.6766256612811198,-2.614363538854185,-0.6235968803326393,2.012436413211752,0.38808698313236756,0.29919976608889587,1.4683742886377262,-2.6209873826986394,1
-3.6849326814210626,-0.5625768641907323,-1.7852389509143498,0.9396739295835653,0.2687757891486415,2.8031659029773976,4.314848869967313,-0.9249258157192739,5.452416624999772,-0.350954426323413,0
-0.8467142509416584,1.0331689285735066,0.19102579430083666,2.418764571570088,-0.062088698214287405,-2.2066271281687473,0.18090914334084027,0.34562034465144587,2.9764928337809455,2.6948750768801553,1
0.21855162267079598,-2.225229409872772,-2.9123275681212184,-1.8896812862316597,0.573558836877425,1.3227635689273596,1.232176625874609,-0.6032968487781549,-2.05281737709588,-2.5692341772409657,0
0.5414716841257672,4.705623953155387,-0.6512363455057227,1.7608347228428356,1.8311771355658875,1.4267591062738216,2.6604029473017485,2.0221741000873785,4.412810159232371,-3.2248826263542467,0
-2.4028968131429926,-0.8503013299175022,-0.2973062840515972,0.20291595344500646,-0.9463138227477964,0.07255711950985666,0.7035923797460399,-0.10069587281717701,1.9943346766396968,0.6405084405386732,1
-0.8234716969916706,-0.07095653149305603,0.4094900090380591,0.34988047618996365,0.1243847669077142,1.8793812961123701,0.8165019959038229,-0.2592218130040925,0.81758058857294,-2.122826671494024,0
-0.19047523916171083,1.7417334544187546,0.7449476933205766,1.352283110342907,-0.2658283656469923,-1.6301362564530262,-0.5159990399474612,-0.8361948507041709,1.7730179743048327,1.1508293327007881,1
-3.1018237010132745,0.3304421373558426,-3.042822300018761,3.14614486174629,-0.6531373899299409,1.5833576597229637,5.4023659112938835,0.52252076644239,7.270776067317064,0.0437252348444952,0
-1.0520980053505893,4.580914171202661,1.2330518946999285,-3.9394239217559393,-0.7193216868081737,1.6166784496953062,-0.08430632505898766,1.2160065389114765,1.8174054409839744,-1.8185016276807735,1
-1.2158700224100685,2.5027102970683455,2.519194452123882,-0.2576575030607853,-1.0397932245282346,-2.41819419944263,-2.7650682507214963,0.3589175837406595,1.0462820463395694,0.9339156913066516,1
-2.7409263328429936,1.6394785921248956,-1.001741271060075,-0.7934645619034413,0.16585902679867273,1.1227658517899193,1.7144638927322557,0.3999965529436064,3.623885365051426,-2.2299128848166005,0
-1.0941881239571039,3.524655998056575,-1.9734410199096124,1.6943016563187645,-0.22789255876583409,0.6974352499885454,3.6222134374665624,2.5303696686416894,5.917971540345688,-1.096317451158387,0
-1.4790729402797265,-2.3929559168166983,-1.8053341495291664,-0.4592886237848415,-1.4839790594674176,-1.9704875025705226,-0.26010688960558104,0.22352376254153686,-0.2988250853774403,1.7862874148673153,0
-2.6230115487038477,-1.7138419674656211,-0.26640145791124703,-1.5881753812511787,0.9328953551938086,-1.5211123221763534,-1.562732493756726,1.5564160355717669,-0.4868056601413697,0.19611604244450898,0
-0.23616848172170912,-0.40866700172007464,-5.144524163935472,-1.7745718496296439,0.8153241668090142,0.058977259455123,2.6318514776403474,-0.5719285461984328,0.5152957936107446,-2.5795681094271803,0
-0.6416934450491487,2.5825807973172674,1.9800412831805547,-2.3776998285413358,0.4522743776485788,0.8919129249574405,-1.0596776911354933,0.336903263976616,0.3882526653243586,-0.8239931440743309,1
-1.7895086042428636,2.0632181392032662,-2.7616475436763883,1.5463558730625362,-1.5297740801093362,1.307833750261882,4.325481781773125,0.9389571782348514,5.858645869659399,-1.2065998583080904,0
-2.2299039235992035,-0.29998050560852896,-2.4589654216257655,1.2555957000603244,-2.521604801462043,0.49559279303664905,2.6872650604348527,0.19767556695424515,3.563385243853332,-1.3357219367787583,0
-1.4251740112765519,1.1624338112858366,2.1342544785733297,1.1260634227391733,-1.8825207514674638,-2.1808291778710123,-1.6885369248833908,-0.39167060950403243,1.799723670087427,2.542799807253093,1
-1.206424312359679,1.5129117927366587,1.8734525155828505,-0.6782255758241645,-2.0200564145232254,2.0941608565605727,0.20157511939456055,1.2359432022281034,1.4445636806830788,-1.4119803390804788,1
-1.5917921843106035,2.76922865495802,-2.647959560346737,2.1738154495461526,0.9919263098869546,2.427340779113536,5.449013542471512,-0.7798066757376003,7.000507173946433,-1.4591221104246979,0
-1.8781282561555321,1.7665527722898868,-0.29630545058981794,-2.801943810685731,0.215031942943456,0.21688843001235836,-0.2448402757294384,-1.422058497167931,1.1178758633511008,-1.7274330056030458,1
-2.601483840227738,-0.016617010278757727,-3.756666934870538,-2.9450739795320113,1.6772395929744568,-0.7085502581124635,1.193159554491082,0.486842068967491,1.4253717578735599,-2.034777068726299,0
-1.9132568723869128,1.0425353928014505,-0.7289779795548003,1.4326156718003982,-0.552692953783497,1.2844402300059035,2.2872029647431984,-0.8002227353999037,3.8958983719231757,-1.6009847923729588,0
-1.2592502050174046,-0.5375670814095281,-2.247378465445256,-0.908580461353206,-0.6008296390959147,-1.2325283077739422,-0.2594131727359433,0.06578468947474944,-0.18683830087866596,-2.778524243067012,0
-1.172323178741812,0.9975450543527593,-0.507035455474498,0.23932217772082254,-0.5412990949622398,0.9253847157168094,0.9439251447243172,0.5043650657184098,1.8042665481888709,-2.7360396020887126,0
-3.909393529652733,0.25830601163126077,-3.6166217366243587,2.0345067446085947,-0.10852784256484785,3.064832024818906,6.8368796599052235,0.11447605881877927,8.294549127445936,0.39932776554941274,0
-2.316372724686129,1.454750917365902,3.3677623737570936,-1.6348551158112603,-1.6037294750298954,2.4220100005483642,-1.0416453174948028,0.4331840672715426,1.0172951537354857,-1.9943991035713489,1
-2.0882603177310477,1.6714637216028807,2.668032281154765,-1.7005637783466132,1.110499865647384,0.6706657625408429,-0.902049522940443,1.075390554416414,1.6871328489067918,1.492816741983547,1
-1.9299482933710803,1.9784916570391788,-0.4447693309653329,1.647944195260444,-1.6755804496240945,2.0225628536969973,2.4230735988863987,1.3297943652050759,4.321565575265437,-3.679323381258874,0
-0.6909792023771469,1.9461750049508384,-1.1786555782942214,1.2903110910081503,-0.029766488336401747,-0.1305158541546172,1.2946617337565318,0.115596738679908,2.790759283346024,-2.4348496553585592,0
-4.166114138105698,1.027613653567482,-4.915515488019755,2.8036558447010824,-0.5076941283897106,2.690971634933506,8.322254946990494,-1.8582914882251074,10.390984105573068,1.1784324692987815,0
-1.4696566495455612,0.3461247404305223,2.040190457324877,-0.33215965274761294,1.7624731648696121,2.370403458770943,-0.14488072220422343,-0.5717358227493337,0.6558055292588774,-2.3444792181387024,1
0.9656069980092874,-2.0619046658834455,-1.0023035987255873,-0.8002508258859425,1.2762639878735544,-0.7998257480589936,-1.7265084632236056,-0.18716554786386091,-3.9040749386089177,-2.9338428499917772,0
-2.0610723692972925,0.45759752937142517,0.2566417910371761,2.1845583053933657,-2.2176090801520147,-3.745654155820787,-0.5740486697862708,-0.4871671830291446,3.4141120121932595,4.687032877947457,1
-2.636826243091007,1.546776875125025,2.654356311928929,-0.465057019269584,0.5709409939421983,-2.7825579619238328,-2.5180611547079996,-0.7606006644251391,2.0722669798768787,3.629412360636305,1
-2.090623527556259,1.007748232520433,-3.6265371141818323,2.4339518270701435,0.0637023597657709,1.2362523419304632,5.191516847473177,0.2644816849513739,6.42237467188899,-0.5407103104764319,0
-3.544865258468521,-0.01650135886295856,-1.003992412710182,-1.8195292750611893,0.5102522224050186,-2.602227973785959,-1.7289299225854051,0.6611529286613466,0.9835440943461845,-1.4680739202946704,0
-0.4801401989719385,2.25042626616632,-2.036151426037025,2.43127142199268,0.7475461257864594,0.41481014383868664,2.9586211507814597,0.6603430545626816,4.341071998043649,-2.0790586974994616,0
-1.419981197697097,-0.027614550515037806,-1.2767747961344553,3.2542058442948862,-1.3608349783010791,1.3387888952607716,2.5755225675628846,1.8961232762543467,3.468121437988287,-3.1722083103398404,0
0.2291494827251337,0.9192238074201105,0.04002419737984764,-0.05865272957809742,-0.5037223368294537,-0.24657221719970757,-0.5451914965331555,-0.44579531382681703,-0.22514437741482696,-1.8969496969041608,0
-2.4240838752497575,0.6282643729236971,-0.3807565252397307,-2.236653691046131,1.7283293805663333,0.16614502674165155,-0.05907316889641339,0.09502788527207305,1.2688756842562174,-1.018828861238624,1
-1.7464461838876977,1.6625735910584485,2.2927751862775674,1.7253348866361196,-1.391983286797076,-0.733997354809068,-0.8192775895751875,-0.9985703864824396,2.7615376132391596,0.5138194804469551,1
-2.401746939834204,-0.4329272363697565,0.6139784354898631,-0.8622133924252574,0.7859928127031317,1.013822821233743,-0.10007668879641737,-0.13560123990088283,0.9570774956948566,-1.4134285374475999,1
-0.3805024735385616,2.179376899950506,0.0018728455881993344,0.7402458929915275,-0.6734142395598725,-2.757494884176536,-1.136384081481115,0.6174286309273244,1.5190582933625538,0.24358120663022875,1
-3.248681367974921,-0.27307167598622617,-2.1544130848668543,-2.7120547144799403,-0.8555276879406237,-0.7807688384346715,0.11429174645028477,-0.5815807632272181,1.2470672413990782,-1.6342794044200917,0
-3.08836153337509,0.7663446753727449,2.941459409276007,-3.2667973119042806,0.4613307130354217,1.8098208709375494,-2.4731616234847413,-0.1305754572951713,-0.6533428302737176,-4.232745216604769,1
-0.7053174889284333,1.9637577568363782,0.6812456113425157,0.4574547214479967,-0.04785892765275731,-2.9734671869285245,-1.6559705778734863,0.31552294092025324,1.3695688834132522,1.288253100592649,1
-0.8347387918935002,2.574012906886273,2.2090608824956544,-1.220173311212655,-0.33338005560766565,2.5744284945626488,0.22656389646101444,0.0833453509750919,1.5237614064102853,-1.931895135115156,1
-2.2510234221637386,0.7821026942248123,-3.570482466385691,2.5096238082261504,-0.3884799067714809,1.1147137134880134,5.100960834170836,-0.09514812307732015,6.418352971340095,-0.32267448051509207,0
-1.9648550278279753,1.6296303035412,-0.05335733164047851,-0.434916088846488,-0.9972649579684154,0.7915557646321432,0.27404783765994334,-0.28478940951539505,2.0115727436634536,-3.7714843117844445,0
-2.6975123633636175,-1.6472956820349123,-2.856805274590668,-4.956276047226648,1.2228079221334083,0.9883240166381051,0.40529843610359656,0.04371039699198385,-1.0954218267156213,-2.8812112042474816,0
-2.1348807437982176,-0.6629746409164938,2.287687915436501,0.328501146918593,-1.6556393601700825,0.6968435725625878,-0.7525479946687605,0.2997948741631638,0.9863406164243786,0.7069667028442086,1
-2.4178027544722185,0.5594710105352059,1.4637344560472643,-1.5436907385973262,0.4819678270528922,1.2216513587430695,-0.6687696052486822,0.16969315797128373,0.9037711097658877,-1.8356883413513687,1
-1.0171147728376715,2.8955146042346955,3.4425761640777637,0.15723919107911555,-1.12728552370693,1.279371335098443,-1.031651613481109,-0.5277014119206057,1.76859646117346,-1.5484382678519881,1
-0.15774932046740275,3.057284110916175,2.6249145646511236,-0.9973137092212276,0.321652659591586,-2.162765734365904,-3.2839430636552813,0.8261456160405156,-0.27214704870159606,-0.33213050065599203,1
-1.0240499380837904,2.0557101271324196,3.1228637772519736,-1.1539548780678297,-0.06487144105336112,1.8388024128226554,-1.0056700895067572,1.1469628682551696,0.7193783056747085,-1.3617864834021185,1
-4.407689909728288,-0.008629647103693738,-2.003231058308361,-1.9510834774522925,-0.5054472096535272,-3.467637375171841,-1.5532521124138634,1.2114275036324305,1.7895930826139566,-1.5611141170614748,0
0.5549741747894448,4.895655562305111,4.917107447454352,-3.2241913389088035,-0.9652140767505479,0.37640809099828987,-4.38739511150351,1.8876251206260046,-1.9161610967640714,-3.672235980288998,1
-2.1402084919410727,-0.7049923459260635,0.38477630311445,1.9099228741770027,-0.01792796824979873,-5.312562655193123,-3.812879549136763,-0.8002932816073767,-0.12393636600883944,-0.5970859598898138,0
-1.0344509361604446,0.305945421793945,-2.9973901334172854,1.1688606058020392,-0.16065328636607445,-4.3734933836775385,-1.0069143575374344,-0.20316852898467888,0.847552642828553,-2.1066488939118884,0
-0.960644362776397,1.342943029611051,1.1073446035124435,0.8056183469846154,0.7637997723632599,-2.5374970045671956,-0.9791601022206701,0.02250038824543957,2.0732000923614486,3.72354395733618,1
0.6539780638145545,-1.0240464537863987,-2.3674210676799365,-1.0625729472149024,0.25203397993487703,-2.5624568469057225,-2.2244975181151876,1.3845049626510342,-3.5102225274274783,-4.507865796460455,0
-1.572298290350433,2.217148000470702,2.8556239311269973,-0.18431120167780035,2.9141092157683617,-0.28571432319709755,-1.2966699311949414,-0.6292337633874194,1.9810430859037398,1.0962758488276254,1
1.4978703644954359,2.503195447070131,-2.468244257017423,2.431750108860765,-1.2223646149872391,-0.10725194136338878,2.9514041215671125,-0.9988208693340495,3.1306797867879674,-0.8907471147540554,0
-1.5092095788374906,-0.47304528257014633,-2.1657255156432695,-0.8440392023853073,-0.8447029987029827,-2.9664174049826375,-1.57379571186717,-0.8378230611677818,-0.6135864065640482,-2.6618975700350767,0
-2.385324201330463,-1.6483342771559824,-0.7134883067213644,1.3446578704132972,0.7834656483247346,-3.544793615459266,-1.8665148518846515,-0.7184839851611164,0.4224564204743048,-0.12613807785208042,0
1.018019234269644,1.809579476141372,-1.8605347721054668,2.861022084813783,0.4583179391254417,-0.5625594027013392,1.639677993931252,-1.0736928461974642,2.158651492092046,-2.717229109605067,0
0.8162568193359112,-2.864273922579686,-2.5585846759755406,-2.795844316312297,0.679373170574121,-0.4869124645498304,-0.7692882748689961,-0.8594597234480168,-4.274133689067843,-1.423695760630345,0
-1.5341326950850864,1.5121641378643933,-1.7438973631199455,1.6049507754136596,0.8865794927576496,-0.034547252261954764,2.0016166818457006,0.2472714521087559,3.7845524018090893,-2.2232358022724155,0
-0.8548617980951455,-2.084870302426653,-0.13754467992069963,-2.0738003336977013,-0.033068001361767865,-1.9806233581940167,-3.312281178959619,1.323340922489938,-3.7913173434778424,-2.3079562974347803,0
-3.9404032897251,-0.2898712113812474,-0.13095735789414387,-1.1857120259964815,-0.7974854973437886,-1.9002795314031,-1.3976152961550714,-0.069851868183643,1.6638956865185797,-0.5909839687941969,0
-1.9354907864810524,1.2146911107878493,-0.9053847538017691,3.0953091078330637,1.0323893981263967,1.5032467923165884,2.4128273537077587,0.2201893142051328,4.293410671594032,-4.601626030770035,0
-0.5093784029432921,-2.7918245285190117,2.6683697925805996,1.2991084734818195,0.3343747468732986,-2.696006787677556,-5.164618195777054,0.894458843105129,-4.35079722559336,-2.4485860503761403,0
0.6990028006339055,2.1648962456704846,0.6750208469035961,1.1452018991747033,0.32889153672704086,2.893788781543857,2.4091498903638993,0.6550780176305259,2.4681491454477436,-0.9870412608564219,1
-1.5415869353822405,2.3290776711232635,3.174948886002122,-1.8446994950996816,1.2167234924979469,-2.8792499684181356,-3.6238060256705054,-2.49116140815146,0.37078819488092013,3.026068817909146,1
-3.024975230380787,-0.7824952962177564,-0.34393363969737045,-0.5771202802508986,-0.05750296879491637,-1.9172627958465807,-0.8411071645385017,1.2625774069641502,1.4671615079548028,1.15218035664408,0
-1.6395355743252868,-1.1636308195936402,-5.795819203301748,-5.96332869984751,-1.0769545408779464,0.9092226250804862,2.2443061037417533,0.6847148540498922,-0.8454751031081276,-2.865607352774548,0
-1.3141195183438825,3.8318496392692953,5.074735193532112,-2.61923130461755,0.720639231357267,1.5149955306299927,-2.1834273453889215,0.6427171526314838,1.098220765709266,0.6400196946825538,1
-2.5388740027848913,4.260974594696884,-2.372467940040659,3.739892193315108,-0.18859482914748824,1.6242659897260479,5.039672128682237,0.28638674395539016,8.749067283920931,-4.056853832999954,0
-1.18448523835643,1.483627941043827,1.5872682994326306,1.7318024846287279,-0.7932211972070344,-2.2213009975213405,-1.6694974824656212,0.45564691008859476,1.7203986134608467,0.22147569619657026,1
-1.5757416584893775,1.0479916225252617,-0.958045503286031,0.8228816821066343,0.44176064964947936,1.224252735695376,2.26002817847309,-1.1889411180533487,3.439093529044667,-1.1825421051561025,0
-0.6662007727319765,2.0857610097951214,2.686494476634355,1.244897787089588,0.8844424373817379,-0.3968091418244939,-1.2424379653440725,0.49955890824920274,1.6074549247230305,-0.015366954604357108,1
-1.3943250294594587,-2.0564982993933,0.9418599826377965,-0.32688240146078473,-0.1693288571150473,-2.8383817883350213,-4.1955671406084685,-0.402833428474804,-3.2041374791421853,-2.635908795749409,0
-1.2189630689778828,-1.7124251177389076,-1.168764221630929,-1.2403904173888454,-1.3657959280509446,-2.1009612625574476,-1.8466854314404189,-0.5237042828895252,-1.8367850628719757,-1.2967804463219892,0
-2.0392002725988685,-0.3685603863358362,1.3786364068667163,1.173224942671574,1.5051959988790395,1.0040272690384353,0.8831501512788797,-1.55102618198332,2.6175953303350536,1.8116251149200138,1
-2.4247258080962535,0.3587752380476392,2.31046074116533,-1.1593751459881816,-0.2867216948200629,1.2801791097442672,-1.0444455367644887,-0.9906540774992385,0.7723812278585229,-1.2624987624894928,1
-3.4841318348666377,0.8179101137409525,0.8360212382280926,-3.459605671795431,0.4340684871831768,0.09546988122798039,-1.2671145595936653,-0.3829992144834577,0.9967564041260772,-1.013597675289605,1
0.4173000937694755,0.7494736339436424,-1.2721669614732032,1.971603991283626,-0.21245170271305602,0.5464320538439253,2.390199581971203,-1.4247656537214894,2.465709858262443,0.3798016520294121,0
-2.2879818460964776,0.7924030877665281,2.108569126094582,2.291580359678748,-0.6005066354139633,-0.8408814038123371,-0.46817173062266526,0.27361458116570514,3.220867698994132,1.4127682645295534,1
-0.6067158580709902,1.218783333974084,0.6485463653660419,0.48085316926545474,0.28134834748957704,2.099818952990315,1.0057597852140503,-0.05195477090077795,1.534286838078081,-2.7936662813405126,0
0.8059285350643419,2.490346539192877,3.6227180398474776,-1.2521608192156524,-2.799964302593586,2.5028357189942785,-1.711916950649877,1.1138623979822204,-1.3343652097008196,-3.575569551503923,1
0.18916368849502718,4.464623680584472,4.020437028315353,-2.385524567441761,-1.410467416412775,-0.2931967417254804,-3.592666268890817,-0.6893290680800719,-0.8111886382383356,-2.2953695316962146,1
-1.93403736672779,0.9109799976015782,1.4626891436767813,2.5462156190467446,2.572752389244474,-0.880218147941866,0.12418083937020567,0.6943263811492989,3.5225671108922016,1.6009716017563178,1
-1.3337348285267554,-0.5691871436122207,2.32236951111758,0.6589101652543321,-0.8001752986641041,1.3574807064080643,-0.7193829597923612,-2.0615231121122495,0.25582378481317036,-0.9768749809545142,1
-2.1298225241056477,3.112988166477563,-0.5882084102452719,0.45458016867394324,-0.8455521763546138,2.5854179822544276,3.431838321217682,0.4050353858557128,5.624654951705405,-1.8396389019120962,0
-0.9828962998993195,1.999488926961379,2.3677985163297612,-0.555550801190877,0.19366176451679923,-2.80381950312427,-2.4448670722125327,1.1549975605416176,1.078577719049068,3.8049202060379725,1
-5.247262835659736,-1.8559172725686799,-0.5796697066343788,-3.979376454387654,-0.42999140861483903,0.35025872070149333,-0.29704883921264047,0.5399509007551029,1.2536227656608063,0.18028528834924606,0
-0.18835734473130605,-3.2140221500426867,-0.6603951158090479,-1.0150279752253082,0.3947573891079933,-3.43544282159824,-4.089789381365199,-1.5763089967712456,-5.015508007664169,-2.209611743771462,0
-1.0331422189137347,1.6023704581017384,2.0226524114688407,1.663542856111576,0.7528910814937849,0.7664392228966932,1.031011396483861,-0.17868088760798354,3.527818073119506,2.725950364092501,1
