f1,f2,f3,f4,f5,f6,f7,f8,f9,f10,"sum(sum(f_f10, sum(f_f6, f_f1, f_f4, f_f7, f_f6)), f_f2)",f_f3,f_f10,"sum(sum(f_f3, sum(f_f2, f_f1, f_f4)), sum(sum(f_f3, f_f10), sum(f_f6, f_f2, f_f9, f_f5), f_f10, f_f6), f_f6)",f_f4,f_f1,target
-1.700757994476406,1.5220202774042644,0.7493721742707509,-2.3186755659851883,-0.193994792566625,0.3445121675271712,-0.7303441162981316,1.6756362938455622,0.7743205354462587,-1.1536089382730346,-3.6923420025741542,0.7493721742707509,-1.1536089382730346,-0.1700042881964854,-2.3186755659851883,-1.700757994476406,1
0.8917911597327017,2.3105229081616967,1.3611687173014206,1.8916397060397416,-0.2927579187724547,0.5563991200538918,-0.5780685458806233,-0.2168270502221433,0.4928513770850743,-4.156005447948761,1.4726780202125394,1.3611687173014206,-4.156005447948761,3.6840940392754504,1.8916397060397416,0.8917911597327017,0
0.4548561600745588,3.092212894449738,1.570473718068142,1.6059649711152253,-1.258264629367288,0.9339993158475348,-0.5304047234479833,0.97048845961338,1.0848221322134666,-5.191082481527266,1.2995454523593426,1.570473718068142,-5.191082481527266,3.632584843559796,1.6059649711152253,0.4548561600745588,0
-2.3084462545030267,0.9876886195227692,2.372828543698224,-1.1023438557354732,0.903058166736933,0.7145983756947637,-0.8943059307619237,-0.3494249506357074,1.491850251985504,0.3839680125960523,-1.504242657492074,2.372828543698224,0.3839680125960523,8.616883787202319,-1.1023438557354732,-2.3084462545030267,1
-0.7600291892503381,0.7649996756009733,1.7225012832027966,1.0261888237720802,-1.0751030481167556,0.675312877401002,-1.3770153398536986,-1.3449277870651724,-0.1097474465421639,-4.612783157139701,-3.6080134320686796,1.7225012832027966,-4.612783157139701,-3.143316624606034,1.0261888237720802,-0.7600291892503381,0
-0.996651261359342,3.194657669139935,-1.7353325940403586,2.4469828825187694,0.8514099367626543,0.3367112638182568,2.686619342573684,0.9219363780076169,5.018487303277817,-3.3234079800752747,4.6816231804342845,-1.7353325940403586,-3.3234079800752747,4.602196842703272,2.4469828825187694,-0.996651261359342,0
-0.9078121793725225,0.0490087025451884,-3.890185030833611,2.316146625723199,-1.156996455664364,-0.3892256631050836,3.965178591177692,-0.1179810946073778,4.346557550847018,0.81223887129998,5.4563092851633685,-3.890185030833611,0.81223887129998,-2.627656361758806,2.316146625723199,-0.9078121793725225,0
-4.640443226311316,-0.2646236175039531,0.2666056735064355,-0.0647381822367745,-0.9201522314576858,-3.137596696188657,-1.873602755759315,-0.8727849535276425,2.6186171407335053,0.4141022055911745,-12.704498968597498,0.2666056735064355,0.4141022055911745,-11.587338064650927,-0.0647381822367745,-4.640443226311316,0
1.590608935395208,0.8859267525418716,2.034494811171155,0.6609234287967399,0.9907108466240852,2.1891090588372206,-0.1186292615490665,1.8480401917708495,-0.9344014456147258,-1.7213112410745146,5.67573673178468,2.034494811171155,-1.7213112410745146,11.273389586989992,0.6609234287967399,1.590608935395208,0
-1.309359078788454,1.4094713587415149,3.3325533043958133,-1.0424937078271512,-1.3004502289219138,1.9132992035531624,-1.4335062238592209,-0.3591316281088747,0.1766884811563863,-2.1553108351866044,-0.7046000798135907,3.3325533043958133,-2.1553108351866044,7.437710732179802,-1.0424937078271512,-1.309359078788454,1
-1.263447907431479,1.1915406560077386,1.998227852049243,-0.794836882944112,0.6793813730119062,2.15205471229503,-0.1707210416100254,1.6038660672678655,0.8911181021534597,-2.105816686480234,1.1608275621319488,1.998227852049243,-2.105816686480234,8.13628246482836,-0.794836882944112,-1.263447907431479,1
0.7285790178304041,2.7864870901829546,5.089444028338368,0.6308950485220817,-0.9186164585230326,3.608210442546269,-0.4574429190728662,-1.6352902700715526,0.7809908669099213,-0.8827298104572446,10.022209312097868,5.089444028338368,-0.8827298104572446,26.032882418506336,0.6308950485220817,0.7285790178304041,1
-2.607555269936399,0.777437421609239,1.9751318212881528,3.1206004490681227,0.0551706378714639,-1.474702871078165,-0.6536257945901738,0.4891305566492876,3.646723054872846,0.9173122827248352,-1.3952366532807057,1.9751318212881528,0.9173122827248352,7.1305933098859935,3.1206004490681227,-2.607555269936399,1
1.3633804900839994,-1.433203932760435,-1.829196313713482,-0.0143095287628518,0.3820337057160107,-2.9797411279327304,-2.359573447475416,1.089272246931099,-3.73021166066546,-2.7872428304054933,-11.190431505185657,-1.829196313713482,-2.7872428304054933,-23.037616531185314,-0.0143095287628518,1.3633804900839994,0
-1.9354907864810524,1.2146911107878493,-0.9053847538017692,3.095309107833064,1.0323893981263967,1.5032467923165884,2.4128273537077587,0.2201893142051328,4.293410671594032,-4.601626030770035,3.192204339710762,-0.9053847538017692,-4.601626030770035,2.4107194204542957,3.095309107833064,-1.9354907864810524,0
-3.188063205124416,-0.8807445720277004,-1.2866876516506864,-2.418785714728591,1.718439615602714,-0.9848839840570096,-0.8360222365236669,-0.4532595259470423,0.3150228523433767,-1.7305507814630745,-11.023934477981468,-1.2866876516506864,-1.7305507814630745,-14.324004414360868,-2.418785714728591,-3.188063205124416,0
-1.1066735734863853,-1.0392816575979191,-2.750227637918637,0.303606126086603,-0.3796244966768338,0.0082926712526283,2.564988613803393,0.1902232218448937,2.190206191173073,1.48469024801504,2.223915099325988,-2.750227637918637,1.48469024801504,-3.5772458341486906,0.303606126086603,-1.1066735734863853,0
-4.464158149370139,-0.8733842138877432,0.2313823226061946,7.02736504977291,0.579076300875503,-0.3835000629292693,2.4612066881131005,1.8115557731939127,7.320484295587494,-0.3288189736033675,3.055210275166222,0.2313823226061946,-0.3288189736033675,7.370625578308128,7.02736504977291,-4.464158149370139,1
-0.5836278067290421,4.135620120165261,0.0904544264363469,2.106514675254499,-0.6007479306385678,3.209779707760336,3.814467085303436,-1.6880343251976782,5.78245735844211,-2.5888130719231026,13.303720417591723,0.0904544264363469,-2.5888130719231026,19.608458368967018,2.106514675254499,-0.5836278067290421,0
-1.3781692029936834,2.586214224864644,2.311679735188056,-2.103200326471233,1.5949202080860148,1.9917291794190075,-0.418170698908452,-1.3708420448290055,1.3140384797027356,-1.5160251145763637,1.154107240752927,2.311679735188056,-1.5160251145763637,12.166514387533528,-2.103200326471233,-1.3781692029936834,1
-2.0229438479413435,0.5447377980919703,-3.7113199425617824,-1.680089970571273,0.7787743079777822,-1.8055857604031589,1.0747435382085169,-0.0973459688927327,1.966536553260296,-1.096887067331085,-6.791611070349532,-3.7113199425617824,-1.096887067331085,-14.90141866208581,-1.680089970571273,-2.0229438479413435,0
-1.218579903395067,1.8902779486463648,3.271645340641922,0.6309026635251156,0.2239949689010487,-0.3166586260508965,-1.3643331343744316,-1.4193843557960406,1.8434354494237095,1.6186461689303042,0.9235964912304933,3.271645340641922,1.6186461689303042,14.0909162167393,0.6309026635251156,-1.218579903395067,1
-0.1687306907628509,-3.345664155840744,-0.7804514639214084,-1.9979325493970688,-0.5112594578695273,-1.7080198469107706,-3.3145301703797942,-0.034572225485819,-5.287385462397674,-3.234539576859659,-15.477436837061658,-0.7804514639214084,-3.234539576859659,-27.810678094403055,-1.9979325493970688,-0.1687306907628509,0
-2.6296605072967627,-0.5331221562173054,-2.5283291844481117,1.2200245272281078,-1.8596630405497985,0.8652070332835964,3.126243216595294,1.4336336088178778,4.028609367694553,-0.956328291139112,1.9575708557374139,-2.5283291844481117,-0.956328291139112,-4.680627816682169,1.2200245272281078,-2.6296605072967627,0
-0.7709807658870256,-0.0084114110126443,-1.1319199297075766,0.6583773770622038,-1.2094353289590587,-0.6822517802129235,0.3693358079452375,-0.9261632634832084,0.9717057716384944,-1.2330899771981765,-2.349272529516252,-1.1319199297075766,-1.2330899771981765,-7.143930922620951,0.6583773770622038,-0.7709807658870256,0
-0.3395101056804126,-1.9173898341350373,-0.3655004353105087,-0.7797854505389362,-1.3432093905839009,-2.122756583497868,-2.689553371301793,0.1803386906638874,-3.110555051749664,-1.841018835761932,-11.812770764413846,-0.3655004353105087,-1.841018835761932,-20.189147959461472,-0.7797854505389362,-0.3395101056804126,0
-1.1896685597225691,-3.816899752279197,-1.6199548450972885,-4.430935322102512,0.690700889348637,1.1762373780495512,-0.6536247407667924,0.3805203053163029,-3.939472668026703,-1.2028805162156757,-8.941534134987643,-1.6199548450972885,-1.2028805162156757,-18.620133753538816,-4.430935322102512,-1.1896685597225691,0
-3.0000802348176303,1.101173344680866,1.638520949973532,-3.698273605734465,0.09468138947073,0.8827456587893513,-1.9577881955311616,1.2588862057428216,-0.1201649844282025,-3.158861753868165,-8.948339127691854,1.638520949973532,-3.158861753868165,-4.913935377569048,-3.698273605734465,-3.0000802348176303,1
-2.5805100788021447,-1.448819490159101,0.9730465297829674,-1.1101048408110354,1.0813169577685364,-2.6257206192561617,-3.2483045585444312,0.8656746511673697,-1.2024431198132255,-0.1166268070329477,-13.755807013861983,0.9730465297829674,-0.1166268070329477,-12.873702474244517,-1.1101048408110354,-2.5805100788021447,0
-1.2972412092217938,1.061442420119015,1.6240517146792417,-0.1763645643412419,0.3132416936936163,0.4724988676707369,-0.0778048567542922,1.959683981955883,1.7599475677132974,1.2464119796367323,1.7014415047798932,1.6240517146792417,1.2464119796367323,9.880892319726067,-0.1763645643412419,-1.2972412092217938,1
0.1866391416393675,0.2510755740515125,0.7651212679107773,2.6104683968854108,0.3692637776499046,0.9777437425545726,0.2325886788356595,0.975200541684766,0.621424026545058,-3.3010362959786383,1.9352229805424572,0.7651212679107773,-3.3010362959786383,2.1513476623507617,2.6104683968854108,0.1866391416393675,0
-4.059670185337904,-0.0475287131686004,1.2105231082053347,2.099052615469267,-0.2847955566474331,-5.089922648922556,-3.274174768120234,0.7911400043558836,2.4655299999131284,0.9001814556264596,-14.561984893376124,1.2105231082053347,0.9001814556264596,-10.923299372044223,2.099052615469267,-4.059670185337904,0
-2.456028014632312,1.3815676117442592,2.1210674511215477,2.163951421276966,-1.1152172279709192,-0.9359525078637528,-0.8879187637289684,0.310539637914204,3.162753500878253,-0.3474425812972992,-2.01777534236486,2.1210674511215477,-0.3474425812972992,5.257987119097745,2.163951421276966,-2.456028014632312,1
0.6635891246524155,2.5849857066859103,0.7280174039895027,0.6663179018655028,0.4158027257204452,0.286255314572412,-0.2242210785228713,-0.1735444175613875,0.8278306243474085,-2.749277240551113,1.5139050432746683,0.7280174039895027,-2.749277240551113,4.559758060551608,0.6663179018655028,0.6635891246524155,0
-2.5106098403598205,1.835251695044092,-2.33615421491608,2.9032079576450345,2.148706293937052,-5.125870446966728,-0.236097270006163,1.3779743339254138,4.545025446705562,-0.1202650445212141,-8.380253396131526,-2.33615421491608,-0.1202650445212141,-9.53361661175876,2.9032079576450345,-2.5106098403598205,0
0.5730460763639726,-2.480184641232122,-4.397573177034493,-4.006360538193756,-0.6969414601380967,0.4688472665838301,0.713772321457594,-0.5430219463857897,-3.6600201758583504,-2.959627623421784,-7.221659871858436,-4.397573177034493,-2.959627623421784,-26.058505181451544,-4.006360538193756,0.5730460763639726,0
-2.4938153091969912,-1.510056248348048,-1.8620490674723045,-2.6177147071175915,-0.4496501938428139,-0.969029282538488,-0.7393735267846748,-3.3755791001776,-0.66100264021101,-1.694460891070218,-10.9934792475945,-1.8620490674723045,-1.694460891070218,-19.262403111765014,-2.6177147071175915,-2.4938153091969912,0
-1.775654975677239,1.552473834688706,1.2436723860512515,1.1382553832097675,1.0304387856367914,-3.97739210081461,-2.72541402933708,0.2725179902295931,1.542315244810784,0.769080637591324,-8.996043351153741,1.2436723860512515,0.769080637591324,-2.866368147801164,1.1382553832097675,-1.775654975677239,1
-0.5311252619684432,-0.6514291065861713,-3.256890490555162,-1.3777457869688423,-0.5432015003763371,-1.018248853558305,0.5790011998434672,0.5220206351107666,-0.3985520237391737,-2.036734850478176,-6.0545315132747755,-3.256890490555162,-2.036734850478176,-17.79548002896673,-1.3777457869688423,-0.5311252619684432,0
-1.980259217050904,0.7219787515011798,1.1100891625364897,1.168950561765935,-0.1503283737637099,-2.219511438787751,-0.3716454631593395,1.8955073459913552,3.121765909755457,4.568600062099403,-0.331398182419227,1.1100891625364897,4.568600062099403,8.302930516617671,1.168950561765935,-1.980259217050904,1
-3.597917946292655,-1.619212700781984,2.1481949943427834,-0.0857543912731504,-1.8249777469611168,0.6385422157062587,-1.0020318091146565,2.1773203810422213,1.1511608732393248,0.2297653084047697,-4.798067107645159,2.1481949943427834,0.2297653084047697,-0.9243673602376835,-0.0857543912731504,-3.597917946292655,1
1.6788357361911197,-3.331982509463641,-2.5698708100748053,-2.424368953959924,-1.0002705227767883,0.1779691323385264,-0.5787297280079763,1.5083107487475504,-5.151533137469515,-2.1074741418225247,-6.407781332385893,-2.5698708100748053,-2.1074741418225247,-22.38208440372147,-2.424368953959924,1.6788357361911197,0
-0.9021596517303307,-1.3217772689916931,-1.8954242904561345,-1.378309720563457,-0.2801110077500062,-1.1617795245543183,-0.8821289987240689,-0.1604500432656339,-1.5362660187367732,-2.57165211248566,-9.379586801603848,-1.8954242904561345,-2.57165211248566,-19.159892316310497,-1.378309720563457,-0.9021596517303307,0
-1.069940717609749,1.746864571704891,1.3649837208384088,2.573187895502385,-0.1466317740436022,-0.4861682400340579,-0.4020269028949559,-0.171810463802674,2.4701850301842727,-2.057096940211386,-0.1813485735769309,1.3649837208384088,-2.057096940211386,4.47779841859496,2.573187895502385,-1.069940717609749,1
-1.2562706812388855,3.1367189427423514,2.6108570495734016,0.1066479386083913,0.1224909253744546,0.4804180994216824,-0.9264856965713856,-0.3612301929143729,2.2170742935446817,-1.579548279933591,0.4418984224502456,2.6108570495734016,-1.579548279933591,10.967252199318013,0.1066479386083913,-1.2562706812388855,1
-2.088260317731048,1.6714637216028807,2.668032281154765,-1.7005637783466132,1.110499865647384,0.6706657625408429,-0.902049522940443,1.075390554416414,1.6871328489067918,1.492816741983547,-0.185261630349991,2.668032281154765,1.492816741983547,12.685431395581425,-1.7005637783466132,-2.088260317731048,1
-1.775159375659333,-2.1159892484075185,-1.266791576363384,-2.479679763900949,0.6467439354186445,-1.210002909752068,-1.5572764644781234,1.315821840016223,-2.030687494312787,-1.3727935051194708,-11.720904177069531,-1.266791576363384,-1.3727935051194708,-18.779940087491372,-2.479679763900949,-1.775159375659333,0
-2.439717828783981,1.493163452010613,2.6591120365151557,1.9668942029131788,1.118338136793128,0.0068283457665738,-0.2767926689265824,1.5089188942669034,3.641704519650984,0.8306348316751532,1.587838680421529,2.6591120365151557,0.8306348316751532,14.273524708274874,1.9668942029131788,-2.439717828783981,1
-2.14533341971002,1.9115379606690464,1.991707168927756,1.2050522011019542,-1.2960486928239283,-1.885411943830932,-1.7363138753640297,1.0179570524293595,2.430861362133388,-0.1974639729026455,-4.733344993867559,1.991707168927756,-0.1974639729026455,1.9498579325969105,1.2050522011019542,-2.14533341971002,1
-0.5684203039193001,1.8250441158286697,-0.4469743165467403,-1.339534456452908,1.7441031844659785,2.4809994848181445,1.307584973575432,-0.8463983057776877,1.145806759559716,-4.129468592532465,2.0572047061357175,-0.4469743165467403,-4.129468592532465,2.9221560516068488,-1.339534456452908,-0.5684203039193001,1
0.9840218756099706,-1.6620505950422304,-3.2943158765977083,-2.2662226300906534,0.9661253255303112,-2.590049399778401,-1.7232626786974103,-0.8516172401867081,-4.084047309405806,-2.80437949682618,-12.651992324603306,-3.2943158765977083,-2.80437949682618,-27.691762874623617,-2.2662226300906534,0.9840218756099706,0
-4.372094346010526,-1.6200100351394475,-3.199946195996592,-5.808749136318881,0.1814610634806386,1.2907119955860966,1.295296009210203,-0.0942727172309659,0.686259906820235,-1.4686408826241628,-9.392774399710621,-3.199946195996592,-1.4686408826241628,-18.01818075279065,-5.808749136318881,-4.372094346010526,0
0.3859861953963124,2.6914477740727927,-1.945945241539973,0.8609292617481478,-0.226527472382838,-0.9157404318459456,1.2662825051099766,0.5558260275751273,2.3398968417059707,-2.036955729467603,1.3362091431677352,-1.945945241539973,-2.036955729467603,-1.969842862939811,0.8609292617481478,0.3859861953963124,0
-1.942201901540229,0.4997870332860099,1.9856348536281128,2.013769593991784,0.5656329018867201,-1.4396449111431853,-0.3625356655546246,-0.3346038545302957,3.146032900279716,4.018732474280848,1.3482617121774183,1.9856348536281128,4.018732474280848,12.472607483578377,2.013769593991784,-1.942201901540229,1
-0.2077385729563774,3.0469108868056134,2.223372330065341,-0.7900619218273293,-1.1040256334723857,-2.3664183389084257,-3.1696819558805864,-0.8938164305816126,-0.1335919767692351,-0.758983776616609,-6.61239201829214,2.223372330065341,-0.758983776616609,-0.3120742412419131,-0.7900619218273293,-0.2077385729563774,1
-2.4497124040546314,0.0203562670573886,-0.1301173130708195,-1.646266261496678,-0.748811671023577,-1.3904032468384648,-0.7342078017207129,-1.2814909728688244,1.1920586594332268,1.529619426206548,-6.061017267685016,-0.1301173130708195,1.529619426206548,-4.98422465727082,-1.646266261496678,-2.4497124040546314,1
-2.851985087725937,0.2601022618433499,-0.6605984167727146,-0.1159979284692782,1.3698682233619108,-3.722647566909071,-2.176541155231494,0.6259320959729026,1.1421266261480254,-1.0029734638204002,-13.332690507221901,-0.6605984167727146,-1.0029734638204002,-14.430870104912021,-0.1159979284692782,-2.851985087725937,0
-2.872267828792215,3.1946726969430044,-1.30472450520853,1.0852513431548172,-0.2515519001841363,2.2061022177516127,3.4552643372547207,2.768373605625943,6.232700658513664,-4.0463159278991645,5.228809056164388,-1.30472450520853,-4.0463159278991645,6.499703453617588,1.0852513431548172,-2.872267828792215,0
-1.5367518272720158,1.5538501806289904,2.2204153858229576,1.7021621041006378,-2.810628316618084,-1.2831943351985633,-1.505508771304332,0.0690851927242711,1.9915554043421533,-0.3215005922276583,-2.6741375764715043,2.2204153858229576,-0.3215005922276583,2.402284307405581,1.7021621041006378,-1.5367518272720158,1
-3.177189449633232,-0.1900992164201242,0.8445753969983341,3.697668306441282,-1.8537322412191235,-0.4899250549715943,1.9590654394670264,0.1829145636202559,5.796536241988304,4.252676419933264,5.562271389845027,0.8445753969983341,4.252676419933264,12.807812893685394,3.697668306441282,-3.177189449633232,1
-2.6661672451849068,2.322941790890173,2.0829363589395484,-4.144270516628836,0.2257880340855212,1.0654887689896255,-1.9210046179425413,-0.8043615017626171,0.2906200650609319,-2.8067908233038508,-7.084313874190711,2.0829363589395484,-2.8067908233038508,0.10061129735332797,-4.144270516628836,-2.6661672451849068,1
-1.6694027465136052,1.0479779633220043,-0.3418037583319331,2.292727073488246,-0.5831657172559563,-3.496147581474444,-0.3669689220619619,-0.4001196613011309,3.315254708869947,2.5255933148339995,-3.1623684798802043,-0.3418037583319331,2.5255933148339995,-0.6694943861865581,2.292727073488246,-1.6694027465136052,1
-3.123478312053716,0.1425840616079396,1.693076216512075,-0.5488017515074407,-1.4560464933464334,1.0629813512261126,0.30304648732326,0.4288111804330056,2.71458446028912,1.4610566696058962,0.36036985742816385,1.693076216512075,1.4610566696058962,7.36863585251169,-0.5488017515074407,-3.123478312053716,1
-2.195362835439674,-1.3599812384865626,-0.0355976566135218,0.1793358954434014,-0.589160387988942,-2.804947537824897,-1.9182367917458207,0.3029718735872831,0.0524771880169688,0.8107612455883513,-10.0933788002901,-0.0355976566135218,0.8107612455883513,-12.137188052466403,0.1793358954434014,-2.195362835439674,0
-2.123694593174172,-1.2904795373073197,-0.6547204565513958,-0.858140507236837,-0.6422324784439893,-0.8281599783453815,-0.6840324671259804,0.034393795307583,0.0369479495270564,-0.7829912714471499,-7.395658332982222,-0.6547204565513958,-0.7829912714471499,-11.527982094975815,-0.858140507236837,-2.123694593174172,0
-0.4912329582470407,-1.8063420058338904,1.7375504475181494,2.3805690993833104,0.2688049344392308,-3.958255574536824,-4.462184021045202,-0.3360666965057405,-2.6051655295635654,-1.3931236121225243,-13.688824646938995,1.7375504475181494,-1.3931236121225243,-15.245621518475069,2.3805690993833104,-0.4912329582470407,0
-0.1055414926968363,-3.815923650940736,0.4986922990393951,-2.223226845857802,-0.7243636318034608,-0.2154772940741958,-2.955421934337962,0.2295726410742531,-5.389766775341321,-1.7583309015471356,-11.289399413528864,0.4986922990393951,-1.7583309015471356,-19.24045513481896,-2.223226845857802,-0.1055414926968363,0
-0.3359841337623506,3.2096332436374206,0.1292700857628681,0.0791815263488402,-1.7394252442322782,0.1408909128871409,0.6354205272374343,1.4341770365203266,2.5552393579943447,-1.4526554432256826,2.4173775460099436,0.1292700857628681,-1.4526554432256826,4.754180017359191,0.0791815263488402,-0.3359841337623506,0
-3.5704501786157943,-0.0078341339750962,-3.1332408761306416,1.280774309459448,0.250951020712043,1.2244437047960013,4.49959403403478,0.2684132736945621,6.145319052918287,0.0429959405150504,4.693967381010391,-3.1332408761306416,0.0429959405150504,1.5837671796806128,1.280774309459448,-3.5704501786157943,0
-2.0039814816793733,3.109828078070457,0.19090236042242,1.4240376922839462,-1.5365306903820384,2.41380222558735,2.2922226692733245,-0.1296730520286007,4.802031500718963,-4.42305998955316,5.226651419569895,0.19090236042242,-4.42305998955316,7.682304595582982,1.4240376922839462,-2.0039814816793733,0
-1.0979900114617165,-1.338639824563925,-3.3677439980785016,-2.4495651829047285,-0.2836862209271727,0.3602390952240295,1.0723900356933302,0.8439514005189311,-0.6979427271973286,-2.71943937060483,-5.81276616339381,-3.3677439980785016,-2.71943937060483,-18.30011324331337,-2.4495651829047285,-1.0979900114617165,0
-2.049770824240765,0.7932715914672475,1.340022773754218,-1.113158765235034,-0.6018971609326136,-0.1110257015602282,-0.4343629072476926,1.3451171736117884,1.7270977434797885,1.8501075428503408,-1.1759647655263599,1.340022773754218,1.8501075428503408,5.595997704534304,-1.113158765235034,-2.049770824240765,1
-2.013902137790831,0.6468275401111027,1.1457811853883666,1.330613487360124,-0.8604384680668331,-2.906457800888252,-0.7495156708432015,-0.1337793725212396,3.0532795333583103,5.107089471733653,-1.4918029112056548,1.1457811853883666,5.107089471733653,6.589575406662259,1.330613487360124,-2.013902137790831,1
-3.774624421060517,-0.7181675509527995,-0.8333421858317133,0.1440358456119914,0.2845667904745262,-3.076340265778134,-1.4615500719488923,1.435856464085898,1.8161256694530616,-0.6232585591805184,-12.586245289087003,-0.8333421858317133,-0.6232585591805184,-15.108453504785402,0.1440358456119914,-3.774624421060517,0
-1.7529351904661403,2.151188900063017,2.153536711384727,1.3994380290476307,-0.7308131256087531,-0.244432720096164,-0.5201768657479017,0.0873574252602637,2.990047107061413,-0.2880290733376678,0.5006203593666096,2.153536711384727,-0.2880290733376678,9.20583173596581,1.3994380290476307,-1.7529351904661403,1
-4.390184996812906,-0.9575639969574594,-2.498116747521888,-3.1472014006413227,-1.7959827345840234,-1.9818112384817823,-0.3644174715229379,-0.7648492283081031,1.52452473755135,-0.3362141094267006,-13.15920445232489,-2.498116747521888,-0.3362141094267006,-21.338067817744346,-3.1472014006413227,-4.390184996812906,0
0.0484843811324513,3.1544002540537086,2.285150399158612,-1.3956394173238782,1.1966271208272423,-2.4506542568134853,-3.069644736954867,-0.0006084823222894,-0.1988144266214287,0.8352449823199232,-5.328463050399632,2.285150399158612,0.8352449823199232,4.848286158638419,-1.3956394173238782,0.0484843811324513,1
1.2500553841385464,2.279195082237868,0.1061305137451742,1.330195956609185,0.0635419045609373,-0.948291343005642,-0.598437583725343,0.9330666057209852,0.3070129351326683,-2.514803074194738,-0.15037692094576505,0.1061305137451742,-2.514803074194738,-0.15302280499898047,1.330195956609185,1.2500553841385464,0
0.2338300257195078,4.249536979780128,-2.651740278269223,3.061398228709189,-0.2511178346424408,1.5469672266256838,5.058798432335324,-1.7582088766554351,6.584212153986106,-1.961211624412885,13.736286495382632,-2.651740278269223,-1.961211624412885,13.542394407845455,3.061398228709189,0.2338300257195078,0
-2.24488378768808,-0.3476362654390246,-1.6379125705676187,1.4732509783731993,-1.7821150819848288,2.0839059210405297,3.513858217754135,-0.1929813677606896,4.120969866814493,-0.8034139568271277,5.758987028254161,-1.6379125705676187,-0.8034139568271277,2.2410141529688308,1.4732509783731993,-2.24488378768808,0
0.4841843618042776,2.2421363999985644,-0.6166850133013488,1.7566170767624774,-0.5224147283775092,-1.5683325959467247,0.5498723999938478,0.0990144494872573,2.2694739996025017,0.3457420382400631,2.241887084905781,-0.6166850133013488,0.3457420382400631,3.22524977182613,1.7566170767624774,0.4841843618042776,1
-1.0081352793608098,1.715171198812236,1.7181284692014949,0.5851418117526196,0.4592041815995292,-1.4937867821214923,-1.0024814369149837,0.9878615824065092,1.9562363209285023,2.263082939074484,-0.43479433087943886,1.7181284692014949,2.263082939074484,8.903851902731795,0.5851418117526196,-1.0081352793608098,1
-1.6818635098089714,1.0186157195422845,0.9382351392474858,-1.0016789269539927,-0.9900137139031392,1.3539265050563074,0.2827696396475754,-1.202671507771992,1.545492281458102,-1.003043355269586,0.32265257726992447,0.9382351392474858,-1.003043355269586,3.841330653001289,-1.0016789269539927,-1.6818635098089714,1
-3.1692483103600946,-1.9512931932387183,0.9493603285318692,-1.1630950351291385,0.7573042237747472,-1.2137632819506274,-1.996188940715972,0.8509826785067651,-0.2818448988789497,0.5475168277537796,-10.159835215591398,0.9493603285318692,0.5475168277537796,-8.407005940351457,-1.1630950351291385,-3.1692483103600946,0
-1.4009906880764833,1.1573363756713062,0.2990453682507499,-0.0947745404637581,0.6623068966479679,1.3987752615569515,1.4632509650846564,0.1206085476135786,2.690566403476249,0.1663596671065521,4.088732302436177,0.2990453682507499,0.1663596671065521,9.298916678312047,-0.0947745404637581,-1.4009906880764833,1
0.0766811173947161,-3.720379615780455,-1.276360865966386,-3.283073062855029,-0.1411496723428056,1.4850314580270385,-0.7887817057834,3.287761187388739,-4.728851447209513,-2.399797468061302,-7.1452878190313935,-1.276360865966386,-2.399797468061302,-18.414374590547805,-3.283073062855029,0.0766811173947161,0
0.7012705019657939,0.759284967792552,-1.311832346114676,3.7704306001587216,0.6443884535381822,0.4783220369383132,2.2734119473739245,0.4957655730155103,2.508822971571955,-2.1110403823866872,6.350001708780931,-1.311832346114676,-2.1110403823866872,3.7327031166319697,3.7704306001587216,0.7012705019657939,0
0.3892593569786158,3.2186199452354294,0.4834996597226846,-2.3409681514947422,-0.4629163794863271,1.4972160120358964,-0.1335833273197513,1.0175314239306263,0.1347587354426013,-3.494707479869991,0.6330523676013535,0.4834996597226846,-3.494707479869991,2.626605847724084,-2.3409681514947422,0.3892593569786158,1
0.0772981075506655,3.1483757797715506,-2.531720717371736,1.7283879421425927,0.3666062470138049,0.2727153186359596,3.062495305285446,-0.723168438829393,4.2291219526903685,-2.392144467477078,6.169843304545096,-2.531720717371736,-2.392144467477078,3.6685813951507824,1.7283879421425927,0.0772981075506655,0
-2.4630668542266823,-0.8155324103010382,-2.585744235060308,-2.190250317000197,-1.129667459310537,-0.8077499068948075,0.5635560589060252,-0.2470794368077194,0.8882592550085191,-0.7743353701706078,-7.2951287065821155,-2.585744235060308,-0.7743353701706078,-15.66919912727723,-2.190250317000197,-2.4630668542266823,0
-0.8128809901543105,2.2452606524158685,-1.5458536444194944,-1.909769565535528,1.2377381057492252,2.5661931720469067,2.0788922613607297,0.7229969346243232,1.8131441771230945,-4.544475536563216,2.1894131656173568,-1.5458536444194944,-4.544475536563216,0.33667418618951706,-1.909769565535528,-0.8128809901543105,1
-2.1903486708765576,-0.9145251784696192,-2.4599739509902543,-1.740040499363367,1.6009079918889153,-2.078370988252418,-0.0857964260581344,-0.3198322641280793,0.6569817435071523,0.5356639402249717,-8.551788811047544,-2.4599739509902543,0.5356639402249717,-13.585282778070916,-1.740040499363367,-2.1903486708765576,0
-0.8791834809120386,3.5386361839602096,0.6465149138260742,2.257292961100425,-0.5387848378473886,3.534708735411601,3.119497994308112,1.3160074197184983,4.986571406426464,-4.185819387360086,10.919841741919825,0.6465149138260742,-4.185819387360086,16.428685675854663,2.257292961100425,-0.8791834809120386,0
-1.9747983256219055,0.1849358115238304,2.3028776655468324,0.9451872906535316,-0.6167301099564017,3.2196200573188065,1.046008567463549,-0.5505339682007013,2.27735322281555,-1.5291699029427743,5.111403555713844,2.3028776655468324,-1.5291699029427743,12.20715939810297,0.9451872906535316,-1.9747983256219055,1
-1.4795807744754088,2.6860036957891413,-2.362914961803532,3.1968371570114438,-1.523597810668167,2.890925976429304,5.861188501649296,-1.8829834466717263,7.458073185473626,-1.655865199784426,14.390435333048655,-2.362914961803532,-1.655865199784426,13.65895675503177,3.1968371570114438,-1.4795807744754088,0
-1.4790729402797265,-2.3929559168166983,-1.8053341495291664,-0.4592886237848415,-1.4839790594674176,-1.9704875025705224,-0.260106889605581,0.2235237625415368,-0.2988250853774403,1.7862874148673151,-6.746111960760576,-1.8053341495291664,1.7862874148673151,-14.45663351957809,-0.4592886237848415,-1.4790729402797265,0
-2.863318268089307,-3.390951084945511,2.895654422680906,-0.5658165740621077,-0.4970524868356822,-1.858565207573744,-4.495648437386674,-0.2587644118723787,-2.8816793133232146,-0.1946964270327895,-15.227561206663877,2.895654422680906,-0.1946964270327895,-13.763548443626334,-0.5658165740621077,-2.863318268089307,0
-1.1711420058834845,-1.3284399821820116,-0.5460940494300287,0.1666379364678012,1.110677684054092,-2.5678385992619264,-2.242466926984422,-0.6414157900234342,-1.3733654175125125,-1.8388456954450152,-11.549933872550985,-0.5460940494300287,-1.8388456954450152,-16.397467054773994,0.1666379364678012,-1.1711420058834845,0
-2.016982423806508,2.077132693510211,3.7038169699103793,0.8116063127548155,-1.0509411661889605,0.1818122924907621,-1.6128266794320611,0.7735476151070181,2.179941854508899,-0.3907481309369427,-0.7681936429289609,3.7038169699103793,-0.3907481309369427,11.249464519707827,0.8116063127548155,-2.016982423806508,1
-3.036685091853905,1.3910159310671733,2.117378780807667,1.9638035407238423,0.8155942445961629,-1.623542950192823,-0.9753115804545724,-0.4347946933722169,3.7761273403291504,1.1639874290383667,-2.740275671864742,2.117378780807667,1.1639874290383667,7.992975465043196,1.9638035407238423,-3.036685091853905,1
-1.7421682646409558,0.6043936804904995,-1.1638225775406523,-1.6594558280161384,-1.181193539429498,-0.7081418354494002,0.3056857096668792,0.4513475478646326,1.422007209463139,0.2662517782067595,-3.641576595191756,-1.1638225775406523,0.2662517782067595,-5.871590166658441,-1.6594558280161384,-1.7421682646409558,1
-1.419508565329311,0.9720629326463852,2.19080831720016,2.525471922976603,-0.1121264436113449,0.8216729335463562,0.8372441074696086,0.6694383715424684,3.4815146822022807,1.6631165215252464,6.221732786381245,2.19080831720016,1.6631165215252464,16.59234593962088,2.525471922976603,-1.419508565329311,1
-0.960644362776397,1.342943029611051,1.1073446035124437,0.8056183469846154,0.7637997723632599,-2.537497004567196,-0.97916010222067,0.0225003882454395,2.0732000923614486,3.72354395733618,-1.1426931401996132,1.1073446035124437,3.72354395733618,7.417146016150687,0.8056183469846154,-0.960644362776397,1
-0.5093784029432921,-2.791824528519012,2.6683697925806,1.2991084734818197,0.3343747468732986,-2.696006787677556,-5.164618195777054,0.894458843105129,-4.35079722559336,-2.4485860503761403,-15.00731227948879,2.6683697925806,-2.4485860503761403,-16.45879434384331,1.2991084734818197,-0.5093784029432921,0
-1.5076854790791276,3.4672212833528318,2.339987850141493,-3.663414531042724,-1.4509129285940126,2.3620660390066703,-1.0184814615726976,0.5772623672009194,0.6489651340427662,-3.632595918484841,-1.6308240288132185,2.339987850141493,-3.632595918484841,5.462376742365881,-3.663414531042724,-1.5076854790791276,1
-2.636826243091007,1.546776875125025,2.654356311928929,-0.465057019269584,0.5709409939421983,-2.7825579619238328,-2.518061154708,-0.7606006644251391,2.0722669798768787,3.629412360636305,-6.008871105154925,2.654356311928929,3.629412360636305,6.854741921067505,-0.465057019269584,-2.636826243091007,1
-3.002298731156321,1.224628818054363,-1.617519334881121,0.6957174218125202,1.4140291355619874,3.473285056196432,4.842960228108144,1.0618166459897318,6.151896112618132,-1.0339287180781327,9.673649131133438,-1.617519334881121,-1.0339287180781327,12.825560637615833,0.6957174218125202,-3.002298731156321,0
-2.633468084221149,0.7704023192505537,-4.479444884795367,0.4470674002985562,0.3353172563973077,0.6262590771193961,5.335153764706468,0.8226824265741438,6.4074792081908925,1.7855618485547873,6.957235402828008,-4.479444884795367,1.7855618485547873,2.588211578043744,0.4470674002985562,-2.633468084221149,0
-1.094188123957104,3.524655998056575,-1.9734410199096124,1.6943016563187645,-0.227892558765834,0.6974352499885454,3.6222134374665615,2.530369668641689,5.917971540345688,-1.096317451158387,8.045536016703501,-1.9734410199096124,-1.096317451158387,9.292293317884301,1.6943016563187645,-1.094188123957104,0
-2.291388440184318,-0.2505973946754731,0.1253422098311141,0.4107920933540361,0.7009723227039657,1.6234060322661057,1.4585006741091042,-0.3525930970644072,2.544516755904995,-0.6867001246587369,1.887418872476824,0.1253422098311141,-0.6867001246587369,4.611200209570804,0.4107920933540361,-2.291388440184318,1
-0.5239457812880093,2.5810989844990293,0.0172547733094174,1.298531333914441,-0.2736276103932681,-3.357259992124696,-1.5832101647911043,-0.8554826959255813,1.7085456416814542,-0.849849800197787,-5.791895412112822,0.0172547733094174,-0.849849800197787,-4.365268477238152,1.298531333914441,-0.5239457812880093,1
-0.7954421686687941,3.964021735964184,2.2804690264027774,-3.263848152930355,0.2792401012209997,1.2584108770407938,-0.8516317913953948,-0.331239308878395,1.1846954219158852,-0.6822608407049199,0.8876605363463081,2.2804690264027774,-0.6822608407049199,12.304337675984199,-3.263848152930355,-0.7954421686687941,1
-1.5341326950850864,1.5121641378643933,-1.7438973631199457,1.6049507754136596,0.8865794927576496,-0.0345472522619547,2.0016166818457006,0.2472714521087559,3.784552401809089,-2.2232358022724155,1.2922685932423421,-1.7438973631199457,-2.2232358022724155,-0.27162983694648857,1.6049507754136596,-1.5341326950850864,0
-3.0025487653137866,0.1482456331880239,1.0198843655641072,3.0283778817296554,1.629318517441612,-1.0963484083039516,1.13484468430482,-0.479524994631784,5.111314400975631,4.118351132867865,3.234573750168675,1.0198843655641072,4.118351132867865,14.05037907316125,3.0283778817296554,-3.0025487653137866,1
-2.4192384082862914,-0.1709447468355776,1.1677338982980303,2.7641017417810705,0.0927430657795522,-1.6336904214721335,0.5314260641860389,0.5239989555843281,4.108633971694854,4.925584743907296,2.363548551808269,1.1677338982980303,4.925584743907296,11.489916897292284,2.7641017417810705,-2.4192384082862914,1
-2.4624174323823325,-1.9664074463013923,-2.0346538480111254,-2.018070187406243,-0.974452547610296,-1.6489041890311384,-0.7869571424481343,-1.424971171815412,-0.5778738401486965,-0.6986865010164953,-11.230347087616874,-2.0346538480111254,-0.6986865010164953,-20.379022165299013,-2.018070187406243,-2.4624174323823325,0
-5.217338430488245,0.9832591872498408,-1.97535118836088,-2.5693819197088565,-0.198669133822903,-2.2009334658518647,0.2958658557586967,0.5615734705711045,4.279543545424927,0.814000739182831,-10.095461499709462,-1.97535118836088,0.814000739182831,-10.664828860007088,-2.5693819197088565,-5.217338430488245,0
-1.8671424686475488,1.4785010475553029,-1.5216606731926108,1.006189088552008,0.120198558746055,1.3441983837725198,3.16793857848648,-0.828293760348399,4.662918888947118,-0.717334910697138,5.756548102794143,-1.5216606731926108,-0.717334910697138,6.4337701462463,1.006189088552008,-1.8671424686475488,0
-1.6836470068147116,-2.2661289154392867,0.5874556037341772,-1.6634493872214324,0.3363229693212808,-1.3342732880642334,-2.7929739788404326,0.0151232615845536,-2.6170540994115994,-1.0904511155108176,-12.165196979955146,0.5874556037341772,-1.0904511155108176,-15.168896242751016,-1.6634493872214324,-1.6836470068147116,0
-2.9451965815019427,1.8602207256799872,-0.1160957279931034,0.1052348100114772,-0.5969720279011155,3.945721613376048,3.718711646392208,-1.525662409286842,5.380287259526976,-2.0648087640554187,8.565605063278406,-0.1160957279931034,-2.0648087640554187,13.13915076752647,0.1052348100114772,-2.9451965815019427,0
-1.878758498800944,1.3528301670183676,3.415784535084568,-2.574572284243314,0.1522693758075,2.462807229756473,-2.2040837279701413,0.4685312569051241,-0.8952158000566607,-4.552522498897623,-4.931492383380709,3.415784535084568,-4.552522498897623,2.6243288883866254,-2.574572284243314,-1.878758498800944,1
-0.9828285805246544,1.5230871984407508,3.1937249665987,0.0277520002195612,2.448586988174057,2.9398456323422217,0.108235123632262,-1.1275909512087632,1.4567384923002171,-1.2209089131745086,5.335028093277854,3.1937249665987,-1.2209089131745086,18.76159230092573,0.0277520002195612,-0.9828285805246544,1
0.3265159179123975,-0.9552142145364102,-2.5950920449802366,-0.418315546095686,-0.2597211710765324,-2.008084796587504,-0.5611063657136162,1.6923130191048756,-1.5336539301307897,-1.857548668972914,-7.481838470581236,-2.5950920449802366,-1.857548668972914,-18.725138976132243,-0.418315546095686,0.3265159179123975,0
-1.419802225435206,1.4780600988235442,1.0276024300521642,0.6764558608246738,1.2724833308487593,-2.8684540173811075,-1.1597591098582731,-1.1283415702657829,2.358004509692585,3.530380842991416,-2.6315725674160593,1.0276024300521642,3.530380842991416,6.353866167521737,0.6764558608246738,-1.419802225435206,1
-2.589463933019479,0.3967712003957118,1.556650503163309,2.202876582968436,-0.526482354794923,-1.691951933662533,-0.3100181724900726,1.5407523765167723,3.5995494104571963,3.1851850758672144,-0.49855311360325505,1.556650503163309,3.1851850758672144,7.887837463476101,2.202876582968436,-2.589463933019479,1
0.1686125224654111,2.74927783530769,1.9661111109227587,-1.6111168981595745,0.4479307327729469,-3.532599249309429,-3.5179661450212847,-0.421130234801084,-0.6488804687683759,2.17258241340178,-7.103808770624837,1.9661111109227587,2.17258241340178,1.5346908596465796,-1.6111168981595745,0.1686125224654111,1
0.0254316263084268,-0.1677991935520033,-2.875666870496791,0.1352047923090455,-0.9413814861392652,-3.1959421261488603,-1.1096814607298864,-0.1817335376159058,-0.996396655684747,-2.9796692111417453,-10.488397699103883,-2.875666870496791,-2.9796692111417453,-23.4112386520342,0.1352047923090455,0.0254316263084268,0
-1.4060124779290315,3.367802772189909,0.0252366996784496,-1.986724615889623,-0.9561357029585392,0.9197976646211196,0.9838520996558402,0.180305051337503,2.957861461431249,-0.8602770295660815,1.9382360777032521,0.0252366996784496,-0.8602770295660815,6.433906543121968,-1.986724615889623,-1.4060124779290315,0
-2.7409263328429936,1.6394785921248956,-1.001741271060075,-0.7934645619034413,0.1658590267986727,1.1227658517899193,1.7144638927322555,0.3999965529436064,3.623885365051426,-2.2299128848166005,-0.16482959112604578,-1.001741271060075,-2.2299128848166005,0.4392999249698617,-0.7934645619034413,-2.7409263328429936,0
-0.7996405637197164,1.3905078756811204,-0.694722335580304,2.6710658041679785,-0.0831335257214939,0.2854212258547408,1.4210765417044011,-1.7046219581771158,3.016985450246086,-3.0620349956377417,2.1918171139055236,-0.694722335580304,-3.0620349956377417,0.9290419314632259,2.6710658041679785,-0.7996405637197164,0
0.7667189795284024,4.417787437008206,-0.3836447230965512,1.0071644955803678,-1.0198013336945937,-0.4512934280429925,0.5428875042811753,-2.3910785652839595,2.519754844047927,-3.339071641340692,2.4928999189714744,-0.3836447230965512,-3.339071641340692,3.3100988464750523,1.0071644955803678,0.7667189795284024,0
0.6143345479297433,1.276889740287658,-3.382628426496538,3.2220409086942565,-0.0414911045773792,-0.6634909166853276,3.0670252901689468,-1.1173270089312346,3.3434879562581554,-1.734502490343444,5.118806163366505,-3.382628426496538,-1.734502490343444,-2.532582794855855,3.2220409086942565,0.6143345479297433,0
-1.6556787525356993,1.4037512480966263,-4.635970278494108,2.7193523355375917,-0.04060623167853,2.2231081403950808,7.964739497490936,0.3812446551620988,8.706638661031182,3.258958011810326,18.13733862118994,-4.635970278494108,3.258958011810326,16.452508396365474,2.7193523355375917,-1.6556787525356993,0
0.0109260944551177,3.7472612216801866,1.8325986958279148,1.3447026137927938,0.123754642524277,2.380626722411092,0.7282605786409502,0.0599097740795035,2.5379111612125094,-4.663836205312586,5.928567748078645,1.8325986958279148,-4.663836205312586,12.991222103609006,1.3447026137927938,0.0109260944551177,0
1.649239791145212,-3.1885673388860134,-2.632048029845265,-2.59964958950503,0.1133344639053018,0.759956999123288,-0.0598690453785199,-0.3257388931826199,-4.801102487539783,-2.011610545349878,-4.690542729727653,-2.632048029845265,-2.011610545349878,-19.02275865278675,-2.59964958950503,1.649239791145212,0
-1.923141276651801,5.196459170069064,0.4773118309811848,0.2616927935504098,-0.3054994630536529,3.3700184528353763,3.05989629614337,-0.6784947304872218,6.080449015850265,-4.226238022443081,9.108705866338715,0.4773118309811848,-4.226238022443081,17.118622385415684,0.2616927935504098,-1.923141276651801,0
-1.4965671093917323,2.865567695637332,-1.1799902426391606,0.7196088065578922,0.0647913501233811,0.6538545109288768,2.1297492478245674,1.3610067047697736,4.288775782360274,-2.393474145532152,3.132593516953661,-1.1799902426391606,-2.393474145532152,4.122378977368485,0.7196088065578922,-1.4965671093917323,0
0.2022824396881741,1.7842546191318605,-1.4519815076986742,1.9605528928217129,-0.2995494111991921,-0.4724246442382065,1.4612442261527494,-0.7506268219767557,2.462160771782255,-1.781017867970854,2.68246702134723,-1.4519815076986742,-1.781017867970854,0.010683247302995635,1.9605528928217129,0.2022824396881741,0
-2.648746594154169,0.4806044498459796,0.702465607840824,1.5929344375344443,-0.3806946237950925,2.379512439625411,1.0361718047590245,2.1563496317292987,2.7638292984758466,-5.2345029766293,-0.014513999393199306,0.702465607840824,-5.2345029766293,0.3629939990522688,1.5929344375344443,-2.648746594154169,0
-1.7967721665169742,-2.118002105787171,-2.8159049559699625,-2.6699365593180997,-0.4469775528060408,-0.0466191311138854,0.7968712192561598,-0.3005693905852489,-0.5179621423620728,-0.3338863294204817,-6.214964204014338,-2.8159049559699625,-0.3338863294204817,-16.107092596700078,-2.6699365593180997,-1.7967721665169742,0
0.9694611081546252,0.9919075925394812,-1.0786660221657538,2.042094934727765,0.829149035059542,0.5656183772311671,1.8422270472903528,-0.4037034339979068,1.6352608811092453,-1.1025646473018498,5.874362789872708,-1.0786660221657538,-1.1025646473018498,4.794174936888434,2.042094934727765,0.9694611081546252,0
-3.3857421535208627,0.6375552732807623,-1.3559250526097246,0.202694057667037,0.4086107475639172,-3.2762562025427338,-1.091583912424546,1.4744820073782556,2.529717451208239,-1.4629176470848235,-11.652506787167901,-1.3559250526097246,-1.4629176470848235,-14.436063357537442,0.202694057667037,-3.3857421535208627,0
-2.6581154692755256,0.4903893065295728,-4.020199052829569,1.5484912843397425,-0.7710421571412046,1.3191351673220817,5.445859330090609,1.1971785314619128,6.487080381394034,0.3709087879894257,7.835803574317987,-4.020199052829569,0.3709087879894257,2.2460176246621515,1.5484912843397425,-2.6581154692755256,0
-1.6246212792019714,1.3995708133731335,2.397419029255554,-1.117303382881565,0.293008807258655,2.034038214403316,-0.5553998812295805,1.1407858004524745,0.9591502913088704,-2.057756534139831,0.11256616472681724,2.397419029255554,-2.057756534139831,8.09081569667165,-1.117303382881565,-1.6246212792019714,1
-3.3819199745231594,1.2953210085779308,-0.7239603477208187,1.74136906803101,0.8917005810695752,2.7223804812659096,3.146920998883131,0.0201211295808599,5.421499552464282,-4.139344096042997,4.107107967457734,-0.7239603477208187,-4.139344096042997,5.703823800467667,1.74136906803101,-3.3819199745231594,0
-1.9750168491405635,0.2955673069286741,1.2223614560249043,0.1172862792905642,-0.5516751380466781,1.6436712568220515,0.5548772271615369,1.322926160335532,1.9181143880196183,-0.9108946905537058,1.3691617873306092,1.2223614560249043,-0.9108946905537058,5.653790595388841,0.1172862792905642,-1.9750168491405635,1
-1.4568291370667477,0.2029439735333262,-1.4599236090961836,-0.3841006620475971,0.1045140360758211,1.8944503275027773,1.9799068707023064,1.8752253884833885,1.8283639827593732,-2.967580635179378,1.1632410649474645,-1.4599236090961836,-2.967580635179378,-2.6738213392552885,-0.3841006620475971,-1.4568291370667477,1
-1.437568132122631,1.7248978971446072,3.3839758869025074,-0.7827689015347177,-1.2325890641689152,2.2807514372229143,-0.3103711696116768,-0.6295942318637977,1.631367214334302,0.2278174360020139,3.983510004323424,3.3839758869025074,0.2278174360020139,15.694077868275038,-0.7827689015347177,-1.437568132122631,1
-2.0702561215840207,-1.1623925086603282,-1.4414682482043908,0.6480464449276675,-0.5263908651106778,0.5742459404833018,1.785012006440293,0.7679376635165371,2.2352548958998786,-0.1492151176641172,0.199686584426098,-1.4414682482043908,-0.1492151176641172,-3.4967595734749195,0.6480464449276675,-2.0702561215840207,1
3.1479685217973783,3.091028611576278,-1.636858300736053,3.342195666055013,-1.5341246934488515,-0.8458813256486768,1.4058868496787578,-0.1761341977107783,1.330742576433449,-2.7889716179170105,6.506345379893064,-1.636858300736053,-2.7889716179170105,1.0795354797373888,3.342195666055013,3.1479685217973783,0
-2.361252777867791,-1.26939762206693,-1.824329061618004,-1.7092709398309651,-0.5338446438149185,-0.942759153775952,-0.1472507988892208,0.9948686937879384,0.2420403298188748,-0.8844984327429265,-8.257188878949737,-1.824329061618004,-0.8844984327429265,-15.147055725878378,-1.7092709398309651,-2.361252777867791,0
-0.6694157520924434,-2.830595000926353,-0.9935098207596348,-2.786185096344557,0.3939905721750079,-0.7950522926003972,-2.1987330788681274,0.2900378030539018,-4.070206150441555,-2.250070368306548,-12.325103881738825,-0.9935098207596348,-2.250070368306548,-21.66532368448981,-2.786185096344557,-0.6694157520924434,0
-3.08836153337509,0.7663446753727449,2.941459409276007,-3.266797311904281,0.4613307130354217,1.8098208709375492,-2.4731616234847413,-0.1305754572951713,-0.6533428302737176,-4.232745216604769,-8.675079268121038,2.941459409276007,-4.232745216604769,-2.1675906136170546,-3.266797311904281,-3.08836153337509,1
-1.6984642479534182,1.2719254589518112,0.9213988362987404,1.8509677272098948,-0.1946636950246799,-2.2218090417760825,-0.6588818757428756,0.0035826018327832,2.912355035140357,1.7317104199175466,-1.9463606011692063,0.9213988362987404,1.7317104199175466,4.054837124380103,1.8509677272098948,-1.6984642479534182,1
-2.646087128566599,-2.0968142784447936,-0.3404549773472858,-0.1035389022037018,0.1075250004307988,-0.7380938294138542,-0.4693020766638143,1.1711190647375709,0.5028901970291869,0.168978954320359,-6.622951090386258,-0.3404549773472858,0.168978954320359,-8.890072924495318,-0.1035389022037018,-2.646087128566599,0
-1.7625888731043144,0.2258463855561043,-4.019511564422765,-2.9050417859669007,0.9837360439035638,-0.4453162821311389,1.5749281476182924,0.6672189393045282,1.164161293460166,-1.9391493443258063,-5.696638034484903,-4.019511564422765,-1.9391493443258063,-15.321311214485835,-2.9050417859669007,-1.7625888731043144,0
-2.9079764407143496,1.098948070795144,1.3529433572448668,-2.908143808970656,0.8892634247589758,0.0813855490893795,-1.422621835577243,0.0773637302840967,0.8769907992131668,-0.7352988301700044,-6.7123217464583504,1.3529433572448668,-0.7352988301700044,-0.3725241827047124,-2.908143808970656,-2.9079764407143496,1
-4.047624720363964,1.3794175278543308,-4.979108535461531,1.5723905790825166,1.4137696482912587,1.863689572635971,7.424281192165806,1.4239538455411669,9.56261115588432,1.410336756184909,11.466180480195542,-4.979108535461531,1.410336756184909,9.713506877957464,1.5723905790825166,-4.047624720363964,0
-0.8548147469243746,2.179534654392734,1.9127790418920427,-1.334819538719359,1.0371714725320045,3.46359179300342,0.4045186194410817,-1.7101751013917943,0.9657988414846668,-4.086908524324037,3.2346940498728847,1.9127790418920427,-4.086908524324037,10.214921751304676,-1.334819538719359,-0.8548147469243746,1
-0.4328547921998955,1.872656421223668,1.745265521516778,1.0750847576818512,-0.1687847374159493,-2.266073035416275,-1.774597001581056,-1.493189812208931,1.2112974288992266,1.3123676659280294,-2.4794890197799524,1.745265521516778,1.3123676659280294,4.7471027680533595,1.0750847576818512,-0.4328547921998955,1
-3.341780167434587,0.8901814119157191,-2.2583783011079106,2.002988793038962,0.2837880278380801,3.610241970531837,6.209100589157531,-3.9224002516183423,7.757086961322902,0.137201379138621,13.11817594687992,-2.2583783011079106,0.137201379138621,15.070818506253726,2.002988793038962,-3.341780167434587,0
-1.9245202305706184,0.8029428576708837,0.1304212513445481,-1.227724712165902,-0.9172616421772876,1.2387282503632002,0.5667006087738092,0.4775888195530048,1.618557591449015,-1.5540323573254555,-0.8591773328908825,0.1304212513445481,-1.5540323573254555,0.02389926100475992,-1.227724712165902,-1.9245202305706184,1
3.2876911154991006,3.640889373821656,2.7988549498427,0.155591391933304,0.1808711114824324,0.2072957996926576,-2.374139307238532,-1.4942635290662387,-2.2349805714920943,-3.268379522801118,1.8562446505997259,2.7988549498427,-3.268379522801118,8.353790048227191,0.155591391933304,3.2876911154991006,0
-3.1865801350365945,1.086356999686309,-1.8270397016369928,1.3849262544734586,0.2438909416204509,1.923129748530356,3.583836851835713,0.5259372802546505,5.555893647492961,-2.605379039777049,4.109420428242549,-1.8270397016369928,-2.605379039777049,3.075396470685879,1.3849262544734586,-3.1865801350365945,0
-1.926266326255342,2.6924738110666224,2.9306830230561696,0.1367737401014159,1.5991232408367342,-0.952449654921208,-2.1590799230285387,-0.1136568424990401,1.8790261535462576,-1.0309581451382144,-4.191956153096473,2.9306830230561696,-1.0309581451382144,8.015705221434596,0.1367737401014159,-1.926266326255342,1
-0.0030879779379342,2.3080866394473123,1.492462873334879,-1.477732318385138,-0.8212863840728593,2.6534825339706263,0.0057417679058798,-0.7591835461675044,0.1532948902840066,-3.8308309374631135,2.3091422415082588,1.492462873334879,-3.8308309374631135,5.751072962438109,-1.477732318385138,-0.0030879779379342,1
-3.836897704038533,-3.493533460331104,0.8123814949671493,-3.4247463347478826,0.8983025496890353,-0.9241121453734517,-2.6303764343222515,1.1851630314393404,-1.960511329288828,1.2029235111364462,-14.030854713050228,0.8123814949671493,1.2029235111364462,-14.052646162961581,-3.4247463347478826,-3.836897704038533,0
-2.090623527556259,1.007748232520433,-3.626537114181832,2.4339518270701435,0.0637023597657709,1.2362523419304632,5.191516847473177,0.2644816849513739,6.42237467188899,-0.5407103104764319,8.474387752891989,-3.626537114181832,-0.5407103104764319,4.219163972684372,2.4339518270701435,-2.090623527556259,0
-3.469369037023108,-1.782102141157223,0.5777232241784445,-1.0420888740066854,0.201394558715281,-2.9236406607299044,-3.086107067661229,1.494141897266825,-0.5489976771444356,-0.0836108708274043,-15.31055931213546,0.5777232241784445,-0.0836108708274043,-16.205962587261027,-1.0420888740066854,-3.469369037023108,0
-2.018670433886298,1.8301610247728035,0.4977846822125,-3.2039867605854604,-0.571902849809924,0.7982917807886483,-0.6267706790744995,0.7917452740087223,0.7647813474384955,-2.1498975496698454,-4.5725808368660035,0.4977846822125,-2.1498975496698454,-2.278807039846326,-3.2039867605854604,-2.018670433886298,1
-2.920367050170028,3.234743294516165,-2.5390445261740555,1.5501690788085405,-0.9607795582448904,3.375729840986444,6.722116879183655,-0.8898447709411417,9.115759373600644,0.2221132687239109,15.560235153035133,-2.5390445261740555,0.2221132687239109,18.747595441085636,1.5501690788085405,-2.920367050170028,0
-3.4841318348666377,0.8179101137409525,0.8360212382280926,-3.459605671795431,0.4340684871831768,0.0954698812279803,-1.2671145595936653,-0.3829992144834577,0.9967564041260772,-1.013597675289605,-8.215599865348425,0.8360212382280926,-1.013597675289605,-3.9458356183099927,-3.459605671795431,-3.4841318348666377,1
-0.8091445903209227,1.3700364174899926,2.0673905283906566,-0.3777356944981571,0.4207665625185863,0.1367670189253043,-0.6911853170192028,0.8898569517854946,1.156910238192146,1.474330315048105,1.2398351685504236,2.0673905283906566,1.474330315048105,10.624612094525075,-0.3777356944981571,-0.8091445903209227,1
1.382876718551202,2.217202175832757,0.9403867358950944,1.603825106451688,-0.2014199000769735,0.775277813784042,-0.1729149050977584,1.0454602404822526,0.2317271890422035,-3.731004339277246,2.850540384028727,0.9403867358950944,-3.731004339277246,4.196011700221458,1.603825106451688,1.382876718551202,0
-2.6257721043900544,-0.4806055488687302,1.1934826622323895,0.4783492754062364,-1.1087648954049951,1.4927467937332028,0.6083235893731952,-1.156127367151032,2.197561312498677,-0.4205409898765235,0.5452478091105293,1.1934826622323895,-0.4205409898765235,4.004286216283744,0.4783492754062364,-2.6257721043900544,1
-1.776087634380786,4.028062987046228,-2.3590238499332727,2.0415728857939213,0.3465270183130004,2.5340197701856484,5.512909961015172,0.6180684939300419,7.864200599053247,-1.9925264635119693,12.88197127633386,-2.3590238499332727,-1.9925264635119693,15.431297526538302,2.0415728857939213,-1.776087634380786,0
-3.820006466310663,-2.0975316780554776,-0.2120566763944942,-3.449441716088016,-0.0428243790755189,1.0488284361494695,0.1836596135023702,0.2208417702903523,0.6005562353360538,1.4070548462325685,-5.678608528420279,-0.2120566763944942,1.4070548462325685,-5.370298034124542,-3.449441716088016,-3.820006466310663,0
-1.0761872840117312,2.2290622630948764,2.8726286275030986,-0.3808777826563154,0.8095418882529403,3.3464653999899774,0.6981079956735461,0.7047894424389869,2.142837314922786,-1.432032384895139,6.731003607185191,2.8726286275030986,-1.432032384895139,18.874027347883285,-0.3808777826563154,-1.0761872840117312,1
-0.7520989721398378,3.7899293311639295,2.4962020376803022,-2.9868608472397766,-1.4108022850909592,1.0557494048324352,-0.8602042414849594,0.2034820034522876,1.3049697242626204,0.317747655622258,1.620011735586484,2.4962020376803022,0.317747655622258,12.530213883222332,-2.9868608472397766,-0.7520989721398378,1
-2.726983751797176,-2.0011069947202267,-1.8868334250790693,-2.869918232478862,-0.3743900332069141,-1.0029439191829006,-0.9797418509187252,-0.6770111767903435,-1.0620002087454246,-1.829766054075625,-12.413404722356415,-1.8868334250790693,-1.829766054075625,-21.477536931526917,-2.869918232478862,-2.726983751797176,0
-0.8885465091315329,2.8444291905075216,1.987522102947329,-3.0790765076685087,-0.734975101257266,0.2899088294208436,-1.747792245577405,0.3710537382153631,0.045403210660047,-1.090543348184473,-3.3817117612127108,1.987522102947329,-1.090543348184473,3.6953474714060253,-3.0790765076685087,-0.8885465091315329,1
-1.1757837154700457,1.699023042102258,0.9092300844254236,2.42654024451462,-0.68015236575182,-0.9287010225772012,0.2193801544751572,1.3831356467781524,3.2501033509586352,0.3177502269279819,1.6295079073955692,0.9092300844254236,0.3177502269279819,6.886611153431113,2.42654024451462,-1.1757837154700457,1
-1.18448523835643,1.483627941043827,1.5872682994326306,1.731802484628728,-0.7932211972070344,-2.2213009975213405,-1.6694974824656212,0.4556469100885947,1.7203986134608469,0.2214756961965702,-3.859678593995606,1.5872682994326306,0.2214756961965702,1.395335543308145,1.731802484628728,-1.18448523835643,1
-0.6416934450491487,2.5825807973172674,1.9800412831805547,-2.377699828541336,0.4522743776485788,0.8919129249574405,-1.0596776911354933,0.336903263976616,0.3882526653243586,-0.8239931440743309,-0.536657461568161,1.9800412831805547,-0.8239931440743309,7.974130417101756,-2.377699828541336,-0.6416934450491487,1
-0.690266844657963,-2.932223052493212,0.8506506740682371,-1.2081900977788116,0.8048559381800797,-2.041978159683751,-3.7705609494769456,-0.5297677059230407,-4.242873139526545,-1.1282748388764,-13.813472102650834,0.8506506740682371,-1.1282748388764,-17.882103057437245,-1.2081900977788116,-0.690266844657963,0
-2.757572266098145,1.6912049282896096,-1.211490022765341,1.236429034243444,0.0523727687275684,3.317128285514886,4.757461190679707,0.7813581198065147,6.462052820870146,-0.7994255828178729,10.762353875326514,-1.211490022765341,-0.7994255828178729,14.305245859700463,1.236429034243444,-2.757572266098145,0
-4.147294036258945,1.350432854472854,-3.7763888677024826,-0.3089239528953007,0.1104180469461195,1.3612687703184505,4.999849784146916,-0.5973810610451429,7.151144571842458,-0.0919535170527598,4.524648673049666,-3.7763888677024826,-0.0919535170527598,1.8533318800249068,-0.3089239528953007,-4.147294036258945,0
-3.142403352314476,-0.801121098104092,-1.5987753213563063,-1.4755309491109163,1.705362356513084,-1.202938390902551,0.3852465778662711,-0.004201915391156,1.9206555204973963,1.1156525353380946,-6.324033068130221,-1.5987753213563063,1.1156525353380946,-7.169219365367172,-1.4755309491109163,-3.142403352314476,0
-2.6681481236186517,0.3235278169683866,0.8584484571950426,-2.020998391277048,0.0192908803739428,0.4652040592520639,-0.6498365390560555,-1.4439289224922272,1.0139662234714146,-0.6153015309052351,-4.700348649384476,0.8584484571950426,-0.6153015309052351,-1.1269277467777625,-2.020998391277048,-2.6681481236186517,1
-1.1578921832342752,2.882507312184736,3.519345978865952,-0.9972155846157786,0.924721805513421,-1.1067344291278811,-3.142214843808362,1.2746531240383412,0.369661435837827,-0.7344303493168263,-5.362714507046268,3.519345978865952,-0.7344303493168263,7.1539180695852735,-0.9972155846157786,-1.1578921832342752,1
0.6094146737348365,-2.903952583146265,-0.9285882842861132,-0.8425932041731344,0.432850402519974,-1.8097701577054,-2.3552459299190764,-1.178179687334277,-4.278192561413936,-1.401191443763258,-10.513108802677698,-0.9285882842861132,-1.401191443763258,-19.97529578483973,-0.8425932041731344,0.6094146737348365,0
-0.7314341487940332,-0.1476210030369966,-2.205833074133289,0.903307927131594,0.1227289077054837,-2.009987463786402,0.562820214466736,-0.2427285893110286,1.3596021462101606,0.0602216953699883,-3.3726802424355156,-2.205833074133289,0.0602216953699883,-8.962222322706594,0.903307927131594,-0.7314341487940332,0
-1.6228163763817818,1.3618064920820916,0.3958340009709009,2.483623168980251,-0.8251658997455379,-1.542442146594618,0.1474409407150715,-0.6149441025160431,3.4182731553578485,0.3638009495263286,-0.3510291182672751,0.3958340009709009,0.3638009495263286,3.0694704935855683,2.483623168980251,-1.6228163763817818,1
-1.073323628871867,-2.2832597921562097,-0.1505565833742905,-2.278216067823021,-2.767325422602398,-1.8421755371079949,-3.4917721677572184,0.8603325594167204,-4.059023259011206,-3.0406061671187885,-15.851528897943094,-0.1505565833742905,-3.0406061671187885,-26.65326007493105,-2.278216067823021,-1.073323628871867,0
-4.164716315673034,0.4349903642884263,-0.2125143706977994,-3.954609088145432,-1.2512279153776755,-0.7357775093776784,-1.0869794559856567,-0.8097354673898115,1.377174447012949,-0.3328846024054421,-10.575754116676496,-0.2125143706977994,-0.3328846024054421,-10.421528617945858,-3.954609088145432,-4.164716315673034,1
-1.7977893544318302,-2.752942244308934,-0.2753087271535182,-1.9006915549267407,-0.0963846363148971,0.1264956771841467,-0.8603434788044312,0.2144632674675513,-1.6397304788452716,0.0354983546455811,-7.023276923458062,-0.2753087271535182,0.0354983546455811,-11.040614226600043,-1.9006915549267407,-1.7977893544318302,0
-2.7506372468884503,0.7440379884454812,-0.2731150010633516,-3.06179907183533,-0.3370263746813766,0.9176807800785386,-0.4093963960858888,0.3467240162419504,0.653664732868651,-3.3565977845405106,-6.999030950747621,-0.2731150010633516,-3.3565977845405106,-8.514105214617652,-3.06179907183533,-2.7506372468884503,1
-1.172323178741812,0.9975450543527592,-0.507035455474498,0.2393221777208225,-0.5412990949622398,0.9253847157168094,0.9439251447243172,0.5043650657184098,1.8042665481888709,-2.736039602088713,0.12319902740099253,-0.507035455474498,-2.736039602088713,-1.3849394070648342,0.2393221777208225,-1.172323178741812,0
-1.3158058869948164,-1.4705967666211266,-2.2235863160442837,-2.9853849760729827,-0.8664477699523984,0.5203027164189251,0.0642869271705367,-0.1535006955697838,-1.4978586359649655,-2.8822039346706463,-7.549099204351185,-2.2235863160442837,-2.8822039346706463,-18.2573631544005,-2.9853849760729827,-1.3158058869948164,0
0.1891636884950271,4.464623680584472,4.020437028315353,-2.385524567441761,-1.410467416412775,-0.2931967417254804,-3.592666268890817,-0.6893290680800719,-0.8111886382383356,-2.2953695316962146,-4.2061664824002545,4.020437028315353,-2.2953695316962146,7.081775195632935,-2.385524567441761,0.1891636884950271,1
-1.6474089076589191,2.233059463898061,0.0404342401135171,-2.3021872372912675,-0.192606438760806,0.1904093952939545,0.348065522033779,0.9363801346166222,2.132519294144058,0.4211626769478542,-0.566489691482583,0.0404342401135171,0.4211626769478542,3.9508576582337938,-2.3021872372912675,-1.6474089076589191,1
-3.233497407152514,0.0722617515464332,-2.0350605121930974,-1.640800628384322,-0.4340333543235999,-1.1826066483412534,0.1817412357536255,-0.2410632224657809,1.947943797718314,-1.6574359815674435,-8.642944326486727,-2.0350605121930974,-1.6574359815674435,-14.148677021594096,-1.640800628384322,-3.233497407152514,0
-0.7837044485090836,2.1863762051037927,2.6153143738570908,-0.1881378447854782,-0.6650459180031121,-2.8425952542652637,-3.073656542959231,1.1888062411931566,0.4872923159432593,1.8071496343621745,-5.737163505318353,2.6153143738570908,1.8071496343621745,3.540298768495911,-0.1881378447854782,-0.7837044485090836,1
-1.1673136733027851,-3.5954646091348,-1.3669355358451631,-4.359345219529765,-0.8501977458146558,1.163081641721622,-1.0862056359220933,-1.5772283709195007,-4.227677350241646,-2.3186153402195893,-10.20078119466579,-1.3669355358451631,-2.3186153402195893,-21.677320034123095,-4.359345219529765,-1.1673136733027851,0
-1.854263502473907,1.2754798298339614,-4.7122325875584,2.887719472897897,0.3699256130043903,0.2374350147872856,5.70376736587417,0.9346547073366236,7.117638302600232,0.3545425387920289,8.842115734498723,-4.7122325875584,0.3545425387920289,3.0689044925256512,2.887719472897897,-1.854263502473907,0
-1.2222173129410665,0.9103552942283492,3.4786074527067643,0.403251807940064,-1.0704682430200712,2.8147027933052464,-0.3911000496764107,1.7347627931235772,0.9972599083799636,-1.8428586911903888,3.4868366349710396,3.4786074527067643,-1.8428586911903888,12.644142651764078,0.403251807940064,-1.2222173129410665,1
-1.986279208370768,2.4758789702397985,4.6878450612919975,-1.3555099329173486,-0.4691307161274624,1.9099679426485976,-1.4774011077593343,1.4838901537677616,1.6346442580994476,0.357015642740643,1.8336402492301855,4.6878450612919975,0.357015642740643,18.59510757717454,-1.3555099329173486,-1.986279208370768,1
-2.737399925401469,-1.1264714904702449,-0.4274604557058525,1.6073749443805152,1.1905296437176769,4.542652501010748,4.818115953902623,1.847866995702103,4.935024180805703,0.6556212904988996,12.30254577493182,-0.4274604557058525,0.6556212904988996,16.826865035180276,1.6073749443805152,-2.737399925401469,0
-1.0344509361604446,0.305945421793945,-2.997390133417285,1.1688606058020392,-0.1606532863660744,-4.3734933836775385,-1.0069143575374344,-0.2031685289846788,0.847552642828553,-2.1066488939118884,-11.42019492736886,-2.997390133417285,-2.1066488939118884,-21.895358335999,1.1688606058020392,-1.0344509361604446,0
-2.097596011648562,1.422924735825554,2.7978296257298947,0.6345295913305684,-0.5326067566734964,-2.29027808171982,-2.597065761878452,-0.7748021781355291,1.5723070113968156,1.401754931688473,-5.81600867812206,2.7978296257298947,1.401754931688473,3.9508181757337084,0.6345295913305684,-2.097596011648562,1
-4.564254415259193,-1.2580134071008215,-0.0189074801281794,-2.1859212654000397,0.0113699087984941,-2.810028264531052,-2.554175171696264,1.889282454250252,0.5734215051147372,0.0774724637062183,-16.104948324812206,-0.0189074801281794,0.0774724637062183,-16.994365907384726,-2.1859212654000397,-4.564254415259193,0
0.694566289378681,1.3626654730555292,0.300828684335424,2.529057571130973,0.406847635139783,0.6322353041421561,0.6505290694586983,-0.4503681912566681,1.2559620880460058,-2.882741991710943,3.618547019597251,0.300828684335424,-2.882741991710943,4.3446438274819315,2.529057571130973,0.694566289378681,0
-0.9994954140464634,3.179134392376726,1.0638348871919885,2.069158639848828,-1.8082953284995145,3.9811903455318975,3.245520929597222,-0.9395651672539582,4.9598285277055565,-3.2796746143971047,12.177024624443002,1.0638348871919885,-3.2796746143971047,18.09135679194732,2.069158639848828,-0.9994954140464634,0
1.127055938018037,4.847309518416067,-2.358818661378419,1.9231564509291244,0.1682305411836943,-0.6561732671276439,2.36801144699831,-1.0071949875269783,4.072844747173887,-3.166913079244636,5.786273740861614,-2.358818661378419,-3.166913079244636,3.9659234315078353,1.9231564509291244,1.127055938018037,0
-1.8621350083069184,0.0367566885857209,-0.4979345825045178,1.09039937741795,-1.9495901727260327,-2.6480692352893467,-1.2035785108336774,1.419064413357521,1.2489475822160478,-0.8097430982415202,-8.044439021957139,-0.4979345825045178,-0.8097430982415202,-11.958427911587627,1.09039937741795,-1.8621350083069184,0
-1.497820193107973,1.1737575845902668,0.911237179163578,2.276158398028146,-1.66871386234613,-2.3728100683811597,-0.9227715499627024,1.2227117928319309,2.5678958874400712,0.8636153824147055,-2.852680514799876,0.911237179163578,0.8636153824147055,0.45631031720773585,2.276158398028146,-1.497820193107973,1
-3.130061560065675,-0.2353238268829911,0.1217982112710551,0.5436342581921965,-0.691054377393896,-3.1828856526958527,-2.303375721266598,-0.8343381865826627,1.140382424960012,-1.2896964290877648,-12.78059458450254,0.1217982112710551,-1.2896964290877648,-14.492200301794323,0.5436342581921965,-3.130061560065675,0
-2.1932361604287154,1.5967276825578458,-3.1693793123755745,0.2481630315085239,0.5080122910545997,-3.21587411528656,0.7295220132513768,-0.6401465050936997,3.509112256264236,-0.527036548195991,-6.577608211880079,-3.1693793123755745,-0.527036548195991,-11.774947283488476,0.2481630315085239,-2.1932361604287154,0
-2.7839849493975084,0.920486564086327,-2.494481923691719,0.7675750982384796,0.2589304282256898,2.201605353634477,4.917315991279095,-0.0962122620405789,6.212591334771472,0.7327994066369166,8.957402818112262,-2.494481923691719,0.7327994066369166,9.37753606680461,0.7675750982384796,-2.7839849493975084,0
-2.2217024416122038,1.858551457022682,-2.012802582468165,1.8228905444026395,1.801528407832186,1.3793350153544128,3.4070063953399017,-0.5674472812283516,5.321054824640753,-3.007500152664397,4.617915833197449,-2.012802582468165,-3.007500152664397,4.538273825106852,1.8228905444026395,-2.2217024416122038,0
1.4678998998234998,3.2895647070298235,0.2989784622557376,-0.5846878653045632,-2.336069605021263,3.5296568275579654,1.6597716785743546,-0.2619450064243539,0.7748914111793002,-5.007310806945502,7.884551268293543,0.2989784622557376,-5.007310806945502,7.073469048030988,-0.5846878653045632,1.4678998998234998,1
-1.4834875015226645,1.0571561425233025,0.5574991688550087,2.410093381305621,0.4484132494791095,-1.7667664658536126,0.3202899203354302,-0.2673170231678089,3.537421508376826,2.5719433931075155,1.3424624040419797,0.5574991688550087,2.5719433931075155,7.985338649049707,2.410093381305621,-1.4834875015226645,1
-3.789270827076146,-1.637591986169596,1.306278243736415,-0.7169876650418292,-0.1245484796864237,-2.843228642039062,-3.840044998022332,1.2869472861164193,-0.8054776086215241,-1.7387969000508967,-17.409149660438924,1.306278243736415,-1.7387969000508967,-18.106191791511264,-0.7169876650418292,-3.789270827076146,0
-0.6907641798087447,2.1060610368241024,3.429692046231682,-0.5739263823054097,-0.9465645185278148,-0.3772253060792561,-1.855472968865318,-0.5630810770523736,0.8535648387697211,2.1226168761881223,0.3540637698742404,3.429692046231682,2.1226168761881223,12.827373758377798,-0.5739263823054097,-0.6907641798087447,1
-0.631909570087653,2.343180705772818,-2.0709001824994826,0.4691544715628266,-0.4659509780720507,1.195290849327478,3.6350371061541633,-1.3157974082181412,4.4940661060401,0.3779114860860399,8.58395589814315,-2.0709001824994826,0.3779114860860399,8.751616596144407,0.4691544715628266,-0.631909570087653,0
-1.4875803505755796,-2.5908873471937417,-1.6707430641648615,-1.1800881674685415,-1.0262423753029,-1.1274995085003172,-0.3297594513938429,0.6352455366039567,-0.9770516876082238,0.6629571410533122,-7.180357192579028,-1.6707430641648615,0.6629571410533122,-15.250807647066779,-1.1800881674685415,-1.4875803505755796,0
-2.1642853737811327,-3.958836580310952,0.7054838885281938,-0.7334195532627944,0.2020745061613126,-2.235451778190459,-3.2890465958874016,0.0960092679970499,-3.004468981061688,0.3016431851112897,-14.314848474511908,0.7054838885281938,0.3016431851112897,-18.309873749858617,-0.7334195532627944,-2.1642853737811327,0
-3.265726218851529,0.0636620508420584,-0.5949014637150428,-0.8114817218926949,-0.0233939602439462,-1.8044590773278388,-1.0742984852168336,-0.5927992331786469,1.570496666576254,-1.4437089974564528,-10.14047152723113,-0.5949014637150428,-1.4437089974564528,-11.893379287054305,-0.8114817218926949,-3.265726218851529,0
-1.829511063515956,2.4680341159989787,2.255165212214609,0.347368662266087,0.482533709821185,3.369293692244563,0.8833854144561665,-2.161303886302362,2.8871847031354068,-4.216484082357742,4.39138043133666,2.255165212214609,-4.216484082357742,13.008887580152104,0.347368662266087,-1.829511063515956,0
-2.4975172524698235,-0.4348063317367447,-1.88258895500928,0.8869258818248886,-0.4957059465748997,1.4673548235730671,2.739466627678703,0.7735577062068134,3.4346539910691933,-1.8282725463671785,1.800506026075979,-1.88258895500928,-1.8282725463671785,-2.560914521657846,0.8869258818248886,-2.4975172524698235,0
-1.2032220479677715,-1.6251341592711508,-2.882382993090215,-2.961762392463324,0.2426028130549414,1.129507299133116,1.5367065522817347,-0.4817170509355259,-0.4989689492647076,-0.97326436381506,-2.9676618129693395,-2.882382993090215,-0.97326436381506,-11.994391711594364,-2.961762392463324,-1.2032220479677715,0
-2.784607162830129,-1.1018480686522414,-2.3659790420102675,-0.4778959748067539,-2.013824756281078,-4.099626875440152,-1.1694346846737522,0.4226286171925659,1.0091503671143915,0.8366148289746591,-12.896424812868522,-2.3659790420102675,0.8366148289746591,-21.828482716499725,-0.4778959748067539,-2.784607162830129,0
-1.5565068671277718,1.6596291246492572,-1.6711014788395802,2.157822525110433,1.5761725277413785,0.6539865503829103,2.8792780500995256,0.4123559690859481,4.702259580039117,-1.703039635047614,4.7451562984496505,-1.6711014788395802,-1.703039635047614,5.412683438436014,2.157822525110433,-1.5565068671277718,0
-0.5389604448323108,1.8105051229521203,2.0079863801135955,0.3676545624191123,-0.9770721461414013,2.7101459072808014,1.036821548985024,-2.2690772729524014,2.0569629225486463,-1.0351625195137093,7.06115008457184,2.0079863801135955,-1.0351625195137093,14.605680582940465,0.3676545624191123,-0.5389604448323108,1
-3.749712926682345,-0.2916027315208465,-1.0437046230567,-2.898189696604028,1.1575196058099575,-0.620325094401688,-0.459343946328429,0.5465897256886387,1.2691782108269294,-1.0795680848548368,-9.719067574793861,-1.0437046230567,-1.0795680848548368,-10.911930968719316,-2.898189696604028,-3.749712926682345,1
-2.794213413111885,-0.1503005093822917,0.3060973879601454,3.793576493835033,-0.0785883929143568,-3.3079819213392527,-0.2471441245512479,-0.0633032227813367,4.14585793736144,2.8763079591905267,-3.1377374366983704,0.3060973879601454,2.8763079591905267,1.206896536689234,3.793576493835033,-2.794213413111885,1
-1.7893079147115458,-2.4757216292588984,-1.0205136617508792,-2.335697255933723,-0.5270661182397741,-0.9272195101431514,-1.5708817792125234,-0.0354201406915095,-2.2208550490975774,-1.3458452566053498,-11.371892856008344,-1.0205136617508792,-1.3458452566053498,-19.338745963642328,-2.335697255933723,-1.7893079147115458,0
-0.6178116346275384,4.697802551411442,-1.019452506318956,1.6956802862187197,-0.104009227724695,1.7665057298621338,3.5402012710736472,0.8268386307091143,5.928130658215272,-2.6854832694784,10.163400664322138,-1.019452506318956,-2.6854832694784,14.187240822896332,1.6956802862187197,-0.6178116346275384,0
-0.6671276348541314,-1.364395385758794,-3.4772450913896966,-4.472342375940892,-0.4992019982759302,1.850779065499569,1.611872638750312,1.8701386928213053,-1.5725282384906731,-2.4086276520752623,-3.5990622788796296,-3.4772450913896966,-2.4086276520752623,-16.159399309510423,-4.472342375940892,-0.6671276348541314,0
-3.263849272267195,-1.024210314574869,-0.9849126558736384,-0.7318077843639375,2.359614259100104,-1.477635922124195,0.0026908783930021,-1.9425705714374064,1.9909418812453348,1.443838960016469,-6.528609377044921,-0.9849126558736384,1.443838960016469,-5.208576703522356,-0.7318077843639375,-3.263849272267195,0
-0.6511653192622668,2.8162615358201126,3.532677838924878,-1.3215575665097612,0.0093953545758494,-2.4007117597039,-4.037821644430794,0.8549039226364025,-0.4910397447103233,0.5517275812639297,-7.443978932526582,3.532677838924878,0.5517275812639297,4.144831356999639,-1.3215575665097612,-0.6511653192622668,1
-2.219149113290668,-1.5195867392724514,-0.2536847157956303,-1.3015927897906263,0.2448973017127292,-3.6144672681822088,-3.401439668374707,0.365169001048321,-1.735530513387177,-0.7636895880412605,-16.434392435134132,-0.2536847157956303,-0.7636895880412605,-20.928699005521054,-1.3015927897906263,-2.219149113290668,0
-1.4009242258371883,-0.0095951523282782,-3.5126032634410183,-0.6315765213267426,-0.3270734308637865,-0.7544179031781982,1.5239924804697909,1.2710300994311403,1.5529005552758242,-2.286500871540345,-4.31344009691916,-3.5126032634410183,-2.286500871540345,-14.687325906905771,-0.6315765213267426,-1.4009242258371883,0
-1.4374067801477617,0.323720601066606,-0.2599893107332487,4.078924794918649,-0.8546246417550657,-0.6104943914349191,2.4919057480708573,0.0342046845380754,5.111891474640847,3.4441587268829483,7.68031430792146,-0.2599893107332487,3.4441587268829483,12.08308170778452,4.078924794918649,-1.4374067801477617,0
-4.1849995531908295,-0.4150508532442065,2.210404718700205,-2.220353466005529,-1.8075896491814576,-0.4248008954244648,-2.0095308874763065,0.5432569649742733,1.1012091813938254,0.9206139694892116,-8.758922581276588,2.210404718700205,0.9206139694892116,-2.954200503366964,-2.220353466005529,-4.1849995531908295,1
-2.828598975228948,1.283305646348586,-1.2623126848633777,-3.664365945850788,-1.0910467171940743,-0.8786254725901919,-0.2455724920768246,-0.3112082891736814,1.520568823757466,-0.3030347193725879,-7.515517431360948,-1.2623126848633777,-0.3030347193725879,-9.263402748061681,-3.664365945850788,-2.828598975228948,1
-0.9387543762047248,2.316209141333549,2.189783945140753,-0.7226458938037008,-0.1174103003448694,2.560643816788711,0.5169250918358944,-0.0183380666337099,1.9103563990032768,-1.3398551154730147,4.953166481265425,2.189783945140753,-1.3398551154730147,14.14575322101869,-0.7226458938037008,-0.9387543762047248,1
2.5156986850510856,4.257936369435699,-0.1673266015148193,2.359780580361087,-0.6478722896465213,-0.889953702772107,-0.0058662525187954,1.0270604268730177,1.1352570706983618,-3.958093192812387,3.3895487839724754,-0.1673266015148193,-3.958093192812387,2.9580360883646777,2.359780580361087,2.5156986850510856,0
-0.8643514508972954,-2.7604038376691387,-1.4232506241707623,-2.799097046448021,0.3367122954206112,-0.112799707773229,-0.8810457902725765,-1.5703258142530163,-2.872206752906596,-0.8391809712991939,-8.369678512132683,-1.4232506241707623,-0.8391809712991939,-16.58301294442918,-2.799097046448021,-0.8643514508972954,0
1.04657634334807,1.2050350765291975,-0.7343801512731267,2.66846590197879,-0.2827593276293683,-0.4679439422926215,0.6969870603599665,-0.4906122340266526,1.1229167054456874,-2.303576408381485,2.377600089249296,-0.7343801512731267,-2.303576408381485,-0.5144751699855143,2.66846590197879,1.04657634334807,0
-2.920325370893037,0.2458681815870471,-0.3326987819371347,-0.2991560246908402,1.2592837114361684,-3.011562613882852,-1.8615899866676968,0.5918011911450157,1.3015401278822696,-0.757099272773519,-11.61542770120375,-0.3326987819371347,-0.757099272773519,-11.381205144161207,-0.2991560246908402,-2.920325370893037,0
-0.4575314508686228,1.38498671076462,0.546173459724101,0.7751282688529879,0.3588480726789188,-3.467590309636223,-1.5587125089061593,0.2881500415402546,1.2764772671897,3.008485239429929,-3.7828243599996902,0.546173459724101,3.008485239429929,1.429442048781616,0.7751282688529879,-0.4575314508686228,1
-5.26200748562284,-2.1987547380298627,-1.325018095313742,0.5119410614154395,-1.2126571326233138,4.1953431024731,4.316550044492093,-0.8383618800008077,5.189707899668726,-1.6842666956754302,4.074148391525599,-1.325018095313742,-1.6842666956754302,1.3969345922192415,0.5119410614154395,-5.26200748562284,0
-0.7130820445732113,1.506350697111451,-0.6788675577144518,2.0309797622891934,-0.0621360664693085,-3.409488187274792,-0.3605768457177828,-1.89203357248567,2.6319863948264355,1.800953034077564,-2.5543517713623705,-0.6788675577144518,1.800953034077564,-1.0838441688021412,2.0309797622891934,-0.7130820445732113,1
1.3805300879942322,3.015208619283845,1.8046507775170888,0.7533047717125564,-0.0661659345464347,-0.1328926381346438,-1.956542014978454,0.4547043964167744,-0.8266210463590936,-4.879192588948698,-1.9524764012058053,1.8046507775170888,-4.879192588948698,0.7237035801018008,0.7533047717125564,1.3805300879942322,0
-2.2018930925237123,1.8367358742688815,1.0525126588558649,-3.131802665124233,-1.2008189998350405,0.4973526808949917,-1.202783921301502,-0.8249606865912409,0.6182247757509971,-2.0211256273534026,-5.7261640702439855,1.0525126588558649,-2.0211256273534026,-2.687986127504326,-3.131802665124233,-2.2018930925237123,1
-1.3138693288522425,1.3433267682258845,1.6557929929873945,1.7622383917147977,1.3339981858769252,-1.1892807595917585,-0.5430575118618427,1.5413211448013209,2.588569853773165,1.5608519793548543,0.43092877939793417,1.6557929929873945,1.5608519793548543,9.923038304873637,1.7622383917147977,-1.3138693288522425,1
-3.430208559329601,-0.3099205692589395,-0.1199278560234651,-0.10151518062615,-0.5545932404325518,-2.0493658565827326,-1.1576002360961566,-0.1825848784124418,1.8690884032077508,-0.340993274435194,-9.438969532911507,-0.1199278560234651,-0.340993274435194,-9.907009546363948,-0.10151518062615,-3.430208559329601,0
-0.6350377973961473,3.5702318263911264,2.7930827079609784,-2.683396886173512,-0.2845103043392221,1.7033717083904971,-0.9581626331428448,-1.3293590589340638,0.8634874716322515,-1.119706262693513,1.5806716637661036,2.7930827079609784,-1.119706262693513,12.857874152212045,-2.683396886173512,-0.6350377973961473,1
-1.5767260357634736,-3.110046446956072,1.971172511651292,1.926249133177203,-1.308684130989139,-3.770849948724794,-4.174200506652238,-0.8489046563704645,-2.2209861693900006,1.0563048292812107,-13.42011892436296,1.971172511651292,1.0563048292812107,-14.657835261186932,1.926249133177203,-1.5767260357634736,0
-1.6688380517800023,1.7206681939128474,2.3210326194952904,-0.205690406067476,-1.2672766883727302,-3.4023396399553203,-2.815331363358089,-0.8420986897213886,1.34113498667536,3.460110345601097,-6.3137605616022645,2.3210326194952904,3.460110345601097,2.995933238607659,-0.205690406067476,-1.6688380517800023,1
-1.572298290350433,2.217148000470702,2.8556239311269973,-0.1843112016778003,2.9141092157683617,-0.2857143231970975,-1.2966699311949414,-0.6292337633874194,1.98104308590374,1.0962758488276254,-0.3112842203190427,2.8556239311269973,1.0962758488276254,14.619495400903224,-0.1843112016778003,-1.572298290350433,1
-3.861196037629297,0.6626470219137374,-2.447099962732447,1.6133382358061394,-0.7223474046150294,2.6995002339148804,4.772560696168579,0.6568987063196474,6.622957618334484,-2.540981797402638,6.045368586686281,-2.447099962732447,-2.540981797402638,3.100383637198243,1.6133382358061394,-3.861196037629297,0
-1.5407066036245862,2.3493563566387423,-1.0288526720272833,0.7458591312000737,-0.7664664310197877,2.5400350377656027,3.824717281711964,0.6110709051105707,5.18996311424844,-0.7463024602218894,9.712993781235511,-1.0288526720272833,-0.7463024602218894,12.397156772880088,0.7458591312000737,-1.5407066036245862,0
-0.4964901995681523,2.575280844333893,-0.3773035265285009,2.3496368719891443,0.2054864275600201,0.4931849196329723,1.4373124758451317,-0.1332787152291555,3.366642914363484,-3.3505897616641502,3.501520070201811,-0.3773035265285009,-3.3505897616641502,4.5996058855258966,2.3496368719891443,-0.4964901995681523,0
-0.513215952836642,-2.453020191138914,0.4050645182016394,-1.10011265455648,0.5915710184530977,-1.3586251761514891,-2.910198432349369,-0.82932037436137,-3.628271882771653,-1.7619341633432206,-11.455731746527604,0.4050645182016394,-1.7619341633432206,-16.345684672727135,-1.10011265455648,-0.513215952836642,0
-1.6588973485804257,-0.8611510201300722,-3.085359453454699,-2.329093900191327,-0.027214132377857,0.0358725849449077,1.4532563822566542,0.4788475732177351,0.6839727905388692,-0.6501948847967143,-3.9743356015520703,-3.085359453454699,-0.6501948847967143,-12.417025552538988,-2.329093900191327,-1.6588973485804257,0
-1.961120831317102,1.594538621692318,-2.5409828602407534,2.4090676411608323,-0.5208929039037633,0.5323234980947386,3.734772299186415,0.0466373665659657,5.70729960808844,-1.235266329184789,5.606638397727152,-2.5409828602407534,-1.235266329184789,2.8679028728461744,2.4090676411608323,-1.961120831317102,0
-2.444773697377568,-0.901142039315266,-2.840297377933131,-1.7520499769894775,0.4532219022828972,-1.7787508281130346,0.1201344341839911,-0.297949364813223,0.775330909250767,-0.7943092776235188,-9.329642213347908,-2.840297377933131,-0.7943092776235188,-17.376020736916317,-1.7520499769894775,-2.444773697377568,0
-1.1227092464928503,2.4767810731918267,-1.304691864256604,1.5680736668043074,-0.335778617740422,1.7747690683071935,3.46081353846271,-0.574601858183391,4.956894902843951,-1.5964252343257952,8.336071934254587,-1.304691864256604,-1.5964252343257952,9.542115859555421,1.5680736668043074,-1.1227092464928503,0
-2.212022015945067,0.0157318498803706,-4.097837388093376,-3.072693963594189,0.0953502743327785,-1.7486000861743105,0.4836648545331242,-0.8324766217233888,0.679370344371647,-2.222580461030925,-10.505099908505308,-4.097837388093376,-2.222580461030925,-22.365167617845625,-3.072693963594189,-2.212022015945067,0
-2.96185891943536,0.5920447688320813,-2.9424012106656514,1.9176787405756768,0.8083595496657083,1.2558538259122587,4.447360231163072,1.027151035893151,6.1376276009038255,-0.7773731359321004,5.7295593370278874,-2.9424012106656514,-0.7773731359321004,3.4139092939152853,1.9176787405756768,-2.96185891943536,0
-3.613729974508908,-1.2649064277489197,-0.3930164259277151,-1.0796096548120773,-0.0022462017571209,0.7084709265660181,0.3463278886014885,1.68076571338819,1.6193998539520338,-1.3600156393663494,-5.5549919547027296,-0.3930164259277151,-1.3600156393663494,-6.986650183513986,-1.0796096548120773,-3.613729974508908,1
-1.4526482723112926,3.252239245203557,-1.2318938595508675,0.4851199010776079,-1.227828566056992,1.0115229741267768,2.69477226379867,0.0586089173717927,4.863963024320889,-1.6042651324761508,5.3982639535459445,-1.2318938595508675,-1.6042651324761508,6.535335515763621,0.4851199010776079,-1.4526482723112926,0
-0.5303486007463911,3.443549818007829,3.478853722394178,-1.6007241356204909,0.1779083914116544,-1.3690061947097212,-3.3298163771697755,0.0029259666794376,-0.0287572961135815,-0.2066400305521711,-4.9619917155004405,3.478853722394178,-0.2066400305521711,7.342586794501701,-1.6007241356204909,-0.5303486007463911,1
-0.2813584290689508,-0.1282789784343752,2.444778642494903,3.5704051584097627,-0.7602844386215937,4.004423177752718,2.481266005899021,-1.8662459348495892,2.8021567997885835,-0.2195763942346451,13.431303718076249,2.444778642494903,-0.2195763942346451,21.538035163417725,3.5704051584097627,-0.2813584290689508,1
-1.5273689994215562,1.4630530224938465,2.930812172917056,-0.002222395615848,-0.3063954270865195,2.0404876193866075,0.2810550519891623,0.2850347420993615,2.346186310785397,0.9713571397483992,5.266849057967219,2.930812172917056,0.9713571397483992,17.3621070171399,-0.002222395615848,-1.5273689994215562,1
-0.5288162888753307,2.877964975749886,2.585208624799826,-1.1197369869664264,-0.5831228313242981,-0.6980167335667633,-1.7028687884058211,-0.0870152233181374,0.9914449999674576,1.199020562878808,-0.6704699927524107,2.585208624799826,1.199020562878808,9.99010701895815,-1.1197369869664264,-0.5288162888753307,1
-2.630668577665852,1.2015591210668175,-0.1607696812819916,2.1553195507093275,-1.7737751322025186,2.7906532440559357,2.7464756651490214,0.7032538280959473,4.65768115866893,-4.161729705882787,4.892262541488398,-0.1607696812819916,-4.161729705882787,4.53863619948177,2.1553195507093275,-2.630668577665852,0
-3.807876045570046,0.7645889329110229,-3.5747369594751293,2.3505592679386424,-0.0942690707649006,1.2256976313290595,5.029990566619016,-0.684812109738896,7.342493307275923,-1.6363636624559603,5.1522943221007935,-3.5747369594751293,-1.6363636624559603,0.5749769748266642,2.3505592679386424,-3.807876045570046,0
0.5300231812935494,-3.0652416372829108,0.0692665624036403,-0.2904290346737705,-0.4583983632127938,-2.108405683118723,-3.629722524077797,-0.7967812326691753,-5.119630911060531,-2.9174620109368714,-13.589643391915248,0.0692665624036403,-2.9174620109368714,-23.490526348641996,-0.2904290346737705,0.5300231812935494,0
-0.9566685112100468,1.7802861333005455,1.5862246251343923,0.5418805351840829,-0.1020563906288479,-1.639458549104245,-0.9367759597242172,0.283130822319525,2.036971164956363,2.559465123513513,-0.29072977714461334,1.5862246251343923,2.559465123513513,8.453702914885717,0.5418805351840829,-0.9566685112100468,1
-1.3614797925668645,-3.729717268187668,0.2977122577938207,-0.1103215631739287,-1.116064176071895,-2.63607943417708,-2.9724555530395245,0.1183302188982021,-2.9381276919906805,0.8750110073354773,-12.571122037986669,0.2977122577938207,0.8750110073354773,-18.54821953245135,-0.1103215631739287,-1.3614797925668645,0
-3.5932982103757563,-1.7315948179308736,-1.4063657690158806,-2.527191792947055,-1.509993170579207,-1.079771256099063,-0.901674902972298,-0.5773420157083338,0.0842309841532012,-1.2450746573993732,-12.158376893823483,-1.4063657690158806,-1.2450746573993732,-19.55163644673826,-2.527191792947055,-3.5932982103757563,0
-4.556618250050955,-1.093995041651715,-0.3409357918298985,-0.8699722505360973,0.1804681418312064,-1.3065634367363863,-0.7012467732120646,-0.8138136419289294,2.2054707105321976,-0.3006683188603938,-10.135627507783997,-0.3409357918298985,-0.3006683188603938,-10.431540263116823,-0.8699722505360973,-4.556618250050955,0
-2.3424534977818774,-0.3959726903501057,-0.8767266135682927,4.229708845466554,0.9035206838035016,-2.98237274862794,1.2751458818756047,0.3543093815188606,4.921422412113717,4.070420136785367,0.8721031787396638,-0.8767266135682927,4.070420136785367,4.360521863452014,4.229708845466554,-2.3424534977818774,1
0.4252809707373479,5.622174848535479,2.771498592081559,-3.826458178696216,1.5498186063283397,2.7576324795663525,-0.6111251457847627,-1.6612044051839223,0.7624885511108204,-2.956215746092155,4.168921707832398,2.771498592081559,-2.956215746092155,18.058942777229117,-3.826458178696216,0.4252809707373479,1
-0.2115696486661846,-2.1238227489966865,-2.9525941464491403,-3.3802549506461084,-0.9849461251170324,-0.1951536625226566,-0.5385621859965474,-0.8781217036054526,-3.338371553292393,-3.185517146878074,-9.830034006228914,-2.9525941464491403,-3.185517146878074,-25.02447134993749,-3.3802549506461084,-0.2115696486661846,0
-0.104779448093268,-3.3670126106164298,-1.832993313586748,-2.8657761901246586,0.1778297997054342,-1.2938152862059755,-1.90482182320479,1.1026920460743783,-4.509038765905877,-1.123816686419987,-11.953837330871083,-1.832993313586748,-1.123816686419987,-23.830855684282625,-2.8657761901246586,-0.104779448093268,0
-2.736977010666905,-0.3956359498812918,0.4246660171383822,1.6355937584059284,-0.0729694318812782,-5.757441074819509,-3.699934044519104,1.67817992212487,0.7658661501602828,0.837485116753057,-15.874350279547333,0.4246660171383822,0.837485116753057,-15.947779390420202,1.6355937584059284,-2.736977010666905,0
-2.643981644745605,0.5039614561118054,1.505232441801931,-0.5695890124982679,0.4060940188486671,3.336689166295085,1.2365807702961802,0.9230448272267618,2.436615380738988,-2.208154454960098,2.992195446794185,1.505232441801931,-2.208154454960098,9.241285127136315,-0.5695890124982679,-2.643981644745605,0
-0.8521053403583613,2.4511311197068486,1.4557908758553992,-0.8903191235470294,-0.7140417437774549,-3.9313349682825063,-3.00275211388691,1.2998712435306046,0.6618923940181497,2.4738728636082747,-7.682842531042189,1.4557908758553992,2.4738728636082747,-0.8269890001711699,-0.8903191235470294,-0.8521053403583613,1
-1.83555490201772,-1.4017862271288626,-1.2018883553473645,-0.1120237507583847,1.2979165056607622,-1.7577851501154065,-1.0168831001822567,0.226542750930996,-0.231870161855442,-1.547480454253966,-9.429298734572003,-1.2018883553473645,-1.547480454253966,-14.45719783277739,-0.1120237507583847,-1.83555490201772,0
-2.489207280189254,0.9059288966768884,1.042124484218807,1.0548703142510316,-0.2855416253072237,-3.5666474073829475,-1.5326419376851974,1.198225393201287,2.827048276834177,3.6671662471530246,-5.5271785745594,1.042124484218807,3.6671662471530246,1.6376667195373287,1.0548703142510316,-2.489207280189254,1
-0.8276275314876665,2.165513650567008,2.1185253520275427,-0.0910658576757572,0.6457976416037114,-2.3835188320773115,-2.222863247432501,-0.944908722685067,1.0902075473614252,2.035441460360115,-3.707639189823425,2.1185253520275427,2.035441460360115,6.305716229479109,-0.0910658576757572,-0.8276275314876665,1
-2.4697375824732357,0.9496434796857812,1.127108210898559,2.139391555859947,0.5001128296208667,-2.752478175800192,-1.1261781391892591,0.3360754125053464,3.160466929810877,1.6281124306020862,-4.383724607115066,1.127108210898559,1.6281124306020862,2.4825274477907318,2.139391555859947,-2.4697375824732357,1
-2.3131236709756795,-1.349629147155514,-1.089526142394338,0.7361991241037358,-1.874865655501711,-3.3288008208515505,-1.678782680836132,0.6785496546210517,0.3513468790402396,-0.6043207881326224,-11.867258804699315,-1.089526142394338,-0.6043207881326224,-19.173797941253017,0.7361991241037358,-2.3131236709756795,0
-1.0407918341936186,0.4461976023479854,-0.3767712755019283,-0.0643599997801436,0.4912740207262828,1.4349095203052136,1.186849257842323,0.966147012409296,1.4674215345457775,-1.8875763072134095,1.510137759613564,-0.3767712755019283,-1.8875763072134095,1.521972321479234,-0.0643599997801436,-1.0407918341936186,1
-1.1530152495606592,2.6485029700518163,3.555186300819597,-2.924674644152737,0.0315890061525782,2.306032306508075,-2.13623729700388,-0.367114170072311,-0.6301789904863274,-3.944541602029512,-2.897901209678822,3.555186300819597,-3.944541602029512,6.760112379160883,-2.924674644152737,-1.1530152495606592,1
-2.0595830106996487,-0.3764767714644397,-0.2754417252971672,2.140667810752213,0.2922654561557121,-3.5468349553533574,-1.4896548165652783,-0.6807755663251802,1.5999370198072735,0.2905801227781457,-8.588136575905724,-0.2754417252971672,0.2905801227781457,-9.389894338011445,2.140667810752213,-2.0595830106996487,0
-3.9666119562742415,-0.3701548092061699,-5.087975621784707,2.514082875204187,0.3619142707305265,2.6465211613699027,7.859131061060716,-1.4455181477453234,8.913630927568384,1.1313303960159535,12.46081988954025,-5.087975621784707,1.1313303960159535,7.108979531388716,2.514082875204187,-3.9666119562742415,0
-1.5966790190724969,0.0363513415400964,-2.511290297919805,2.055960600783707,-0.72839031324171,0.3666402289927652,3.2250119876552903,0.0633833926377181,4.111815107970513,-0.1878450087473588,4.266080360144769,-2.511290297919805,-0.1878450087473588,-0.38294086683582523,2.055960600783707,-1.5966790190724969,0
-1.6270751304592284,1.4131352354073348,1.0099524629515115,2.2460613004890533,0.5382116054922572,-0.953800170629218,0.129432035007986,-1.015663230879826,3.343391896465428,0.605246151260216,0.8591992504469256,1.0099524629515115,0.605246151260216,7.695856859337982,2.2460613004890533,-1.6270751304592284,1
-1.98029070545753,-0.4173755112156176,0.3813978861078142,0.6551799038087673,0.170484680696914,1.5479639667018827,1.2471808977815666,-0.6594954368384278,2.1877837024513576,-0.4608727991710151,2.1397497191499366,0.3813978861078142,-0.4608727991710151,4.683348633047521,0.6551799038087673,-1.98029070545753,1
-0.5632029134980665,1.3943423521415452,0.2585948809325982,2.627758550589647,-0.0279694144869822,-1.1014180495348378,0.5668884049195746,-0.4603923326566551,2.927251564168172,0.6666493021302856,2.48959959721331,0.2585948809325982,0.6666493021302856,6.298756708577114,2.627758550589647,-0.5632029134980665,1
-3.1018237010132745,0.3304421373558426,-3.042822300018761,3.14614486174629,-0.6531373899299409,1.5833576597229635,5.402365911293884,0.52252076644239,7.270776067317064,0.0437252348444952,8.987569763673164,-3.042822300018761,0.0437252348444952,6.074722961652183,3.14614486174629,-3.1018237010132745,0
-0.8594810517079245,3.4353233475468,-1.4638251018510495,2.123361715144461,-1.5008020152621748,2.0651308624967224,3.77543070213952,1.110911144734433,5.508884673733208,-3.300506552098402,9.3043898860179,-1.4638251018510495,-3.300506552098402,8.809339296592437,2.123361715144461,-0.8594810517079245,0
-2.9629138078601858,0.8263606397785525,-0.9460049055405152,0.4069745207484359,-0.6920651986646917,2.314794457736141,3.260924035897005,-0.2981525261999003,4.87060438615886,-0.7290469968469674,5.431887307189122,-0.9460049055405152,-0.7290469968469674,6.869600748372983,0.4069745207484359,-2.9629138078601858,0
-3.369531055830755,1.4568059731016203,-4.303135529498774,2.0112332377361923,-0.6418214039443414,0.8476494486332544,5.43576752710995,0.686774070503355,7.660700273472443,-1.1778641212954892,6.051710458088026,-4.303135529498774,-1.1778641212954892,0.15514204194801695,2.0112332377361923,-3.369531055830755,0
-0.8499243608335537,0.0788998460358154,-1.472138912541994,2.7921352477364296,0.2750022982918108,0.0656098423752979,1.659699112724491,-1.4089607467920393,2.497983430493732,-2.5678021647452685,1.2442273656685092,-1.472138912541994,-2.5678021647452685,-3.010056319688583,2.7921352477364296,-0.8499243608335537,0
-2.1534023286986725,-2.053582939339889,-1.8732192489098132,-3.13117816287198,-1.0859631707417063,-0.1570618609620875,-0.7000742323759617,-1.0182539014177283,-1.6323610848316057,-2.4363890016676457,-10.788750386878323,-1.8732192489098132,-2.4363890016676457,-21.200472709864925,-3.13117816287198,-2.1534023286986725,0
-0.6341275806859895,1.0011318906150284,-0.4397460125985264,0.5909511986607611,0.114845090277753,0.2216800844573754,0.882094344095292,0.2921688282073261,1.7990057543846256,-0.9055722617148412,1.3778377598850016,-0.4397460125985264,-0.9055722617148412,1.8473419486125982,0.5909511986607611,-0.6341275806859895,0
-3.233364258001016,-1.2146037979565365,-2.0852446829438573,-1.606220916602366,-0.3467498910082427,-2.4061272919729637,-0.4642015000183359,-0.3082159281608299,1.1524210593247537,0.6592250997637548,-10.671419956760426,-2.0852446829438573,0.6592250997637548,-16.53354264447904,-1.606220916602366,-3.233364258001016,0
-1.5456819678168416,1.122491578799362,2.1065958359528683,1.2705228726213416,-2.001706001725533,-1.130941745196102,-0.7826998075476217,-0.4507402773027516,2.425463441429248,2.5244635718337243,0.32721275749776035,2.1065958359528683,2.5244635718337243,8.262875082091817,1.2705228726213416,-1.5456819678168416,1
0.5549741747894448,4.895655562305111,4.917107447454352,-3.2241913389088035,-0.965214076750548,0.3764080909982898,-4.38739511150351,1.8876251206260048,-1.9161610967640716,-3.672235980288998,-5.080376511610178,4.917107447454352,-3.672235980288998,7.859685994301819,-3.2241913389088035,0.5549741747894448,1
1.6565171143086626,-2.114059623591212,-1.9124144818989504,-1.261486134498195,0.3160878221089338,-1.2339504007605766,-1.575974129997636,0.8437900258815756,-4.50169236880024,-2.643138516404948,-8.406042091704482,-1.9124144818989504,-2.643138516404948,-20.831650012952792,-1.261486134498195,1.6565171143086626,0
-2.035572939037155,-2.1588539558656588,-1.2407676406009385,-3.030163553972593,0.6927757697082377,-0.2141556917860909,-0.8580642118970319,-0.8644303136735378,-1.639256679798086,-1.0156292506157698,-9.52659529496039,-1.2407676406009385,-1.0156292506157698,-15.485186172622603,-3.030163553972593,-2.035572939037155,0
2.247063617588715,2.859288723577324,0.538714079072578,0.8522985689360352,1.067997778058972,0.5957922810506817,0.145266831014445,0.67101780491777,0.0765609155699864,-2.386367906318121,4.909134396899763,0.538714079072578,-2.386367906318121,8.054567515969318,0.8522985689360352,2.247063617588715,0
-0.0362534101758864,3.0313138331776277,-0.9056044343169068,3.1837635677228797,0.7401256641052443,0.994727400948985,2.733615618980469,-0.3816310954132113,4.481202889540854,-2.877190071543084,8.024704340059976,-0.9056044343169068,-2.877190071543084,9.85005956867532,3.1837635677228797,-0.0362534101758864,0
-3.474756377037539,-0.901149238183076,-2.7911938253326296,3.5780639016417406,0.0954620413582965,1.1703136128349052,4.522981171339178,-0.1870575164736626,6.297223509690244,-0.7213448981117921,5.344421785318321,-2.7911938253326296,-0.7213448981117921,1.1795579909024618,3.5780639016417406,-3.474756377037539,0
-1.963444448011386,-0.8472645149425926,-2.721517649485764,-2.512496254856246,0.0765180622437113,-2.3612991312521743,-0.955128046853862,0.9416190135514908,-0.6150888682291686,-1.4479758647216334,-12.448907391890069,-2.721517649485764,-1.4479758647216334,-22.131924960909593,-2.512496254856246,-1.963444448011386,0
-0.0860741603918431,1.7528190440497398,-2.8026017407627943,2.2327481174668726,-1.601181198811573,0.7118556990908198,4.169187665806993,-1.0272518875051289,4.730248230251679,0.2936711072611642,9.786063172374567,-2.8026017407627943,0.2936711072611642,5.899084906883814,2.2327481174668726,-0.0860741603918431,0
-1.7842777824644285,2.6100994132869406,-0.2677665091277605,1.7754483993041503,-0.3017984933962528,3.1707140186051825,3.4111158832394617,0.4847346479689238,5.217306528427062,-3.630127952151888,8.723685998424601,-0.2677665091277605,-3.630127952151888,11.843230611700662,1.7754483993041503,-1.7842777824644285,0
-0.412305637288356,1.0093946270869072,-2.0620160161502668,1.3228824992183628,-0.5511162400406288,-0.8053866105621221,1.4481842689353843,-0.1266640273476633,2.2854550285877906,-1.3348174839296134,0.4225650528984406,-2.0620160161502668,-1.3348174839296134,-4.546121927195143,1.3228824992183628,-0.412305637288356,0
-1.9648550278279755,1.6296303035412,-0.0533573316404785,-0.434916088846488,-0.9972649579684154,0.7915557646321432,0.2740478376599433,-0.284789409515395,2.0115727436634536,-3.771484311784445,-2.684465757993479,-0.0533573316404785,-3.771484311784445,-3.401218716850442,-0.434916088846488,-1.9648550278279755,0
-0.7322483419134452,-1.8435046281862304,-1.4226322261965283,-1.648478704705704,-0.9032931107791092,-0.9031424635817168,-0.9528233274828865,0.4080960585699445,-1.9792003733073285,-1.228605046200722,-8.211944975652422,-1.4226322261965283,-1.228605046200722,-16.9621317226177,-1.648478704705704,-0.7322483419134452,0
-0.8378556728174815,1.1739574822461962,-2.706221218521102,1.755153730541823,0.0065486578045392,-0.6250742700943146,2.5960258977454997,0.5870575345945356,3.7419208746701846,-0.5293156176721375,2.907817279855271,-2.706221218521102,-0.5293156176721375,-1.332613927977964,1.755153730541823,-0.8378556728174815,0
-2.119081243913905,-2.697602417466686,-0.1649373710412467,-2.056410533194586,-0.947530740972112,-1.3724546428636388,-2.294327983402256,1.451926632314722,-2.309196388778993,-0.610461977794294,-12.522793441499005,-0.1649373710412467,-0.610461977794294,-18.495586368054965,-2.056410533194586,-2.119081243913905,0
-1.421762330942457,3.20272817285493,-0.5492984663788326,0.6276350023151464,1.6772005099660965,1.8043309779402048,2.584988865825369,-0.8065198324565613,4.610579117999784,-2.4388142605157035,6.163437405417694,-0.5492984663788326,-2.4388142605157035,11.335876125079972,0.6276350023151464,-1.421762330942457,0
0.0291295847394075,3.6671885158309663,3.3296772071440026,-2.326795759082781,0.0867610754626467,-1.9291480206974696,-4.085430376499938,-0.6626914834880354,-1.1329885675232214,-0.7044753416265408,-7.278679418033825,3.3296772071440026,-0.7044753416265408,3.453443034200499,-2.326795759082781,0.0291295847394075,1
-0.9567664229706035,0.6720052499638861,-0.6057736098458939,2.6573350228458352,0.9492964983753156,-2.745547357351408,0.5502061279291534,1.2237936225131651,3.2920321064518565,3.3147421674914748,0.7464274305569295,-0.6057736098458939,3.3147421674914748,4.4672027478671135,2.6573350228458352,-0.9567664229706035,1
1.0002078949480515,-2.4731194094966447,-0.1120753185355081,-0.2061344394966016,0.5501284812178794,-2.34609865864028,-3.7555103287976,-1.4363524570391606,-5.252344011815241,-3.648210409115235,-13.77496400923859,-0.1120753185355081,-3.648210409115235,-23.41324832536153,-0.2061344394966016,1.0002078949480515,0
-0.2561319010320708,3.811005623018568,2.5379864153535165,-2.387132787064073,-0.9650455805761796,-2.162994650387134,-3.5337465517502578,-1.9133403347228028,-0.4408095691641301,-0.534351674421043,-7.226346592023143,2.5379864153535165,-0.534351674421043,1.0911769389042285,-2.387132787064073,-0.2561319010320708,1
-1.377641723060094,2.15141650152775,1.1810111936211656,-0.1662918723674191,0.2141109822861335,-2.261999358798163,-0.9780125312944452,0.291732725378309,2.466082836310205,3.298743194915761,-1.595785147874773,1.1810111936211656,3.298743194915761,7.612603926903691,-0.1662918723674191,-1.377641723060094,1
-1.8441405874792745,0.9771118493031756,3.63134996605757,-0.7584201947774817,-0.8121694717263299,0.7578547967166809,-1.6967945731490044,-0.9659709246115364,0.7904302464913575,0.7662609793850503,-1.040272933284173,3.63134996605757,0.7662609793850503,10.398709972149906,-0.7584201947774817,-1.8441405874792745,1
-0.9106140616552816,1.572821668795688,2.8430434480262354,-0.6566189916159902,-0.975532935614632,1.3054063909307891,-0.8220084657389298,0.5981721503347945,0.8646533455657498,-0.0417675480639017,1.7526253835831629,2.8430434480262354,-0.0417675480639017,10.986301666988258,-0.6566189916159902,-0.9106140616552816,1
0.6755593359485395,4.104116269639929,-0.0184411130181301,2.3995181791076297,0.6040974263555673,1.6033969252128404,2.164240770565888,1.5448414624182585,3.7464229516639302,-3.8351646554845775,8.71506375020309,-0.0184411130181301,-3.8351646554845775,12.736809670988631,2.3995181791076297,0.6755593359485395,0
-0.8727862682084961,1.4993023818585238,-0.8403060597796204,-0.8248074580921888,1.9529445539995067,3.7771642562694914,2.393409393281294,-0.3399837223515192,1.7719720981219058,-5.512621480977601,4.236825080400513,-0.8403060597796204,-5.512621480977601,3.6515653768318073,-0.8248074580921888,-0.8727862682084961,1
-2.947861880928299,0.3453148645858737,-2.392324725498349,-3.0676403521915465,-1.0802670597806927,-0.8353054315814915,0.551181099204331,-0.6389850540666776,1.70520024130648,-0.5903287937746077,-7.379945926267231,-2.392324725498349,-0.5903287937746077,-13.1711626557127,-3.0676403521915465,-2.947861880928299,0
-1.8586160019004476,0.486615314332506,-0.8553014833426897,1.6705737547137354,-0.8460396726276345,2.092415191181322,3.0277470674813154,-0.705537947278461,4.048110330484255,-1.2727819372462916,6.2383685797434625,-0.8553014833426897,-1.2727819372462916,6.008337771700923,1.6705737547137354,-1.8586160019004476,0
-1.2132832001625602,1.2297500597903177,-1.4436435220269996,-1.7331461578046847,-0.3651329377957845,1.8882638576791415,1.6432440316176469,0.0167008672675504,1.5032071599629893,-3.305263220072871,0.3978292287261316,-1.4436435220269996,-3.305263220072871,-3.1818769273817225,-1.7331461578046847,-1.2132832001625602,1
-1.3322750024949128,2.052173421566885,2.917613744758371,0.0592651426998671,-1.8897034836215452,-1.1976662567239131,-2.012625436621328,1.2813833981236349,1.4166328131944692,1.2906808617278354,-2.3381135265694786,2.917613744758371,1.2906808617278354,7.181856755712321,0.0592651426998671,-1.3322750024949128,1
-2.6404747311429224,1.5324655176922315,2.9686685511827138,0.6833593436947671,-0.1848767562452656,-1.1757071290518546,-1.6568876153498855,1.161503048481976,2.6432125093208536,1.585700762148673,-2.8472509810608457,2.9686685511827138,1.585700762148673,9.147768640519105,0.6833593436947671,-2.6404747311429224,1
-2.645313723072256,1.672253704216963,-2.254450671421152,1.1427382416647924,1.5894412835616984,0.9412972341859106,2.9821063340302354,-1.026353622389896,5.011664746630493,-3.1560600138270054,1.8783190113845505,-2.254450671421152,-3.1560600138270054,0.4459082892800711,1.1427382416647924,-2.645313723072256,0
0.6683964709379535,-1.5902553832553508,-2.616960814270328,-1.9837701544139852,-0.1513974919414092,-0.5119198759367916,-0.4900200200404023,-0.6705431614166831,-3.067598728799636,-2.996833095160773,-7.416321933806141,-2.616960814270328,-2.996833095160773,-20.478228117400356,-1.9837701544139852,0.6683964709379535,0
-3.107299813522591,2.252351009147086,-2.158135590757809,2.067193937940158,1.982470450168928,1.8303059744404904,4.240945870871078,1.029604361419693,6.885129506272122,-2.976365354905985,6.1374375984107274,-2.158135590757809,-2.976365354905985,7.554112131146673,2.067193937940158,-3.107299813522591,0
-0.4748474520899635,-2.328872679546379,-2.2101834186577376,-3.747056426213858,1.007117823412373,0.6159250592348435,-0.524413036814972,-1.7890123905014412,-3.3995667893005868,-2.820593287310772,-8.663932763506258,-2.2101834186577376,-2.820593287310772,-19.48587643751728,-3.747056426213858,-0.4748474520899635,0
-1.7912238227334312,1.7003747087833485,1.958152970998758,0.5053655209900443,0.3070030600053617,-2.2804817227956127,-1.7465594015499524,1.2914688890653634,2.106120064608653,2.130766382004647,-3.7622400580965696,1.958152970998758,2.130766382004647,5.864407778057298,0.5053655209900443,-1.7912238227334312,1
-0.905078838531134,2.127944411673654,1.2439828639846695,1.2067935232893787,-0.9773641174837108,-1.9390325490737412,-1.1763030271702035,1.907490672553268,2.027459112815808,0.3975261115764246,-2.2271829173093622,1.2439828639846695,0.3975261115764246,3.0736188073386144,1.2067935232893787,-0.905078838531134,1
-0.752609812241194,2.3366978793120925,-0.291414932327974,-2.5728241129942813,0.2316480716109227,1.184798371675576,0.4540317548145283,-1.1363751667038573,0.9865013979092448,-2.1506913388171403,-0.3157988865748429,-0.291414932327974,-2.1506913388171403,1.2362938756453765,-2.5728241129942813,-0.752609812241194,1
-0.7106011741996052,-1.6768230137794813,-2.177939886378912,-1.9187251510026329,-0.9501045691456492,-1.4024004873124702,-1.2543819877643898,0.596081494132487,-2.3900069311040304,-2.828135528533843,-11.193467829904893,-2.177939886378912,-2.828135528533843,-23.5424361447738,-1.9187251510026329,-0.7106011741996052,0
-2.8041372037992724,-0.1380346629046209,0.5474561884425161,3.978865392063317,0.949889068249292,-1.3140973174051918,1.1029447756539783,2.3491085580250326,4.892951691812856,2.4949454175059054,2.006389083708924,0.5474561884425161,2.4949454175059054,8.884010882198218,3.978865392063317,-2.8041372037992724,1
-0.6914678236556049,-2.1524947496324893,-3.562371290463068,-4.265889814960444,-0.3283209426905598,0.844795719749555,0.8347586375376956,-0.0123659382423645,-2.348615221341431,-2.037330220744788,-6.62283253195652,-3.562371290463068,-2.037330220744788,-20.604299165080064,-4.265889814960444,-0.6914678236556049,0
0.2282045476547656,2.1991902726885115,1.741322403274654,-1.309268693553325,0.6223791184731187,1.972577387722546,-0.4652554402304329,-0.7586652015427723,-0.141242499802998,-2.856081405500319,1.741944056504292,1.741322403274654,-2.856081405500319,7.486667176864891,-1.309268693553325,0.2282045476547656,1
0.6829430799530929,2.9232034337062616,0.686944793940576,1.4210718904200976,-0.7843209703002557,1.7417153867045194,1.3321384939344618,-1.0706664061901785,2.2181655156690465,-2.7203295660077265,7.122458105415225,0.686944793940576,-2.7203295660077265,10.542642999133761,1.4210718904200976,0.6829430799530929,0
0.1267172311922237,1.7705145064258514,-1.5630297618378943,1.8655007873495173,-1.6711471647953489,0.595539895912867,2.788645403027896,0.5363892188475762,3.471730551934929,-0.2650689990008052,7.477388720820418,-1.5630297618378943,-0.2650689990008052,5.464252584594227,1.8655007873495173,0.1267172311922237,0
-1.0998749777919197,1.977161977490344,0.7525641625521523,1.6063597860315495,-0.3103961364755137,-1.9587897215879329,-0.6002760211066306,0.9177681977951372,2.651523268964649,0.6645828887614088,-1.369625789791114,0.7525641625521523,0.6645828887614088,3.759860833572776,1.6063597860315495,-1.0998749777919197,1
-1.0914270184859918,1.2604852986161177,0.3850417260967476,3.4459671083066725,1.1529132562048097,0.3800721578613617,1.6637460443851146,-0.9939209291753932,4.00581883051923,-0.4755572039818783,5.5633585445627585,0.3850417260967476,-0.4755572039818783,10.99342829159078,3.4459671083066725,-1.0914270184859918,1
-2.7752123204414385,-0.9392360026232948,-0.7405288504297329,-0.5795011505314801,1.2962567097480018,-1.6156894274338016,-0.8755181087500152,0.1860930208759352,0.8566057518017606,-0.6130473510368429,-9.013893788250675,-0.7405288504297329,-0.6130473510368429,-10.634543699904304,-0.5795011505314801,-2.7752123204414385,0
-3.622582572450404,-0.821981103322031,-0.590540192256273,4.027170694089427,-0.2153882888600766,-2.6436676882039865,1.805392236940748,0.7811753362875992,6.154971614081573,5.737723275374827,1.838387154224594,-0.590540192256273,5.737723275374827,7.063572341841603,4.027170694089427,-3.622582572450404,1
-2.409621013031107,1.0227032027659464,-0.878316220530083,-2.9275271259572406,0.0076731933215063,1.3149546553242648,0.4077918409862169,-1.6133682362049395,1.0832646278182545,-3.504877384124759,-4.781621168712414,-0.878316220530083,-3.504877384124759,-7.022327155653583,-2.9275271259572406,-2.409621013031107,1
-1.5798927243448773,2.8689218660267057,3.329847197632932,-1.4929657821580746,0.8109137726156964,-2.261728183710136,-3.668439075459388,-0.5668133178023392,0.4389445965817985,0.5082752377607241,-7.887556845595182,3.329847197632932,0.5082752377607241,4.805903914404858,-1.4929657821580746,-1.5798927243448773,1
-2.517260122969432,-1.8548054426328375,0.6821507830517954,-1.1625287104176647,0.0182309971371171,-3.275298486422253,-4.229796795640292,0.3712067634700587,-2.408206011597438,-2.077244045558622,-18.392232090063352,0.6821507830517954,-2.077244045558622,-22.3954567173935,-1.1625287104176647,-2.517260122969432,0
-2.3026592287703087,-0.3085436765464742,-2.469061111725175,0.775716392044698,0.1879417764327564,1.8123493606680352,4.090082915926168,-1.4603024352092226,4.504020503401668,0.5221083771734971,6.40140350116365,-2.469061111725175,0.5221083771734971,4.0910747029166155,0.775716392044698,-2.3026592287703087,0
-1.691612894464771,0.4674371774963315,-2.7494597545847554,0.7814621202899132,-0.6270486146977409,0.6474796145601898,3.5569439524618365,-0.4915444138069045,4.285766167145854,0.6695368546433835,5.078726439547074,-2.7494597545847554,0.6695368546433835,1.4660341770637444,0.7814621202899132,-1.691612894464771,0
-4.669496234003602,-2.8051912664901337,-1.9042807277212164,1.212931740234192,-0.301579807791105,1.160131468666726,2.7232158287709542,-1.28950006972398,4.004818644852215,-0.3346092479343798,-1.5528862420895178,-1.9042807277212164,-0.3346092479343798,-6.361093734999582,1.212931740234192,-4.669496234003602,0
-0.2470190864092316,1.143096104515759,-1.1901862423269771,-0.1707895667745902,-0.3933511248228728,0.0863641551924532,0.9250493747010484,0.7152365838912327,1.244413844256575,-1.4019199546294006,0.4211451817884916,-1.1901862423269771,-1.4019199546294006,-2.2056736530539975,-0.1707895667745902,-0.2470190864092316,0
-3.2756681464354376,-0.6515854697534037,-0.2900260888764123,0.553289073917683,-0.4566991446935129,-3.6716946437690985,-1.791154961508865,0.1119819326212577,1.7126667631038934,1.1105040331983238,-11.398004758119896,-0.2900260888764123,1.1105040331983238,-12.143710436277653,0.553289073917683,-3.2756681464354376,0
-0.2018189089161985,-2.5367696121834777,-6.178282544991472,-6.593464419030518,-0.3922296113440238,1.3617215586311555,2.040699113635327,-0.8263652852658686,-3.287271323101013,-2.802108995687494,-7.3700197049200495,-6.178282544991472,-2.802108995687494,-29.423941892223173,-6.593464419030518,-0.2018189089161985,0
-0.3342127937152648,2.3857189979543554,-0.246151646975208,-0.9190760285500924,-1.0777439349303437,2.205326250813839,1.832765796130411,-0.5442744329245381,2.175301418607157,-1.894819026342571,5.481029447104516,-0.246151646975208,-1.894819026342571,6.949744063126126,-0.9190760285500924,-0.3342127937152648,1
1.497870364495436,2.503195447070131,-2.468244257017423,2.431750108860765,-1.2223646149872391,-0.1072519413633887,2.9514041215671125,-0.9988208693340496,3.1306797867879674,-0.8907471147540554,8.278969044512612,-2.468244257017423,-0.8907471147540554,3.80458797166407,2.431750108860765,1.497870364495436,0
-0.2927835530270977,5.434070864462001,-0.597900403737577,1.5635009143420335,-0.5417732360116019,1.6904948961312318,2.872804465897848,1.5153180943238018,5.462677351617206,-4.086815869012895,8.871766614924354,-0.597900403737577,-4.086815869012895,12.761815348737292,1.5635009143420335,-0.2927835530270977,0
-0.7717898224122656,3.284445351705423,-1.5729219505423302,0.9380421339970714,-0.2386055317146274,2.9978058255243942,4.617049155622182,-0.430996200219813,5.61530480038484,-1.48712893171421,12.576229538246988,-1.5729219505423302,-1.48712893171421,14.985157995725967,0.9380421339970714,-0.7717898224122656,0
-1.6552355479009797,-1.4405872104673851,-3.814916698397,-2.524474836862984,0.970462636906666,-2.370963439152818,-0.3984865559072525,1.0929591108966683,-0.9269266105195204,-1.6593990074593163,-12.420110036903555,-3.814916698397,-1.6593990074593163,-25.078870508482673,-2.524474836862984,-1.6552355479009797,0
-1.9684052456782388,0.5927539875164469,0.9398135628323,2.6977274585753146,0.0999881637655518,-2.321692809281884,-0.4564896660712201,-0.9218236563202136,3.23551977315701,2.249876603708284,-1.527922480513181,0.9398135628323,2.249876603708284,4.664640030088047,2.6977274585753146,-1.9684052456782388,1
-0.2178428549632429,1.2993697965222677,0.7947570444624191,3.375168854869949,0.4981119956445415,0.872681272122616,1.7432304604768547,0.1386350285304509,3.4116822796170023,0.1518854753864695,8.09717427653753,0.7947570444624191,0.1518854753864695,14.177188724278412,3.375168854869949,-0.2178428549632429,1
0.8714642835678195,2.161885440629816,-0.440773493379365,2.220529372738257,0.3876798790328464,1.8815393318520184,2.4618860423697058,-0.4625329663133788,2.6553211719743683,-2.339284161550692,9.139559641458941,-0.440773493379365,-2.339284161550692,10.543268274268865,2.220529372738257,0.8714642835678195,0
-1.576976141025715,1.757784524640253,2.0778618476799937,1.2084058670747095,-1.6653846382409996,-1.1014927753293653,-1.1862562884083037,-0.38758089125557,2.245981115875826,0.3057043398907346,-1.694323248487052,2.0778618476799937,0.3057043398907346,5.190249302117687,1.2084058670747095,-1.576976141025715,1
-1.2673568559542674,0.7283223475007011,-1.374585158670364,1.5778899763555925,-0.4061103570234032,2.062625962178379,3.545503979027773,-0.4489083873130063,4.133046464943075,-0.5604763450215476,8.149135026265009,-1.374585158670364,-0.5604763450215476,7.811868802473713,1.5778899763555925,-1.2673568559542674,0
-0.3835982354050482,3.788790249635104,-0.3889300807862936,1.1222927456281762,-0.2551871715142836,1.5423417058907165,2.427299995293506,0.2454986817943127,4.2718259107592464,-2.430926836966436,7.608541329966734,-0.3889300807862936,-2.430926836966436,11.32022503090499,1.1222927456281762,-0.3835982354050482,0
0.7820173529074181,-2.594086610048259,-2.3174954482825263,-3.1453166140213358,0.5711026285913683,0.8293098844273739,-0.8660048055870034,0.380067440573832,-4.852452968747122,-4.6714519276657125,-8.836222835560145,-2.3174954482825263,-4.6714519276657125,-23.32278791998054,-3.1453166140213358,0.7820173529074181,0
0.4041611994694956,3.3728810329244623,1.2869146027951857,-0.8315695618906704,1.352759030614763,-2.969290166286336,-2.9726627142505317,0.4572248119493435,-0.2789736373544497,-0.8866758865343645,-6.852446262854279,1.2869146027951857,-0.8866758865343645,-0.7152539696493023,-0.8315695618906704,0.4041611994694956,1
-1.7207478176274718,-1.5841111375959285,-2.64520708493795,-2.1966415427915225,-0.235164878251097,-0.9765743773081256,-0.3367852336353997,1.645354952270745,-1.0136809127868651,-2.414353801215074,-10.20578828748165,-2.64520708493795,-2.414353801215074,-21.38330233087924,-2.1966415427915225,-1.7207478176274718,0
-0.139705225969843,4.194667198765022,-2.230623959110852,2.789257971028949,-1.842936906247676,1.98327140539564,5.017073331149064,1.0525473107347487,6.67922866006773,-1.985336759170071,13.8424993265944,-2.230623959110852,-1.985336759170071,13.393071676034278,2.789257971028949,-0.139705225969843,0
-2.1348807437982176,-0.6629746409164938,2.287687915436501,0.328501146918593,-1.6556393601700825,0.6968435725625878,-0.7525479946687605,0.2997948741631638,0.9863406164243786,0.7069667028442086,-1.1212483844954946,2.287687915436501,0.7069667028442086,4.278212331790866,0.328501146918593,-2.1348807437982176,1
-1.647977346224529,0.9044450721090116,3.711282239811541,-0.7032578565608031,-0.6116051462045847,1.1774658011663075,-1.704463905154098,-0.0798491534877959,0.4431884531135119,-0.0974031293108081,-0.8937255628086118,3.711282239811541,-0.0974031293108081,10.049393872842007,-0.7032578565608031,-1.647977346224529,1
-0.0522119756794214,1.7602901987334063,-0.2762525724101483,2.022650456200344,0.203943857515995,0.7079673839176658,1.3689250952636816,-1.5475697941363111,2.442748625152622,-2.3657601453328443,4.149828397020497,-0.2762525724101483,-2.3657601453328443,4.9775880769233645,2.022650456200344,-0.0522119756794214,0
-0.214221005312545,2.40871272835382,2.573967816709988,0.1953625211214504,0.9397354817471042,-0.1617395623223749,-1.2506885413818496,1.9687573094339588,1.0615763565108145,0.265017440709556,1.0807040188456818,2.573967816709988,0.265017440709556,11.992630638646428,0.1953625211214504,-0.214221005312545,1
-2.288528762825873,-1.4096068831228157,-2.1722168950828022,-1.024016675919602,0.0301406613151773,-3.064244499219745,-1.268990664596821,-0.4801622831930444,-0.1515853034206524,-0.5710469432072445,-12.690678928111847,-2.1722168950828022,-0.5710469432072445,-20.932465021335915,-1.024016675919602,-2.288528762825873,0
-1.53453673408634,-0.9481388776445552,-2.5241160950572183,-1.283370355211888,-1.124200096946978,-3.030554789747604,-1.2924854342684309,-1.279647848349243,-0.7043351634434967,-1.425325638201685,-12.544966618908106,-2.5241160950572183,-1.425325638201685,-23.533267940738433,-1.283370355211888,-1.53453673408634,0
-1.6395355743252868,-1.1636308195936402,-5.795819203301748,-5.96332869984751,-1.0769545408779464,0.9092226250804862,2.2443061037417533,0.6847148540498922,-0.8454751031081276,-2.865607352774548,-7.569351092638259,-5.795819203301748,-2.865607352774548,-26.447740794257285,-5.96332869984751,-1.6395355743252868,0
-0.0690923596337136,-1.6248705752492998,-1.719793222789825,-2.4828915160726304,1.2101660953653188,-1.43628915172546,-1.8675610138802805,0.9177721505515004,-3.4432586436074164,-2.578892066617513,-11.495885834904357,-1.719793222789825,-2.578892066617513,-20.9410556084381,-2.4828915160726304,-0.0690923596337136,0
-1.0240499380837904,2.05571012713242,3.1228637772519736,-1.1539548780678297,-0.0648714410533611,1.8388024128226557,-1.0056700895067572,1.1469628682551696,0.7193783056747085,-1.3617864834021185,1.1878535637172356,3.1228637772519736,-1.3617864834021185,11.626484128902245,-1.1539548780678297,-1.0240499380837904,1
-1.3965322443403614,2.141871216956611,0.0725440286835004,-1.6964517062271791,1.3071354231507135,1.2630736273224563,1.152179148464758,-0.3044580211482294,2.456302801524457,-0.1706109754892055,2.556602694009536,0.0725440286835004,-0.1706109754892055,8.54728369637681,-1.6964517062271791,-1.3965322443403614,1
-1.5917921843106035,2.76922865495802,-2.647959560346737,2.1738154495461526,0.9919263098869546,2.427340779113536,5.449013542471512,-0.7798066757376003,7.000507173946433,-1.459122110424698,12.195824910467454,-2.647959560346737,-1.459122110424698,13.180773054782712,2.1738154495461526,-1.5917921843106035,0
-2.355558043580897,-1.2963185902028351,-2.378863502395801,-3.163105603347278,-0.4225684190212185,0.1743047783311599,0.526307496181694,-0.5946729871621688,-0.0617482243432814,-1.277762282276135,-7.217827466563132,-2.378863502395801,-1.277762282276135,-15.385954705048738,-3.163105603347278,-2.355558043580897,0
-2.1343453265937367,1.4652898817016071,1.8687699403393656,3.242731775006968,0.1354913723167619,1.9430027997957744,1.7995280668597635,1.2473036506646775,4.811863713235995,-0.8455764791850493,7.413633517381101,1.8687699403393656,-0.8455764791850493,16.86171661906516,3.242731775006968,-2.1343453265937367,1
-0.5933645239568656,-2.4139350374842827,-0.7937983326054459,-2.2964572810570463,1.8341345643623908,-2.186742905180855,-2.9726659105313336,1.1772087874169148,-3.956823446714636,-1.5525541921210282,-14.202462755512265,-0.7937983326054459,-1.5525541921210282,-21.093314527330236,-2.2964572810570463,-0.5933645239568656,0
-0.9981238457166792,2.8091322400998093,0.3407552295866576,-0.0206877971618235,-0.4581369898417196,2.0838174337749806,1.9064508761780936,-1.026625482884179,3.4259972461746773,-1.655169608505675,6.209236732443686,0.3407552295866576,-1.655169608505675,11.189936637140983,-0.0206877971618235,-0.9981238457166792,0
-1.352727877437569,1.7420919651466646,3.105890233069479,0.5383188525323757,-0.2005711806557685,1.295395455208939,0.1456916859274134,-0.6611371121909724,2.750887873100053,2.19997475515548,5.864140291742244,3.105890233069479,2.19997475515548,19.718007939909157,0.5383188525323757,-1.352727877437569,1
-1.2704199274083383,-1.0715050095555532,-2.1516424374563927,-0.8546135407524954,1.2364895121841768,-4.154491753231206,-1.964177178016412,1.0945624546137955,-0.9412466568251872,0.129257607457512,-13.340441554737698,-2.1516424374563927,0.129257607457512,-20.48104555160433,-0.8546135407524954,-1.2704199274083383,0
-2.250696413252901,1.0403848750310205,-2.152666078561066,2.005068597919924,-0.7708136306140894,3.581298995664641,6.10668673851573,-0.9809467270133696,6.995364016502348,0.6580409937096077,14.722082783252663,-2.152666078561066,0.6580409937096077,15.814339137908327,2.005068597919924,-2.250696413252901,0
-0.6414140481337903,2.989638610169038,-0.6886287923432368,1.780259744802399,1.4937097590055342,2.438362469564054,3.463310884153652,-1.925567360332877,4.84106374332583,-2.255686644298432,10.212833485820974,-0.6886287923432368,-2.255686644298432,14.879352954746878,1.780259744802399,-0.6414140481337903,0
-2.2584812292985346,-0.3527711476747122,-1.160191288874278,-0.6810795726284633,-0.2134326970879245,-0.7397838994062957,0.5118508485651485,-2.2832386346150395,1.7746244049767308,0.5356467864632841,-3.724402113385869,-1.160191288874278,0.5356467864632841,-5.552352092428491,-0.6810795726284633,-2.2584812292985346,1
-1.1880320398579638,3.048964512248681,2.99897563174833,-2.3399416794445345,0.502574774371437,2.0438933979281293,-1.0004861183065277,-0.4561683474800591,0.937204943159078,-1.8900456306370457,0.7182458398588678,2.99897563174833,-1.8900456306370457,12.359275218732336,-2.3399416794445345,-1.1880320398579638,1
-1.6787950296036482,0.6643363262530566,-3.9037875639534234,-1.551758964026817,-1.265636445089811,-1.4526638911371683,1.313743998786922,-2.973306171292557,1.8313733769570075,-1.8575425331157076,-6.0153439839805305,-3.9037875639534234,-1.8575425331157076,-17.21679627680692,-1.551758964026817,-1.6787950296036482,0
-0.4377647527803863,2.9134126999326497,-0.9024826315765946,-2.1553363477078755,0.8146844372940691,0.9904975553289568,1.3525439802182826,1.073340176863545,2.023450712157381,-1.046921448121694,2.6069292421988903,-0.9024826315765946,-1.046921448121694,5.144543955418782,-2.1553363477078755,-0.4377647527803863,1
-2.072730117162222,3.6018711588718118,6.465911028190196,-3.3320976710729457,-1.2428715860631347,2.9083850936846893,-3.2189000493363724,0.6325827996421973,0.058609168787525,-2.416426130913776,-1.6215126222441247,6.465911028190196,-2.416426130913776,17.438777187839754,-3.3320976710729457,-2.072730117162222,1
-2.7058005921207995,1.142313540361446,-0.3637167316244498,2.5689652404305234,-0.4966510521282467,1.560997456543894,2.2061345281681874,0.4185145591570548,4.655166275486967,-3.706694328387629,2.626913301539516,-0.3637167316244498,-3.706694328387629,2.8484772019988602,2.5689652404305234,-2.7058005921207995,0
-2.092297255373073,0.6747023496594801,2.483018101998906,0.5652450618488866,-1.197532311265162,-0.6220123389485003,-0.0759407315066906,0.955388571179851,3.187954982802298,5.717575255951741,3.545260002683343,2.483018101998906,5.717575255951741,16.3479248763877,0.5652450618488866,-2.092297255373073,1
0.3188748387790263,2.18019557864012,3.3797877575733946,-0.0440813644739439,-0.7176391376105407,3.73662606424998,-0.0220240947251026,-0.1349902279770614,0.3705466171038518,-3.2189242522413264,6.687292834478733,3.3797877575733946,-3.2189242522413264,15.81969731449271,-0.0440813644739439,0.3188748387790263,1
-1.1351759044173837,1.817405781484955,1.7485535374746366,1.1326500945745406,0.3861664979983887,-1.3389368106831077,-0.9505752902380178,0.0146940955443667,2.2027928980279707,1.205060220013333,-0.6085087199487886,1.7485535374746366,1.205060220013333,8.111662232080043,1.1326500945745406,-1.1351759044173837,1
-0.8267417890425524,2.6282078323892417,2.0372156780454342,-0.1253161562534992,-1.3076425810934404,-1.7990601942404774,-2.1058524630442954,1.8486630689665504,1.1226717005971614,0.1312654302030529,-3.8965575342290073,2.0372156780454342,0.1312654302030529,3.059168472761694,-0.1253161562534992,-0.8267417890425524,1
-3.5672180075053976,-0.7242489340314305,-2.9624087304564792,-4.116661308745392,0.4733366755549671,0.5809435547091124,1.2432983867494212,0.0828648418689961,1.282436251109918,-1.6129949039836502,-7.615937658098224,-2.9624087304564792,-1.6129949039836502,-14.784580862401686,-4.116661308745392,-3.5672180075053976,0
0.1089259311520651,-0.975890820083134,-3.160199216728896,-2.2939450538555715,-0.5492386533125753,0.2631970973118696,0.6177989124970321,-0.9928687053786982,-1.7439434490617025,-3.3333122598818345,-5.350029095547704,-3.160199216728896,-3.3333122598818345,-18.627414526529904,-2.2939450538555715,0.1089259311520651,0
-0.4964699285935947,2.069316498307116,1.565055616751763,-0.8856804753174107,-1.375149392040303,3.345864742905966,0.6481212664652778,-0.6633383235123018,0.9458773787244796,-4.097848942615233,3.9291679040580876,1.565055616751763,-4.097848942615233,7.299218156378362,-0.8856804753174107,-0.4964699285935947,1
-2.0322001249862867,-2.6009225710207966,-0.1157417259121009,-0.031320525808179,1.2721985542500975,-3.409594018809547,-3.03605495605261,-0.4214829971663628,-1.7584055022602552,-0.0289988756511105,-14.54868509113808,-0.1157417259121009,-0.0289988756511105,-18.26983600040128,-0.031320525808179,-2.0322001249862867,0
-2.8515896834207504,0.243053701174148,0.4337966775813171,3.024638245161981,1.5061472407749463,-2.0529398207010607,0.3994705061726597,0.7700501089175859,4.415460246282732,2.5434841830898085,-0.7468226892242746,0.4337966775813171,2.5434841830898085,6.376505710386274,3.024638245161981,-2.8515896834207504,1
0.8165224079545217,2.0699333659115,-0.2274755136738848,0.569439354342419,0.3683520038409712,3.3650435951016946,2.6097567545249194,2.426178003841775,1.8465956678075683,-3.215038209080089,9.580700863856661,-0.2274755136738848,-3.215038209080089,10.950879505565615,0.569439354342419,0.8165224079545217,1
-1.9089239159952829,0.0006474934972746,-2.0466561037811064,-1.7761754566274413,-1.125096327023029,-2.3267747700565216,-1.0762931099989557,-2.2484965344996555,0.0320966070281832,-1.8982092871058,-11.312503816343249,-2.0466561037811064,-1.8982092871058,-19.646859197566396,-1.7761754566274413,-1.9089239159952829,0
-1.9419756001038384,-0.7102364142046944,-1.0904589066013182,-1.2073987577045775,-0.5944977224267224,-0.5380673042103111,-0.2370053041075847,-0.5491264809895774,0.320287814806414,-1.2724999400064294,-6.445250624547747,-1.0904589066013182,-1.2724999400064294,-11.184176699684542,-1.2073987577045775,-1.9419756001038384,0
0.29459420969304,-2.1573047146512545,-2.51445277806586,-0.1240196945326428,-1.047774946139099,-2.0906858500046592,-0.7086224205128302,-1.1169408841023638,-2.138894533070498,-1.057867465900299,-7.934591785913304,-2.51445277806586,-1.057867465900299,-20.747402431298006,-0.1240196945326428,0.29459420969304,0
-0.8042733521722633,1.505115648777246,1.9499233608409208,-0.6085240596264206,-1.3106457843043726,1.3867199290748833,-0.3556204477400334,0.5881379513426596,0.8982707706724848,-1.0283711527333808,1.4817664946549145,1.9499233608409208,-1.0283711527333808,7.18832307556365,-0.6085240596264206,-0.8042733521722633,1
-2.8123167036976287,1.6369159510725422,-3.124136871605445,1.9426152944950024,0.2269319438002478,0.986348644923268,4.765692205845301,-1.0296109710894006,6.978933668885142,-0.4261409300627861,7.079463107498967,-3.124136871605445,-0.4261409300627861,5.4684864370611885,1.9426152944950024,-2.8123167036976287,0
-3.216533914263003,-2.537221931984851,-0.0977562140306398,-4.08128782094271,1.4238989372468511,0.0661754880980272,-1.6153849852895636,-0.4644017814099108,-1.745272376672424,-0.2913680797818943,-11.609445756065968,-0.0977562140306398,-0.2913680797818943,-13.273361161931975,-4.08128782094271,-3.216533914263003,0
-2.5444451508141093,0.5534480305972711,-2.104477456408908,1.091919877393518,-0.0375635093661912,1.6110190042397887,3.665270970353722,-0.9728278925829572,4.914851233324705,-0.8742790026185618,5.113952733391417,-2.104477456408908,-0.8742790026185618,3.4072026063968903,1.091919877393518,-2.5444451508141093,0
0.2434013388141021,2.5841329527339862,-2.352052165879372,2.2011184684716945,-0.0638778328313466,1.1886356078496378,4.154303399832605,0.938969468704792,4.832089732717848,-0.4784429131422427,11.081784462409422,-2.352052165879372,-0.4784429131422427,10.285914278145952,2.2011184684716945,0.2434013388141021,0
0.1835014783732433,2.648400678171366,-0.8289787550289021,2.6749341749073032,1.0469545344282092,2.146194171871152,3.4803055604768565,-1.718930412953847,4.373609607227948,-2.047977295189378,11.231552940481695,-0.8289787550289021,-2.047977295189378,14.260471566456332,2.6749341749073032,0.1835014783732433,0
-1.4400566696761148,2.408089708099586,1.5019442473112077,-2.508819110925422,0.3435545770399357,1.6828084232063476,-0.3302677991529523,-0.0223085389124311,1.1065130408707684,-1.924103318242102,-0.42954034348431014,1.5019442473112077,-1.924103318242102,6.521478381265594,-2.508819110925422,-1.4400566696761148,1
-1.948098192029472,0.6203667249811294,0.7165661069826392,2.793537704038761,-1.1719339292231947,-1.7480209300701015,0.3825771361378369,1.0974849713531636,3.860434197792989,2.8686351226285827,1.2209766356166352,0.7165661069826392,2.8686351226285827,6.701012899553481,2.793537704038761,-1.948098192029472,1
-0.7537093669077644,2.687470166556401,2.145258431671622,-2.5980779617951133,0.7051486589381767,1.4885206019090207,-1.169260592203251,-0.4150913367253287,0.1198841202534377,-2.335854623408813,-1.192391173940499,2.145258431671622,-2.335854623408813,6.932555205854219,-2.5980779617951133,-0.7537093669077644,1
1.211282285858743,1.52523438188892,2.400063083486047,0.9598701342602772,-1.314748860310423,3.0919693398632058,0.1290246634401164,0.2536835542980969,-0.2963060926861924,-3.654807375837275,6.3545427693371925,2.400063083486047,-3.654807375837275,10.376985665787405,0.9598701342602772,1.211282285858743,1
-2.747392209309968,1.77313327717341,-2.0792093525445465,1.002632293087418,0.6534789819517407,1.2877062992770707,3.3787220411435843,-0.0527551080007656,5.472603696231633,-2.2119592462279947,3.7705487544205907,-2.0792093525445465,-2.2119592462279947,3.208371016593773,1.002632293087418,-2.747392209309968,0
0.8078954558722047,5.727646153246638,-0.1125439779248138,1.1810407344303964,-0.8034342741712571,-0.3947020770777536,0.2503924205713159,-0.3171028325739657,2.9087898660972136,-5.367404418364075,1.810166191600973,-0.1125439779248138,-5.367404418364075,3.4055810649107965,1.1810407344303964,0.8078954558722047,0
-0.6216343947882337,3.2253804492229508,2.6312760916132936,-3.1664453449683263,-0.6270278518303946,1.8509069213122975,-1.3939489553294586,-0.7387387253049276,-0.0637801730307658,-2.557176419997168,-0.8120108232356404,2.6312760916132936,-2.557176419997168,7.672793240997326,-3.1664453449683263,-0.6216343947882337,1
-1.2223154217546348,-1.7643287491992936,-0.5751989892503505,-1.5577524267760607,0.9136072175680342,-2.021888750904354,-2.360956289612563,0.4596373180748159,-2.31714533324536,-1.2380785109484087,-12.18720890009967,-0.5751989892503505,-1.2380785109484087,-17.40448471571719,-1.5577524267760607,-1.2223154217546348,0
-4.75204609361176,-1.7662362398371272,-3.933372028457125,1.7987430468465473,0.0775853894863909,1.545665773410522,5.324976815438557,-0.9345938948984712,6.700487413461454,0.3104082560426324,4.007177331699893,-3.933372028457125,0.3104082560426324,-2.316632948089043,1.7987430468465473,-4.75204609361176,0
0.9656069980092874,-2.061904665883445,-1.0023035987255873,-0.8002508258859425,1.2762639878735544,-0.7998257480589936,-1.7265084632236056,-0.1871655478638609,-3.9040749386089177,-2.933842849991777,-8.156551303093469,-1.0023035987255873,-2.933842849991777,-16.858034251990617,-0.8002508258859425,0.9656069980092874,0
-0.8467142509416584,1.0331689285735066,0.1910257943008366,2.418764571570088,-0.0620886982142874,-2.2066271281687477,0.1809091433408402,0.3456203446514458,2.976492833780945,2.6948750768801557,1.0677492130854367,0.1910257943008366,2.6948750768801557,5.704712671197842,2.418764571570088,-0.8467142509416584,1
-2.497689144917849,2.930019265969712,-0.6757644498526023,-0.7095752444344172,-0.8089638929258004,2.973832451401403,3.728439056283426,0.5424239695321018,5.682105239770339,-0.6534322191007972,8.745426616602881,-0.6757644498526023,-0.6534322191007972,13.789019505729106,-0.7095752444344172,-2.497689144917849,0
-1.7008244362433778,2.503362717413796,2.874816646069384,0.6410545974541751,0.356412583534376,0.3298806938562104,-1.0760241605762872,0.6400266183843293,2.3391504853806957,-1.244227408795648,-0.21689730303492105,2.874816646069384,-1.244227408795648,10.893339221069564,0.6410545974541751,-1.7008244362433778,1
-0.6434098511776052,-2.6967311265530007,-2.274902930366532,-2.6945498095452747,1.3079641925493437,-0.1210306911615348,-0.5473897031066655,-1.331913110391086,-2.93829001282013,-2.0728235707279654,-8.896965443433581,-2.274902930366532,-2.0728235707279654,-19.42029280977327,-2.6945498095452747,-0.6434098511776052,0
-2.409751302030475,-1.2748098035907904,-1.7012445908215552,-1.7055657276420493,-0.7163942937007461,-0.6477016166464535,0.066182409195886,-0.1591494715377279,0.430323432186146,-0.6379739383705955,-7.257321595730931,-1.7012445908215552,-0.6379739383705955,-13.572549406692367,-1.7055657276420493,-2.409751302030475,0
-0.2698299691665242,1.5716137916978314,0.5817781406257807,1.0957116395905313,1.4141103906067818,0.5121343635435496,-0.368835165824599,1.53739673068429,0.7369622849085521,-4.37437820829311,-1.3214491849087713,0.5817781406257807,-4.37437820829311,0.07138488463099435,1.0957116395905313,-0.2698299691665242,0
-1.9425187924942005,-1.5527180577171862,0.0557737515895724,-0.9723974498572896,0.1334994190613714,-2.6996992139878837,-3.107258779536369,0.3496153310283852,-1.860760640658374,-1.6479731755641711,-14.622264683144985,0.0557737515895724,-1.6479731755641711,-19.031110069295714,-0.9723974498572896,-1.9425187924942005,0
-2.382821151163094,-0.2881879323027998,-0.5834739775385094,4.293562472466775,-0.7511672196238788,-2.849978791886476,1.0122859159603566,-0.5866945887618727,4.7644195386487205,3.355264170311594,0.29014589149987935,-0.5834739775385094,3.355264170311594,2.341261785609665,4.293562472466775,-2.382821151163094,1
-0.5624905410584166,2.443959921218636,1.1346876089213125,0.8962930190888467,-1.0053151259972355,2.532721015966036,1.3523423232226504,-1.259064911448193,2.5815551245046837,-3.213745721969125,5.981801032434664,1.1346876089213125,-3.213745721969125,10.238009140777635,0.8962930190888467,-0.5624905410584166,0
-3.3183777715621785,-0.0392156578172369,-5.596543295528614,2.0329269615773558,0.7339504783642384,0.0589521458813615,6.169611012206939,-1.4723540615107775,7.606464060531844,1.6380803140666789,6.600929150234282,-5.596543295528614,1.6380803140666789,-0.7635371120029986,2.0329269615773558,-3.3183777715621785,0
-2.847254215673152,0.5459326024315,-4.292636514396936,0.9888307472842686,-0.568876975197369,2.0742931875417803,6.424832695720585,0.7831556560131748,7.196782995957062,1.5264667732458124,10.787394978092573,-4.292636514396936,1.5264667732458124,6.551887837556904,0.9888307472842686,-2.847254215673152,0
-3.76387146478793,-0.4543573927633484,-0.2567492849773927,-1.7657134375022143,0.9859483833147212,0.7314921238294015,0.3850428761819665,0.2079200673839576,2.07661098366104,-0.9674528497501166,-5.10336802096284,-0.2567492849773927,-0.9674528497501166,-3.629668218807893,-1.7657134375022143,-3.76387146478793,1
-0.8091805953289671,1.140614231551777,0.2629597859163981,2.697357607735759,0.0061314504352268,-2.7909445985912846,-0.7740967820735402,0.7990680731422993,2.257304888410152,0.6775080146376016,-2.649686720659939,0.2629597859163981,0.6775080146376016,-0.05905638031012961,2.697357607735759,-0.8091805953289671,1
-3.8505731352450847,-0.0710766641752418,-1.5573124532434814,0.479469499944398,1.587400602415537,1.0212110757668786,2.269997183328112,-0.3020970410246056,4.2978455909518924,-2.0279334780507114,-1.157694442664771,-1.5573124532434814,-2.0279334780507114,-1.7348694055714908,0.479469499944398,-3.8505731352450847,0
0.5971130831147202,2.343994834253742,-0.9679548232137176,1.6865068488102484,0.6779699708965284,0.441541802865852,1.8956457398310127,-1.046921750106906,2.660756751585754,-1.446649908612702,5.959694203128725,-0.9679548232137176,-1.446649908612702,6.805752267859452,1.6865068488102484,0.5971130831147202,0
-1.8340272549474976,-0.2948020727943645,-1.72714977726726,0.2503288740360414,-1.2083035156593327,-1.419676346548835,0.6014616144050655,-1.6795027929134034,1.8926484478167056,0.189817857842951,-3.926573674555474,-1.72714977726726,0.189817857842951,-8.822650472837935,0.2503288740360414,-1.8340272549474976,0
-1.1901322470200124,0.7461467202868032,1.0455013482459687,1.809176527659293,0.5753567245201257,-1.8454922932823687,-0.1462185951046479,0.1434059610713044,2.753046049631391,3.7731537754006377,1.3011415946573361,1.0455013482459687,3.7731537754006377,9.540573862810508,1.809176527659293,-1.1901322470200124,1
1.0313933791305172,3.0101925150675086,2.03464972129763,0.7014050381404282,-0.3097108118065725,0.5904830399775968,-1.40013643314247,1.4106923204208948,-0.2010061474073071,-4.428792864789577,0.09502771436160007,2.03464972129763,-4.428792864789577,4.225629321140978,0.7014050381404282,1.0313933791305172,0
0.4353956718595064,-4.014901288053147,-1.534115808466961,-3.783438857550271,-2.0843316213428005,0.7645167116129805,-1.6254622890496022,0.5212157911887249,-5.96026743745788,-2.906808808563629,-10.366182148131182,-1.534115808466961,-2.906808808563629,-26.010743919819976,-3.783438857550271,0.4353956718595064,0
-0.5506098186625825,0.4817787266904327,-2.034783640584353,-0.0216893737371512,1.1364555743248452,0.0575718734027608,2.0190408755101856,1.2523463622980082,2.109950691406359,0.5511002505590143,2.59476440716542,-2.034783640584353,0.5511002505590143,0.8430133668699404,-0.0216893737371512,-0.5506098186625825,0
0.0703373498562407,3.777333915319183,3.022461577753363,-1.2735282110060169,0.8467711090082444,3.406885299540374,0.5122338401817138,-0.6465284794765146,1.7234231147493042,-1.626413148305195,8.273734345126673,3.022461577753363,-1.626413148305195,21.934423950763595,-1.2735282110060169,0.0703373498562407,1
-2.499035747056721,-0.6950224709611786,-0.3855541253390682,1.0421436359310765,-0.6760707152936095,-1.9436953941346269,-0.6621079273559884,-0.8396083720406722,1.6663247541018793,-0.1039429039829249,-6.80535620169499,-0.3855541253390682,-0.1039429039829249,-8.666763255287599,1.0421436359310765,-2.499035747056721,0
-0.7210444684607126,1.3536814246251754,0.4843376806736714,1.865197259177864,0.0308071349979501,-1.2827372774563344,0.3593286844128317,1.130526619537311,2.807809072638781,1.996651795836328,2.2883401406788177,0.4843376806736714,1.996651795836328,7.803898968255229,1.865197259177864,-0.7210444684607126,1
-0.6409282065909122,-2.4353469383820743,-3.2737878874706263,-3.5118523410750817,-1.6188225719864404,-0.2647241606740245,-0.1792365397102255,-0.6975419424751146,-2.891017789936753,-2.367293022383812,-9.664105369490155,-3.2737878874706263,-2.367293022383812,-25.609649088084286,-3.5118523410750817,-0.6409282065909122,0
-2.688723566962241,-0.9746541504921884,-1.5781080487053838,-3.003729040802941,0.4203098174852043,-0.3424551746989315,-0.1352817110655255,0.553627409358232,0.1794551096567562,-0.6928826123165128,-8.180181431037273,-1.5781080487053838,-0.6928826123165128,-12.611342827748185,-3.003729040802941,-2.688723566962241,0
-0.6096901521674863,-0.7816478672796819,-2.296162235424425,-1.8427039341995004,0.4375062034730363,-1.5231095963463952,-0.9626665172785864,0.5884361802403073,-1.6556307609028833,-2.752845620092959,-9.995773283711005,-2.296162235424425,-2.752845620092959,-19.901158878430152,-1.8427039341995004,-0.6096901521674863,0
-1.1914772853889408,1.0516874032700392,-1.7596843692212616,2.0935639216532635,1.0714759302545598,1.1769668209702664,3.0975405863389613,-0.457676992988433,4.09256554672834,-1.6994808588396932,5.705767408974162,-1.7596843692212616,-1.6994808588396932,4.782072926576191,2.0935639216532635,-1.1914772853889408,0
-1.5078749814665964,1.7626427166315826,0.0559633340908287,2.895817847802752,-1.439608130798827,0.772862825708794,0.7906008053433786,0.4780378151922834,3.079748015251485,-5.713063150323819,-0.22615111059511417,0.0559633340908287,-5.713063150323819,-2.4422429712876204,2.895817847802752,-1.5078749814665964,0
-0.3445515854336265,-3.946277929613437,1.196866011109834,-2.056225144344534,1.0615091571758442,-0.3254600985961904,-3.081664388007106,1.1850069835830157,-5.051533644564272,-0.1681208902832012,-10.247760134874285,1.196866011109834,-0.1681208902832012,-13.202247130528766,-2.056225144344534,-0.3445515854336265,0
-2.251023422163738,0.7821026942248123,-3.570482466385691,2.5096238082261504,-0.3884799067714809,1.1147137134880134,5.100960834170836,-0.0951481230773201,6.418352971340095,-0.322674480515092,8.048416860918996,-3.570482466385691,-0.322674480515092,3.410506085743126,2.5096238082261504,-2.251023422163738,0
-0.3473751344100579,-1.925306307737499,-0.7776582148698161,-0.527379246019608,0.1288496213559143,-1.868647374692954,-1.951613686546596,0.1634477466174772,-2.4911638779417724,-1.3921113488120378,-9.881080472911707,-0.7776582148698161,-1.3921113488120378,-17.033162503933088,-0.527379246019608,-0.3473751344100579,0
-1.666696850812276,-0.3224429071667454,-2.311006794779303,-0.8267687407813089,-0.1702237919711792,-2.453902073094403,-0.4979029749150218,0.2893389056429845,0.5228896274621243,-0.9410612585193197,-9.162676878383477,-2.311006794779303,-0.9410612585193197,-16.651527896316587,-0.8267687407813089,-1.666696850812276,0
2.756785908146915,3.801995916832162,-1.4084987917279896,1.688153729216333,0.3884246136775064,-0.9653314765290948,1.1896882582249817,0.1871071001250919,1.5267773456220175,-1.4447438335412808,6.0612170258209215,-1.4084987917279896,-1.4447438335412808,5.361653750201272,1.688153729216333,2.756785908146915,0
-0.5208974948472278,2.0031367163691955,-1.1209772783833798,2.6243658358706003,-0.2496555382189193,1.3131196202309028,2.915363738037005,0.9792597442869628,4.175090729875522,-2.2225090513750008,7.425698984516377,-1.1209772783833798,-2.2225090513750008,7.287563166594313,2.6243658358706003,-0.5208974948472278,0
-1.1579994190739642,1.8225944881540537,1.0587354875323896,1.8768045470679249,-0.8866391692045981,-0.2417657362715306,0.599841997279881,1.434001003730461,3.356623773940828,0.7467815711570148,3.4044917120418487,1.0587354875323896,0.7467815711570148,9.719715617602514,1.8768045470679249,-1.1579994190739642,1
0.1675189729348078,1.759890437269322,-0.6814305494362397,3.0274430341073493,0.3364997888209008,-0.2733188939629085,1.2225525531697263,-0.6723935843265022,2.632447295005968,-2.410573051850007,3.220194157705382,-0.6814305494362397,-2.410573051850007,2.6797260809464523,3.0274430341073493,0.1675189729348078,0
-1.641527191978381,-2.187141294430944,-2.329255465691945,-1.9822849689285476,0.7489361138059267,-1.4907037251835744,-0.9067178827984834,0.0462116036709171,-1.6036647786426823,-1.709154416877698,-11.408233205381203,-2.329255465691945,-1.709154416877698,-21.401754355295584,-1.9822849689285476,-1.641527191978381,0
-1.4138634466241335,1.60315040311947,-0.5090193440770291,1.0892662704634208,0.2690526930157071,1.4593905807900291,1.722715248146867,1.2065357234543024,3.0903612841647075,-3.343422418918668,2.576627217767015,-0.5090193440770291,-3.343422418918668,2.9144058236373356,1.0892662704634208,-1.4138634466241335,0
-0.4314496338432059,-0.3901874671289698,-2.328227734734002,-0.4465232312446936,-0.2546079860138835,-2.103506110648005,-0.478443618025322,0.2378751563488673,-0.4687600943434714,-1.569337493567185,-7.522953665105387,-2.328227734734002,-1.569337493567185,-16.487364668249583,-0.4465232312446936,-0.4314496338432059,0
-1.2142755005066557,-0.5475612796507106,0.6923133302245114,1.4538056178930532,0.6089844464924351,1.137225905916003,0.8628932475152835,0.8730660663320997,1.6232694900587383,-0.2262353250519884,2.603078572030988,0.6923133302245114,-0.2262353250519884,5.720495222729205,1.4538056178930532,-1.2142755005066557,1
-1.3109182731938935,-4.195409947387816,0.8622842404743563,-2.5072414644967527,-1.133042347377462,1.7236827607665228,-1.056971306902573,-0.5060892911918885,-3.3581997399420875,0.6051065644656011,-5.018068905982388,0.8622842404743563,0.6051065644656011,-8.594391827606344,-2.5072414644967527,-1.3109182731938935,0
0.7003188307845014,3.851669959152043,0.1326088015469722,-2.817543185656798,2.177293447549065,1.902565889932106,0.2341418874084744,-0.4917666126562028,0.2120842734419689,-4.168546908612659,1.6051723629397743,0.1326088015469722,-4.168546908612659,5.611314740087766,-2.817543185656798,0.7003188307845014,1
-3.2460664180371417,1.2487890122797942,2.767197216801676,1.009986382804885,1.0654247235975804,-2.29625667591645,-2.418611679370575,0.5161630229264693,2.57654764933283,0.9658970694836227,-7.032518984672314,2.767197216801676,0.9658970694836227,4.48088890707899,1.009986382804885,-3.2460664180371417,1
-0.8648167224673722,1.8262747160396964,1.8308312714818047,0.0158606668105663,-1.1785727847701737,-0.2460214946529608,-0.1103067561889027,0.6727567871994219,2.270700916203604,2.952349840793425,3.327318755681491,1.8308312714818047,2.952349840793425,12.724019248447593,0.0158606668105663,-0.8648167224673722,1
-2.497340632394031,1.4508422736244595,1.7152009030632749,2.605290292917099,1.3984839930693214,-0.7501194941231398,-0.356326212724103,0.8878039355788485,3.675776863868189,-0.7726217839701248,-1.0703950507929798,1.7152009030632749,-0.7726217839701248,7.7186948205263795,2.605290292917099,-2.497340632394031,1
-0.3176271613537453,-0.3421993660768465,-3.93998061490926,-0.1321024068169658,-0.342017345804775,-2.732943720300225,0.6529091189910079,-0.2318685066257899,0.5008851504960352,-0.6382814548875045,-6.243188710744503,-3.93998061490926,-0.6382814548875045,-18.330615796127347,-0.1321024068169658,-0.3176271613537453,0
0.6575508648424413,-2.66407842336218,-0.939897301971754,0.5470332353516292,-0.0076740636845034,-3.152980116037312,-2.46333333347491,0.6776371019248881,-3.3827117687686976,-0.036792932012676,-10.26558082073032,-0.939897301971754,-0.036792932012676,-18.926279395064284,0.5470332353516292,0.6575508648424413,0
-0.7810380425390766,0.841833013640244,-0.2702709640684502,0.1954584578478317,0.1165080524758708,0.0637509898233341,-0.3056942504985068,0.3215845403727561,0.5016541835187682,-3.652569185915838,-3.574508027818678,-0.2702709640684502,-3.652569185915838,-5.938178651914692,0.1954584578478317,-0.7810380425390766,0
-2.244354026025997,1.2550290364903007,0.3743938854263104,-2.163165731335447,0.3966279392214571,1.3613598441118484,0.1925345877144348,1.384871093794044,1.4821032739236346,-2.025602382197385,-2.2628388271303965,0.3743938854263104,-2.025602382197385,0.7629320675576452,-2.163165731335447,-2.244354026025997,1
-1.0331422189137347,1.6023704581017384,2.0226524114688407,1.663542856111576,0.7528910814937849,0.7664392228966932,1.031011396483861,-0.1786808876079835,3.527818073119506,2.725950364092501,7.522611301669328,2.0226524114688407,2.725950364092501,19.91237392782737,1.663542856111576,-1.0331422189137347,1
-2.2659348625300537,-0.5368286196556808,-0.8258229270555377,-1.0320623701506428,0.2514936699419917,0.8593476146468761,0.466118673394227,1.6712624603036346,0.9133349604029648,-2.570482131702064,-4.220494081350463,-0.8258229270555377,-2.570482131702064,-7.421393115221677,-1.0320623701506428,-2.2659348625300537,1
-0.8390312849269494,1.7501695439249416,-1.3284914472546516,3.13787106524152,1.4968802738508562,2.23387543998101,4.2163912024142025,-0.0762390173205976,5.362956420381783,-1.3362590473946068,11.396892359221127,-1.3284914472546516,-1.3362590473946068,14.031140893041606,3.13787106524152,-0.8390312849269494,0
0.8114520181817095,-2.476014917035912,-4.505161625589782,-4.460289222371101,0.0352953907452159,1.1614121399497543,1.2778679675848978,0.219308913132054,-3.6443916560209,-2.470866509167229,-4.995026382908126,-4.505161625589782,-2.470866509167229,-22.677783153201656,-4.460289222371101,0.8114520181817095,0
-3.3392364645114507,-1.0366021381708292,-2.2464294744521505,2.573446647555844,0.2384989256730541,2.134989471733835,4.516228816875354,0.1398213585182108,5.676067053498952,-0.4256319915883675,6.5581838136282204,-2.2464294744521505,-0.4256319915883675,4.136417368995211,2.573446647555844,-3.3392364645114507,0
-2.179437870162459,2.4064739214056496,0.372127992345219,-3.2777547498061104,-1.1675008238807143,1.8258101284501933,0.2688488712340804,0.4637230575571145,1.6351026983718622,-2.809564010900228,-1.9398135813286812,0.372127992345219,-2.809564010900228,0.42591544557443983,-3.2777547498061104,-2.179437870162459,1
-0.8637152927766641,2.157092816436169,0.710920665807274,1.2455446113091069,0.4799397411482786,0.9569348218338511,0.095705022999904,0.3247815941101145,1.8536237988430824,-4.781260070174156,-0.23276326853793794,0.710920665807274,-4.781260070174156,1.759704148163931,1.2455446113091069,-0.8637152927766641,0
-3.280377755830507,-0.5260250863800198,-2.766651255036336,-1.515479710920165,-0.1600386735793444,-2.6692154890160085,-0.1868283739088255,-1.894581150472303,1.7112382026768664,-0.3844403055566716,-11.231582210628206,-2.766651255036336,-0.3844403055566716,-18.60653769864723,-1.515479710920165,-3.280377755830507,0
-2.601483840227738,-0.0166170102787577,-3.756666934870538,-2.9450739795320118,1.6772395929744568,-0.7085502581124635,1.193159554491082,0.486842068967491,1.42537175787356,-2.034777068726299,-7.821892860498652,-3.756666934870538,-2.034777068726299,-16.185719271000313,-2.9450739795320118,-2.601483840227738,0
-1.3632750205427846,-1.005389171789683,-2.6960857865763965,-0.9213098359225638,-0.5335436258230818,-2.7483141706350973,-1.0542850032912174,-0.926513254779748,-0.7139602602237551,-2.152589144504212,-11.993476517320655,-2.6960857865763965,-2.152589144504212,-23.485159460158062,-0.9213098359225638,-1.3632750205427846,0
-0.9018981013199956,-2.0459980735583896,-2.128500319328518,-3.221381836456193,0.0940698411915238,-0.320776279059233,-1.1277591330260437,1.008415969942991,-3.062387366574519,-3.343485397264684,-11.282075099743771,-2.128500319328518,-3.343485397264684,-23.08989388064007,-3.221381836456193,-0.9018981013199956,0
-0.3480035205471239,-3.005950916749473,-2.3281215022696937,-3.68049227192712,0.6095098962124401,-1.180583708136426,-1.4621769051551403,2.44125584526534,-4.066909473128682,-0.7257425957274435,-11.583533626379154,-2.3281215022696937,-0.7257425957274435,-23.14727652329298,-3.68049227192712,-0.3480035205471239,0
-0.1046820727510151,-3.461789384107587,0.0855204931529807,-2.3669956392011438,-0.1129811231066104,-0.4931518277405138,-2.8000950011991037,-0.1079836860126101,-5.099053371585798,-1.7621332428485994,-11.481998995588476,0.0855204931529807,-1.7621332428485994,-19.43997195747252,-2.3669956392011438,-0.1046820727510151,0
-1.8218008654993387,0.4666354791512757,1.5349267931263024,1.9252888938020696,0.6116015615496833,-1.611531864968994,-0.0064278940564165,-0.4384273672152734,3.3408561960381675,4.740685601746272,2.0813174852058745,1.5349267931263024,4.740685601746272,12.705845939031303,1.9252888938020696,-1.8218008654993387,1
0.7780398342802246,6.268255583745862,0.6305044447452275,0.4180382898127326,-1.7759822469618929,1.998297082345489,2.150540031052737,-0.3714620210876854,4.396944522965742,-2.8479885652011463,10.763479338381387,0.6305044447452275,-2.8479885652011463,17.91347457371316,0.4180382898127326,0.7780398342802246,0
-1.3337348285267554,-0.5691871436122207,2.32236951111758,0.6589101652543321,-0.8001752986641041,1.3574807064080645,-0.7193829597923612,-2.061523112112249,0.2558237848131703,-0.9768749809545142,-0.22530833481539025,2.32236951111758,-0.9768749809545142,4.405880715202526,0.6589101652543321,-1.3337348285267554,1
-3.024975230380787,-0.7824952962177564,-0.3439336396973704,-0.5771202802508986,-0.0575029687949163,-1.9172627958465809,-0.8411071645385017,1.2625774069641502,1.4671615079548028,1.15218035664408,-7.908043206437025,-0.3439336396973704,1.15218035664408,-7.892722517553635,-0.5771202802508986,-3.024975230380787,0
-0.7017790744503564,2.692048124046658,3.4170373607716247,-1.070053152942465,0.2262922672434363,-2.0696524228039834,-3.575551502466566,-0.7877224332655192,-0.1357675368037653,0.7237573511726036,-6.070883100248094,3.4170373607716247,0.7237573511726036,5.775420906616672,-1.070053152942465,-0.7017790744503564,1
-2.5920487429804124,1.6989052749287912,-1.226092613884645,1.725384987709467,0.3842092216494622,2.7259004338570927,4.12027217887729,1.734041954422619,5.985405527634785,-1.9882556353505487,8.416058930898773,-1.226092613884645,-1.9882556353505487,10.649766346971774,1.725384987709467,-2.5920487429804124,0
-2.068623588378398,-0.2913784895598668,-2.102300042222263,2.18565917298575,0.9926281029794296,1.3523390886372009,3.460064176184926,1.5579054323183568,4.270792572783811,-1.0981187558621963,4.892280692644617,-2.102300042222263,-1.0981187558621963,2.453878950993542,2.18565917298575,-2.068623588378398,0
-1.419981197697097,-0.0276145505150378,-1.276774796134455,3.2542058442948862,-1.3608349783010791,1.3387888952607716,2.575522567562885,1.8961232762543467,3.468121437988287,-3.1722083103398404,3.887502143827339,-1.276774796134455,-3.1722083103398404,-0.9953175219113544,3.2542058442948862,-1.419981197697097,0
-0.1058570837299224,2.3112955585540718,-0.5809833691451713,2.644880491900003,-0.3318648618219791,2.1793657790377714,3.1746961962602303,0.609238830889753,4.136785160444576,-2.325524282314838,10.058222438745087,-0.5809833691451713,-2.325524282314838,11.69161685809412,2.644880491900003,-0.1058570837299224,0
-3.600245704221031,0.311754347099541,0.6910799265602413,-1.989367009189836,-0.5237592910266834,-0.237003306668885,-0.2876824317735864,1.172967699164266,2.378827859475077,1.5971059942014971,-4.442441417221185,0.6910799265602413,1.5971059942014971,0.7543264707534303,-1.989367009189836,-3.600245704221031,1
-0.2760903252121112,-1.138401071392399,-3.000007207592222,-1.7682049187617503,0.4414197598929505,-0.8081199085958056,-0.1359983601283292,0.0546948653746261,-1.731480690437589,-3.299271491884128,-8.234205984570329,-3.000007207592222,-3.299271491884128,-20.634075442043418,-1.7682049187617503,-0.2760903252121112,0
-0.4086332088325528,1.4215261171806617,2.4807901504183083,-0.2987460578439855,0.0439083018771567,1.794684455661859,-0.6005351500514663,2.017775813175065,0.3714670228508815,-1.6395618449995786,2.0634187667767963,2.4807901504183083,-1.6395618449995786,9.61755827023586,-0.2987460578439855,-0.4086332088325528,1
-2.7127923897587998,0.6912107655133722,0.9560539866676434,4.375713840214599,0.3915511752600938,-0.554682489760918,0.8019146116703906,0.1183500656551772,4.754916684280077,-0.9153688349993554,1.1313130131183708,0.9560539866676434,-0.9153688349993554,6.609133675076536,4.375713840214599,-2.7127923897587998,1
1.002550280800146,3.40254274447051,-0.6150538258584145,2.4643775825606804,0.6769940973750542,0.945919093550617,2.1922335003903166,1.1234272870957618,3.292694174243437,-2.690522405113425,8.263019890209462,-0.6150538258584145,-2.690522405113425,10.46830644262851,2.4643775825606804,1.002550280800146,0
-0.7023319206995722,-0.3786855588988258,-1.633699889029839,0.8792271946813282,1.1003928922787292,-3.3264119674974326,-1.36526916011538,0.5076118229432475,-0.1490860697940142,-1.2304118719842276,-9.450295252011543,-1.633699889029839,-1.2304118719842276,-15.33662844585161,0.8792271946813282,-0.7023319206995722,0
-0.9266485751683192,3.173897249746826,-1.1204729164478495,2.0172166192374084,0.0722883471248695,1.2731451276395789,2.7908573196182287,0.3607557546638348,4.78853864811906,-3.2557918996535715,6.34582096905973,-1.1204729164478495,-3.2557918996535715,7.366095289522564,2.0172166192374084,-0.9266485751683192,0
-0.9878283762540484,2.199472292039206,-1.5244258387047167,2.2368138227937253,1.1523486389619255,2.1818802809833464,3.9617121379139073,-0.682074798023783,5.153042659419883,-2.0548636080649296,9.719066830394553,-1.5244258387047167,-2.0548636080649296,11.340383278410643,2.2368138227937253,-0.9878283762540484,0
-1.8839484421264057,1.577641101670368,1.5073076133805918,1.24264656985653,0.3351605665351178,-2.5646792563995007,-1.7293569303757492,1.963552833543816,2.2313525971317185,0.8549170700264571,-5.067459143747802,1.5073076133805918,0.8549170700264571,2.110905092353293,1.24264656985653,-1.8839484421264057,1
0.3630249334314026,2.061563293431392,2.2476658093678745,-0.0724169589892522,0.809861984870875,2.8186374684212967,0.201654609092419,-0.0980009667833399,0.5184945952415876,-2.8056684518323003,5.385432361976255,2.2476658093678745,-2.8056684518323003,13.081998261752437,-0.0724169589892522,0.3630249334314026,1
-0.3757382841977463,3.9115664442618554,3.172936533271879,-1.409664219580414,0.867394492997976,1.5353555099960794,-0.4314837132812303,0.0125757696003142,1.9618806160428155,0.4647371921199559,5.230128439314579,3.172936533271879,0.4647371921199559,20.748419474558254,-1.409664219580414,-0.3757382841977463,1
-2.035766664981727,1.444733714843034,-3.5089089736171,2.997140382474301,-0.4952150980047351,0.0427123792206949,4.043193386318865,-1.9768215689475903,6.003437263272462,-2.1039050821912357,4.430820494904626,-3.5089089736171,-2.1039050821912357,-1.7384276615082181,2.997140382474301,-2.035766664981727,0
-1.9299482933710803,1.9784916570391788,-0.4447693309653329,1.647944195260444,-1.6755804496240945,2.0225628536969973,2.4230735988863987,1.329794365205076,4.321565575265437,-3.679323381258874,4.485363483950062,-0.4447693309653329,-3.679323381258874,4.140467478251642,1.647944195260444,-1.9299482933710803,0
-1.0580044201223386,-1.920961098101852,-2.208652345707778,-2.814529311705324,0.2808911266011715,1.2712942511321654,0.8685837796381118,-0.3720643253313259,-1.289262977709456,-1.6686133809057713,-4.0509359289328435,-2.208652345707778,-1.6686133809057713,-12.663476478970253,-2.814529311705324,-1.0580044201223386,0
-3.645473071693763,0.3623673023270477,-0.3116503126217305,0.1065018112545372,-0.1326040782404967,2.5887551480298017,2.3019175375201515,0.0689061331209721,4.072405004611777,-2.7052511745283763,1.5975727009392005,-0.3116503126217305,-2.7052511745283763,2.858026740375341,0.1065018112545372,-3.645473071693763,0
-0.7530816209910192,1.872674360016248,0.581529462265196,1.5404120167227435,1.6235292108918062,-2.3408805875305467,-0.9140111130345632,-0.8216808263050224,2.0906998738682203,0.5498858431569756,-2.3858816891907084,0.581529462265196,0.5498858431569756,3.4870970487769504,1.5404120167227435,-0.7530816209910192,1
-0.821404190111008,3.2057858178926466,2.90511498082119,-0.6387322616433209,1.3134731613252366,-1.151379001215649,-2.4773592286786656,-0.076865407003662,0.9056888316083416,-0.5431882950336613,-3.577656160005308,2.90511498082119,-0.5431882950336613,8.440313544892653,-0.6387322616433209,-0.821404190111008,1
-1.7316049410771468,2.11774266661694,-2.40661070473664,0.8929825336870166,-0.3114671948992015,1.8803134628118356,4.445189941356356,0.3796996774171124,5.719090404648513,-0.5813005673608722,8.903636558845964,-2.40661070473664,-0.5813005673608722,8.469603979833545,0.8929825336870166,-1.7316049410771468,0
-3.494641827135617,-1.5876042199422766,-2.001960470738545,1.608236706123018,0.8717025855988134,2.1713988438282703,3.558618139877261,-0.5744867054162757,4.284297494900192,-1.545229922427021,2.882176564151905,-2.001960470738545,-1.545229922427021,-0.48579773524446646,1.608236706123018,-3.494641827135617,0
-0.4353345192469557,1.3434720446987605,-1.1756967707494386,1.0157802053367313,0.0018035063564141,1.234258652366796,2.4164342636632474,0.1143087530592477,2.900499523615177,-1.1193350600010925,5.689534239184282,-1.1756967707494386,-1.1193350600010925,5.282405101058213,1.0157802053367313,-0.4353345192469557,0
-1.8610108727263064,-2.6181925951426823,-1.5279872483119723,-2.183353962947193,-0.630863510683409,-1.971890576009368,-1.4597348852695016,-0.2821249431377349,-1.7736385888602315,0.4937113774624522,-11.572362090641967,-1.5279872483119723,0.4937113774624522,-19.669475595229652,-2.183353962947193,-1.8610108727263064,0
-1.2410634695167593,2.7447710850537845,3.216725685673066,-0.6518403496990315,-0.5019919601812046,-0.8708886691865781,-2.479607856905428,-0.0402047345363789,0.9641021317826746,-0.2260813559549257,-3.595599285395516,3.216725685673066,-0.2260813559549257,7.427371174369795,-0.6518403496990315,-1.2410634695167593,1
-1.3780259189893906,0.7012285858037727,-1.1992537215577506,1.4301806075630348,1.5184220306521798,-0.171676511242458,1.1676083659507772,0.1928618431501906,2.559511513416026,-2.121263150363627,-0.5436245325203489,-1.1992537215577506,-2.121263150363627,-1.6235178733207334,1.4301806075630348,-1.3780259189893906,0
-5.6414201673431785,0.0064279146958363,-1.125945397724199,1.008935427468214,1.2450410082232566,4.986064167109074,5.672343258693916,-0.5908183480914292,7.920115202850667,-1.7034382743703615,9.314976493362574,-1.125945397724199,-1.7034382743703615,13.844952457728734,1.008935427468214,-5.6414201673431785,0
-1.2468642185560117,0.6944816694986105,-3.6134343385765018,0.4634662545116768,-0.381771196674043,-3.774872887516916,-0.0994384952564506,-0.7418431610084755,1.5572779549784783,-1.905133855070647,-9.643234419906653,-3.6134343385765018,-1.905133855070647,-20.580682916587726,0.4634662545116768,-1.2468642185560117,0
-1.489693573122456,1.3940913320008093,-0.2418557026115284,2.4446040718196125,1.1864155905176088,-2.82334246591798,-0.4038951603011761,0.915653804258344,3.052537100650488,0.3210219961536507,-3.3805562652855192,-0.2418557026115284,0.3210219961536507,-0.32964895680282336,2.4446040718196125,-1.489693573122456,1
-0.1532829411343133,-1.2074580481161077,-3.649245545449649,-1.5022602764201607,-1.0325332762094106,-1.62339911254576,0.07402917549058,-1.812727965073143,-1.4207408673352009,-2.255408628054385,-8.291178943325907,-3.649245545449649,-2.255408628054385,-23.20323914197665,-1.5022602764201607,-0.1532829411343133,0
-0.989723972592412,2.105955156852372,-3.280777575220505,1.961899783622833,-1.0674339329604994,0.0047596309331026,4.019943811114578,-0.002238116474181,5.465055354418737,-0.1607549512372481,6.9468390896263275,-3.280777575220505,-0.1607549512372481,2.7129213860772037,1.961899783622833,-0.989723972592412,0
-1.4482291521323352,2.875159929012987,-3.061816388277294,0.9209960787027864,-0.6008871758538126,1.9706810301152649,5.4582631826050445,-1.5649738934417794,6.76373774055194,0.2964505136419193,12.044002612060932,-3.061816388277294,0.2964505136419193,11.767248690369598,0.9209960787027864,-1.4482291521323352,0
-3.115063446861692,-0.1146714399759569,0.4964342100509913,3.731944396475361,-2.7404264220349317,-2.484992550812666,0.4787003112330916,0.896499670200166,4.902175727727323,3.528098307382755,-0.4609769733717725,0.4964342100509913,3.528098307382755,3.1433747577836417,3.731944396475361,-3.115063446861692,1
-0.1679672779044174,2.4293299301876177,-0.199527339999959,1.2805081661719986,-0.0450441180109239,-0.4634204751619184,-0.2197599521395093,0.2093488573346887,1.4525301471331893,-4.351414255515101,-1.9561443395232478,-0.199527339999959,-4.351414255515101,-3.113457838750792,1.2805081661719986,-0.1679672779044174,0
0.6816903358177351,0.5776013275968205,-1.4223358737191445,0.7172346818612975,0.4449683153761758,-1.04377658022131,0.648036775826448,1.3967601773984912,0.6241629980148304,0.1731164032922596,0.7101263639519407,-1.4223358737191445,0.1731164032922596,-2.00650969525402,0.7172346818612975,0.6816903358177351,1
-0.8502127106284493,2.4659278842645,2.6062631840263504,-0.0758500373539581,0.6314186062724064,-3.273865503031706,-3.980512294718188,-1.332449780998205,-0.1604132792606181,-0.7284514166021805,-9.716829581101686,2.6062631840263504,-0.7284514166021805,-1.589174626688397,-0.0758500373539581,-0.8502127106284493,1
-1.188823082274725,1.8518675435509613,3.112937441219352,0.8246008451529346,0.8353334353648353,-0.8694822893878131,-2.106547232340726,-0.0811931841354697,1.1788083397306164,-0.1131902787046466,-2.4710567833918278,3.112937441219352,-0.1131902787046466,8.744702081941556,0.8246008451529346,-1.188823082274725,1
-1.839075343134023,-0.9214472671550336,-0.9189456377056728,-0.5585393046414794,-1.715093347182539,-1.663221404811546,-1.2411789965092503,0.9496414986165338,-0.2750315957513403,-1.7589185970267285,-9.645602318089606,-0.9189456377056728,-1.7589185970267285,-16.57602680891889,-0.5585393046414794,-1.839075343134023,0
-5.873072674038399,0.5446876098022081,-6.151189388101507,1.57709480100889,1.7464906315946216,1.898945791998808,8.367813247022939,-0.7957176635206115,11.048572483761776,1.1588874470880717,9.573302014881326,-6.151189388101507,1.1588874470880717,5.300693955900857,1.57709480100889,-5.873072674038399,0
-2.2879818460964776,0.7924030877665281,2.108569126094582,2.291580359678748,-0.6005066354139633,-0.8408814038123371,-0.4681717306226652,0.2736145811657051,3.220867698994132,1.4127682645295534,0.058835327631012624,2.108569126094582,1.4127682645295534,8.728796322506755,2.291580359678748,-2.2879818460964776,1
-1.7464461838876977,1.6625735910584485,2.2927751862775674,1.7253348866361196,-1.391983286797076,-0.733997354809068,-0.8192775895751875,-0.9985703864824396,2.76153761323916,0.5138194804469551,-0.13199052493949792,2.2927751862775674,0.5138194804469551,8.084787480329243,1.7253348866361196,-1.7464461838876977,1
-3.3563793278235794,0.7243184340964115,-5.232265252466314,-2.893807014147676,0.6099513873319773,-0.6876536836760715,2.797021724138633,0.1842172295300934,3.587088776377524,-1.793574551219701,-5.897728102308055,-5.232265252466314,-1.793574551219701,-16.71914996846917,-2.893807014147676,-3.3563793278235794,0
-2.0719321896853504,0.7238994150958784,0.0603780471768731,3.692283947445225,-0.5276537761783373,-0.9144840128797782,1.5391266258616385,-1.070668371416597,4.847578769012036,1.4737294252983937,3.528139198256229,0.0603780471768731,1.4737294252983937,7.712838487096529,3.692283947445225,-2.0719321896853504,1
-1.5500511365592125,0.6416810792534111,0.6758887741139359,1.983124926530712,-0.2082052579899659,-1.1667739310651286,1.0431089930847084,1.0692837063951832,3.896308389391796,4.74456381545361,4.528879815632972,0.6758887741139359,4.74456381545361,12.74512246581986,1.983124926530712,-1.5500511365592125,1
-3.323402026101438,-0.6746276146014569,-0.4618019099048736,-1.4778484210562215,-1.7052076077760168,-2.761081212748519,-2.4512921227814832,-0.0825135189113944,0.0309582494032597,-1.698029927615718,-15.147362537653356,-0.4618019099048736,-1.698029927615718,-20.427662348020068,-1.4778484210562215,-3.323402026101438,0
-1.7810100841528245,1.5369326654429387,2.245895165156671,1.2417285026425469,-1.0783150666292278,-1.907069457342396,-1.8368758130593048,-0.6568354686944304,1.9956308006656656,0.7874479217872138,-3.8659157220242215,2.245895165156671,0.7874479217872138,3.7973772852726198,1.2417285026425469,-1.7810100841528245,1
-3.1896201455402453,-1.0512298990152094,-3.044235646369909,-2.7288753708902966,-0.7084881015290911,-2.416920550637976,-0.8253470899709477,0.6389568142127453,0.1563859678838358,-1.9899418196111096,-14.61885542630376,-3.044235646369909,-1.9899418196111096,-25.89217403198218,-2.7288753708902966,-3.1896201455402453,0
-0.9522276248018752,-1.530317380363294,-2.983118730340577,-2.6481412232294,-2.908660744480504,-1.6926651465028175,-0.2940244878379791,1.3163448375195197,-1.359368808711069,-0.1858836014728511,-8.995924610711036,-2.983118730340577,-0.1858836014728511,-22.345033265084744,-2.6481412232294,-0.9522276248018752,0
0.1086266743265391,-1.9682996923470264,-4.340411218614109,-4.100684777479175,-0.4697297964895977,1.6895735177999134,1.8244190899109096,-0.8037236608946853,-2.376712271330847,-2.9751150417748717,-3.731906711763797,-4.340411218614109,-2.9751150417748717,-20.337431523045353,-4.100684777479175,0.1086266743265391,0
-2.1495026349582123,1.1712887753349714,-1.370482914619369,1.9264484178691563,-1.3115439660370012,1.632771249824012,3.239156234792916,0.8225729212004805,4.900789970534509,-1.8899517378993285,5.562981554787527,-1.370482914619369,-1.8899517378993285,4.086213782513036,1.9264484178691563,-2.1495026349582123,0
-0.8763787092611031,-1.9958974259924616,-1.2595367671757072,0.3004705655327648,-1.063258686531278,-2.180906629969931,-1.100911107683363,-0.4596052987574804,-1.0337350151472071,-0.1292034528637857,-8.163733390207812,-1.2595367671757072,-0.1292034528637857,-15.984897027380525,0.3004705655327648,-0.8763787092611031,0
0.0149759055464058,-1.5194031169071716,-4.043431175575881,-1.5739205585026974,-1.923216286209752,-0.8092644752191509,1.0463658552740405,-1.431188333235752,-1.134972674815394,-1.6531163074206,-5.303627172448325,-4.043431175575881,-1.6531163074206,-21.4768282394462,-1.5739205585026974,0.0149759055464058,0
-3.301279860277222,-1.090008356430886,-1.4067958855755345,-0.6178654095195786,-0.885668184006416,-1.4059026069436178,0.1243648761156783,-1.3387237061355737,1.9384419984817232,0.3944042225721069,-7.302189741427136,-1.4067958855755345,0.3944042225721069,-11.288879315020974,-0.6178654095195786,-3.301279860277222,0
-1.446556963466619,-3.3205404247030588,1.4292498763155042,-2.977557702987915,2.0064086377129366,-0.5687913755955979,-3.954881578198766,0.7947585224719341,-4.954268763570309,-2.107741754716397,-14.944861175263952,1.4292498763155042,-2.107741754716397,-17.076413525306602,-2.977557702987915,-1.446556963466619,0
-1.654858565850681,0.4207672732821341,4.739968331767363,0.2908960379899898,0.1230186735267556,1.7515780152256029,-1.9400469636398805,-0.8180021847417462,0.2802706089025318,-0.457505502484159,0.16240830974860926,4.739968331767363,-0.457505502484159,13.700521005376082,0.2908960379899898,-1.654858565850681,1
-3.434725905113279,-0.576676503283991,-0.1148498587594484,-0.3807619947082452,1.805668878116265,-4.204476568565173,-3.521289774265939,0.6555543582884528,-0.0173346940980151,-2.0643231532525745,-18.386730467754372,-0.1148498587594484,-2.0643231532525745,-20.152282452090823,-0.3807619947082452,-3.434725905113279,0
-0.1463225841764175,-1.491971732686667,-2.280024168494452,-1.8243178923100325,0.6165793523072711,-1.8312784904905688,-1.4192025676952544,-0.5972789358462477,-2.704599897855184,-2.4618599679221336,-11.006231725771643,-2.280024168494452,-2.4618599679221336,-22.020208231712573,-1.8243178923100325,-0.1463225841764175,0
-0.6935432716450757,2.8738284502633067,0.5304350494610381,-0.2792939861583678,-1.3845180194249966,1.7417136859288678,0.6411455266737489,-0.397548696545778,1.9541297327072285,-4.237615361177912,1.7879487298134351,0.5304350494610381,-4.237615361177912,3.155211790358256,-0.2792939861583678,-0.6935432716450757,0
-3.993643885395015,0.2128967923236884,-3.8604245355035736,0.4433185973597753,1.1084446017228928,2.505915437415827,6.269193121338576,-1.0893426377121065,7.522626780606608,1.308977606156597,9.252573106615275,-3.8604245355035736,1.308977606156597,7.921392132495165,0.4433185973597753,-3.993643885395015,0
-2.948759268807037,1.3983399385701123,-1.1401738671167363,2.3789489563722546,-0.4753922422145422,2.2357433760283776,3.644569529210688,0.2190715625376686,5.942856928241056,-2.810719526584323,6.13386638081845,-1.1401738671167363,-2.810719526584323,6.49977759141497,2.3789489563722546,-2.948759268807037,0
-1.425174011276552,1.1624338112858366,2.1342544785733297,1.1260634227391733,-1.882520751467464,-2.1808291778710123,-1.6885369248833908,-0.3916706095040324,1.799723670087427,2.542799807253093,-2.644072250623865,2.1342544785733297,2.542799807253093,4.754580990694065,1.1260634227391733,-1.425174011276552,1
-0.4687893060265693,2.182682224926107,0.1932533344754254,1.7596370312348857,0.4120834648714601,-0.519163711393284,0.972044351797106,-1.2084822042690762,3.231929489311805,0.6345087524653383,4.041755631610299,0.1932533344754254,0.6345087524653383,9.398258168945471,1.7596370312348857,-0.4687893060265693,1
-3.5780836837919296,0.9290384174811974,-0.7108333117741217,-4.874711976812119,-0.2471716122443994,-0.501182935095585,-1.437686645091465,-0.3874886632696904,0.28202004230095,-2.623541465396406,-12.587351223801893,-0.7108333117741217,-2.623541465396406,-14.732168755212914,-4.874711976812119,-3.5780836837919296,1
-3.2954513566957955,2.229315868489428,-2.1791307517703844,0.8640102764612386,-1.841919078931543,1.739836443257083,4.570848934558792,0.6069426083866378,7.189948486329581,-0.1383294681785096,7.7100671411493185,-2.1791307517703844,-0.1383294681785096,7.9598089540157995,0.8640102764612386,-3.2954513566957955,0
0.7646468152752268,2.704533198416086,-0.0979197424841533,3.4749706369967592,0.023104346000731,-0.3899257200512724,0.0993189901959974,0.8687983383055493,1.7449446175771086,-5.67600460709982,0.5876135936817048,-0.0979197424841533,-5.67600460709982,-1.3008930466397668,3.4749706369967592,0.7646468152752268,0
-0.8234716969916706,-0.070956531493056,0.4094900090380591,0.3498804761899636,0.1243847669077142,1.87938129611237,0.8165019959038229,-0.2592218130040925,0.81758058857294,-2.122826671494024,1.907890164339776,0.4094900090380591,-2.122826671494024,2.5379316351180154,0.3498804761899636,-0.8234716969916706,0
-1.535425538847654,-2.34715893027468,-1.238761778665706,-2.9610916539765326,1.1127981956129065,-1.2728762178520054,-2.036657271574407,-1.038540857035756,-2.9298313965064886,-1.822516616094217,-13.248602446471502,-1.238761778665706,-1.822516616094217,-20.94905369734299,-2.9610916539765326,-1.535425538847654,0
-3.598732934532206,-0.5527814638418331,0.8569628228356398,-0.0639700585508651,0.0546117829100704,-3.149516219340571,-3.038368439396625,0.4133720291303957,0.6251549293381542,-1.1278728677748249,-14.680758202777495,0.8569628228356398,-1.1278728677748249,-14.078867956418595,-0.0639700585508651,-3.598732934532206,0
-2.6672947899279817,0.8357723938931251,2.364321391516913,-2.2564875607403696,1.806858884146512,0.4734168707566462,-1.716688329035741,2.5083062730565637,0.5922489321612558,-0.4776198213489604,-5.335484365646635,2.364321391516913,-0.4776198213489604,4.340524006031512,-2.2564875607403696,-2.6672947899279817,1
-0.8085441756025722,-0.865457171867655,-1.807798498014727,-1.9886074418959128,0.0439005331233884,-0.938633136081915,-1.0280230514814517,0.2900878996354323,-1.7464758268954983,-3.1168791554701767,-9.684777268481598,-1.807798498014727,-3.1168791554701767,-18.895895970221456,-1.9886074418959128,-0.8085441756025722,0
-0.0977974845617595,3.594129065730347,0.8059077731005164,0.5860576466616159,0.9158237815976042,2.421092726465268,2.029028532929733,1.2519474545131573,3.4643901122210377,-1.922299206256461,9.031304007434013,0.8059077731005164,-1.922299206256461,17.087227500463108,0.5860576466616159,-0.0977974845617595,0
-1.394325029459459,-2.0564982993933,0.9418599826377964,-0.3268824014607847,-0.1693288571150473,-2.8383817883350213,-4.1955671406084685,-0.402833428474804,-3.2041374791421853,-2.635908795749409,-16.285945243341462,0.9418599826377964,-2.635908795749409,-21.110913357192363,-0.3268824014607847,-1.394325029459459,0
-0.5873561290567842,-1.3775789063761763,-4.100662465396576,-2.3521799636849074,-1.67308401250574,-0.954062547430854,0.879784503980331,0.9610934572320832,-0.9415043147844382,-1.517915156330145,-6.86337074632939,-4.100662465396576,-1.517915156330145,-22.408625118530228,-2.3521799636849074,-0.5873561290567842,0
1.5722278562121297,3.741508212604165,-3.005080289450607,3.6227712886382624,1.018537427650395,-2.400350590597664,1.3709884656475304,-0.7982060763581541,2.979388387015212,-4.36932288603068,1.1374717558760783,-3.005080289450607,-4.36932288603068,-5.273916738031238,3.6227712886382624,1.5722278562121297,0
-3.691934092939293,-0.6463551491541037,-2.8734460975480327,-2.418917083383936,0.563673654270156,-1.8685742023414011,0.4558259939774588,-0.081874177190839,2.076139953900321,0.3934024991422951,-9.645126237040381,-2.8734460975480327,0.3934024991422951,-15.329557670296639,-2.418917083383936,-3.691934092939293,0
1.5969968525950329,4.142499763971647,-0.2115560680806927,2.5829525687779435,-0.1257462974957726,0.1755877167397448,0.8236900134921468,1.4086194934459193,2.201891943592013,-4.852983502917107,4.644331129399153,-0.2115560680806927,-4.852983502917107,4.938778603636145,2.5829525687779435,1.5969968525950329,0
-1.973151192068819,-0.6775396093180843,-1.20854167213012,0.4166423159907066,0.073886936124554,-0.9090943439724536,1.3394847796038287,-0.4968761273415282,2.667622528408909,2.947428296826356,0.2346759030890806,-1.20854167213012,2.947428296826356,0.5804115872942922,0.4166423159907066,-1.973151192068819,1
-2.129822524105648,3.112988166477563,-0.5882084102452719,0.4545801686739432,-0.8455521763546138,2.585417982254428,3.431838321217682,0.4050353858557128,5.624654951705405,-1.839638901912096,8.200781194860301,-0.5882084102452719,-1.839638901912096,12.23039607532276,0.4545801686739432,-2.129822524105648,0
-1.8554556714669093,-1.487967770758463,-1.941423722778272,-2.899111582454816,-0.1820404310856558,-1.3527735625705095,-1.0068576051423714,0.3775547328379105,-1.3163041258049526,-1.058519022230657,-11.013458777194236,-1.941423722778272,-1.058519022230657,-19.287053530058646,-2.899111582454816,-1.8554556714669093,0
-1.4690901059401411,3.744938271827297,-1.50632361912133,1.5894434965351474,1.3227032199889794,1.795490521881794,4.0361032261189695,-0.2677655187248448,6.407957123454823,-1.7365728407485082,9.755803091556352,-1.50632361912133,-1.7365728407485082,14.24156892359911,1.5894434965351474,-1.4690901059401411,0
-2.3845150455875808,-0.186203516332718,0.6343662566064654,3.215461257529648,0.400737253691613,-1.0505088251790484,1.7208332161926223,0.7636681497189952,5.0498386057734574,5.499611173834463,5.764169435278339,0.6343662566064654,5.499611173834463,15.025543424086415,3.215461257529648,-2.3845150455875808,1
-1.7867603782852286,0.0910237120893593,-2.327845756021197,4.596114706568799,0.3932951381664807,-4.0612253962295455,1.2656681607095277,1.900649041722087,4.754209234699464,2.3764530604372665,-1.5799515309393661,-2.327845756021197,2.3764530604372665,-3.9475554545282643,4.596114706568799,-1.7867603782852286,1
-1.598842591958152,1.591948579666468,1.7563561405144503,1.4748471243537031,-0.3709311036076682,-2.4525941372569653,-1.971811856691013,-0.2793502470569215,1.8468140676627791,0.228161691782645,-5.180885327360279,1.7563561405144503,0.228161691782645,1.1470379086068934,1.4748471243537031,-1.598842591958152,1
-0.7981334573407242,1.867399425914124,1.4444824935773692,-1.6409481548622955,0.0283202636777641,1.3882117956736406,-0.5949515082223987,-0.3920477826671146,0.3713106329756818,-2.3541303331122894,-0.7443404362763026,1.4444824935773692,-2.3541303331122894,4.0406878442297565,-1.6409481548622955,-0.7981334573407242,1
-0.2558355114009081,4.041757627101143,0.947586278971664,-2.953558866040392,-1.1741423724811146,1.4224159497840276,0.170400134852005,0.4312838168862984,1.461223775395154,-1.3689380108035132,2.47865727327639,0.947586278971664,-1.3689380108035132,8.585746665363411,-2.953558866040392,-0.2558355114009081,1
0.5342960198782407,-1.8630434857436928,-0.9712948744801372,-0.4728913499584133,2.2331159171321766,-2.3840567177628387,-2.568366807211138,-0.7554608013928819,-3.6247607513226656,-2.2810843015973847,-11.419203360158066,-0.9712948744801372,-2.2810843015973847,-18.713255641201606,-0.4728913499584133,0.5342960198782407,0
-1.5981434188093702,1.0486526641413318,3.1512131456694563,-0.5044882399806554,-0.6116931217017983,1.9441498455898087,-0.8662488449571976,0.1339418829520131,0.8869223849625919,-1.2086152586692471,0.7594565929044792,3.1512131456694563,-1.2086152586692471,9.987548243523277,-0.5044882399806554,-1.5981434188093702,1
-1.5613989309620906,0.7382283644112849,-3.033589710660669,3.233561514351489,0.3422255794243455,0.8507293359210579,4.341817093925713,0.2726335143194143,5.517431422548632,-1.2545311396040204,7.19913557396449,-3.033589710660669,-1.2545311396040204,2.9842226214187404,3.233561514351489,-1.5613989309620906,0
-1.4345124717449396,1.177796448782538,-2.3373207390508277,1.9425204420755893,-0.031261414154246,1.7426883149373853,4.431445665418488,-0.218005631121124,5.33924613464974,-0.2259708785319869,9.376655835874459,-2.3373207390508277,-0.2259708785319869,8.273067298037748,1.9425204420755893,-1.4345124717449396,0
0.2517518450283893,0.9755058600457968,-5.636039454944999,-1.3101064758083154,0.2367171210263931,-1.735685766652795,2.0562779594126286,-0.965826770895964,0.9477552630985062,-2.7033756583073494,-4.201318002934441,-5.636039454944999,-2.7033756583073494,-19.808758053026516,-1.3101064758083154,0.2517518450283893,0
1.4231168165504189,0.9113133074697491,-1.686227681075864,3.42094036156894,0.0195458447981817,-0.721864001787937,1.5383395176113264,-1.7680567191743972,1.5766501047945385,-1.6667860534727208,4.18319594615184,-1.686227681075864,-1.6667860534727208,-0.6087397318094032,3.42094036156894,1.4231168165504189,0
-3.1265595933167427,-1.880602872586274,0.1989428736388458,-0.6168614380194243,0.405850266692899,-3.725383193218112,-3.4014122864449363,0.9067842666754292,-0.8867251783414316,-0.2413366338335718,-16.717539210637174,0.1989428736388458,-0.2413366338335718,-19.246438788201036,-0.6168614380194243,-3.1265595933167427,0
0.3253039925050514,-1.9067113736792507,-2.6731374672575905,-2.2410877880225275,0.32982306086851,0.516898836659414,0.4913785313623405,0.4910039459577534,-2.4124562083730194,-2.092298912832904,-4.389617877348462,-2.6731374672575905,-2.092298912832904,-15.792015940583234,-2.2410877880225275,0.3253039925050514,0
-1.46299971302702,2.142589324525276,-1.9891723637315428,3.313610211588231,-0.4046385200409463,2.873745381645424,5.560415387712276,0.5586952829218191,7.015911594140034,-1.2049496319339794,14.096156342155634,-1.9891723637315428,-1.2049496319339794,14.98005437531608,3.313610211588231,-1.46299971302702,0
1.1726371471019617,-0.8853230000231229,-2.415290885294326,0.4946404531329709,-1.2258922634399458,-1.1325843329512717,0.0137389305994821,-1.2787358548192564,-1.6013135086709525,-2.499311237637449,-3.9687863727287005,-2.415290885294326,-2.499311237637449,-16.15753141663958,0.4946404531329709,1.1726371471019617,0
-2.43719238621643,-0.589889014557345,-0.3186788809184304,0.4275914180421609,-0.7064755007657966,-3.682508541904364,-2.6510920693393647,0.5881572644358652,0.1070303522920214,-1.4078039440174082,-14.023403079897115,-0.3186788809184304,-1.4078039440174082,-18.289315421347503,0.4275914180421609,-2.43719238621643,0
-3.1367047689387304,0.0206365452742194,0.5304612767681745,4.936381858640006,0.4337496859609622,-0.7166188148406681,1.5391855073761047,-0.2763352950442173,5.606639424115808,0.7154573682280062,2.641718880898269,0.5304612767681745,0.7154573682280062,8.22332013579684,4.936381858640006,-3.1367047689387304,1
0.4842423910464837,2.9574715993242906,-1.1970721113758178,0.8494253541613997,-0.0209210373830768,-1.039561257950091,0.6214489272094021,0.3188083396282559,2.0166999862546136,-2.104190139433505,0.7292756164078891,-1.1970721113758178,-2.104190139433505,-0.4768183827409178,0.8494253541613997,0.4842423910464837,0
-1.1117332035225025,1.3787764100078383,0.7617203061742975,2.702083889305173,-0.6462423241465945,-0.7045237135399798,0.5098090308687842,1.6857017540349717,3.270847893628167,0.3332084038740672,2.4030971034534008,0.7617203061742975,0.3332084038740672,7.04879535475671,2.702083889305173,-1.1117332035225025,1
-1.2395773842934648,2.347614975652289,3.710803638886902,-1.3051604412150015,0.8399445397420275,-0.7938417888691486,-2.514078747319992,-1.5057478005641665,0.7664836038272633,2.078612573581016,-2.22027260133345,3.710803638886902,2.078612573581016,12.954227327693792,-1.3051604412150015,-1.2395773842934648,1
-2.949546701154886,-0.0600353733981766,-2.943638464589978,-2.4301697196405208,0.3362629511858955,-2.50863678713596,-0.3962673535248848,-0.8197150228673898,1.1221064339695148,-1.193990877201332,-12.047283599191719,-2.943638464589978,-1.193990877201332,-19.84258682742685,-2.4301697196405208,-2.949546701154886,0
-3.1622998247402627,1.0433762875166863,0.2919910134998851,-3.865470068531256,-0.3498853491230032,-0.5244641581477754,-1.5245134848806794,-0.1206430341298348,0.5748372872178282,-1.2244110118199094,-9.782246418750972,0.2919910134998851,-1.2244110118199094,-8.154297851226696,-3.865470068531256,-3.1622998247402627,1
-1.3263784490828046,1.444989238364757,-2.1017057446416265,1.428422777101418,0.1033819962120951,2.4447591241564304,4.579879367145073,0.4700136612466614,5.215395010520265,-0.5715987301813461,10.444832451659957,-2.1017057446416265,-0.5715987301813461,10.298468234303831,1.428422777101418,-1.3263784490828046,0
-2.4100591694439077,-0.578428309001048,0.3861927230047899,0.3103514340002957,0.4862873047408947,2.140853317543768,1.234164920696556,-1.8559332871884369,2.037723983707292,-1.8202877464994136,1.0174477648400184,0.3861927230047899,-1.8202877464994136,2.8218168406445354,0.3103514340002957,-2.4100591694439077,1
-0.4979126547156742,1.887573649287114,0.6581477384208483,-1.0075986693258134,0.0742736901901447,1.5462190742180326,0.6665802041457125,-0.042856247660338,1.367258187549628,-1.1371298290025478,3.0039508488248563,0.6581477384208483,-1.1371298290025478,7.391860893763212,-1.0075986693258134,-0.4979126547156742,1
-0.4741532782995168,2.121083642466182,-0.8618191179941803,-2.136779220545101,-1.03873443416267,1.786179761793088,0.9202905853314468,-0.1877016058740368,0.7804785407285612,-3.94196372341175,0.060837529127436785,-0.8618191179941803,-3.94196372341175,-2.876047504778959,-2.136779220545101,-0.4741532782995168,1
-0.7337438793744021,-1.861806188181121,-0.7223118706673589,-2.102960218775583,0.5775169546072118,-0.3514140764232067,-1.5528276731932362,0.6754908472654697,-2.7620360363543184,-2.3718048990109235,-9.325971011381679,-0.7223118706673589,-2.3718048990109235,-15.987311324885521,-2.102960218775583,-0.7337438793744021,0
-3.729489081952528,-0.0581670112997876,-0.5240562947985757,-0.2457026881713082,0.1351762413426691,1.202842243023851,1.426997114262253,1.3048347633193296,3.427083863198128,-1.6712706116312752,-1.871947792744944,-0.5240562947985757,-1.6712706116312752,-1.3113927719707628,-0.2457026881713082,-3.729489081952528,0
-1.4067297351851382,-1.4983581410539724,-1.5319231343248907,-1.8964321503460848,-0.7474292532492047,-1.2413263185515957,-1.291155451992256,-0.1744439342852821,-1.6564766008391378,-2.2500448212106003,-10.825372936891242,-1.5319231343248907,-2.2500448212106003,-19.991698888453282,-1.8964321503460848,-1.4067297351851382,0
-1.93403736672779,0.9109799976015782,1.4626891436767813,2.5462156190467446,2.572752389244474,-0.880218147941866,0.1241808393702056,0.6943263811492989,3.5225671108922016,1.6009716017563178,1.4878743951633242,1.4626891436767813,1.6009716017563178,12.016124794699387,2.5462156190467446,-1.93403736672779,1
-2.5442811923346613,-0.2557124841914147,-0.656976597562778,0.7054706653376601,-0.1035878946470647,-2.806001505713348,-0.98715002934282,1.2833545772882056,1.7784199343819689,0.3516075045439375,-8.342068547413994,-0.656976597562778,0.3516075045439375,-9.704146158822653,0.7054706653376601,-2.5442811923346613,0
-0.4900765395497723,2.0525128265796573,0.2205136808023744,0.656468118720746,-0.3904091864216333,-3.5329467161663666,-1.2737577695583358,-0.3670226147216417,1.8328503844407196,2.73070750758729,-3.3900392885531483,0.2205136808023744,2.73070750758729,1.0174606586296036,0.656468118720746,-0.4900765395497723,1
-0.6190159967808897,0.9499529571359818,2.461038308099787,0.390782610579617,-1.4511039864667383,2.8551028874190543,0.1973896825262385,-0.5225209294096369,0.8301584462092462,-2.354656635230431,4.274658393068625,2.461038308099787,-2.354656635230431,9.828798995809073,0.390782610579617,-0.6190159967808897,1
-1.070722407811393,-1.2029120235674795,-2.027711737408485,0.1163706500911712,-1.631067625194979,-2.5409801785614867,-0.8558080521645957,-1.2465619661594265,-0.4004003361504164,-1.1039220353212031,-9.198954225896474,-2.027711737408485,-1.1039220353212031,-19.27785184734441,0.1163706500911712,-1.070722407811393,0
-3.326444636545733,0.9784606029516996,1.9825234510496068,-3.6590476645114034,1.4744973675705146,-0.0151778740507584,-2.215581418101805,0.6463201631358254,0.3460299128402038,-0.7018452931950836,-8.954814157503842,1.9825234510496068,-0.7018452931950836,-0.6922211211862477,-3.6590476645114034,-3.326444636545733,1
0.1583401925545442,2.8961006476142868,1.7859623725066112,-1.2993564503639232,-1.4500163561675328,4.408025553857202,0.8875550893483465,0.2626419878716904,0.6502340618218373,-5.560071029327361,5.898619557540297,1.7859623725066112,-5.560071029327361,9.527262091003607,-1.2993564503639232,0.1583401925545442,1
-2.408375043818549,1.1779760752369333,1.6530946052592166,2.216707253785909,-1.173630392546798,-1.541336226032426,-0.642922334682737,0.3629957034326874,3.4312994033035404,1.106595328955004,-1.6326911725882916,1.6530946052592166,1.106595328955004,5.317324561529132,2.216707253785909,-2.408375043818549,1
-1.524665665221845,1.1571048095094127,-0.9165404762772305,1.9010124785081015,0.6399029571520845,2.394909357572953,3.262254466556294,-0.5329937194259537,4.284984731097259,-2.2580342113201346,7.327490593177734,-0.9165404762772305,-2.2580342113201346,8.451022818078554,1.9010124785081015,-1.524665665221845,0
-1.9754827234162675,1.1953923858170383,-1.6597098021520191,1.91891364322344,-1.106732987729451,2.025083665884008,3.6415496817740247,-0.0135032445929767,4.944076563906123,-2.2764901954053807,6.55405012376087,-1.6597098021520191,-2.2764901954053807,4.3744102701551455,1.91891364322344,-1.9754827234162675,0
-1.328005788292438,2.119617313189576,2.291867978656017,-2.02970606738011,0.0853439555205099,1.0307937848032551,-1.0043704832546287,-1.737686198245343,0.8449530934261135,-0.5269392492376807,-0.7078167053687712,2.291867978656017,-0.5269392492376807,8.434058632899665,-2.02970606738011,-1.328005788292438,1
-1.932002352728432,1.2593319437489126,-0.3710613402826814,1.1107484710828937,0.591668049693131,2.698791539356722,2.842794349098339,-0.5693514235811376,4.051783132127892,-2.4314440886324578,6.247011401282699,-0.3710613402826814,-2.4314440886324578,8.832224947913197,1.1107484710828937,-1.932002352728432,0
-2.735289025039016,0.1242317971087554,-0.5373330684847906,-1.141349644865903,-1.015292374249816,0.6536515982948155,0.8585561805761506,0.4213602543067085,2.231505170604323,-0.6193803109890648,-2.2059278066194468,-0.5373330684847906,-0.6193803109890648,-2.764434243396166,-1.141349644865903,-2.735289025039016,1
-1.805288226985097,0.6651136527896517,-1.3915320663137107,2.0705253587786183,-1.2451505759600856,0.4430825854259292,1.8756611294263352,1.2696132625998429,3.418546029005081,-2.9109798789100747,0.7811972059512919,-1.3915320663137107,-2.9109798789100747,-3.5069162437519634,2.0705253587786183,-1.805288226985097,0
1.155916506480494,-2.285691754803532,-3.660821454661301,-2.238021780336504,1.8507811424357332,-0.5646939797611953,-0.1559322494881986,-0.4070158918067711,-3.82411571135979,-3.214820362123084,-7.8679375997932155,-3.660821454661301,-3.214820362123084,-23.072188925239487,-2.238021780336504,1.155916506480494,0
-0.8497125179513623,2.608890631729034,1.8720469493277667,1.7785774326589778,0.8949300615655605,0.2842218697084193,-0.5486052089329869,0.0403076993302478,2.23558544671733,-3.0891118026163147,0.46848227430418676,1.8720469493277667,-3.0891118026163147,7.695697588996737,1.7785774326589778,-0.8497125179513623,1
-1.7162365004154094,1.2131659555791448,-0.4375391932508259,1.7229422089581994,-1.3467856621154346,1.9775623933754267,2.488571373038463,0.2075422948887419,3.912531537363152,-2.45539095035054,5.208176873560711,-0.4375391932508259,-2.45539095035054,5.145610387872345,1.7229422089581994,-1.7162365004154094,0
1.1320837117793254,-1.0648504777103502,-4.25964881441114,-2.450332681938144,1.1119533608604089,0.2894439878127164,0.6173708283644002,0.5065876716972757,-3.0191183791623644,-5.565308143747459,-6.752148787626795,-4.25964881441114,-5.565308143747459,-24.13669689676052,-2.450332681938144,1.1320837117793254,0
-0.4580163653897344,2.9600992818668885,2.7183146026059752,0.015376950110475,-0.750022681565717,-0.5225640223105937,-2.129402746899034,0.1207902325011102,0.6766731748665121,-1.9581063681771305,-2.6151772931097224,2.7183146026059752,-1.9581063681771305,5.356934043681221,0.015376950110475,-0.4580163653897344,1
-2.758630194686113,-0.5785136022124938,-2.789941824657415,-2.4635172190003587,-0.9913343922342502,-1.3313258974604147,0.3496959229931108,0.3708677924710247,1.0823430497455435,-0.7120036410025886,-8.825620528829273,-2.789941824657415,-0.7120036410025886,-17.28603458430142,-2.4635172190003587,-2.758630194686113,0
-1.0009032568520508,-2.724162367084257,-3.883337787215171,-5.124146620691281,-0.0750270003968008,-0.076016674990256,-0.0107447772763547,0.4404944961633377,-3.2507388531859776,-1.8441385154366536,-10.856128887321109,-3.883337787215171,-1.8441385154366536,-26.582143095569045,-5.124146620691281,-1.0009032568520508,0
-1.2817291363695182,0.0520740760979252,-3.188178625545715,0.4629663013708589,-0.0785907959688194,-2.3177353350443024,0.8125537711955662,-0.0558964666135955,1.7935637066306152,-0.90895376627615,-5.4985594240699225,-3.188178625545715,-0.90895376627615,-14.14711256091765,0.4629663013708589,-1.2817291363695182,0
0.1492134387509744,3.078227277414462,2.381998457309916,-0.9056741728771898,-0.6886944334452347,-1.05069500816252,-1.847011065832188,0.010021151740569,0.5717094500316534,1.040091934259022,-0.5865426046099587,2.381998457309916,1.040091934259022,8.975104595939442,-0.9056741728771898,0.1492134387509744,1
-2.412073254673124,1.4102763366509143,3.244476171669848,1.364642235375201,-0.9896509661643634,-0.0327089288170079,-1.0670034463271385,-1.2666319951066096,2.7987672987814,0.6318882161395137,-0.13768777046864855,3.244476171669848,0.6318882161395137,11.23683997578864,1.364642235375201,-2.412073254673124,1
-3.07399874775117,-1.9928093196913437,-0.2276916872351067,-1.745214466851578,1.4717088983618904,-1.4673969010042294,-1.5562530070795568,-0.0500805988564666,-0.3375708404686934,0.3952019703510909,-10.907867373031015,-0.2276916872351067,0.3952019703510909,-11.737863932872958,-1.745214466851578,-3.07399874775117,0
-1.987968274374487,2.216089043592013,-1.3436813557073697,2.9700774438209283,0.4335416104725293,4.057780056124672,5.523187047516516,-1.1044518278549962,6.995561024219022,-2.8346787369206643,14.00226663588365,-1.3436813557073697,-2.8346787369206643,16.660009874439965,2.9700774438209283,-1.987968274374487,0
-1.1839318557750709,1.027206290553313,1.8881978323420732,2.4412554688141155,1.3636072951996998,-0.6943772466312331,-0.3864491230305196,-0.1026485734506316,2.513273237403824,0.912205480181002,1.4215317674803738,1.8881978323420732,0.912205480181002,10.706291611901644,2.4412554688141155,-1.1839318557750709,1
-0.6946653735260621,2.3017110288799545,1.265907731387795,0.4763607852498306,1.1896426454852358,-0.9837509751970404,-0.5607187749259508,0.1373413245651045,2.0751368011723046,0.8511881399689587,0.40637385525265035,1.265907731387795,0.8511881399689587,8.932835733263605,0.4763607852498306,-0.6946653735260621,1
-1.58821049571808,0.9907306633150452,1.153777805717084,2.0201792835528427,-1.2425008369193873,-1.3437912304346662,0.0665637450185232,0.2452917426369353,3.2437588215407973,2.6459612111243294,1.4476419464233277,1.153777805717084,2.6459612111243294,7.982792441465092,2.0201792835528427,-1.58821049571808,1
-3.2579482566114923,-2.5862397500380547,0.2843247277121401,-3.760823387029608,-0.129297457035508,-0.0791865368855286,-1.7720544508088996,0.2066776285391162,-1.627412608981872,0.2421146010969257,-11.293324317162185,0.2843247277121401,0.2421146010969257,-13.132642162773045,-3.760823387029608,-3.2579482566114923,0
0.0224428250419697,-1.6719854874478597,0.0071386085807862,-0.4082884136353075,1.1792631585792293,-2.46981226146547,-2.83763152570334,0.325251675854344,-3.018457453877772,-0.8612302131315959,-10.696317337807073,0.0071386085807862,-0.8612302131315959,-14.686630852285631,-0.4082884136353075,0.0224428250419697,0
-1.931855211920173,1.4577288341671126,-2.9292011445129664,1.8014883572790068,0.7932624959550306,-3.5358059874606704,0.3541884710890685,-0.6449284603222979,3.385078621621437,-1.9887548578270355,-7.378816382133363,-2.9292011445129664,-1.9887548578270355,-13.479898035792488,1.8014883572790068,-1.931855211920173,0
-2.9092387473966967,-0.0112162651182432,-2.472391578780604,2.113017407165054,-0.0070629045508297,1.7509916635786127,4.267173166836175,0.2839110587363809,5.58418337624745,-1.089053647740741,5.872665240902773,-2.472391578780604,-1.089053647740741,2.888551138921639,2.113017407165054,-2.9092387473966967,0
-3.7262608648469695,0.1166421076494583,-0.8163924025208905,0.0139039459553946,-0.2407243039890507,2.2652255627296327,2.808247913972726,-0.6110850624767177,4.5339189955153545,-1.061989413919691,2.6809948142701843,-0.8163924025208905,-1.061989413919691,3.8530350432413805,0.0139039459553946,-3.7262608648469695,0
-2.242338052679486,0.0746906883124325,1.565060085522668,-0.4501468806614139,-0.4909489497318663,2.031392967840356,0.0456901924595249,-0.8312878954818901,1.2401118571105556,-2.0713535445977,-0.58067166148593,1.565060085522668,-2.0713535445977,3.2876513360336586,-0.4501468806614139,-2.242338052679486,1
-0.4144294208815289,-2.452437151802793,-4.234166418394596,-4.093528443510824,1.0995844643276695,1.2005366236036772,1.7150090871990529,0.3254851123246176,-2.082537340648928,-1.5071198521336884,-4.351432533922427,-4.234166418394596,-1.5071198521336884,-18.276747714564735,-4.093528443510824,-0.4144294208815289,0
-1.2760971263445862,3.141404489623288,4.564344331554095,-1.442294054730182,0.962210578581098,-1.4217632407199754,-4.232498251212197,-0.2423754581051113,-0.1939435000202636,-0.5941707657330966,-7.247182189836724,4.564344331554095,-0.5941707657330966,8.007742286214711,-1.442294054730182,-1.2760971263445862,1
-1.4246511921925435,2.485728014240945,-1.1641179459956454,-2.809765364993882,0.7254188271577661,0.736805490997286,1.0460319861192335,-0.0700464437279648,2.039861702468908,-1.4734054671055492,-0.7024510419372247,-1.1641179459956454,-1.4734054671055492,0.437689647711606,-2.809765364993882,-1.4246511921925435,1
-1.4667538151037367,1.8185185298782391,-1.4637824563357351,1.080053435369277,-0.049910233041162,2.1822802447809284,3.767363105385203,-1.5058324053306205,4.872225515042391,-0.984463315116739,8.5792784299741,-1.4637824563357351,-0.984463315116739,9.723001153461084,1.080053435369277,-1.4667538151037367,0
-0.529566782618811,2.8742360704313827,0.1273942443911193,1.3059685112508173,-0.9073265593722656,1.5022374658299895,1.3874395928410133,-0.0349415004586327,2.9805289161469246,-3.9585119245906135,4.084040398973768,0.1273942443911193,-3.9585119245906135,5.442553263360411,1.3059685112508173,-0.529566782618811,0
1.6677463168138875,-1.8450533218171856,-3.5708318835995354,-0.7905034509294684,0.3963196820078629,-3.5930078860854384,-1.8469755307188225,-1.218176066807319,-4.127496109573964,-2.475264308421563,-12.47606606724403,-3.5708318835995354,-2.475264308421563,-29.415256247614565,-0.7905034509294684,1.6677463168138875,0
-1.66067213949091,1.3183491335515956,-2.2587762293307687,-2.834192692705192,-0.0532124362729832,0.4800454050707279,0.8896912092083252,-0.689655504900944,1.1159813034201718,-3.2575025538852964,-4.584236233180022,-2.2587762293307687,-3.2575025538852964,-10.38781904916567,-2.834192692705192,-1.66067213949091,1
-2.326919430023482,-0.5913141532009755,-2.795030438021985,-1.4199423727079223,0.0974889390236968,-0.9620855576300528,0.9717435766748383,-0.8614434294642864,1.5232331310363267,-0.6073449297232901,-5.897948424240936,-2.795030438021985,-0.6073449297232901,-12.99977544745404,-1.4199423727079223,-2.326919430023482,0
-0.7495020327251298,1.82192036531016,1.941210730262025,0.7653594652675304,-0.4839843396005531,-0.2560466138647945,-0.1719638664329129,2.5031717909057107,2.3155136220929124,2.1787094933651696,3.3324301970552286,1.941210730262025,2.1787094933651696,12.962928051315087,0.7653594652675304,-0.7495020327251298,1
1.8270622869311968,2.7449589129494,0.5912727843619345,2.567596524891322,0.2688507864009919,1.10567111938199,1.2913877882445723,-0.4802144341323994,1.7758225249389357,-1.922313064467137,8.720034687313333,0.5912727843619345,-1.922313064467137,12.584182746996811,2.567596524891322,1.8270622869311968,0
-3.000410004777025,0.0731352487654539,1.417381038677816,-0.9528262221410736,1.7123046874375991,1.2142865078477394,-0.0972954931640709,2.546054535942792,1.8520924817413096,-0.5040179927241978,-2.0528414483454345,1.417381038677816,-0.5040179927241978,5.227017055242173,-0.9528262221410736,-3.000410004777025,1
0.177098370967734,1.8451606536086604,2.991743663635721,2.068932754626175,0.8185946183432132,1.4155176383266848,-1.8017824041026225,-0.8476272124968842,-0.3707978056030034,-6.577530208804394,-1.4570855570510766,2.991743663635721,-6.577530208804394,3.4591290701941486,2.068932754626175,0.177098370967734,0
-3.9404032897251,-0.2898712113812474,-0.1309573578941438,-1.1857120259964815,-0.7974854973437886,-1.9002795314031,-1.3976152961550714,-0.069851868183643,1.6638956865185797,-0.5909839687941969,-11.205144854858297,-0.1309573578941438,-0.5909839687941969,-11.984168796895268,-1.1857120259964815,-3.9404032897251,0
-0.8821928941891067,1.846103452257925,1.412882561857934,-0.3655673504857388,-0.0524738560630494,-2.00539041075178,-0.90739663669446,-1.3646763259005417,1.978115985841548,4.359337949974803,0.03950369935986253,1.412882561857934,4.359337949974803,9.898358581029639,-0.3655673504857388,-0.8821928941891067,1
3.116857318809036,6.248765732636021,-0.42611309432491,2.156000634675174,-0.9530404633648498,0.4855648537900305,2.1665741768276887,1.9235134876034543,3.401356196242819,-2.2556069552263223,12.403720615301658,-0.42611309432491,-2.2556069552263223,16.31195961390185,2.156000634675174,3.116857318809036,0
-2.0875851004165824,-0.1839921757567471,0.7705122555226825,-0.039166577856776,-1.3099765543749995,1.2944306943678254,0.7410815246311423,1.032974234914031,1.934205294683318,0.1156246874919855,1.1348237468286733,0.7705122555226825,0.1156246874919855,3.785058679654279,-0.039166577856776,-2.0875851004165824,1
0.5133401851129773,2.248382820083118,1.2187671781012748,-0.3073417319697082,-0.7133109002802115,2.684399989026444,0.8656647122097741,1.3055827158105235,0.87075399950065,-2.73192491387437,5.956921049614679,1.2187671781012748,-2.73192491387437,9.887091688063085,-0.3073417319697082,0.5133401851129773,1
-0.8620295184109884,-1.6311144287041452,-3.509791835370237,-2.046455556108679,1.295007149938418,-0.4071262707190608,0.7249502069483205,1.270088025254897,-1.014738917677623,-2.2588100318532125,-6.887711869566826,-3.509791835370237,-2.2588100318532125,-18.649028246271243,-2.046455556108679,-0.8620295184109884,0
-3.319633692455431,0.6150002704135518,-2.6946443363026336,-0.2807839603697757,0.28191802075105,-1.901068301118645,1.1628869970244011,1.298693290993424,3.7777357209009543,-0.3369610462895742,-5.961628033914119,-2.6946443363026336,-0.3369610462895742,-10.077179038886449,-0.2807839603697757,-3.319633692455431,0
-1.1970620254313469,2.609583712926596,0.9735523562260662,0.7063922313694615,0.0849729626358272,-0.4340007666413474,0.191158431568283,-1.008106506760428,3.115507017194329,0.2416861685093669,1.6837569856596657,0.9735523562260662,0.2416861685093669,9.057452361168288,0.7063922313694615,-1.1970620254313469,1
-1.3458252315775363,2.8459062029782283,3.525181070553652,-0.7003415281549579,-0.0328744851524341,-0.8024229388093446,-2.759226670138095,-0.4357108323847371,0.8454664493264328,-0.6657410787505342,-4.230074183261585,3.525181070553652,-0.6657410787505342,7.769848777576161,-0.7003415281549579,-1.3458252315775363,1
-0.994876433956578,-1.5972683366646148,-0.2900766473124598,-0.5239299327942671,-1.978384916573084,-2.603642233859687,-2.906271081454238,-0.193155224849579,-2.422001524582387,-2.1168204861782827,-13.346450738767352,-0.2900766473124598,-2.1168204861782827,-21.738450449796094,-0.5239299327942671,-0.994876433956578,0
0.4452517052995792,-0.2374094380156766,-4.139623942377668,-1.1928039745975214,-0.3983270128816281,-1.5596158567635192,0.9056022222168914,0.6868274954528385,-0.570062464589125,-1.884081799135019,-5.082672997758785,-4.139623942377668,-1.884081799135019,-18.91701967611598,-1.1928039745975214,0.4452517052995792,0
-1.108810539044296,1.0837435435199405,-1.016945081805369,2.531217512416796,0.3740620881310435,1.3268851303602398,2.3066026263141226,-1.7011404742672418,3.4459883982198294,-3.4229467123988417,4.043576691528201,-1.016945081805369,-3.4229467123988417,2.5108163494355513,2.531217512416796,-1.108810539044296,0
0.7844641526142135,3.55527319639097,-1.754781700458372,1.674237745471792,-0.335515832033066,0.1193836171858262,2.6470426754275804,-0.1402755855504283,3.829894901698426,-1.194699681029702,7.705085323246506,-1.754781700458372,-1.194699681029702,7.522815449114637,1.674237745471792,0.7844641526142135,0
-0.665357688948994,2.506860689723932,2.260145833569185,0.2967860299401528,-0.9807648436625376,-0.6983240423225525,-1.6535814763071646,-2.4581694305490185,1.111657529193028,-1.0523717676032538,-1.9643122978404328,2.260145833569185,-1.0523717676032538,5.096618410933717,0.2967860299401528,-0.665357688948994,1
-0.4401487629351259,4.143377649118839,-1.0593156650268778,1.892441673255985,1.1565816515942398,0.6850517947800779,2.3944509591153333,-1.2774366038453426,4.744953045035124,-3.4044876806437965,5.955737427471391,-1.0593156650268778,-3.4044876806437965,8.768131598186784,1.892441673255985,-0.4401487629351259,0
1.812928090008945,2.363616387786724,-1.473055010318256,3.0649066008098584,0.0212226508342584,0.7989181821092518,2.9695368358040803,0.0327736375557814,2.954647917172037,-1.074177228700265,10.734647049927847,-1.473055010318256,-1.074177228700265,9.88322810268926,3.0649066008098584,1.812928090008945,0
-5.405816591167181,-1.2418568391840892,-4.472412966831542,1.0604526386407676,-1.0630362728537182,2.6982477631328114,6.841748956639295,0.1299982258015952,8.255926787222819,0.9723647483493448,7.62338843954376,-4.472412966831542,0.9723647483493448,1.4584597359085487,1.0604526386407676,-5.405816591167181,0
0.0579746808262924,1.910077207594868,0.6957770510335309,-0.912975008534652,1.027959002257798,2.303134905315468,0.5613316805645528,-0.2373122341952182,0.5197905306135548,-3.352593534426973,2.870084836655024,0.6957770510335309,-3.352593534426973,6.10867536951225,-0.912975008534652,0.0579746808262924,1
-2.5622177915984867,2.286996116175477,-1.2282573546886837,1.6603904185763887,-0.1519511234719858,3.4412569078234583,5.297974050686581,0.1756035498043702,7.2655684674710574,-0.3152578650888664,13.250398744398009,-1.2282573546886837,-0.3152578650888664,18.0225224872432,1.6603904185763887,-2.5622177915984867,0
-1.1839404518392522,1.867098497219676,0.3356244753532218,1.203268602451514,-1.8331704516987275,-2.469998164975121,-0.6616701992174122,-1.1933757685433153,2.58330447510936,1.3054394953574264,-2.4098003859782895,0.3356244753532218,1.3054394953574264,0.37579261495817917,1.203268602451514,-1.1839404518392522,1
-2.073717399442656,0.5475989748239655,-0.9982974275306256,-2.4003807497644347,0.4373726741796683,-0.847327846979093,-0.2879951786276763,1.2322042374139113,0.922996045861416,-0.1926710455586575,-6.101821092527645,-0.9982974275306256,-0.1926710455586575,-6.9424519666339215,-2.4003807497644347,-2.073717399442656,1
0.0290911243016143,-0.789437523659511,-3.28722273082429,-2.60114166599439,1.5301856237965608,-0.795303350467276,0.3136007626016417,-0.3146014474420489,-1.5429157963644713,-1.636420378849306,-6.274914382534503,-3.28722273082429,-1.636420378849306,-16.396852032328727,-2.60114166599439,0.0290911243016143,0
-0.9547606229772048,1.0726224443420251,-0.1160927647253959,-0.638701911116895,1.6588696944553298,0.9264577888157266,0.949922960480104,-0.6411116541527696,1.681469064682842,-0.4361053857846722,1.8458930625748105,-0.1160927647253959,-0.4361053857846722,5.567098179155166,-0.638701911116895,-0.9547606229772048,1
0.4173000937694755,0.7494736339436424,-1.2721669614732032,1.971603991283626,-0.212451702713056,0.5464320538439253,2.390199581971203,-1.4247656537214894,2.465709858262443,0.3798016520294121,7.001243060685209,-1.2721669614732032,0.3798016520294121,5.995675051133968,1.971603991283626,0.4173000937694755,0
-3.5320616123131483,-2.66800430240277,0.4743471896680662,-3.8331359233714095,0.0712872605494616,0.1544790904951904,-2.079796773248089,0.0261851491857984,-1.884728541804628,-0.9777662612843953,-12.781806691629434,0.4743471896680662,-0.9777662612843953,-15.058048293492352,-3.8331359233714095,-3.5320616123131483,0
-2.6191920346565203,0.5625086201288425,-1.2961785909636938,1.6218789922894308,0.0239800190155929,2.320108363019566,3.5868606132042204,0.1030782215308481,4.973577670691423,-1.6335087442226432,6.158764172782462,-1.2961785909636938,-1.6335087442226432,6.226212306283635,1.6218789922894308,-2.6191920346565203,0
-0.188357344731306,-3.2140221500426867,-0.6603951158090479,-1.0150279752253082,0.3947573891079933,-3.43544282159824,-4.089789381365199,-1.5763089967712456,-5.015508007664169,-2.209611743771462,-17.587694238332443,-0.6603951158090479,-2.209611743771462,-28.298522422553905,-1.0150279752253082,-0.188357344731306,0
-0.7338930120487008,-0.7997744700633498,-0.2218784895307539,2.6544543562671974,-0.3306586623763318,0.6446648466745074,2.0734067097335385,1.4939281436421976,2.680570723743514,1.9559164018475543,6.439439679085254,-0.2218784895307539,1.9559164018475543,8.072994830116102,2.6544543562671974,-0.7338930120487008,1
-2.7781938732057583,-0.6887255284808518,-0.4150093140184661,5.009353376039742,1.7816847864668517,-2.131347131917169,1.5884043830911507,0.8855770816950449,5.382445778089893,3.1166483258055866,1.9847924194155322,-0.4150093140184661,3.1166483258055866,7.027075638251761,5.009353376039742,-2.7781938732057583,1
-1.952152661527112,1.1734305034581154,-0.3598791869528823,1.5827976750524613,-0.8574424295472166,1.7677376233101436,2.1789105111365057,-1.4194331965450098,3.805637848143108,-2.6765961107641645,3.8418651639760926,-0.3598791869528823,-2.6765961107641645,4.15596371353381,1.5827976750524613,-1.952152661527112,0
-4.323408275215742,-0.6374802801188522,-0.9482303455174248,-1.1877386284783111,1.6764549619146627,0.7410727899688193,0.8619709024422417,0.1929896417729295,2.7646043707942414,-2.1190187355155263,-5.923529436948552,-0.9482303455174248,-2.1190187355155263,-6.256327923382299,-1.1877386284783111,-4.323408275215742,0
-0.7997543174303664,-2.294660256313974,-2.2984562501097674,-3.8953350018496953,1.0750212145109097,-0.097413012267103,-0.7357645487704016,-0.2246799016298701,-3.1133175389689915,-1.853216938669448,-9.773557087568092,-2.2984562501097674,-1.853216938669448,-19.91829157072583,-3.8953350018496953,-0.7997543174303664,0
-3.0445407432367846,1.1487693297217123,2.0788647779099105,-1.4298910034179175,0.1016557615660292,1.5691147820112896,-0.0650406647310866,-1.1063441570771089,2.453731990406876,-0.0847508413109623,-0.3372243589524595,2.0788647779099105,-0.0847508413109623,9.074066883993394,-1.4298910034179175,-3.0445407432367846,1
-0.6747342154746727,1.8078215566092155,0.633800061341757,0.9916809953227852,0.4330639467413191,-2.1005569807379647,-0.2301060400005533,-1.1130641011871776,2.5989709610447758,3.2909264621654977,0.9844747971463434,0.633800061341757,3.2909264621654977,8.512406905653252,0.9916809953227852,-0.6747342154746727,1
1.2241034208768569,4.226564377264005,-2.1108133266874,1.6925790314922895,-0.3386690538837576,0.1671926643471912,2.8730116310949363,-1.082017785041936,3.942428063528199,-1.979064150372804,8.371579639049667,-2.1108133266874,-1.979064150372804,7.2953932554627645,1.6925790314922895,1.2241034208768569,0
-0.061161037012223,-2.73573196130928,-2.427523204265073,-3.429656779322708,-1.1084970907967833,0.4550113321100575,-0.3856631936579199,-2.291292806884065,-3.6772697170650654,-2.2031771033464445,-7.905367410428461,-2.427523204265073,-2.2031771033464445,-21.644415165708203,-3.429656779322708,-0.061161037012223,0
-0.7423393015799549,1.38814286832118,-0.8081158506866203,2.070777036986658,0.5809995399616921,0.4350619726966158,1.5114505959871536,0.4076897368371771,2.839465290478111,-2.667733417629476,2.4304217274787923,-0.8081158506866203,-2.667733417629476,1.878675683946522,2.070777036986658,-0.7423393015799549,0
-2.796935774692466,-0.5618211204682075,-4.589525762364254,2.992163688006455,-0.4582230292565009,1.6120005355577978,6.402131061240799,-2.4874567587061294,7.09756290882825,0.5376756655340853,9.79721459073626,-4.589525762364254,0.5376756655340853,2.443226964962378,2.992163688006455,-2.796935774692466,0
-1.4696566495455612,0.3461247404305223,2.040190457324877,-0.3321596527476129,1.762473164869612,2.370403458770943,-0.1448807222042234,-0.5717358227493337,0.6558055292588774,-2.3444792181387024,0.7957554153363087,2.040190457324877,-2.3444792181387024,7.811344727381538,-0.3321596527476129,-1.4696566495455612,1
-0.4801401989719385,2.25042626616632,-2.036151426037025,2.43127142199268,0.7475461257864594,0.4148101438386866,2.95862115078146,0.6603430545626816,4.341071998043649,-2.0790586974994616,5.910740230146434,-2.036151426037025,-2.0790586974994616,4.554612063626576,2.43127142199268,-0.4801401989719385,0
-2.2955179660682896,0.2824182134883235,0.1078980167719785,1.269526654871047,0.0395697241336481,-4.176372821788615,-2.84380847491698,-1.3135277983539944,0.7993508969000347,-1.4244968177777284,-13.364624033980856,0.1078980167719785,-1.4244968177777284,-14.784550330564256,1.269526654871047,-2.2955179660682896,0
-3.894749994651191,-0.0675064259878353,-0.2829944478297406,-0.0206885369804397,0.4334524416994807,-2.352455252660828,-1.1238300996327777,0.9341414422336946,2.455037914311723,-0.4654227634452976,-10.277108326019198,-0.2829944478297406,-0.4654227634452976,-9.716161208128659,-0.0206885369804397,-3.894749994651191,0
-0.4440720943511342,3.498764179341066,0.2034477279484912,1.4209596210343711,-0.6132118924759965,0.3072647667022854,0.446163510054528,0.5948543733972447,2.768277846889204,-4.493684126871779,1.0426606226116228,0.2034477279484912,-4.493684126871779,2.4708033420388578,1.4209596210343711,-0.4440720943511342,0
-1.209672929416912,1.2413248069804552,4.4540060075958365,-0.8462872332285418,1.1122924498917277,1.6551348304242353,-2.063035765101157,-0.1498780335221683,-0.0777483208420559,-0.5528955773663131,-0.12029703728399821,4.4540060075958365,-0.5528955773663131,14.22885893209688,-0.8462872332285418,-1.209672929416912,1
-1.709981293057269,-0.1425326905480637,-2.7999489930475066,-0.8892627290766938,-0.588018519036967,-3.299404351210109,-1.251296874446852,1.4554013377261916,-0.0407368803639596,-2.7558040171473017,-13.347686306696398,-2.7999489930475066,-2.7558040171473017,-24.522783876650955,-0.8892627290766938,-1.709981293057269,0
-3.606589360231798,-1.9668766857044584,-0.0238302176511515,-0.6775330545315825,-0.4828777192911349,-2.3063834512372177,-1.732081789488773,-1.9037594056445932,0.561575227297604,0.9777258592625984,-11.618121933168448,-0.0238302176511515,0.9777258592625984,-13.150537348654588,-0.6775330545315825,-3.606589360231798,0
-0.0933618934928965,0.2859208764643981,-4.789321899228881,-1.3467304300342111,-0.2105349403529919,-0.4631608115782752,2.427619607855504,-0.0381345688246403,1.0076037200185195,-2.035850682442428,-1.6887241448061836,-4.789321899228881,-2.035850682442428,-15.111009389010226,-1.3467304300342111,-0.0933618934928965,0
-2.93495720227672,-0.7479453807996803,-1.5161421369070471,-2.4738652250001247,-1.0867108113847272,-0.6564075510128953,-0.42704393124193,0.0353714170886391,0.410324969161836,-1.7502691304824642,-9.646895971826709,-1.5161421369070471,-1.7502691304824642,-16.083144218916804,-2.4738652250001247,-2.93495720227672,0
-2.154891518145021,1.5631233106946367,1.9478101416588172,1.0500775051521825,2.116803054963853,-2.424276357498925,-1.8052625373573443,0.2335950812615763,2.403956825929348,1.517188029427524,-4.678317925225871,1.9478101416588172,1.517188029427524,6.199359758965542,1.0500775051521825,-2.154891518145021,1
0.2665220061157114,2.973320356550906,3.3904452836602443,-0.907650925224349,-0.8192664641893721,-1.099744814136312,-3.1827092238549146,-0.532836268779924,-0.6836438127729206,-0.5958871866253594,-3.6458946013106295,3.3904452836602443,-0.5958871866253594,6.092483268691716,-0.907650925224349,0.2665220061157114,1
-0.8545065138387979,1.79427482721264,0.7498597524774601,2.0075726504613245,2.060422698444699,-1.5482187768823783,-0.3155448728122196,1.132926387301035,2.597590974049463,0.3430949875454465,-0.1215464751963633,0.7498597524774601,0.3430949875454465,6.940882612940647,2.0075726504613245,-0.8545065138387979,1
-1.6773124612506725,0.2788648994547613,-2.650433112305731,-0.5473743258599924,-1.661580989177992,-0.8708889043145273,1.2739402859137523,-0.0762781517395826,2.032767448957677,-1.0199432294912505,-3.433602639862456,-2.650433112305731,-1.0199432294912505,-11.249189924959003,-0.5473743258599924,-1.6773124612506725,0
-2.424083875249757,0.6282643729236971,-0.3807565252397307,-2.236653691046131,1.7283293805663331,0.1661450267416515,-0.0590731688964133,0.095027885272073,1.2688756842562174,-1.018828861238624,-4.778085170023925,-0.3807565252397307,-1.018828861238624,-2.707739448357698,-2.236653691046131,-2.424083875249757,1
-0.5918011532288315,1.6150239304260008,-0.7105565372500124,-1.5017877462114413,-1.6833821330428256,0.4863824503022058,0.736830748833702,-0.0975938901544142,1.2357530441075522,-0.8576973417946139,0.3733333386292277,-0.7105565372500124,-0.8576973417946139,-0.9885305347061797,-1.5017877462114413,-0.5918011532288315,1
-1.078753948743176,1.622069061318753,-0.919648781519602,1.5885369091238182,1.033189864363148,2.229334324430899,3.440756346327861,-1.0010095444828142,4.423961192582435,-0.9725737598793772,9.058703257009679,-0.919648781519602,-0.9725737598793772,12.114630030458471,1.5885369091238182,-1.078753948743176,0
-0.5232577944220521,2.1613237352575823,-1.8913335815361925,2.0694736637204367,-0.4760625577778669,0.702799028373705,3.116874250624281,1.6641920547838993,4.3593467842447495,-1.3867882357037635,6.843223676223894,-1.8913335815361925,-1.3867882357037635,5.304301016921634,2.0694736637204367,-0.5232577944220521,0
-1.762606954757507,1.8807292880224296,1.439504968600667,1.1752741818646022,-1.381769188567704,-2.1708520790921995,-1.4169202867420658,-0.9684836469618956,2.4231112995112887,0.5127564870279229,-3.952471442769017,1.439504968600667,0.5127564870279229,1.6074345880761203,1.1752741818646022,-1.762606954757507,1
-1.6667650605911255,-1.335416588913397,-2.199287835346489,-2.004375968282785,0.0567066488392654,-1.4709335828850916,-0.9518519352617244,0.5849534930864443,-1.1815667948253714,-2.447780814161633,-11.348057532980848,-2.199287835346489,-2.447780814161633,-21.17377240035833,-2.004375968282785,-1.6667650605911255,0
-0.3128971580411299,2.839048300952321,0.1837365772255059,0.8164533725206695,-1.4621104551954147,-2.6171037644506203,-1.2025903811768477,-1.2977283756812326,1.7381614321407632,-0.6332158475698173,-3.7274092422160443,0.1837365772255059,-0.6332158475698173,-2.292566040710954,0.8164533725206695,-0.3128971580411299,1
0.3836070714777115,2.1542391768906013,2.946524124649608,-1.2579784844090334,1.083261776294304,2.1268016641448844,-1.4212055887801385,0.5553988606517399,-0.9562872686855236,-3.263307136061683,0.8489583674072265,2.946524124649608,-3.263307136061683,9.307920418069164,-1.2579784844090334,0.3836070714777115,1
-0.5893141057997543,2.642692434083446,0.19794334067876,2.7196082309896177,1.3906435959499572,0.3563236059418513,0.2956317936392253,0.5712242102362395,2.5087161908642828,-6.047214785070813,-0.26594922027457635,0.19794334067876,-6.047214785070813,0.6854667092124436,2.7196082309896177,-0.5893141057997543,0
-2.0646836914427924,1.257159440263662,0.5144371478074388,-2.691955119206733,-1.8789809447538277,1.4191941128642531,-0.4148329703228907,1.1748140575856918,0.5672149950456301,-3.1831692119303314,-4.259093326910579,0.5144371478074388,-3.1831692119303314,-4.633967669483424,-2.691955119206733,-2.0646836914427924,1
-3.1238689293538555,-1.9855762686327885,-1.4140597810005824,-3.263291133217897,0.9109070350337491,-1.2197568284032203,-1.0918932866473852,-1.277371133550618,-0.6773924351226803,-0.047384320297334,-11.951527594955701,-1.4140597810005824,-0.047384320297334,-16.706956687731754,-3.263291133217897,-3.1238689293538555,0
-1.1556054831163474,-0.2844818892558693,-1.928586646288654,-1.1684270753392414,0.163427820386131,-0.8740151663404733,0.0120826481852579,-0.0617760622705607,0.0860409396893386,-1.7944170830987642,-6.138879215305911,-1.928586646288654,-1.7944170830987642,-12.711580534688114,-1.1684270753392414,-1.1556054831163474,0
-5.247262835659736,-1.85591727256868,-0.5796697066343788,-3.979376454387654,-0.429991408614839,0.3502587207014933,-0.2970488392126404,0.5399509007551029,1.2536227656608063,0.180285288349246,-10.49880267207648,-0.5796697066343788,0.180285288349246,-11.862835152604568,-3.979376454387654,-5.247262835659736,0
-3.2800405840824345,1.0640969157852114,2.9492154769374475,-2.443875149640371,-0.6078099800296577,1.4488449225980098,-1.595426248309321,0.898726774013644,1.0051907048551274,-1.537979507380718,-4.895534728431613,2.9492154769374475,-1.537979507380718,3.9706655295805753,-2.443875149640371,-3.2800405840824345,1
-0.629046366322799,2.712009782993824,1.2442781720560454,0.3114976521079116,-0.8456893114465224,-1.7471877338619684,-1.4881639408324108,-0.6866045318482008,1.477505281338703,-0.5538306641661421,-3.1419090039435527,1.2442781720560454,-0.5538306641661421,1.8776186358588434,0.3114976521079116,-0.629046366322799,1
-4.093205622601905,-1.9857484108153187,-1.4900472923466874,-3.0303609573599743,-0.8033604327656939,0.8436750452352917,0.536372063362126,0.1183502011234362,0.9127844192978516,-1.1560408978300003,-8.04163373477449,-1.4900472923466874,-1.1560408978300003,-13.746790659707859,-3.0303609573599743,-4.093205622601905,0
-1.6560908706388084,-1.5758354222808657,-0.719865918967746,-0.4970094418958093,0.1246633934075568,-3.3378230873867665,-3.0010404678766767,1.862869121400177,-1.8643824392428543,-2.048809487103742,-15.454431864569434,-0.719865918967746,-2.048809487103742,-22.595310277234923,-0.4970094418958093,-1.6560908706388084,0
-1.0511751109152576,1.2491338092891182,2.4183289162470496,0.7237613596846733,-0.0178621548877335,-1.734964051940159,-1.5267754555790187,1.0772936730156928,1.584222069083145,3.3147574889534965,-0.7602260124473064,2.4183289162470496,3.3147574889534965,9.99849443612368,0.7237613596846733,-1.0511751109152576,1
-1.0054815545490676,2.1164943113882377,-1.360244448157426,2.12328703556159,-0.9910911353316136,1.935362812957917,3.5279032872680984,0.383455014854216,4.784218777060597,-2.229215437415208,8.403713268169485,-1.360244448157426,-2.229215437415208,7.771090413246464,2.12328703556159,-1.0054815545490676,0
-5.015177840935609,0.4361246568028729,-2.427861021630009,-4.111025313587281,0.9761386900669212,-0.650351663497716,0.4273132436420293,-0.7012495444040763,2.7558477950571,-1.678799107027593,-11.242267688101014,-2.427861021630009,-1.678799107027593,-14.686342603601473,-4.111025313587281,-5.015177840935609,0
-2.571129314544268,-0.5835206771368728,-1.4057904397605112,-3.044429152861061,-0.278119864366334,0.3278307211716429,-0.4371306082972578,0.8530151882434975,-0.3349643770417109,-3.4742275971584773,-9.454775907654652,-1.4057904397605112,-3.4742275971584773,-16.172227973410166,-3.044429152861061,-2.571129314544268,0
-4.122754898043542,-2.777183172277001,0.732899343881996,-2.1360459283964603,0.1884535964292827,-1.1543095487687098,-2.3945176530155,2.268991611659453,-0.7917783825429475,-0.1157680576389845,-13.854888806908907,0.732899343881996,-0.1157680576389845,-14.645158030927776,-2.1360459283964603,-4.122754898043542,0
-0.0629244157477499,3.7559962820478336,1.9374773230067817,-2.442084501889969,-0.660147867336476,2.221292108350821,-0.4370945682362043,1.0825370086829098,0.5927702575382022,-3.26954705997379,1.9869299529017619,1.9374773230067817,-3.26954705997379,8.939342887778121,-2.442084501889969,-0.0629244157477499,1
-3.200289600952937,0.1251527206346632,1.6441451380511638,1.8270011014084837,-1.3141995296231093,-4.076139230960441,-1.8319924130399543,0.1822802235378697,3.257483398177608,5.113038093322673,-6.119368560547955,1.6441451380511638,5.113038093322673,2.1062495801457217,1.8270011014084837,-3.200289600952937,1
-4.321605183516804,-0.8524212748631423,1.4495211859024368,-0.1533069488416638,0.0052052618949463,-3.3563269404048035,-3.645950665802761,-2.729404384923734,0.6114533004292754,-1.0730569988090837,-16.758994952643064,1.4495211859024368,-1.0730569988090837,-14.879148566788235,-0.1533069488416638,-4.321605183516804,0
-0.0855354361307276,-2.542981943146493,0.1337457985684258,-1.3059053328250296,0.7791306255883522,-1.4008761560932674,-2.956420442737598,-0.1796303727255153,-4.163936460311764,-1.9453192983145624,-11.637914765340946,0.1337457985684258,-1.9453192983145624,-17.68798595774423,-1.3059053328250296,-0.0855354361307276,0
-3.3985105424198534,0.8942263098778473,-4.001575153651879,1.395618368300645,0.1571457837025345,1.7744918458953405,6.019473292241847,-0.3997705114430575,7.6346885310222525,0.5068546091787063,8.966645728969873,-4.001575153651879,0.5068546091787063,5.911429209100949,1.395618368300645,-3.3985105424198534,0
-2.2020265298845514,-1.075365684572234,-0.97464699330966,-0.519052454950282,0.6756644532569765,-2.1336325496416872,-1.1102167131495084,0.1335654155359782,0.2785969789123012,-0.2275799080075187,-9.401506389847468,-0.97464699330966,-0.2275799080075187,-12.722900373369443,-0.519052454950282,-2.2020265298845514,0
-1.307698599750684,-1.485630153565494,-0.9912487015888252,-2.042742969299926,0.2916589331890461,-1.5405653327545457,-2.1402749960364984,-0.7480909828486626,-2.3712013102296914,-2.695345955862916,-12.752823340024609,-0.9912487015888252,-2.695345955862916,-20.396129566389362,-2.042742969299926,-1.307698599750684,0
-1.7115000058352638,0.9381061867150534,0.3579284395371147,3.034148394399023,0.087204992037267,-1.2654837308732914,0.8272145036467974,-1.4873744464039769,4.028411032805062,1.5929442311362811,2.1499458483153084,0.3579284395371147,1.5929442311362811,7.419770935563112,3.034148394399023,-1.7115000058352638,1
0.5226048967402606,1.5787066511411618,-0.2162007680812978,0.2649147992514116,-2.7452995536723845,-0.1239633181463759,-0.0201724731369353,-0.4894142344944204,0.4020554311833697,-2.012431470099642,0.08569576760350461,-0.2162007680812978,-2.012431470099642,-3.2274655550160265,0.2649147992514116,0.5226048967402606,0
-1.9437260900130864,0.2765061013629861,-1.7962760972167915,-1.2200545225772457,1.598110895751759,-2.7129694651006577,-1.2101934720262073,0.1243761223009295,0.4423123922770195,-1.6135012855822044,-11.136908199037073,-1.7962760972167915,-1.6135012855822044,-15.528808282735545,-1.2200545225772457,-1.9437260900130864,0
-0.2328424217917746,1.4320740118338842,0.2053193020551615,1.9355581949852887,-0.1353342339231097,-1.337328660628067,0.5370851709243918,-0.3351431387781925,2.632558344056936,2.132873976021409,3.130091610717065,0.2053193020551615,2.132873976021409,7.7284884812640495,1.9355581949852887,-0.2328424217917746,1
-0.2524588646776717,1.9840730029289009,1.960400310192647,0.2309667186839901,0.701823040543344,2.0054418978110338,-0.327849993926119,0.1699745397492694,0.639288417078169,-3.896346418971272,1.7492682396598955,1.960400310192647,-3.896346418971272,7.432198793361485,0.2309667186839901,-0.2524588646776717,0
1.1058083658065576,3.1564771862101786,1.123002149433774,-0.6351146572061324,-0.695680744166515,3.4210496071281757,1.107066332517795,1.43388446819627,0.707256891186525,-4.388910178142806,7.187426263441944,1.123002149433774,-4.388910178142806,10.526556992007254,-0.6351146572061324,1.1058083658065576,1
-2.6582185074750395,0.8211963082857846,1.672069122569157,1.4680313452663267,-1.139061507616351,-3.7533123900196967,-2.1818094720794297,-0.4388499904781714,2.582930858522637,3.0871437862499524,-6.970281319791799,1.672069122569157,3.0871437862499524,0.15456345284827133,1.4680313452663267,-2.6582185074750395,1
-1.2488725863032824,2.603851857129529,0.4282771448872902,0.7138387985617171,-0.2049324742416078,1.5527247283578414,1.218648826121107,-2.072135116096487,3.1431635329795,-3.256994418893324,3.1359219333314288,0.4282771448872902,-3.256994418893324,6.611640622316839,0.7138387985617171,-1.2488725863032824,0
-2.4723296709825595,2.116809255217971,2.768536667259077,1.6372536964447135,-0.1520189056326978,-0.8349663105481071,-1.8053968530149616,0.0375633513811117,2.5735712633717225,-2.212530021517188,-4.406126214948238,2.768536667259077,-2.212530021517188,4.427209253476578,1.6372536964447135,-2.4723296709825595,1
-1.8263198578791584,3.0431143341209133,-2.4791838596881752,1.856777226791472,0.0795795465565606,0.5802507025923127,3.537699867006275,-0.972162217943325,5.981128672336756,-2.636618063194099,5.135154912030028,-2.4791838596881752,-2.636618063194099,3.6865425180598463,1.856777226791472,-1.8263198578791584,0
-1.7973883643115158,1.2911125665174878,-1.2858087556715707,0.9363615599138686,-0.2498937358120461,2.208297868042999,3.524225910219461,0.1077600554525429,4.596321443228601,-0.8924210109553783,7.478486397469922,-1.2858087556715707,-0.8924210109553783,8.336060106928983,0.9363615599138686,-1.7973883643115158,0
-1.5579930174346055,0.4209984448151962,0.074671028239807,3.055426122267688,2.1173241443709534,-0.8706420668462179,1.7259796634479418,-1.560170825129944,4.410849847695545,3.515372093770467,5.418499173174252,0.074671028239807,3.515372093770467,13.43576403001187,3.055426122267688,-1.5579930174346055,1
-0.7053174889284333,1.9637577568363784,0.6812456113425157,0.4574547214479967,-0.0478589276527573,-2.9734671869285245,-1.6559705778734863,0.3155229409202532,1.3695688834132522,1.288253100592649,-4.598756861781944,0.6812456113425157,1.288253100592649,0.019958565037570875,0.4574547214479967,-0.7053174889284333,1
-2.810743584853421,-0.8736463583786804,-1.2967942605834215,-0.7426054388884028,0.7077916141550177,-0.1433259946758669,0.9273483923099304,0.1060725763868382,2.033822520099331,0.2442889073467573,-3.54201007181555,-1.2967942605834215,0.2442889073467573,-5.094016296745765,-0.7426054388884028,-2.810743584853421,1
-0.9828962998993196,1.999488926961379,2.367798516329761,-0.555550801190877,0.1936617645167992,-2.80381950312427,-2.4448670722125327,1.1549975605416176,1.078577719049068,3.804920206037973,-3.786544046551918,2.367798516329761,3.804920206037973,7.666749171761085,-0.555550801190877,-0.9828962998993196,1
-0.6791266983093226,1.8459663844499925,-0.8802518853437054,-1.141121248898674,-1.4910799236114736,2.1204535434896163,1.917798140971716,1.7293008660447564,1.987472938802088,-2.483704357578985,3.70071930761396,-0.8802518853437054,-2.483704357578985,2.001525981506071,-1.141121248898674,-0.6791266983093226,1
-2.280171945609289,-0.63459162768673,-1.3061872268839378,0.1111889771609586,-0.5382371300747891,-2.256785090279962,-1.054145548029045,-0.5181340566668573,0.6636842916815067,-1.9324928156155328,-10.303783140339561,-1.3061872268839378,-1.9324928156155328,-16.5604344180539,0.1111889771609586,-2.280171945609289,0
-1.5848121915257594,2.035398378145417,1.4514421692649764,1.3367223047969845,0.5990841852948223,-2.9908053016698077,-2.5723823862891995,0.2520037612019284,1.4605304673593646,-1.5373522081902706,-8.304036706402442,1.4514421692649764,-1.5373522081902706,-3.261914460643766,1.3367223047969845,-1.5848121915257594,1
-0.0366325201944823,2.3365118989639218,1.832744780041425,-0.6442639072191719,0.0464612731541895,3.775056083209303,0.867170536399077,-0.8250972999455244,0.9551652649893432,-4.086499221267487,5.986398953100465,1.832744780041425,-4.086499221267487,11.811413275833509,-0.6442639072191719,-0.0366325201944823,1
-1.8572088243429397,0.9825852731654297,3.05134948209657,-1.7715880350734274,0.0341438933402122,1.401740591365268,-1.9980853251592403,-0.0004787180685054,-0.31614557420232,-2.466913538303117,-4.307729266982758,3.05134948209657,-2.466913538303117,3.428465667735094,-1.7715880350734274,-1.8572088243429397,1
-1.287508544805599,-0.5235828527462305,-1.9800786066351008,-2.0591382371169638,0.0005599923396953,0.7391058801851678,0.7531369753088801,0.3871483160609065,-0.0672149136640633,-2.525283374461172,-4.16416427345075,-1.9800786066351008,-2.525283374461172,-11.253873730376434,-2.0591382371169638,-1.287508544805599,0
-1.0722853679396775,1.8242828128712305,0.3740209944152337,-1.325582174108931,-0.753707644861746,0.6690559505785922,0.3276597196097457,0.1014229642396578,1.5982612380120056,-0.544303472476317,0.5478834191132349,0.3740209944152337,-0.544303472476317,3.7618545724577226,-1.325582174108931,-1.0722853679396775,1
0.0755000282986462,2.0876681731147886,3.462836621391816,0.4024369195557147,0.8380140545363104,3.323568572132954,-0.0207416643454809,-0.072822432590342,0.8283265095817832,-2.4413219754385183,6.750678625451059,3.462836621391816,-2.4413219754385183,18.333348866507492,0.4024369195557147,0.0755000282986462,1
-3.6500912796706304,-1.3483987925981538,-0.8090566305787836,-1.1812095916022634,0.913711652342591,-1.8359378418404024,-1.3029250347065986,0.2753962341432087,0.7356553973980581,-1.0447505219401785,-12.19925090419863,-0.8090566305787836,-1.0447505219401785,-15.094159237287684,-1.1812095916022634,-3.6500912796706304,0
-2.697867649137837,-0.9909861602840488,-3.096374127547816,-3.585426654409077,-0.2694937557039864,-0.1583375636872739,0.5763479202320645,-0.9230723963155776,0.1689769863873166,-2.1567075999355323,-9.171315270908977,-3.096374127547816,-2.1567075999355323,-19.346959539460197,-3.585426654409077,-2.697867649137837,0
0.1292844104049637,2.253153569770895,1.3374035097587251,0.9609162198881293,-0.2236665718034441,-0.3453055973888796,-0.2717205332554112,-0.7742699224040547,1.6162468125864515,0.2153312774716977,2.5963537495025153,1.3374035097587251,0.2153312774716977,9.058640792912097,0.9609162198881293,0.1292844104049637,1
-1.9111811483893952,-2.24423704443013,-1.25946894134359,-2.8570044798747687,-1.5184156988286823,-0.4001184931571444,-1.1385877129761417,-0.2451724218513857,-1.9795202463771209,-1.603987333649869,-10.555234705634593,-1.25946894134359,-1.603987333649869,-19.68186369178858,-2.8570044798747687,-1.9111811483893952,0
-0.2774641063418113,3.975963968941702,0.3747757913717442,1.4126694443072425,1.295207072669644,1.872417394426184,1.971574685351168,-1.4921020171453638,3.967917981330559,-3.363314262804167,7.464264518306503,0.3747757913717442,-3.363314262804167,13.990433570262747,1.4126694443072425,-0.2774641063418113,0
-2.336839822731026,1.2839888340243646,0.5230541085226599,0.3898254880241432,1.0440251294423797,2.0036120159140225,0.9690625741584477,0.1206347608934541,2.7275744598497877,-4.019941725352657,0.2933193799513174,0.5230541085226599,-4.019941725352657,3.409623736716087,0.3898254880241432,-2.336839822731026,0
-0.8294559773813382,0.2604964809836889,-3.8603376063600807,-0.8112881732433365,-0.4093202145866852,-1.8769116540896595,0.6295927343156128,-0.0739847815362688,0.6048490251087145,-2.993773607480628,-7.49825185098532,-3.8603376063600807,-2.993773607480628,-20.263179768085664,-0.8112881732433365,-0.8294559773813382,0
-2.393284118650806,1.124418931992936,5.815534851122044,0.2445884105503202,-0.3053091535185648,2.9505119000562487,-1.255375964946189,-0.1947896212832356,1.7993001750901438,0.4834129146723331,4.104783973731092,5.815534851122044,0.4834129146723331,23.04356440921447,0.2445884105503202,-2.393284118650806,1
-1.6439291604062285,-1.3027544245405849,-3.025333012392021,-4.052267025547246,-1.4208939852234432,0.6176128127937663,0.2466143558588479,-1.4297242430303712,-1.566618198125272,-3.754429343969923,-9.2715399730176,-3.025333012392021,-3.754429343969923,-22.99590349272595,-4.052267025547246,-1.6439291604062285,0
-4.288630439043868,-1.8943882748866527,-1.0728186736319545,-0.1888748633723476,-0.9948563524675412,2.240227009983349,2.647577111436728,1.9530596955398964,3.624395622555737,-0.249285170903704,0.5068523831968528,-1.0728186736319545,-0.249285170903704,-1.5602692412225965,-0.1888748633723476,-4.288630439043868,0
-0.9242237096448074,2.490067062590307,2.460814470111267,0.4734056558634583,1.0277187487795334,-2.1217860655487883,-2.7944021167351503,-0.422495895432434,0.7735056804275526,-0.9222000368512916,-5.920925275875061,2.460814470111267,-0.9222000368512916,3.042411170479937,0.4734056558634583,-0.9242237096448074,1
-2.1856493765178318,1.3248011519066103,2.463993219587861,2.543681860120656,-1.5285912962592862,0.3156441338979483,0.1763543147040456,-0.3317787717721222,3.7912398260266302,0.6248655068047867,3.1153417248141633,2.463993219587861,0.6248655068047867,12.39493317166253,2.543681860120656,-2.1856493765178318,1
-1.2882418665666786,-3.18690162043677,0.0146148761489095,0.223381816303452,-0.7696664090113885,-2.405254289294428,-2.2829392722749526,-0.8136645751375527,-2.0816362182922505,0.9422300258031608,-10.402979495760643,0.0146148761489095,0.9422300258031608,-15.592038982419547,0.223381816303452,-1.2882418665666786,0
-1.2158700224100685,2.502710297068345,2.519194452123882,-0.2576575030607853,-1.0397932245282346,-2.41819419944263,-2.7650682507214963,0.3589175837406595,1.0462820463395694,0.9339156913066516,-5.638358186702613,2.519194452123882,0.9339156913066516,3.1900195790103485,-0.2576575030607853,-1.2158700224100685,1
-1.8547645781817432,2.0596500608891475,1.7907698402052503,2.4367654250158077,-0.7634653033091117,4.9416432222736,3.10317267295215,-0.2996934959328892,4.753737192512003,-4.2872136243753545,11.340896400847207,1.7907698402052503,-4.2872136243753545,18.523614956295845,2.4367654250158077,-1.8547645781817432,0
0.5792783875859913,2.766479147020662,0.5830365767521815,0.8671132537382719,-0.5334524457759005,1.3618069284117449,0.6677376410303592,1.257613112576651,1.46934627776696,-3.502476589126624,4.10174569707215,0.5830365767521815,-3.502476589126624,6.161784527842997,0.8671132537382719,0.5792783875859913,0
-1.1830500375068729,-0.514983162636759,-0.0793481979174772,1.7169156248911968,0.5085353176271308,-4.147185258459148,-3.235424100590419,0.4301429743153713,-0.8433290406857633,-2.4864858811480954,-13.997398073909244,-0.0793481979174772,-2.4864858811480954,-18.404118394456415,1.7169156248911968,-1.1830500375068729,0
-1.1893305340715783,-1.3597647248215354,-2.2825292752161683,-1.842403006406529,1.366214785205788,-1.0562342288658009,-0.2260704875931196,0.3162737802597137,-0.8886285851400174,-1.1425931106798624,-7.872630321304227,-2.2825292752161683,-1.1425931106798624,-15.29262424844487,-1.842403006406529,-1.1893305340715783,0
-4.407689909728288,-0.0086296471036937,-2.003231058308361,-1.9510834774522925,-0.5054472096535272,-3.467637375171841,-1.5532521124138634,1.2114275036324305,1.7895930826139566,-1.5611141170614748,-16.417044014103293,-2.003231058308361,-1.5611141170614748,-22.623489284682734,-1.9510834774522925,-4.407689909728288,0
-0.3805024735385616,2.179376899950506,0.0018728455881993,0.7402458929915275,-0.6734142395598725,-2.757494884176536,-1.136384081481115,0.6174286309273244,1.5190582933625538,0.2435812066302287,-3.8686723238004865,0.0018728455881993,0.2435812066302287,-2.217435274936092,0.7402458929915275,-0.3805024735385616,1
-2.3005628501297326,1.7455197061397396,-4.326069594831129,1.0853431857744995,0.5032323845324963,1.5047595716213509,6.542204167762518,0.9338104260749966,7.821435158444014,2.41024198451129,12.492265337301015,-4.326069594831129,2.41024198451129,11.283110785125132,1.0853431857744995,-2.3005628501297326,0
-2.784735118416453,-1.5230951760165503,0.3482008773214946,0.444990517909577,0.1434289370373244,-3.414449280807505,-2.8219533964209047,0.971930343440634,-0.1535185082512081,-0.1612549189962346,-13.674946653555574,0.3482008773214946,-0.1612549189962346,-15.265480449525855,0.444990517909577,-2.784735118416453,0
-0.4679691971878046,2.335065059606248,2.9922087779718614,-0.7328239279234803,2.602479874874313,2.1069060060477707,-0.4648642834339033,0.6632733812644779,0.9927240659682524,-1.043610670482811,3.8396089926737904,2.9922087779718614,-1.043610670482811,17.28245516806519,-0.7328239279234803,-0.4679691971878046,1
-3.104031494540872,-0.9387712954492604,-2.5187256171630303,-2.933652946114908,0.073219450312465,-1.2855043015836307,-0.271354298487274,-1.1151262626634877,0.4192403122447009,-1.53335316661493,-11.352171804374507,-2.5187256171630303,-1.53335316661493,-19.383437741303947,-2.933652946114908,-3.104031494540872,0
-0.7875773983010836,-0.8671802554489253,-4.219590942715092,-3.818920824704227,-0.7136288932044673,0.9210716653229664,1.555694241993829,-0.0195303894671022,-1.0292342563649644,-3.501936938683164,-5.577777844497637,-4.219590942715092,-3.501936938683164,-20.763562650300205,-3.818920824704227,-0.7875773983010836,0
-3.120352537061361,-1.518528764414843,-0.641435879790483,-2.006082826427905,-2.0265777765994355,-1.2155918489410935,-1.4832376904374167,-0.6421271738316033,-0.3373017885823964,-1.4068501067662915,-11.966235622990004,-0.641435879790483,-1.4068501067662915,-18.270719977437615,-2.006082826427905,-3.120352537061361,0
-2.4141496411280654,-1.006794415005941,-2.1054665962950203,-1.4926975124490174,0.178669775219072,-2.3608075111678435,-1.233582593962378,-0.3617169878172646,-0.2382233310007484,-2.143900919629829,-13.012740104510918,-2.1054665962950203,-2.143900919629829,-21.561147104723872,-1.4926975124490174,-2.4141496411280654,0
0.4364194464974595,-0.6245145956231083,-3.098804529345492,-0.544039670190814,0.5487004763949003,0.0329895189163624,1.3573740714210094,-1.5144140623981206,-0.446635633282464,-2.2848741151390897,-1.593655825201818,-3.098804529345492,-2.2848741151390897,-11.92297330404721,-0.544039670190814,0.4364194464974595,0
-3.544865258468521,-0.0165013588629585,-1.003992412710182,-1.819529275061189,0.5102522224050186,-2.602227973785959,-1.7289299225854051,0.6611529286613466,0.9835440943461844,-1.4680739202946704,-13.782355682844663,-1.003992412710182,-1.4680739202946704,-16.654417521872006,-1.819529275061189,-3.544865258468521,0
-3.378786573547119,2.1566622080961784,-0.0888100154419908,2.283738515886073,0.6357265264405499,3.7976094849938256,3.896528292512215,0.1279272023745792,6.562187026517472,-4.319044532882471,8.234316880052527,-0.0888100154419908,-4.319044532882471,12.993309269821886,2.283738515886073,-3.378786573547119,0
-0.3135238157148505,4.113515400778382,3.251904288730114,-2.974936395828681,2.2369710770616296,0.5280792752747414,-1.8587728663531156,0.3566676072498469,0.5611427937240633,0.2623521227590426,0.28479299619026044,3.251904288730114,0.2623521227590426,16.349435109601462,-2.974936395828681,-0.3135238157148505,1
-1.3137698728231668,-1.1779291237129843,-0.5597709495578218,-0.0348526386335277,-0.4552205808827054,-3.7823183860926815,-3.1117569717246427,-1.742082457705964,-1.6625305471301282,-1.5449426744119732,-14.747888053491655,-0.5597709495578218,-1.5449426744119732,-21.37861429311313,-0.0348526386335277,-1.3137698728231668,0
-0.8991221210952682,1.0971384510327211,-2.4946458162433767,-1.3094843758780192,0.2611845412796286,0.3001999436461187,1.8223852786167136,-0.3759282454713564,1.85706653669654,-1.3316034476053935,-0.020286327637008883,-2.4946458162433767,-1.3316034476053935,-4.6479772136908615,-1.3094843758780192,-0.8991221210952682,1
-4.803089276169496,-0.4235157276459327,-5.897356302449426,2.9662994933152653,-1.911159325260488,2.577545731335153,8.839105442494262,-1.2629629368673227,10.416332203326805,1.5287969361148894,13.262688330779293,-5.897356302449426,1.5287969361148894,4.816870101256606,2.9662994933152653,-4.803089276169496,0
1.9980052803301451,-3.6583231578514734,-0.1197471448467863,-1.74292003271588,-1.1819955218978246,-0.1182079081949929,-2.937059795968288,-0.9593549606481228,-6.995010605959473,-3.1922503377329976,-9.76896386032848,-0.1197471448467863,-3.1922503377329976,-22.21718588569053,-1.74292003271588,1.9980052803301451,0
-1.1165208305180008,1.9276113462683688,2.935578699728338,1.8326119718364096,0.612171618618584,-0.1879220555442218,-1.2500721831602286,-1.3376741860876842,1.958976268311816,-0.8027962642989501,0.21498992903915526,2.935578699728338,-0.8027962642989501,10.844260425011656,1.8326119718364096,-1.1165208305180008,1
-0.4397566682195086,2.985168881667596,-1.422130734010976,1.8054459567323065,-1.095839163003958,-0.1541515388600394,1.7126508593944405,-0.6710148456624536,3.624238339279982,-3.1576478125514145,2.597558139303341,-1.422130734010976,-3.1576478125514145,0.24241451841911577,1.8054459567323065,-0.4397566682195086,0
-2.1917063653337663,0.8981643867031147,0.8248010901101259,3.6238007685331977,0.9154029704849368,0.2206589954144235,1.661281475626694,-0.6537420298069675,4.905191589277112,0.6749335609413772,5.107791817299464,0.8248010901101259,0.6749335609413772,12.710464024713987,3.6238007685331977,-2.1917063653337663,1
0.2092193849338186,-1.9798367616435388,-1.886196093899176,-1.9150947707333543,-0.2118895311982425,-0.8607623743634345,-1.0239277246798764,1.0844775248572875,-3.0660123553331644,-1.835912355599195,-8.267076976449015,-1.886196093899176,-1.835912355599195,-18.969954817705066,-1.9150947707333543,0.2092193849338186,0
-2.432816825946545,-0.9240983490292766,-1.5022229565358096,-0.7770739286870064,0.2485451051189872,-0.8296909724302965,-0.0128678176820909,0.4021978249123513,0.8849086346879932,-1.4295441077843944,-7.235782973989906,-1.5022229565358096,-1.4295441077843944,-12.277240758816422,-0.7770739286870064,-2.432816825946545,0
-1.7895086042428636,2.0632181392032662,-2.7616475436763883,1.5463558730625362,-1.5297740801093362,1.307833750261882,4.325481781773125,0.9389571782348514,5.858645869659399,-1.2065998583080904,7.554614832011739,-2.7616475436763883,-1.2065998583080904,4.199161783592958,1.5463558730625362,-1.7895086042428636,0
-0.0482069421248751,-2.694087859058027,0.4052412358909254,-0.0994735356086811,0.6205008990991628,-3.136489004387934,-3.828394671966981,-0.304667833755656,-4.072118038076327,-0.7742968454094783,-13.71743786294391,0.4052412358909254,-0.7742968454094783,-19.13505156702768,-0.0994735356086811,-0.0482069421248751,0
-3.066668464514508,1.0192846238170723,3.037220768057132,0.5859915584850247,-0.2622335693828559,-2.4991043427914867,-2.5819299615064755,0.6858904564379201,2.2742511273872603,2.6095272390439748,-6.432003690257886,3.037220768057132,2.6095272390439748,5.366092885436817,0.5859915584850247,-3.066668464514508,1
-3.7329522408278097,0.4684533389753413,-1.3626650053961842,0.0903678008152881,0.659849612104565,-3.3643141269508767,-0.7314126063461442,-2.4923896515830672,3.1343300998564656,0.1671869662378426,-10.466984995047238,-1.3626650053961842,0.1671869662378426,-11.395396509270121,0.0903678008152881,-3.7329522408278097,0
-1.4513135332453049,1.7740124862312834,0.3262641190634971,2.337157205528237,1.5668547072137862,-1.5176999821817985,0.2301536600445531,0.2736601192125019,3.5246953355670465,0.2547790510519505,0.10938890524712241,0.3262641190634971,0.2547790510519505,6.134405081211831,2.337157205528237,-1.4513135332453049,1
-1.6195672265128171,1.7813561143804018,1.9336861354515067,0.1572362027958715,1.764825883791736,-3.72006102308296,-3.106396650622488,-1.369463774656058,1.0620270669021756,1.728781092681492,-8.498712513443458,1.9336861354515067,1.728781092681492,1.0919855427548875,0.1572362027958715,-1.6195672265128171,1
-2.591003852409836,-0.7985044107094146,-0.5190685674552715,1.1567844040656228,-0.0464965811265579,-4.800111336252193,-2.545843916698398,1.3655603704321777,0.853446382862557,0.753160488256643,-13.625629959999769,-0.5190685674552715,0.753160488256643,-16.15642863518088,1.1567844040656228,-2.591003852409836,0
0.0592114114610902,3.480651623318524,1.8444575592378356,-0.4669657982528266,-1.08318844666605,-0.6978416073719926,-1.429215502289554,-1.2770845623311189,1.0102742805670604,-1.011796929907256,-0.7637984104140081,1.8444575592378356,-1.011796929907256,6.052431130291502,-0.4669657982528266,0.0592114114610902,1
1.9402651619977476,2.912570785845967,0.5949744436049,3.318152582328451,0.397637501776279,1.259213534847661,1.2338953203949012,-0.4245981660221425,1.7855914027102655,-3.626370558215955,8.296940362046433,0.5949744436049,-3.626370558215955,10.981636595825547,3.318152582328451,1.9402651619977476,0
-3.751008994927428,0.6983953897979736,-2.026896678322209,-1.199385733768211,-0.0034808485732018,-1.764286293120596,0.1669469583217718,-0.5807410905564503,2.9843084290412087,-1.5903365084337644,-9.203961475250852,-2.026896678322209,-1.5903365084337644,-13.100101621505418,-1.199385733768211,-3.751008994927428,0
0.3068661353501358,-4.110789101042074,1.8422749569193184,0.1383725391994639,1.5623545093732296,-1.9884592899760989,-4.4658150794898726,-1.177031631453071,-5.684675189033486,-0.8714553151841691,-12.979739401118714,1.8422749569193184,-0.8714553151841691,-15.922398793652805,0.1383725391994639,0.3068661353501358,0
2.17685227110047,-3.2398988177837404,-1.755915077744528,-2.519557265782205,1.2537347862197346,0.550824662841487,-1.3868159687099653,-1.2896760979610558,-6.2707710481828665,-3.4443950265154384,-7.312165482007905,-1.755915077744528,-3.4443950265154384,-20.587685112207822,-2.519557265782205,2.17685227110047,0
0.6539780638145545,-1.0240464537863987,-2.3674210676799365,-1.0625729472149024,0.252033979934877,-2.5624568469057225,-2.224497518115188,1.3845049626510342,-3.5102225274274783,-4.507865796460455,-13.289918345573835,-2.3674210676799365,-4.507865796460455,-27.152820607463696,-1.0625729472149024,0.6539780638145545,0
0.5967322412050069,2.12698906390945,0.9297088864605944,2.856591608311668,2.171802667396602,0.3017551144482577,-0.3203243451709633,0.9537602558113536,1.0531607637225475,-4.952937632588807,0.9105611645628708,0.9297088864605944,-4.952937632588807,3.791073259543073,2.856591608311668,0.5967322412050069,0
0.2185516226707959,-2.225229409872772,-2.9123275681212184,-1.88968128623166,0.573558836877425,1.3227635689273596,1.232176625874609,-0.6032968487781549,-2.05281737709588,-2.5692341772409657,-2.5878894869452735,-2.9123275681212184,-2.5692341772409657,-14.59567980746715,-1.88968128623166,0.2185516226707959,0
-1.2189630689778828,-1.7124251177389076,-1.168764221630929,-1.2403904173888454,-1.3657959280509446,-2.100961262557448,-1.8466854314404189,-0.5237042828895252,-1.836785062871976,-1.2967804463219892,-11.51716700698294,-1.168764221630929,-1.2967804463219892,-20.320757836345646,-1.2403904173888454,-1.2189630689778828,0
0.0051758976565337,2.293684539165561,0.9852920612775192,-2.2614120683611536,-0.7146641168409925,1.3190940401139108,-0.7970285214799865,-0.1808074450872261,-0.5094360819356685,-3.325451362647599,-1.446843435438823,0.9852920612775192,-3.325451362647599,0.38399622645141385,-2.2614120683611536,0.0051758976565337,1
-2.810883798214645,-0.0818839237512314,-2.9670675277042364,2.6560758545716947,-0.3825838427224335,1.2508176644527222,4.441043335619497,-0.1135881136210503,5.833039900887423,-1.002942215900927,5.7030445812298325,-2.9670675277042364,-1.002942215900927,0.9443137731674156,2.6560758545716947,-2.810883798214645,0
-2.1361256909761406,1.66417400429596,2.770302350876689,1.3198917638023966,-0.4793539426560843,-2.5854890991797417,-3.091840518230787,-0.186436415821554,1.4089757305130466,-0.7747556625130767,-8.189634301981132,2.770302350876689,-0.7747556625130767,-0.32363805153686176,1.3198917638023966,-2.1361256909761406,1
0.543188312829598,-2.597826579908121,-3.403993911053448,-3.256788946732497,1.1626480586861927,-0.491664328632817,-0.8737680742843286,0.3625430910929613,-4.5167978838735765,-4.008280659354001,-11.176804604714983,-3.403993911053448,-4.008280659354001,-27.56294574561987,-3.256788946732497,0.543188312829598,0
-1.1009727942539396,0.830863514916629,-1.4756845338887026,1.3667617685403206,-1.7684154256380724,2.3586766546305964,3.71925867187189,0.5343472134537843,4.037712387251073,-0.7919606327166725,8.74130383761942,-1.4756845338887026,-0.7919606327166725,6.737552596413678,1.3667617685403206,-1.1009727942539396,0
-2.0434624869419817,1.6949980232229322,1.8574361238767687,-2.1315667854505,-0.0793963813854937,2.270998404293261,-0.3866197564921133,0.9454973046593949,1.0523282130030198,-2.897991559299365,-1.2226457563745055,1.8574361238767687,-2.897991559299365,4.9197829477055,-2.1315667854505,-2.0434624869419817,1
-1.6761794103977157,2.0567551615174677,-4.786386998254891,-0.4035720829834706,-1.2298831152865406,-2.3073354116863194,2.1078141917751494,-1.771422551443844,3.7262321789670176,-2.015580018707982,-4.5454329821691895,-4.786386998254891,-2.015580018707982,-15.995832375650478,-0.4035720829834706,-1.6761794103977157,0
-1.206424312359679,1.5129117927366589,1.8734525155828503,-0.6782255758241645,-2.0200564145232254,2.0941608565605727,0.2015751193945605,1.2359432022281034,1.4445636806830788,-1.4119803390804788,2.6061783979880424,1.8734525155828503,-1.4119803390804788,7.771107886135789,-0.6782255758241645,-1.206424312359679,1
-1.6535223714405527,0.923155466770926,0.8711604503371005,3.387107382575937,-1.5249849401440596,-1.7022016924808938,-0.2489353205430836,0.1411144967055929,3.2193371166464684,0.0065682210620674,-0.9900300065364932,0.8711604503371005,0.0065682210620674,1.9231003865352994,3.387107382575937,-1.6535223714405527,1
-1.4652379541287766,1.4744969813329978,-1.0493877511719434,0.6118707900838597,1.3049626887904189,2.0151992444873468,2.653817434799794,0.4202685290565615,3.558946043416212,-2.373606399304049,4.9317393417585205,-1.0493877511719434,-2.373606399304049,6.1591449633377655,0.6118707900838597,-1.4652379541287766,0
-1.835815277721347,1.423788152766728,3.6368544776414624,-1.5749492865089252,-1.0828405288683434,2.657637928061812,-1.3529220835850535,0.0073506749196991,0.3038600694082237,-2.770912021879457,-0.7955346608044305,3.6368544776414624,-2.770912021879457,8.36262997755251,-1.5749492865089252,-1.835815277721347,1
-1.060749154651371,2.566189018555342,2.0321150407554978,0.6905006124542782,0.2349281250881155,-0.7367148414618991,-0.7643520558989289,-0.2194123209720703,2.4669157486584044,0.7901818557105033,0.7483405932460254,2.0321150407554978,0.7901818557105033,10.898422637206417,0.6905006124542782,-1.060749154651371,1
-2.531700736907656,1.4336514856316314,-1.7896571235848204,1.7663900447203462,1.6651423825437814,3.32218400723722,5.610824527278576,0.0658916086022399,7.038248008122995,0.3512550331709079,13.274788368368247,-1.7896571235848204,0.3512550331709079,17.895130510626565,1.7663900447203462,-2.531700736907656,0
-2.168045871884785,-0.050087558566916,-1.170167482980998,1.2731278156754693,-1.0658027113487585,1.1008110902067327,2.0459952612189274,0.2588875157127058,3.1330094344011448,-1.98120866324491,1.3214031636112509,-1.170167482980998,-1.98120866324491,-1.928205472122378,1.2731278156754693,-2.168045871884785,0
-0.0528177562502711,1.914906223587563,2.146305808985554,-1.250945677072513,1.558294956772448,1.092137959564861,-1.05892432174818,-0.8047518137191378,-0.1597389172236913,-1.30737390465142,0.4291204829949009,2.146305808985554,-1.30737390465142,8.87888274076395,-1.250945677072513,-0.0528177562502711,1
-3.941166933980463,-1.194871961930014,0.4439762275716328,0.066831947221948,0.8049425736373473,-2.337885542441221,-1.6842612890985258,0.6248178230538752,1.5935258033199504,0.5698975897006964,-10.859341732968801,0.4439762275716328,0.5698975897006964,-8.85151952644025,0.066831947221948,-3.941166933980463,0
-0.1203949575067138,2.1074469941661453,-2.246045790473188,1.747179697783178,-0.8300704951292369,0.1817016638027473,3.0637895005897464,0.8627545919526867,4.03004340100663,-0.3778411087721887,6.783583453865662,-2.246045790473188,-0.3778411087721887,4.338982827403636,1.747179697783178,-0.1203949575067138,0
-2.387706112572985,-0.4198286392092409,-1.5618002043381347,0.3668213831560936,-0.3017330539586357,2.483380911030833,3.8305893527528383,0.1485479035926389,4.1712633723219295,0.8294018459212436,7.186039652109615,-1.5618002043381347,0.8294018459212436,6.994334326786639,0.3668213831560936,-2.387706112572985,0
-2.5388740027848917,4.260974594696884,-2.372467940040659,3.739892193315108,-0.1885948291474882,1.624265989726048,5.039672128682237,0.2863867439553901,8.749067283920931,-4.056853832999954,9.693343060361478,-2.372467940040659,-4.056853832999954,10.297594257794346,3.739892193315108,-2.5388740027848917,0
-4.646312767456151,-1.8803106251748365,-1.292322182821369,0.6550331292972491,0.7271679888921005,2.773607704427832,3.559595797434814,1.2428268933268276,4.767622078093631,-0.4269116065213989,2.808309336435341,-1.292322182821369,-0.4269116065213989,2.625244713075117,0.6550331292972491,-4.646312767456151,0
-0.9587119336480427,1.2599635967267195,-0.5178537102641552,-1.4239903275948689,-2.96675306874073,2.817821295150141,1.0310424354215395,1.5095239926988544,0.6080238575910886,-5.80636956716146,-0.26242320595583024,-0.5178537102641552,-5.80636956716146,-6.416486948339921,-1.4239903275948689,-0.9587119336480427,1
-3.713464022651885,0.856359961074128,-2.8871787714332635,0.4009936547367472,0.4259109671014114,2.1313716927477278,5.042503917087278,0.6506676287920862,6.784485346351389,0.2481200038941589,7.097256899635883,-2.8871787714332635,0.2481200038941589,6.726643410850892,0.4009936547367472,-3.713464022651885,0
-2.8990724257349783,1.078681670018549,1.7176413415087437,-4.377678011023741,-0.0787528862446404,0.0057137915433338,-2.893610004965391,-0.1243009388784991,-0.9689101529883418,-2.849241256229976,-11.92949244484887,1.7176413415087437,-2.849241256229976,-8.413108590767068,-4.377678011023741,-2.8990724257349783,1
-2.5177543150454693,1.1349941716070329,0.1726472657360693,-2.1914605643574685,0.0440646349129376,0.5422250130484275,0.2591138585800863,2.001922459248361,2.011335804348256,-0.0415891696519206,-2.272245992770885,0.1726472657360693,-0.0415891696519206,1.504965134385901,-2.1914605643574685,-2.5177543150454693,1
-1.4447380779102157,1.5344491079449465,2.2525858216750043,-0.2010097745468455,-0.957927839495268,2.8892665535605118,0.8081521944900908,-1.104145456663919,2.196183025657541,-1.2084547612300698,5.2669317958689295,2.2525858216750043,-1.2084547612300698,13.41746733116651,-0.2010097745468455,-1.4447380779102157,1
-0.6158686010054977,2.865385909986237,1.9214224891855836,-2.3358986802215025,0.5069763458281417,1.8338327520190287,-0.5316092448773772,1.182900489387524,0.6448495992892551,-2.0954054907303368,0.9542693971895801,1.9214224891855836,-2.0954054907303368,9.084362736830451,-2.3358986802215025,-0.6158686010054977,1
-2.510989248435087,2.9966743957141606,-3.33469031293578,3.245473529202772,1.610292980482871,2.7628731933124357,6.84759563463588,-0.0892032976916679,9.165321019043818,-1.507000879217932,14.597499818524664,-3.33469031293578,-1.507000879217932,16.108684267352576,3.245473529202772,-2.510989248435087,0
0.1285057250341359,2.3364511046465,-2.279640458172909,0.5364344403801913,0.1064939802900918,-1.1716275896816088,1.5787359260658402,1.143566044928613,2.637574707758761,-0.4948596478063165,1.7420123689571334,-2.279640458172909,-0.4948596478063165,-0.9819719182470976,0.5364344403801913,0.1285057250341359,0
-0.5127741583703969,-1.275438783443693,-0.0326765936371471,0.8867800085245157,-0.2802827130771807,-4.571461161582402,-4.132387894923996,0.6051330157589494,-2.67979609475592,-2.0861538570911105,-16.262897008469483,-0.0326765936371471,-2.0861538570911105,-23.08899491077009,0.8867800085245157,-0.5127741583703969,0
-2.484348818418613,-1.2967768149394563,1.7527429531424028,1.6643894160231971,-0.3009352929701331,1.2448246782640342,0.6529023599494849,-2.52345736251247,2.344570757703281,1.4263360771566984,2.4521515762993795,1.7527429531424028,1.4263360771566984,8.722754527849125,1.6643894160231971,-2.484348818418613,1
-0.533957523713017,-1.970857357310059,-0.6057192529761718,-0.2208862258077071,-0.1616437944786109,-2.150573302889294,-2.1681001305913328,-1.1627104393277614,-2.361986175064541,-1.3505759955652523,-10.545523838765957,-0.6057192529761718,-1.3505759955652523,-17.584498839434726,-0.2208862258077071,-0.533957523713017,0
0.7060328444484361,-3.713156762746043,2.1910748992974205,1.2517883920850412,0.8255570748695653,-2.2203550352446744,-3.9067615258968194,-0.3885070671188527,-4.633378466761077,1.1557847915663753,-8.947022331032358,2.1910748992974205,1.1557847915663753,-9.243659404856553,1.2517883920850412,0.7060328444484361,0
0.2751348106732978,-1.804929051210832,-3.003222547731506,-1.949536981793806,-0.2577245615862952,-1.6838788392021355,-1.2039042577283197,1.2373697935635992,-3.3054472693222503,-3.383098415456214,-11.434091573920146,-3.003222547731506,-3.383098415456214,-26.671710548432568,-1.949536981793806,0.2751348106732978,0
0.6231511119492366,2.7751845548701146,-1.7544309590020324,1.5604809965961548,-0.6124228909008682,1.4724304723861872,3.884839318658452,-0.9779388355526388,4.321673190499991,0.285879543009103,12.074396469855436,-1.7544309590020324,0.285879543009103,12.923440103057448,1.5604809965961548,0.6231511119492366,0
-0.7786746224391424,2.002196463562486,-2.2109470677300225,1.282479674547263,-0.0102056003909326,1.857718993231342,4.323993375883226,-0.4866311881892691,5.015303202670174,-0.1976144597028633,10.347818418313652,-2.2109470677300225,-0.1976144597028633,10.269329506340588,1.282479674547263,-0.7786746224391424,0
2.769926617466342,6.922232954679596,0.8885102248220036,-1.8611353206167505,-0.6650318903039252,4.108434517616039,2.3445351418012192,1.302928421945811,2.137677407098773,-3.923581506459737,14.468846922102749,0.8885102248220036,-3.923581506459737,22.48106371257628,-1.8611353206167505,2.769926617466342,1
-0.8180765147734689,3.03529967231605,1.497064083521586,-2.639513820566945,0.8410412769616195,1.4266354983434058,-0.7255254624857291,0.7738771734428223,0.6071953299762097,-2.7402587961167977,-1.0348039249400784,1.497064083521586,-2.7402587961167977,5.85476268606931,-2.639513820566945,-0.8180765147734689,1
-1.381717259889255,1.0964816288688093,1.840435207308324,-1.3470470357893922,-3.033989362145269,0.6924094641987851,-1.0543778551098877,0.4189116113727865,0.4386122995792311,-0.8481941453302919,-2.1500357388524467,1.840435207308324,-0.8481941453302919,0.9305324160453534,-1.3470470357893922,-1.381717259889255,1
0.1811406136098274,4.192531417262348,-2.1681399249480986,3.5348900281966813,-0.9242684025950716,0.563653698568941,3.434447388462548,-1.4512262989011584,5.4724263397671935,-4.228449441915407,8.241867402753881,-2.1681399249480986,-4.228449441915407,5.547033775483138,3.5348900281966813,0.1811406136098274,0
0.2122027124539671,2.0156724380316358,0.2899280593324538,1.5080358736899786,-0.2530868410141108,3.412381672020272,3.254339062665857,0.9937402628679574,3.386347828189763,-1.1135230448532,12.701490386028784,0.2899280593324538,-1.1135230448532,17.47479949440219,1.5080358736899786,0.2122027124539671,1
-2.623011548703848,-1.7138419674656211,-0.266401457911247,-1.5881753812511787,0.9328953551938086,-1.5211123221763534,-1.562732493756726,1.5564160355717669,-0.4868056601413697,0.1961160424445089,-10.333869993085571,-0.266401457911247,0.1961160424445089,-11.896688967296367,-1.5881753812511787,-2.623011548703848,0
-2.066820623765591,0.2268333851274602,0.1430382849967215,3.772566683113479,-0.6735396478972429,-2.2670737387919604,0.4906572868445911,-2.102600691921022,4.091556715655861,2.1966463852771447,0.08573563901316339,0.1430382849967215,2.1966463852771447,3.455578021533278,3.772566683113479,-2.066820623765591,1
-4.175390521687087,-0.5710154706151402,-0.7624538026597077,-0.825699533174673,0.1949677059907586,-2.9510095644718337,-1.835959491608668,-0.6553275232007943,1.506798746179744,-1.2723231585351376,-14.582407304564372,-0.7624538026597077,-1.2723231585351376,-17.36393715972673,-0.825699533174673,-4.175390521687087,0
0.8059285350643419,2.490346539192877,3.6227180398474776,-1.2521608192156524,-2.799964302593586,2.5028357189942785,-1.711916950649877,1.1138623979822204,-1.3343652097008196,-3.575569551503923,1.7622991908763233,3.6227180398474776,-3.575569551503923,8.002935415609983,-1.2521608192156524,0.8059285350643419,1
-0.8682263034894301,-0.9598596718643632,-1.7968477258310611,-2.252028290666752,0.7551849738039433,-0.4873477947627409,-0.7162006226693626,1.110753172414642,-1.6562327579295226,-2.8425193168222167,-8.613529795037607,-1.7968477258310611,-2.8425193168222167,-16.681799191605265,-2.252028290666752,-0.8682263034894301,0
-4.016392283589719,0.546670172283472,-3.190085614716992,3.6023894690268072,1.2218046849767017,2.814708452980538,6.393900358265749,-2.0648652776836416,8.608109128081084,-1.6758384447739918,10.480146177173394,-3.190085614716992,-1.6758384447739918,9.221528583021465,3.6023894690268072,-4.016392283589719,0
1.1217071125845717,-2.8101817630345294,-0.9383279475514984,0.0243433515890274,-2.388531462477686,-1.239144773343951,-1.6438328584803792,0.5251693132621684,-3.874555320330555,-1.393938039597943,-7.180191743627155,-0.9383279475514984,-1.393938039597943,-19.119366139034437,0.0243433515890274,1.1217071125845717,0
-0.988251966067691,-0.2617468652405701,-1.643516654173439,-0.0105902008708298,0.9165676137777012,-2.437628397968986,-0.901692771044624,1.5803397708229694,0.0323408030211599,-1.262146147728382,-8.299684746890067,-1.643516654173439,-1.262146147728382,-13.6976382783314,-0.0105902008708298,-0.988251966067691,0
-1.368093228458162,1.5248700721708672,1.1629465229817169,0.586048428090993,0.4025162097353214,-2.0480222274906805,-0.8061935560915957,-0.3109714664860723,2.391049080549569,2.955839722358971,-1.203573016910288,1.1629465229817169,2.955839722358971,7.154766442468791,0.586048428090993,-1.368093228458162,1
-0.9363050299625264,-1.4464628113282882,-1.3375357030787247,-1.7959108377859572,-0.3247419350819738,-2.315840487071261,-2.320819193196209,-1.1858149110149452,-2.538856507855938,-2.251731807909394,-13.382910654324897,-1.3375357030787247,-2.251731807909394,-22.614796416532993,-1.7959108377859572,-0.9363050299625264,0
-3.513023501055489,0.2087083630996513,-1.039619147906355,-1.0217608018521764,-0.090242881440322,-2.9111214873868536,-1.8249889299531743,1.2530582102439145,1.256191682206944,-2.2847332302327588,-14.258041074767654,-1.039619147906355,-2.2847332302327588,-18.33348799438053,-1.0217608018521764,-3.513023501055489,0
1.70662786768202,-0.6206828368625978,-3.477760742129929,-0.5428407352265381,1.6047350122948532,-2.144703588887718,-0.7689855778970885,-2.9469042192840145,-2.920260114706528,-4.033118761802331,-8.548407221881972,-3.477760742129929,-4.033118761802331,-22.848973418209063,-0.5428407352265381,1.70662786768202,0
-6.142636438057404,-1.316074272778224,0.2371983819938981,-1.1305460931044071,-0.3471614824184498,-1.8122971571990252,-0.8507632993232729,0.6879020828923982,3.4875984188654403,1.8082137272170509,-11.256400690444305,0.2371983819938981,1.8082137272170509,-8.110961393446445,-1.1305460931044071,-6.142636438057404,0
-2.5773942456733607,0.0368235091561441,-2.539148649798779,2.060367540934808,-0.161767281165669,0.8055193138376858,3.8282958295391913,0.0310634263989314,5.287451644049448,0.0456622249238225,5.004793486555977,-2.539148649798779,0.0456622249238225,2.1118897682206588,2.060367540934808,-2.5773942456733607,0
-0.5459444229296732,2.362998796200767,2.02636252771648,-1.597843070007994,0.0217130184848427,1.3393334844928024,-0.5905033729324767,-0.4198469958312289,0.7169598864515105,-0.9926938049480382,1.3146810943681895,2.02636252771648,-0.9926938049480382,9.40622090341551,-1.597843070007994,-0.5459444229296732,1
-0.8108731922341631,0.6064632658418245,2.880978773113026,0.7758189222522525,1.6049345017539018,2.9532434332626405,0.1000855831836109,-1.184951941226075,0.888351798830216,-2.055996272857114,4.521985172711692,2.880978773113026,-2.055996272857114,14.180853862585602,0.7758189222522525,-0.8108731922341631,1
0.1404010105670923,2.9528025683979915,1.5072004762623024,-0.2033918011890245,0.4457598512171287,-1.3447225927661437,-1.636282520969492,1.0864801228903818,0.6833412777531855,-0.6029736803578358,-2.0388896090835567,1.5072004762623024,-0.6029736803578358,4.746001288654868,-0.2033918011890245,0.1404010105670923,1
-1.025289745422138,3.063642637381538,-0.5197044031665834,1.778966027755972,0.3924560184705202,2.9458397591394068,4.100291879480796,-0.4326595133965921,5.716112811332809,-1.247250270374685,12.562040047100297,-0.5197044031665834,-1.247250270374685,18.293140317235924,1.778966027755972,-1.025289745422138,0
-0.4305718384511472,-1.7159687355017557,-0.0705792346353171,1.0776399872124118,-0.2508336718112308,-4.734981988067101,-4.042905556446446,-0.561050852022268,-2.7453916883003227,-1.1403327953063285,-15.722102914627468,-0.0705792346353171,-1.1403327953063285,-22.407864706438396,1.0776399872124118,-0.4305718384511472,0
-7.019415448828856,-0.08021179379189,-6.178505402416697,1.1959784986848856,-1.015581379650545,1.9196798433363595,8.554525359531064,2.305636837367189,11.677218359536408,2.137989221942611,8.628225524210535,-6.178505402416697,2.137989221942611,2.355783611219019,1.1959784986848856,-7.019415448828856,0
-0.9482252011892444,2.0646358963409592,2.154102408769477,0.8735329922510808,-0.1271993839824429,-0.5791056123475667,-0.8930620100023929,-0.2796127199046768,2.0001428687059444,0.5874605092925037,0.5261309619977732,2.154102408769477,0.5874605092925037,9.673332067548518,0.8735329922510808,-0.9482252011892444,1
-0.961243766818441,2.5098229753641075,2.60674582358744,0.2973294273963318,0.5156606300833942,0.2428547596885009,-0.9639378762213208,-0.4785542667177183,1.8111366587271367,-0.4569018022219109,0.9107784768757683,2.60674582358744,-0.4569018022219109,11.710781221913198,0.2973294273963318,-0.961243766818441,1
-1.9626797119865096,1.9870526644795272,0.8726179233766982,-2.81419484375544,1.567791509795664,0.6804163882918364,-0.5207509388953988,-0.2841878821547786,1.2197808168556876,-1.019841279780617,-2.9695813333547645,0.8726179233766982,-1.019841279780617,3.731605551936129,-2.81419484375544,-1.9626797119865096,1
-3.547631673235655,0.7814725036418229,0.5959003583650717,3.507305909070431,-0.7766940529721439,-4.951493856387547,-2.01794239276051,-0.1336277297267712,3.93750935544942,0.9134177414049032,-10.266365624654103,0.5959003583650717,0.9134177414049032,-7.152410824026994,3.507305909070431,-3.547631673235655,0
-2.0392002725988685,-0.3685603863358362,1.3786364068667163,1.173224942671574,1.5051959988790395,1.0040272690384353,0.8831501512788797,-1.55102618198332,2.6175953303350536,1.8116251149200135,3.4682940880126334,1.3786364068667163,1.8116251149200135,11.91230007730389,1.173224942671574,-2.0392002725988685,1
1.4847192054836595,4.714213905520975,-0.4521751739729018,1.9445835996582577,0.2899111740376629,0.6606866600065071,1.9059536822841496,0.6543881340607632,3.3624083636218587,-2.8703205460254697,8.500523166934586,-0.4521751739729018,-2.8703205460254697,11.847118693866166,1.9445835996582577,1.4847192054836595,0
-0.6783213050370842,-1.868831051148549,-0.7591443635891246,-1.3085786135690514,0.3435975351782162,-1.9556546455597263,-2.140650011554824,-0.0745926770080763,-2.55586035534054,-1.027868248373328,-10.935558520802287,-0.7591443635891246,-1.027868248373328,-17.37781400166964,-1.3085786135690514,-0.6783213050370842,0
0.3868519679733997,1.8012164783766282,0.0513461366425678,1.338827980799522,1.3011020630240928,1.4816014825675576,1.5199787634540685,1.1942144830139918,1.9455642703356395,-1.9858086710944671,6.024269484644267,0.0513461366425678,-1.9858086710944671,9.150658617684783,1.338827980799522,0.3868519679733997,0
-1.4294711209989472,-1.3353804587045714,-3.244208058534169,1.34102094824851,0.3365830454590349,-0.8240682843147065,2.1656198068786963,-1.0756504835748877,2.2186735585401807,-0.2002039158025346,-1.10655130900826,-3.244208058534169,-0.2002039158025346,-9.564983287777892,1.34102094824851,-1.4294711209989472,0
-1.8241117109825764,1.873424123849736,1.5464052122128795,-3.186154213817868,-0.2479160257430088,2.305598000831697,-0.9705681949062656,0.1847686502490239,-0.0596573254550047,-4.65380411543635,-4.15001810962993,1.5464052122128795,-4.65380411543635,-0.8689948322508361,-3.186154213817868,-1.8241117109825764,1
-1.153207147748268,1.6771979293805617,1.8201746820671525,0.7897563282747265,-0.39320100368219,-2.716463071675882,-2.1203745700219523,-1.7324945949673274,1.4185949500987596,1.6876313572492478,-4.5519222462174485,1.8201746820671525,1.6876313572492478,2.8825618493093055,0.7897563282747265,-1.153207147748268,1
-0.6131798594417075,-3.074373430140226,-2.3057327571445803,-3.697170144163613,-0.687784294825431,-0.2038834461874925,-0.8499748439880745,-1.5105460503694963,-3.6720042680391303,-1.3002463456149078,-9.942711515723513,-2.3057327571445803,-1.3002463456149078,-22.64249397083179,-3.697170144163613,-0.6131798594417075,0
-1.015946743316,-0.4116104324729965,-2.169592997980569,2.2236737756610525,0.2270288603889453,3.19211320147274,5.373067227720305,-0.3449831619570674,4.77724732849771,1.0910125547960343,13.644422785333875,-2.169592997980569,1.0910125547960343,12.807961074334864,2.2236737756610525,-1.015946743316,0
-0.470970076189847,2.60758416622909,2.1729872591043886,-0.8125786747211632,0.3140226024861145,-3.3947993035340467,-3.744328566570599,0.1214785793290578,-0.351991210768543,0.2787971417848363,-8.931094616535775,2.1729872591043886,0.2787971417848363,-1.3871781355589485,-0.8125786747211632,-0.470970076189847,1
-3.3404564125848872,0.7174540554442166,0.0310204565401834,2.3999030297305124,-1.866700586803942,3.413178509653782,3.532391193911902,-0.6514425498636812,5.667283341007768,-2.809570926364603,7.326077959444705,0.0310204565401834,-2.809570926364603,8.977372071550391,2.3999030297305124,-3.3404564125848872,0
-3.2198883435812737,-1.272914560084781,-3.657732728057897,-0.734016688998282,-0.0288166015886233,-1.4753347558005214,1.7768312734710294,0.5019002337006719,2.7979232306870547,0.5967256285173406,-5.80393220227701,-3.657732728057897,0.5967256285173406,-14.278645990133363,-0.734016688998282,-3.2198883435812737,0
-2.8606929910708376,-0.8399794165082001,-2.578773081508833,-0.9304346396998736,-1.0730913283626151,-1.2190712322939443,0.9032842916581232,-0.125819351548333,2.0158512114817677,-0.2168972826092343,-6.382862502817911,-2.578773081508833,-0.2168972826092343,-13.776881005785926,-0.9304346396998736,-2.8606929910708376,0
-0.6590046523545582,-1.5282790229661358,-3.0137195483405623,-2.833391119316666,-1.0581464312944115,-0.3264705127314726,-0.2240726452956047,-0.552924016236234,-2.21152310651648,-3.4665789115530297,-9.36426737694894,-3.0137195483405623,-3.4665789115530297,-23.758631813395986,-2.833391119316666,-0.6590046523545582,0
-1.5474667892971894,2.544440155187368,0.2275686436593267,-2.3749288854287687,-1.6713322676347722,0.5892890332779358,0.4823175112288008,0.5855215328568677,2.2377133526651454,0.125658746158916,0.40859880440499863,0.2275686436593267,0.125658746158916,4.207187600149443,-2.3749288854287687,-1.5474667892971894,1
-1.2832513060355244,-2.895487408988288,1.2648193989354084,0.2251089606058685,-0.370036612568197,-4.248554778437499,-5.3186790109486,-1.1534825308886436,-4.066685342731138,-1.5264774654042876,-19.29589578764583,1.2648193989354084,-1.5264774654042876,-24.55481958695582,0.2251089606058685,-1.2832513060355244,0
-2.2252730831354324,1.4586693163111748,2.253432493684956,-3.022549955624018,1.6785739643487574,0.1218962206990674,-1.960752924891614,0.2669757831275602,0.2717080713212247,-0.0668699989255294,-5.572984204867284,2.253432493684956,-0.0668699989255294,4.358611281148938,-3.022549955624018,-2.2252730831354324,1
-1.2200851041385288,0.3904945222852909,-1.9666535723256269,1.5103950403261308,1.3006254010559588,1.9823001854515088,3.6244152760721255,-0.1980736301493601,3.8048795539207902,-1.2373456657229829,7.0324744397250525,-1.9666535723256269,-1.2373456657229829,5.715706015992239,1.5103950403261308,-1.2200851041385288,0
-1.6901918337435733,-1.5166796197817312,0.5098918236657783,0.7073271068620364,-0.2071616890940402,-2.112541051858016,-1.7016435665210043,-0.3812372872728735,-0.13749775125432,0.9531295624008194,-7.473140454499486,0.5098918236657783,0.9531295624008194,-7.7724637902342115,0.7073271068620364,-1.6901918337435733,0
0.6152742823054287,-3.178354779665825,0.2238273909300667,-1.5673358725552071,1.4224229552858216,-2.5728124096224505,-4.593619581202922,0.7344258528096671,-6.326922274601436,-2.807750916127248,-16.67741168649067,0.2238273909300667,-2.807750916127248,-25.099554748158756,-1.5673358725552071,0.6152742823054287,0
-0.514472605530229,1.0778898780044348,-0.8670734355917986,2.290554847532785,0.0316219739102477,2.8668797271610176,3.904328387397808,-2.1268334877992654,4.1475814823290005,-0.9506782236091142,11.541381738117721,-0.8670734355917986,-0.9506782236091142,13.0762013173319,2.290554847532785,-0.514472605530229,0
-0.7885976754040656,1.6427370242302275,-1.9820137022100373,2.075018843083436,-0.156276336705043,-0.0290809407344041,1.902116751289178,-0.6391935337501581,3.1941987891621486,-3.547462889662147,1.2256501720678203,-1.9820137022100373,-3.547462889662147,-3.536378337350649,2.075018843083436,-0.7885976754040656,0
-1.3555665855680818,2.7434625464220344,1.5570818321894753,-3.1284535049935256,1.6028442471779696,0.7960936864543134,-1.0762742946375772,0.3673603491474866,0.6740978658243446,-1.4387748049125206,-2.6634192707810436,1.5570818321894753,-1.4387748049125206,5.904742229201626,-3.1284535049935256,-1.3555665855680818,1
-1.0520980053505893,4.580914171202661,1.2330518946999285,-3.9394239217559393,-0.7193216868081737,1.6166784496953062,-0.0843063250589876,1.2160065389114765,1.8174054409839744,-1.8185016276807733,0.9199411907469841,1.2330518946999285,-1.8185016276807733,8.947526052598823,-3.9394239217559393,-1.0520980053505893,1
-3.7690866390620377,-0.2599846319179208,-0.5319010561385287,1.9669495604738705,0.2149828174545479,1.2333496457702544,1.8009930876645766,0.3149718715553322,4.219322040163258,-3.102404140772511,-0.8968334720735136,-0.5319010561385287,-3.102404140772511,-1.4563629413175196,1.9669495604738705,-3.7690866390620377,0
-2.8305645923100715,0.921206906825188,-1.384692135869105,0.5531330248331201,-0.1435815887121344,1.0907585001052067,1.706075035860685,1.357619633050139,3.4506752655956685,-4.275496717702439,-1.7441293422831041,-1.384692135869105,-4.275496717702439,-5.1760262837705096,0.5531330248331201,-2.8305645923100715,1
-2.067158633811634,0.944886052256826,1.6362362324286646,1.7497301518821553,0.1464142918426034,-1.4988866622121493,-0.5808008960075154,-1.4902475232990466,3.02651894514561,2.2192689999907422,-0.7318476501137242,1.6362362324286646,2.2192689999907422,7.959627337774753,1.7497301518821553,-2.067158633811634,1
-3.248681367974921,-0.2730716759862261,-2.1544130848668543,-2.7120547144799403,-0.8555276879406237,-0.7807688384346715,0.1142917464502847,-0.5815807632272181,1.2470672413990782,-1.6342794044200917,-9.315333093280238,-2.1544130848668543,-1.6342794044200917,-16.035031374846763,-2.7120547144799403,-3.248681367974921,0
-4.292570315879532,-0.377888398885805,-3.326297493291249,2.308019143744108,0.9765065890631646,4.478668138080328,8.070847236714007,0.1573465676730776,9.178543578064158,1.7196332162600294,16.385377158113464,-3.326297493291249,1.7196332162600294,17.63739805739884,2.308019143744108,-4.292570315879532,0
-1.3141195183438823,3.8318496392692953,5.074735193532112,-2.61923130461755,0.720639231357267,1.5149955306299927,-2.183427345388921,0.6427171526314838,1.098220765709266,0.6400196946825538,1.3850822268614817,5.074735193532112,0.6400196946825538,21.523704820962998,-2.61923130461755,-1.3141195183438823,1
-2.8272931049254595,0.3973696336956507,-4.398046072064002,2.979700385245075,-0.6368764742064333,1.0298584208561563,6.22128780942337,-0.2818448493970999,7.742762942649399,1.0579958640478395,9.888777429198788,-4.398046072064002,1.0579958640478395,4.462507862690028,2.979700385245075,-2.8272931049254595,0
0.1297766837971021,1.7478749621627825,-0.8112629527886965,-0.0672019921803472,0.0803623259630301,1.406806615036364,1.69133987320121,-0.3314993882995142,1.6972568039759253,-1.8673305082336396,4.448072248819836,-0.8112629527886965,-1.8673305082336396,4.199176668945695,-0.0672019921803472,0.1297766837971021,1
-2.6850391103846105,0.425810050510943,-3.067061418125443,2.1425581826287794,-0.7322995497370884,0.8238129608575159,4.271270350266787,0.7777976308777149,5.860115201749004,-0.4804360041818853,5.321789390555045,-3.067061418125443,-0.4804360041818853,0.8133988632358621,2.1425581826287794,-2.6850391103846105,0
-1.2818818544923196,1.1434645170690043,1.6607634479765891,2.191723159202953,0.1057703835241232,-0.7211279121479913,-0.0134347590297256,1.2149441068549691,2.945429895645654,1.825763941808102,2.4233791802620317,1.6607634479765891,1.825763941808102,11.057641661143826,2.191723159202953,-1.2818818544923196,1
-0.2114174005628821,3.0012615265434626,2.5886739000111394,-0.812218582449387,-0.9681285978523266,-1.6495752998423352,-2.5663264382402,-0.6512874649831818,0.3480289414794666,0.4741267129484796,-3.4137247814451968,2.5886739000111394,0.4741267129484796,5.535662740094027,-0.812218582449387,-0.2114174005628821,1
-2.444488919232896,-2.196261514917694,-1.5758402151719295,-3.970615607176562,-0.0642037949527135,0.5315750130081991,-0.3792343795692272,-0.9907369187412842,-1.5037634516473224,-1.3472556831913791,-9.27470607807136,-1.5758402151719295,-1.3472556831913791,-16.6270615605469,-3.970615607176562,-2.444488919232896,0
0.8793434536558866,-2.920279363516942,-0.2826961195457915,-1.363580943783424,-1.1429425463832157,-1.832031327733946,-3.451241126197058,0.1711871437456629,-5.5862347439470685,-2.600710057438533,-13.120530692747963,-0.2826961195457915,-2.600710057438533,-24.316879844662196,-1.363580943783424,0.8793434536558866,0
-0.3203284325740478,-0.6174559699441917,-0.5336888148532307,1.5178701369748226,0.4991105067989412,-0.3430839802070855,-0.1686554233639212,-1.4266492108103472,-0.022977716543914,-2.631554639114368,-2.906292288435877,-0.5336888148532307,-2.631554639114368,-6.920976293789035,1.5178701369748226,-0.3203284325740478,0
-1.9488411061937665,0.1295531429314314,0.5233925329467478,3.391441543831043,-0.8593992108172007,-2.6969670913642427,0.0008831484523422,0.7172635437832151,3.681847500853229,3.389236169211713,-0.43166128449572283,0.5233925329467478,3.389236169211713,4.25851114376036,3.391441543831043,-1.9488411061937665,1
-2.2319812348378267,0.1008106954209924,0.6971597263968814,2.6645996116692623,-0.4755344467353548,-0.5617169399104394,1.7516056362077002,-1.0523294696031953,4.792049433362067,4.904919154825407,6.066519983464656,0.6971597263968814,4.904919154825407,14.469761697013391,2.6645996116692623,-2.2319812348378267,1
-2.939238382461511,-0.2908533784625478,0.790249240995827,-0.7676246851713125,-0.0416600233813347,0.0296396803221221,-0.3528390405292038,-0.3277950558774631,1.6920996070319805,0.3551340465085184,-3.9361420794718125,0.790249240995827,0.3551340465085184,-0.2584446249322157,-0.7676246851713125,-2.939238382461511,1
-0.2500508995964716,1.797970047398816,-0.1985331187105163,-0.0346889956891649,0.4342636499220715,-0.0604071984179128,-0.05319459935113,-2.801911569487892,0.934823653009993,-2.581088310692694,-1.2418671547664701,-0.1985331187105163,-2.581088310692694,-1.0601769516160995,-0.0346889956891649,-0.2500508995964716,0
-1.0306764484774051,1.8633516704431528,-0.6477590974645838,2.5026910576711225,0.3753596961444733,1.9349885825979265,2.936843815169986,-0.0515091937539279,4.359313790843595,-2.5869285941706845,7.555258665832024,-0.6477590974645838,-2.5869285941706845,9.268981801591334,2.5026910576711225,-1.0306764484774051,0
-1.5830519658744877,3.2795069383492628,3.080280457184192,-2.708358772683364,-0.0354074390453508,2.6692180355667414,-0.6269535599840319,0.6104398198094931,1.4190555747671827,-2.103011262978072,1.5965674479627898,3.080280457184192,-2.103011262978072,13.613443768974971,-2.708358772683364,-1.5830519658744877,1
-1.0575503267047068,-1.4792298933894126,-1.4106438839617703,-1.94063893709402,1.7772947680304536,-1.181000075573457,-1.6874819115484927,-1.9128513533478293,-2.347858620461094,-3.2492732332248178,-11.776174453108364,-1.4106438839617703,-3.2492732332248178,-19.39004736410174,-1.94063893709402,-1.0575503267047068,0
-0.8425819165987931,2.150624392704194,2.0591491974539187,-0.3368113371110084,-0.1091930945005526,-1.881049942928061,-1.6081240861545942,0.4621540960596773,1.491785591907207,2.9742219559816303,-1.4247708770346939,2.0591491974539187,2.9742219559816303,8.928040507192158,-0.3368113371110084,-0.8425819165987931,1
-0.1627419976589446,3.2837629992524047,1.5321266713349782,0.8045003956040713,-1.0345979596066548,1.418309651158646,-0.1254447420955018,0.3918812622455845,1.6755473886514602,-4.765721539744835,1.870974417674487,1.5321266713349782,-4.765721539744835,5.637973042150968,0.8045003956040713,-0.1627419976589446,0
-3.1832032103267203,-1.1197928271583446,-2.181223562724869,-3.835028781704545,2.171192861062495,0.3283481893364621,0.1484657492770171,-0.1865732530553646,0.040604213556712,-2.3423452281030874,-9.675207919342755,-2.181223562724869,-2.3423452281030874,-15.108113585375275,-3.835028781704545,-3.1832032103267203,0
-1.9273475267443756,2.0690623815545326,2.530783502408199,0.4324235344839522,-0.0132830889590195,-2.593684647328117,-2.6544286479854784,0.0134204853884601,1.6985195186250466,0.9895098127984804,-6.278149740549123,2.530783502408199,0.9895098127984804,3.587969888943677,0.4324235344839522,-1.9273475267443756,1
-1.7103752296888104,2.6067135031988293,3.8980168791863625,-3.291521284023431,-0.1204974138993595,1.643409605629731,-2.4745327063432128,-0.5902146122004895,-0.2532971631273361,-2.148530432076129,-3.731426937673291,3.8980168791863625,-2.148530432076129,8.266937626768382,-3.291521284023431,-1.7103752296888104,1
-1.596034811184419,1.1254788416220567,1.016782099499104,-0.3199490694727216,-1.525185436662198,2.612048238356397,1.2989949118700763,-0.3564271205250787,2.274951289260097,-1.637301439838165,4.095284909709622,1.016782099499104,-1.637301439838165,7.67984568957594,-0.3199490694727216,-1.596034811184419,1
0.4041129481815013,2.329408985713122,0.3086334584261307,-1.503860156904624,0.2192041876335884,1.7453340405676494,0.3789960818546353,-0.604029885474771,0.2615701918431535,-2.9815908309314376,2.117735109048496,0.3086334584261307,-2.9815908309314376,3.9299325188721976,-1.503860156904624,0.4041129481815013,1
0.1539304036032116,2.0569364638543304,-0.2695567901370452,2.272177726561027,-0.7087782027214982,-0.5039188368488546,1.3227637035460351,-0.2678987341584987,3.041040344346597,0.4061605215664601,5.2041311454333545,-0.2695567901370452,0.4061605215664601,7.633694151810263,2.272177726561027,0.1539304036032116,1
-2.351671161051156,-0.3971223209073813,-2.554085900592689,2.1615878485699014,-0.2345790296191875,1.0085822177778876,3.60172988401151,-0.8343736122951215,4.562325260657612,-0.9160957493456202,4.115592936833029,-2.554085900592689,-0.9160957493456202,-0.5711983698005472,2.1615878485699014,-2.351671161051156,0
-4.788374589516155,0.6392950719006456,-1.2252614208228876,-0.1758161627179797,-0.2783102558765762,-4.150538450904466,-1.1087121716657138,-1.115246536376814,3.91818988282784,0.937133422592034,-12.7975513312161,-1.2252614208228876,0.937133422592034,-13.073592330656684,-0.1758161627179797,-4.788374589516155,0
-0.6467787528848478,-1.7555729447099837,-1.7508570635799443,-0.9765202988190412,-0.3903944671171425,-2.6929569600830776,-1.961987509701764,0.7639029085756444,-2.2969431249927297,-1.6100028601883871,-12.33677628647018,-1.7508570635799443,-1.6100028601883871,-22.622373261019625,-0.9765202988190412,-0.6467787528848478,0
-2.6965629849814428,0.0877926639343107,2.666777422316461,2.59722343001552,-0.1501478320174389,-1.0400330775893731,-0.6237482969238605,-1.1693152650864689,3.377166937401155,3.0804282803975056,0.3650669372632873,2.666777422316461,3.0804282803975056,11.677577050946228,2.59722343001552,-2.6965629849814428,1
-1.7455535173784258,1.9132404950881687,1.2351252596739737,-2.4617754172418165,-1.0033018309754966,1.2916920680361863,-0.3120776715051924,-0.2137702480623489,1.19386040915691,-1.2274401196783975,-1.250222094643291,1.2351252596739737,-1.2274401196783975,3.7001571178372203,-2.4617754172418165,-1.7455535173784258,1
-1.4536563794840205,2.0388005174006336,1.5438154935678103,0.3645012198428965,0.7914974359729572,-1.831638866359269,-1.220107361013654,0.9606132325034852,2.225665681263829,1.619246560667042,-2.31449317530564,1.5438154935678103,1.619246560667042,6.836816501788828,0.3645012198428965,-1.4536563794840205,1
-0.6112087433337638,2.2514487181270937,1.5824237155203806,0.5076886112414785,0.2944189776840481,-2.31875534897758,-2.174449097479193,0.1817812325871601,0.8984153919326107,-0.2054946087406306,-4.869525818140175,1.5824237155203806,-0.2054946087406306,1.389803840405321,0.5076886112414785,-0.6112087433337638,1
0.6990028006339055,2.164896245670485,0.6750208469035961,1.1452018991747033,0.3288915367270408,2.893788781543857,2.4091498903638997,0.6550780176305259,2.468149145447744,-0.987041260856422,11.218787138074285,0.6750208469035961,-0.987041260856422,17.028363390050284,1.1452018991747033,0.6990028006339055,1
-1.975263897669139,2.2233798961264,4.297852180923082,-0.1447350302223442,0.0891981966125713,-0.033528279772071,-2.167399774885467,-0.6713075913710861,1.735681973423456,0.9994063409061812,-1.1316690252885104,4.297852180923082,0.9994063409061812,14.645573238739658,-0.1447350302223442,-1.975263897669139,1
-0.6436008455441438,3.018466703668738,1.2847582610126245,1.79222263279291,1.1951774115114164,2.287693741261226,1.264137085552709,-0.1620621020368239,3.18034159608748,-4.22677720976869,5.779835849223975,1.2847582610126245,-4.22677720976869,12.540117528456687,1.79222263279291,-0.6436008455441438,0
-0.0073614423490342,3.753682789692377,3.4638514353801364,-1.705240362059515,-0.1160708101204834,3.055382557291385,-0.4515830210385207,-0.1086166549383424,0.9089064852627547,-2.315604533396156,5.38465854543192,3.4638514353801364,-2.315604533396156,18.05024092596059,-1.705240362059515,-0.0073614423490342,1
-5.172441602226877,-0.2407901000807322,-0.362541341063884,0.6650642921962313,-1.5704750453679706,-3.912300023629344,-1.2254052726924336,-0.6302320736464391,4.034673497587225,1.8711540716551,-11.9270186584074,-0.362541341063884,1.8711540716551,-11.244433667678454,0.6650642921962313,-5.172441602226877,0
-1.6093718890752151,2.615386388403458,2.864375095237994,0.6253661670955565,-1.036329196838163,-0.6615223458887215,-1.9673692805002276,0.3243457111949238,1.7670967203995165,-1.705883722761243,-3.364917028615114,2.864375095237994,-1.705883722761243,5.3099502856759475,0.6253661670955565,-1.6093718890752151,1
-0.2054343319973384,-2.7432297579168656,-0.3108003969533184,-1.7052562760866086,-1.0703205486518377,-0.8301032068385837,-2.5298485095785,0.2478462819018247,-4.22548628775778,-2.624177150706865,-11.468152439963344,-0.3108003969533184,-2.624177150706865,-21.053221676163414,-1.7052562760866086,-0.2054343319973384,0
-0.2361684817217091,-0.4086670017200746,-5.144524163935472,-1.774571849629644,0.8153241668090142,0.058977259455123,2.6318514776403474,-0.5719285461984328,0.5152957936107446,-2.5795681094271803,-2.2491694459480147,-5.144524163935472,-2.5795681094271803,-16.76870714273168,-1.774571849629644,-0.2361684817217091,0
1.9472658343534293,3.771163073655218,-1.6623626164041454,2.3669314308834246,0.3916980160104727,0.1235154828970406,2.771515743666125,-1.709226399202596,3.431819542899357,-0.9068499693196874,10.197057079032591,-1.6623626164041454,-0.9068499693196874,10.912162248700577,2.3669314308834246,1.9472658343534293,0
-1.1719946946684685,1.3550834640446814,-1.747513579534846,1.8424743981643537,0.6734727961582307,1.0041040282116978,2.785302412551272,-0.9331190886861416,3.901426235058512,-2.279757204090377,4.539316432424856,-1.747513579534846,-2.279757204090377,2.913316180186637,1.8424743981643537,-1.1719946946684685,0
-1.4293405194272717,1.541206465437538,0.745724404222182,-1.584829779833015,0.6280786969002486,0.7045304052641186,0.1324362971126156,0.6037330161902218,1.5703389397588805,0.1105214475490723,0.17905472136717604,0.745724404222182,0.1105214475490723,6.092743187608781,-1.584829779833015,-1.4293405194272717,1
-1.5020993096088349,-1.956113626833316,-2.8008905190858435,-4.291888437969997,-0.9803882514834747,-0.1558958900636402,-0.4938927988767571,0.4261565596461849,-2.4263763753395584,-2.506890957704233,-11.062676911120418,-2.8008905190858435,-2.506890957704233,-24.196230251839566,-4.291888437969997,-1.5020993096088349,0
-1.5415869353822405,2.3290776711232635,3.174948886002122,-1.8446994950996816,1.2167234924979469,-2.879249968418136,-3.623806025670506,-2.49116140815146,0.3707881948809201,3.026068817909146,-7.413445903956292,3.174948886002122,3.026068817909146,6.623666101711597,-1.8446994950996816,-1.5415869353822405,1
-2.0610723692972925,0.4575975293714251,0.2566417910371761,2.1845583053933657,-2.2176090801520147,-3.745654155820787,-0.5740486697862708,-0.4871671830291446,3.4141120121932595,4.687032877947457,-2.7972406380128905,0.2566417910371761,4.687032877947457,0.8855707973870746,2.1845583053933657,-2.0610723692972925,1
-0.4858138083385026,-2.051947556943489,-3.166936799935512,-1.8278719000408237,0.1860684324705468,-2.0359361620454126,-0.3437735907479912,-1.3070983443991324,-1.746846043956633,-0.1289345479415093,-8.910213728103141,-3.166936799935512,-0.1289345479415093,-20.677909615642672,-1.8278719000408237,-0.4858138083385026,0
-1.1963718480622405,1.5639914147740024,-1.1336612514624322,-2.4729714209803872,1.3561067142103251,-0.0679956109120591,0.3176569398725216,0.5292999339436693,1.0510979644091152,-1.0441239766150123,-2.9678101128352345,-1.1336612514624322,-1.0441239766150123,-2.6937130497662487,-2.4729714209803872,-1.1963718480622405,1
2.605505483345269,4.167043610478332,0.9100250152164366,1.638864637728389,-1.0944943608348965,0.4993717928726218,0.1564827558119617,0.5444598695274623,0.836252315986244,-3.205444791684375,6.361195281424822,0.9100250152164366,-3.205444791684375,9.227491122863661,1.638864637728389,2.605505483345269,0
-0.88527456322131,0.3760346148410001,-3.3723247902210955,4.518172908844647,-1.31246730344855,0.3239004154652611,4.253688677209392,1.1770006367903372,5.133075108322847,-1.887790297286232,7.022632171318019,-3.3723247902210955,-1.887790297286232,-1.3429535484392365,4.518172908844647,-0.88527456322131,0
-0.0049893742179147,3.451783590292582,3.994200395171632,-1.5281228504908049,0.4338352400888765,0.0811847354177317,-2.838538755176127,0.4445919950731289,-0.3093721443641905,-0.8816140854491934,-1.639112004205995,3.994200395171632,-0.8816140854491934,11.963644877299203,-1.5281228504908049,-0.0049893742179147,1
1.1094897853834649,-2.6800613829614464,-4.294710582042251,-2.038490323578967,-0.3827784017095585,0.0398583115318769,1.194505925826246,0.0328633739802131,-2.925017557652714,-1.7315226480026369,-4.066362020269586,-4.294710582042251,-1.7315226480026369,-21.52981078897481,-2.038490323578967,1.1094897853834649,0
-2.094188886802069,0.4678742691184403,-1.7897257696471838,0.6189317866332942,-0.270270367674609,0.8772675146225246,2.7005701699491738,-0.4434294182350357,3.82256320041872,-0.3977224507958381,3.0499999173480505,-1.7897257696471838,-0.3977224507958381,1.2696903737937475,0.6189317866332942,-2.094188886802069,0
-0.7536380346346973,0.795819322914355,-0.0808017534123375,1.5177111466387565,0.7497666284891851,1.94645945123106,1.853408283154968,0.3308670284063512,2.403838867361592,-2.347194093606375,4.9590255269291275,-0.0808017534123375,-2.347194093606375,6.492703913339302,1.5177111466387565,-0.7536380346346973,0
-0.5420288170676743,1.5899721949598198,1.5009524479984158,0.0366254747396426,-1.2738373251342043,-2.630085284403322,-1.933814021197296,0.2387379252913565,0.8339448338694714,2.655655022058545,-3.453760715313607,1.5009524479984158,2.655655022058545,2.6576076432308304,0.0366254747396426,-0.5420288170676743,0
-1.3049281529366337,0.6707643490199228,0.8928516537205744,3.07220862256941,1.8054168464197808,2.5911184548747235,1.6968646679248596,0.6235257988258587,2.9494785980602214,-4.212724211690981,5.104422184636023,0.8928516537205744,-4.212724211690981,8.997314860835981,3.07220862256941,-1.3049281529366337,0
-2.4787288789048216,1.8663159939315828,1.44811482255776,-3.970957474192726,0.7260359992293337,0.2549510542419593,-2.0118760078207094,1.6764234178440736,-0.0021348941889213,-2.246214309245471,-8.331558567748226,1.44811482255776,-2.246214309245471,-2.8244990708435136,-3.970957474192726,-2.4787288789048216,1
0.353157400168461,1.791985513454239,0.8521649091972268,-0.1674859047596459,0.4548758006638433,3.084568567564431,0.9262796190009576,-1.0446665306312433,0.5080366563687507,-4.470738374598396,4.6023353883944775,0.8521649091972268,-4.470738374598396,6.749113751240842,-0.1674859047596459,0.353157400168461,1
1.7206354399931043,1.8549434251780177,0.3881973217278551,2.345293019335457,0.9466183083304368,1.6737736156948404,1.9259621522374573,1.612868370707128,1.7491405846451704,-0.6642918503907799,10.530089417742937,0.3881973217278551,-0.6642918503907799,14.940705992418875,2.345293019335457,1.7206354399931043,0
-4.284293254164634,-1.4704430928063363,-3.806558260769108,1.834477209770492,0.1914507159573525,1.354704133104146,5.494215597630141,1.4336250198209464,6.866973741988194,1.7415892720171384,6.024953998655093,-3.806558260769108,1.7415892720171384,1.6018966497472318,1.834477209770492,-4.284293254164634,0
-3.052719096128952,0.981219008309144,2.3341125905794886,2.391627943807248,-0.2625756593156221,-0.4204808822016634,-0.202474382571074,0.3736534056211483,4.073808593267408,1.009955193903851,0.2866469029168902,2.3341125905794886,1.009955193903851,10.539272720610057,2.391627943807248,-3.052719096128952,1
-4.432316290070893,1.435609873739515,-4.082503241591734,2.4517314210391072,-0.4265712528305735,2.450775814030049,7.171961916163247,-1.197957962340662,9.82760405007174,-0.0701187793942195,11.458419769536855,-4.082503241591734,-0.0701187793942195,9.338751075806648,2.4517314210391072,-4.432316290070893,0
-0.8548617980951455,-2.084870302426653,-0.1375446799206996,-2.0738003336977013,-0.0330680013617678,-1.9806233581940167,-3.312281178959619,1.323340922489938,-3.7913173434778416,-2.3079562974347803,-14.595016627001932,-0.1375446799206996,-2.3079562974347803,-21.75566011077877,-2.0738003336977013,-0.8548617980951455,0
-1.506632405160652,0.9536443046071754,1.6360661749652776,0.0531692017054925,-0.6760543665488049,1.2573788031903552,0.291696087249441,0.5698763759795229,1.9511732505693145,0.0741195370863578,2.380754331868525,1.6360661749652776,0.0741195370863578,8.921452123454038,0.0531692017054925,-1.506632405160652,1
-0.7776052852933594,2.0010598813929192,2.6873593610564024,-0.2964087193960563,-1.122914677447571,-2.194029566046594,-2.5308554073775555,-0.75311733062058,0.7162468404307111,2.458893114544802,-3.5329755482224385,2.6873593610564024,2.458893114544802,6.23185417414219,-0.2964087193960563,-0.7776052852933594,1
-2.8750046766990933,-0.9270347529985496,0.3283832733233416,-0.0417296125893342,0.468523602818836,0.5118615450690535,0.5051865975933061,-0.5373625893133998,2.0544927537109903,0.5467707241975459,-1.7680886303580179,0.3283832733233416,0.5467707241975459,1.0381051914932353,-0.0417296125893342,-2.8750046766990933,1
-3.1805892426333315,0.7795521887169637,2.81921387539244,0.4520517467764755,-0.067010041725221,-2.138966778712558,-1.5134543569813077,0.200033787312328,3.194876563406142,5.164058005837799,-2.576315215708517,2.81921387539244,5.164058005837799,11.5080768295808,0.4520517467764755,-3.1805892426333315,1
-1.8905776850187728,0.7993462904525578,-0.1048715392347179,4.306654511548473,-0.1985691868809604,-0.2573039208015857,1.8338158839459155,1.316176081530022,4.829418918362842,-0.551186398940291,3.983444760384711,-0.1048715392347179,-0.551186398940291,6.561591500161923,4.306654511548473,-1.8905776850187728,1
-1.857938648062595,2.0099321489601656,2.143263093231644,-3.6422325178975874,-0.3117075924672144,0.4495814630617076,-2.379659879376866,-0.0072556984656611,-0.5432410846271166,-2.359764487406074,-7.330500457659541,2.143263093231644,-2.359764487406074,-1.4195139442979194,-3.6422325178975874,-1.857938648062595,1
-1.9936436541278204,1.681313178019354,-2.682281755700856,2.272884872218349,-0.3538589628201037,1.2025111233435857,4.125160425146094,-0.4553424231453126,5.812242966103295,-2.063207427169786,6.427529640773361,-2.682281755700856,-2.063207427169786,3.216806581701899,2.272884872218349,-1.9936436541278204,0
-1.2406864932960957,-0.6165080733904469,-0.0597176001021744,-1.0287716366514317,0.9905668274427896,-2.4236926322948777,-2.955014725231101,-1.667665266190862,-1.9183426770663097,-2.689513696099733,-13.377879889258564,-0.0597176001021744,-2.689513696099733,-17.19979061564039,-1.0287716366514317,-1.2406864932960957,0
-2.663838425090377,1.2158902709112651,1.3186643289952924,-1.1310715629366623,0.7039646767942336,0.2613785213234372,0.1582245459047342,0.6455980789595456,2.8678851492136976,2.0604663352315216,0.1624282066673557,1.3186643289952924,2.0604663352315216,9.75111727222736,-1.1310715629366623,-2.663838425090377,1
-0.1361542169056862,2.636739282334671,-5.2517081159535,3.4525128675472723,-0.3775311485598251,-1.368537708962538,5.061360590497057,1.1049972018044143,6.494025035724897,-0.0253476017796012,8.252035503768637,-5.2517081159535,-0.0253476017796012,0.0466065401221849,3.4525128675472723,-0.1361542169056862,0
-1.3351787419516774,2.326459187107915,3.3973957644324013,-0.804285747742985,-1.1497414553678929,-0.7122590846960054,-2.1957598538810585,0.1661406130783306,1.1258348964577654,1.4283658446266103,-2.0049174812332065,3.3973957644324013,1.4283658446266103,10.004293289641046,-0.804285747742985,-1.3351787419516774,1
-1.3789548883775289,2.597540293011648,0.6766256612811198,-2.614363538854185,-0.6235968803326393,2.012436413211752,0.3880869831323675,0.2991997660888958,1.4683742886377262,-2.6209873826986394,0.396194292637166,0.6766256612811198,-2.6209873826986394,4.195125363896885,-2.614363538854185,-1.3789548883775289,1
-1.357959629987442,-2.06849538668029,-1.1105839885902276,-1.501954132337937,1.2075031949519206,-2.259393543694994,-2.401799318387272,-0.6270508454473506,-2.5132447679568206,-2.047652325057849,-13.896647879840778,-1.1105839885902276,-2.047652325057849,-21.397299367071994,-1.501954132337937,-1.357959629987442,0
-1.1019824194504506,3.669486723090736,1.2389668135810337,1.989975514464677,-0.8193868304987907,4.024011920997922,3.1003739720013823,-0.922351329061918,5.138579046024629,-3.9081061652959503,11.797771466806237,1.2389668135810337,-3.9081061652959503,19.27991581628547,1.989975514464677,-1.1019824194504506,0
-1.513893229328441,-1.8804791562122616,0.5120653420478205,-1.1674128247842277,-0.5881085989243096,-2.7751980819338824,-3.5350974922805354,0.7524833770742185,-2.637659559592188,-0.8284271355144369,-14.475706001987668,0.5120653420478205,-0.8284271355144369,-18.626350357788567,-1.1674128247842277,-1.513893229328441,0
-1.1138649473349242,1.0467900562785375,0.8213932405809178,-1.310360519107684,-0.5912156192423738,-0.2552109545559244,-0.5352886463845231,-0.8818184989854194,0.8833463429316403,1.0051405084320248,-1.4180054572284182,0.8213932405809178,1.0051405084320248,2.848920004161845,-1.310360519107684,-1.1138649473349242,1
0.2805802319913575,-1.556399846834445,-2.4211297739265203,-0.8390140083235981,-0.3864948903227902,-1.6313275712314186,-0.9823509950602144,-0.2047072335222877,-2.487639122358362,-2.7966665149737864,-9.156506275663524,-2.4211297739265203,-2.7966665149737864,-21.874942774177153,-0.8390140083235981,0.2805802319913575,0
-1.7590047357654406,-0.2047023082237336,-1.3589916197862928,0.1666976498425045,0.1870077214747202,-3.149680772309398,-1.69113571880129,1.5571608896986593,0.1884533190869863,-2.0427730540655142,-11.830279711632269,-1.3589916197862928,-2.0427730540655142,-17.878822326440506,0.1666976498425045,-1.7590047357654406,0
0.2291494827251337,0.9192238074201105,0.0400241973798476,-0.0586527295780974,-0.5037223368294537,-0.2465722171997075,-0.5451914965331555,-0.445795313826817,-0.2251443774148269,-1.8969496969041608,-1.8455650672695847,0.0400241973798476,-1.8969496969041608,-3.173489996904772,-0.0586527295780974,0.2291494827251337,0
-3.142739047378914,1.0814744595264758,-3.368617897943719,1.8919313859073108,0.7271712595339491,1.1135044093633206,4.585751892159444,-0.1210210310095643,6.554678213574077,-1.6674810352133105,4.975946473727649,-3.368617897943719,-1.6674810352133105,1.462306092465276,1.8919313859073108,-3.142739047378914,0
0.0318483109077016,1.4148373589126615,0.4330263089705777,1.6650622716675392,0.430362641506498,-0.8632038534737002,0.8636064390962174,-2.061405424022905,2.6258014913237,3.1298501763666344,5.378796850003353,0.4330263089705777,3.1298501763666344,12.118890843484083,1.6650622716675392,0.0318483109077016,1
2.9726985728674675,-2.174131947414541,-4.1171737730299975,-2.302585560594588,1.5789450927179751,2.1703496028924114,2.0432469635227224,-3.0185567705677925,-4.037982215334494,-3.2640150716210505,1.6159121625448325,-4.1171737730299975,-3.2640150716210505,-14.388516885797582,-2.302585560594588,2.9726985728674675,0
-1.235729970551386,-0.0707478441481577,1.9086125757738457,0.9840037851664,-0.5621623419347272,2.7455447482444573,0.5725425559253672,0.0722491342362027,1.1497271501755837,-2.315987425788669,3.4251705970924693,1.9086125757738457,-2.315987425788669,7.61622747926328,0.9840037851664,-1.235729970551386,1
-2.205861953090855,1.8101911910045796,-2.795663268456784,0.9135765231528914,-1.489284264440218,0.5741642476043083,3.6190054667041593,1.20357805453346,5.424094657095698,-0.932646147711382,4.35259357526801,-2.795663268456784,-0.932646147711382,0.5287812552032687,0.9135765231528914,-2.205861953090855,0
-1.8935703360984204,1.6500767671925805,1.944872266238736,0.9627151368609972,-0.6719173104649906,0.6600345367014722,1.022707679577778,1.1346396998210568,4.031915995539667,3.1028986239120395,6.16489694484792,1.944872266238736,3.1028986239120395,17.804942410628385,0.9627151368609972,-1.8935703360984204,1
-1.0061401783528967,2.7672451342149995,-0.2609069449786092,1.7019974305846672,0.4726397629900116,1.440202371112236,2.076373837721062,0.6054045047627467,4.02193040512831,-3.0933257263187177,5.326555240073587,-0.2609069449786092,-3.0933257263187177,8.337059459522145,1.7019974305846672,-1.0061401783528967,0
-2.647489191303729,1.3461376388299464,-4.535462146291479,-1.5478590311917817,0.2244200383822503,-1.8248796788422903,1.8938259791360168,-2.153588112944552,3.4536344044137186,-1.816386071069831,-6.421530033283959,-4.535462146291479,-1.816386071069831,-16.00335397328914,-1.5478590311917817,-2.647489191303729,0
-0.8116917812904139,1.6465460262743818,-0.0503404634095128,1.4709782522266728,-1.1830855152497652,1.7473837253467026,1.887932192792689,-0.115188328776479,3.004066964488747,-2.447893327954397,5.240638812742339,-0.0503404634095128,-2.447893327954397,6.019043566036293,1.4709782522266728,-0.8116917812904139,0
-2.2299039235992035,-0.2999805056085289,-2.458965421625765,1.2555957000603244,-2.521604801462043,0.495592793036649,2.6872650604348527,0.1976755669542451,3.563385243853332,-1.3357219367787585,1.0684399805819842,-2.458965421625765,-1.3357219367787585,-6.6350851300637474,1.2555957000603244,-2.2299039235992035,0
-3.7205340853617943,-0.7565842451126819,0.6540700144423268,4.282869658244744,0.233285041087872,-3.32092847564292,-0.3991432640519476,1.042190576983017,4.578102504983231,2.782618439957026,-4.452630447610494,0.6540700144423268,2.782618439957026,0.771146110598635,4.282869658244744,-3.7205340853617943,1
0.1370583670599843,-1.357308439982502,0.6567876473568197,1.4855941747682828,0.5951311859137686,-2.4257488451176115,-2.756156162022537,-0.7113199105465682,-2.2209383823707105,-1.5755018285403046,-8.9178115789523,0.6567876473568197,-1.5755018285403046,-11.832446432313484,1.4855941747682828,0.1370583670599843,0
-4.166114138105698,1.027613653567482,-4.915515488019755,2.8036558447010824,-0.5076941283897106,2.690971634933506,8.322254946990494,-1.8582914882251076,10.390984105573068,1.1784324692987815,14.547786046319153,-4.915515488019755,1.1784324692987815,11.174807858272278,2.8036558447010824,-4.166114138105698,0
-2.6746895410261127,0.8066675760581883,-3.4473395163143024,1.8823000096824356,-1.0981863837781498,2.10881157383132,5.537828870901598,-0.4638544295059457,6.676972073299241,-0.7008312165153658,9.068898846763384,-3.4473395163143024,-0.7008312165153658,4.429824566128415,1.8823000096824356,-2.6746895410261127,0
-2.031211880930072,1.1953113391542405,-0.2460663086649943,-3.0293430687282985,-1.1290644218323018,0.9006772764560592,-0.3897538369594783,-0.1728133518934063,0.4134148834721379,-3.237740739474684,-5.691383634026174,-0.2460663086649943,-3.237740739474684,-7.6511640766212325,-3.0293430687282985,-2.031211880930072,1
-0.3743656634703325,1.3494484556586777,-0.395912883148483,2.853299568567964,1.8641995258873496,-1.7256577718262052,1.0479662187595642,-0.6964610897866884,3.4160467738937057,2.193965055694903,3.6189980915583657,-0.395912883148483,2.193965055694903,8.877208145810268,2.853299568567964,-0.3743656634703325,1
-2.2523144852625148,1.4011595377820698,-2.3771854528096226,2.965413332312078,-0.0973111507015911,2.571989620801713,5.599738426709842,2.004423303675171,7.176498586185339,-0.5528996094898807,12.30507644365502,-2.3771854528096226,-0.5528996094898807,12.450404095903584,2.965413332312078,-2.2523144852625148,0
-1.485009443008081,-1.7557061862132044,-2.495658322891446,-2.419194791971844,0.8995613767383077,-0.4418188609189764,-0.4267998030637092,1.0608000718059476,-1.6174916575339973,-3.2169829902597784,-10.18733093635457,-2.495658322891446,-3.2169829902597784,-20.8842860972614,-2.419194791971844,-1.485009443008081,0
-0.1041122323869057,1.830554084135501,-2.2277837171575974,1.2222673410392215,1.0546206284873183,1.3806749220291408,4.000538887048579,2.1655214522065567,4.290510305074818,0.6183134055617119,10.32891132945639,-2.2277837171575974,0.6183134055617119,11.047478353381106,1.2222673410392215,-0.1041122323869057,0
-3.0245937390354936,1.2574578823951184,-2.6850158116738934,0.0293374512544692,-1.3945284378654763,-1.6944143100018632,1.471153914203673,-0.6683581639908888,4.208210994690561,-0.6854666401505309,-4.3409397513364905,-2.6850158116738934,-0.6854666401505309,-9.49086579982014,0.0293374512544692,-3.0245937390354936,0
-1.041878431691876,2.5792370004322573,-3.1983419302424725,2.4891419543232947,0.0445696108892716,2.0142466339982112,5.839504234535816,-1.098679373434385,7.012712322939974,-0.3022494863486833,13.592248539247231,-3.1983419302424725,-0.3022494863486833,12.704576526137501,2.4891419543232947,-1.041878431691876,0
-2.435452658608545,0.6840958370501009,-4.67655279918618,-0.7410424852156688,0.3420994815573816,-0.624428417486311,3.2167967386113623,0.3493635534823797,4.038690040008183,-1.0767904892663611,-1.6012498924017335,-4.67655279918618,-1.0767904892663611,-10.807485777522462,-0.7410424852156688,-2.435452658608545,0
-1.1342867739270086,-0.2935135636178037,-2.5435514998120627,-0.6447759416556716,0.9758368916238178,-1.7873100460723144,-0.0911503363556879,-0.0083607872714567,0.2450507603027957,-1.9575682945123436,-7.695915002213145,-2.5435514998120627,-1.9575682945123436,-15.509371917757427,-0.6447759416556716,-1.1342867739270086,0
-3.9421579532960944,-0.0251317290647288,-4.100799464002756,2.1820956631399278,0.2932844290048521,1.81996660679177,6.713242645241491,-0.0181342435080817,8.477686127102215,2.2076589008049963,10.77564074040913,-4.100799464002756,2.2076589008049963,8.634263501801236,2.1820956631399278,-3.9421579532960944,0
-1.3362926364179168,-0.8429478942189594,-2.0781233206626286,-1.0862132964838176,1.3442845752345964,-2.731767601121023,-1.7815172864269972,-0.2731522465199018,-1.289126620898026,-3.015607827229948,-13.526114143019685,-2.0781233206626286,-3.015607827229948,-22.436008866151305,-1.0862132964838176,-1.3362926364179168,0
-1.2078467493364764,1.2635653757376644,1.6135049282555582,0.3115051146834593,0.439842886472828,2.381382742294319,1.2073119942509714,-0.0109390519600858,2.4503033341821125,-0.3623275195743813,5.974973700349874,1.6135049282555582,-0.3623275195743813,14.167438381722564,0.3115051146834593,-1.2078467493364764,1
-1.329368881367906,0.5879665439247721,0.51554146421551,-0.266258296345458,0.5205124966282796,1.0482803214049767,0.616253480037453,0.7903910765354696,1.5973403859693132,-0.4053648684438484,1.299788620614966,0.51554146421551,-0.4053648684438484,5.063352948492025,-0.266258296345458,-1.329368881367906,0
-1.4710641902188628,1.1380491934516428,0.8911042321122807,2.52990785489042,0.549574316064444,-1.4255394032634638,-0.1376181369025505,-0.0779227356785158,3.025483128210472,0.6693252840329781,-0.12247880127330024,0.8911042321122807,0.6693252840329781,5.7542403183498845,2.52990785489042,-1.4710641902188628,1
0.0736759528559847,2.662637907771481,-1.3909866354519398,2.438257809368256,1.1206857064225952,0.4554366995294965,2.5455974879796748,0.3852126522593542,3.9169254941786655,-1.969158621354189,6.6618839356801995,-1.3909866354519398,-1.969158621354189,7.5208403633446945,2.438257809368256,0.0736759528559847,0
-0.710252240483698,2.923894050073992,2.611999350447701,0.1991223219241595,-1.1164508551840475,-0.851770927377609,-2.221874565207127,-0.4409021886108555,0.884787583657233,-2.010281211631366,-3.522933500079258,2.611999350447701,-2.010281211631366,3.7531184055614726,0.1991223219241595,-0.710252240483698,1
-0.9377171931667568,-0.7515881304929671,-3.293026398651449,-2.5117760295857945,-0.6608411967525808,-0.4255827420150075,0.5084842759868982,0.9305333193245916,-0.7775889371941068,-2.749177620457627,-7.292940181746262,-3.293026398651449,-2.749177620457627,-19.752255881948347,-2.5117760295857945,-0.9377171931667568,0
-2.5631506362828587,-0.2356396441784169,-2.68736249546378,2.2663125639125723,-1.251356182239287,1.4330812228071628,4.3229260096956486,-0.547191788882491,5.392354304159632,-0.3409779621948621,6.315632776566408,-2.68736249546378,-0.3409779621948621,1.6154435142974293,2.2663125639125723,-2.5631506362828587,0
-3.335543387021347,1.0796281956868934,-3.5181521443428303,0.6031373876229551,-2.0534865486558886,1.171408810488034,4.754412952922253,-0.6275400027440727,6.539388123850344,-0.1016723869251161,5.342780383261706,-3.5181521443428303,-0.1016723869251161,0.18732933609806013,0.6031373876229551,-3.335543387021347,0
-3.0154090582749857,-0.4311080615574953,-3.236274828978824,0.6395584639978841,2.0084730109816995,-0.0243923560128387,3.0473393248422758,-0.4304276988007158,4.287831557773148,-0.3043754118806281,-0.11277945489862645,-3.236274828978824,-0.3043754118806281,-4.096239698394664,0.6395584639978841,-3.0154090582749857,0
-0.7109176234510765,0.1862640048619381,-3.915561255799468,-2.992562894858,0.0094263605637732,0.080611153359106,1.1183523139424625,-0.2610087241723136,-0.3718474349417193,-3.96949105877653,-6.207132951562993,-3.915561255799468,-3.96949105877653,-19.221644752037825,-2.992562894858,-0.7109176234510765,0
-1.5204019786526517,1.182530703725272,1.736249013404139,-1.0058923567817182,-0.2517786739263792,2.8256963596654887,0.3174844615169706,-0.0494665713232515,1.1559298107849625,-2.871695313605584,1.753418235533266,1.736249013404139,-2.871695313605584,6.949114687468333,-1.0058923567817182,-1.5204019786526517,1
-2.223809021127733,1.3653899814505686,-0.3733008690348851,-3.053632678856883,0.2394669887804349,0.8524463882141192,-0.1462909897393367,-0.1683376342371908,0.8847342567723775,-2.8520630406860112,-5.205512972531157,-0.3733008690348851,-2.8520630406860112,-5.315849146330102,-3.053632678856883,-2.223809021127733,1
-3.022871180608191,0.0478797856411539,1.7960247337149498,4.26045429005538,-1.1907458007366716,-0.1717858378602474,1.0977098927217424,-0.7931346636139368,5.146394508867235,2.051787700007668,4.091388812097258,1.7960247337149498,2.051787700007668,12.469258742724554,4.26045429005538,-3.022871180608191,1
-1.752611952276416,-1.0032558935358051,0.882744600170612,0.2886045022222185,0.3090544381042879,0.1984431089555971,-0.590817343411626,0.7145497614635058,0.3885005587772824,-0.5959001134274354,-3.25709458251787,0.882744600170612,-0.5959001134274354,-1.6039459398910934,0.2886045022222185,-1.752611952276416,1
-1.558968932830316,0.7090275371814317,0.8667392042227096,0.3126692873639392,-0.1014078297218639,1.072782349651662,0.9379726927681076,0.3269108642391749,2.4478821999168403,0.6472295861167314,3.1934948699032177,0.8667392042227096,0.6472295861167314,8.764514428725331,0.3126692873639392,-1.558968932830316,1
1.127503393631713,-1.0867217568831162,-4.279851612309669,-2.910437762156703,-2.17554877698757,0.0168103816561937,0.8929095716373052,-0.7228347951782497,-2.668538470682478,-3.2507643666865533,-5.193890157144967,-4.279851612309669,-3.2507643666865533,-23.811265942985138,-2.910437762156703,1.127503393631713,0
0.2162381802733601,2.077532486269433,1.4024338186051666,0.42228742274994,1.4846418618765076,1.9998801992919315,0.4722913191520798,0.6255913025065598,1.0985641872494565,-2.6341937875187584,4.553916019509916,1.4024338186051666,-2.6341937875187584,10.912917284736741,0.42228742274994,0.2162381802733601,0
1.1776315003204214,3.7047550680284895,2.117485790399092,-1.7849682576546018,0.1756737124917793,-1.6729194130177671,-3.001870775304881,0.599089759263809,-1.18476665066567,-0.9749195682801696,-4.225210858926275,2.117485790399092,-0.9749195682801696,3.0594546457334513,-1.7849682576546018,1.1776315003204214,1
-2.2295816848336667,1.3353135065238957,-0.7912257536148387,-0.2038180875952384,1.2687138945765704,1.7100507394788318,1.881157846279908,-2.19750100526203,3.222814359093491,-2.8278786633485757,1.3752943959839865,-0.7912257536148387,-2.8278786633485757,2.6206988787986143,-0.2038180875952384,-2.2295816848336667,0
-1.9787001229991108,1.2562665346044033,0.2434452293769122,3.095388090034528,-1.40822676830745,-2.552423543721583,-0.4573315800541345,-0.4569918338252314,3.468588719703066,-0.2704985895708407,-3.459722755428321,0.2434452293769122,-0.2704985895708407,-2.0217943639127665,3.095388090034528,-1.9787001229991108,1
-1.5728114885783824,1.3486328127877143,1.4915515940795725,1.8024437703857843,0.5069157201363107,-0.3259158349827169,0.50653040138462,-0.9544386262909632,3.51773913995742,2.203697624870505,3.6366614508848074,1.4915515940795725,2.203697624870505,13.364303700428568,1.8024437703857843,-1.5728114885783824,1
0.4289189533430653,-2.910371181038352,-2.074623523899609,-2.68921757315273,-0.1439999777016611,0.92705474558245,-0.2516724644378902,0.1926191475869363,-3.8912559894528767,-2.537528953907073,-6.10576172802808,-2.074623523899609,-2.537528953907073,-18.55943766790692,-2.68921757315273,0.4289189533430653,0
-5.6737583417879485,-0.2290154229529242,-1.1857697417243869,-1.3635816122652746,-0.3516601838342151,-2.134864660121676,0.0864649771217587,1.0994637713956532,4.30364205927501,1.5332329029934004,-9.91638681713434,-1.1857697417243869,1.5332329029934004,-9.253056582345279,-1.3635816122652746,-5.6737583417879485,0
-0.3599244087636635,2.8925575163151542,2.937611553766245,-0.7219437023798165,-0.3492618853479615,-1.1921594356514646,-2.4935057354374424,-1.5166625462859211,0.4232002103718981,0.3265622682311606,-2.7405729333375364,2.937611553766245,0.3265622682311606,7.729054583551183,-0.7219437023798165,-0.3599244087636635,1
-2.4028968131429926,-0.8503013299175022,-0.2973062840515972,0.2029159534450064,-0.9463138227477964,0.0725571195098566,0.7035923797460399,-0.100695872817177,1.9943346766396968,0.6405084405386732,-1.5610671303110621,-0.2973062840515972,0.6405084405386732,-1.9484869941373681,0.2029159534450064,-2.4028968131429926,1
-1.1151347809196577,3.990266645043986,-2.947569021587072,1.5838419259891314,0.5011292760645764,1.1155381378962208,5.039937295245931,1.5891473016364572,7.186701360164727,-0.2898840991312172,11.440103262020616,-2.947569021587072,-0.2898840991312172,13.008779243638834,1.5838419259891314,-1.1151347809196577,0
-2.8223666540923187,-0.8474354058574621,-1.727783602935096,-2.751420880620158,-0.7449787674850553,-0.8359391740458229,-0.5600351363947252,0.8264531108587624,0.0704610197537936,-1.7804037030558946,-10.433540128112204,-1.727783602935096,-1.7804037030558946,-17.46736822827811,-2.751420880620158,-2.8223666540923187,0
-1.4752162532340218,0.7233665095887218,-3.497949583817332,-1.8647281061034615,-0.1787068845634957,-0.5237003620461397,1.5298349298795368,1.6652522339446956,1.6164003084318166,-2.106257520345351,-4.240401164306855,-3.497949583817332,-2.106257520345351,-13.235033210755505,-1.8647281061034615,-1.4752162532340218,0
-2.235294314931331,2.5326090338284275,-3.856448940446751,1.2991520297276449,-0.9009211185541528,-0.3399271142770006,3.9870714680128816,1.6742707660711302,6.31609673739107,-1.278723067217418,3.6249609208662035,-3.856448940446751,-1.278723067217418,-1.7458739568692538,1.2991520297276449,-2.235294314931331,0
-2.0300927871849943,-0.698338176658412,1.3724141947612398,0.9177712578353244,0.7875433243268652,2.0481934693076047,0.9501302521882278,-0.6115158020383546,1.95695914006656,-0.235296976594328,3.000560508201027,1.3724141947612398,-0.235296976594328,8.65431942598357,0.9177712578353244,-2.0300927871849943,1
3.1029816702836044,4.412260471213008,-1.2924427030690322,3.0966025375697988,-0.3241768610406412,-1.0105505334498992,1.0143796248778447,0.569758919704179,1.7268374293735966,-3.86550259629354,5.739620640750918,-1.2924427030690322,-3.86550259629354,3.079223519537534,3.0966025375697988,3.1029816702836044,0
-2.7261715103056225,-1.4521702897393045,0.5170572445916894,-0.5561907825180734,0.9148677980978496,-2.3948769791195628,-2.422161376605473,0.8519290707908426,-0.3260904635289772,0.1131868958089792,-11.833261021598618,0.5170572445916894,0.1131868958089792,-11.522068194290783,-0.5561907825180734,-2.7261715103056225,0
-2.233517022160618,-1.2741515077258654,-0.6780858483026854,-1.096084326910945,-0.6226138999593189,-2.5145848567085967,-2.083041184189049,-1.18120117314888,-0.7401704888817113,-0.8712384924920378,-12.587202246895709,-0.6780858483026854,-0.8712384924920378,-17.88309200507956,-1.096084326910945,-2.233517022160618,0
-1.4818119780496457,1.126003144196308,1.2614325307706964,3.074878624368548,-0.2712965631476405,-0.1757049819161256,0.374858452185235,0.103117582445637,3.27319106649425,-0.6865408894165017,2.0559773894516926,1.2614325307706964,-0.6865408894165017,7.469635775018141,3.074878624368548,-1.4818119780496457,1
-3.66865642418164,-0.0718910397974528,0.7733092745140833,-1.583093995475903,0.7193276018294383,1.5385153793299633,0.3046103185374122,-0.3288894966708092,2.170098468402524,-1.2310934833299907,-3.1730938655876475,0.7733092745140833,-1.2310934833299907,1.1938712913375902,-1.583093995475903,-3.66865642418164,1
-1.1389499803060887,3.5738349860017675,2.8938873673829284,-3.20183274633874,-0.5212548068561296,0.231751797415826,-1.742979309111334,0.018999082259871,0.969978868666082,0.8658256386949659,-1.180597816227777,2.8938873673829284,0.8658256386949659,11.470292711571927,-3.20183274633874,-1.1389499803060887,1
0.0219731062484143,-0.4782910193715708,-2.989759158055765,-0.513290332254232,0.537179814541736,-0.0684274590635554,1.047703747225338,-0.4060291544127153,-0.3422654194431962,-3.250735951465709,-3.30949536774487,-2.989759158055765,-3.250735951465709,-13.939257465884033,-0.513290332254232,0.0219731062484143,1
-0.3433942778859331,1.7019283037303516,1.543670969242752,1.522940751697203,1.2120907193227362,-0.6541964016282751,-0.1808872668504971,0.5025462464541818,2.140400228788369,1.558413858081107,2.9506085655156813,1.543670969242752,1.558413858081107,12.177474479145973,1.522940751697203,-0.3433942778859331,1
-2.8130032914512544,-0.9420337188570684,-2.0059442596962564,-1.0787623922263967,-0.1210754323905538,-2.7785575768320303,-1.1081347013709826,-0.664700905151014,0.5552837794644041,-1.081469955193996,-12.580519212763758,-2.0059442596962564,-1.081469955193996,-19.852125934594532,-1.0787623922263967,-2.8130032914512544,0
-2.598784053921829,1.2455100303022144,2.514579115624456,1.1928597960025995,-0.1074448817942494,-1.09204279267082,-0.9033617413617244,0.5629106602850852,3.227486962224853,2.4482398044543143,-0.7996217498660649,2.514579115624456,2.4482398044543143,10.854647345260881,1.1928597960025995,-2.598784053921829,1
-4.458613993566608,0.8872583772427294,-4.426422405598798,3.602998443717858,-1.406719432559558,3.159403433490978,8.513596742179912,-0.0682025303326691,10.886995195207936,0.8481852509892063,15.712231687545051,-4.426422405598798,0.8481852509892063,12.720912958538836,3.602998443717858,-4.458613993566608,0
-3.223751963853445,-0.8163316871427214,-0.0620648803726577,-1.6534214440043622,-0.1829015674239269,-0.8562587852356499,-1.1454899659787383,-0.5379439663331403,0.6113620676194612,-0.8477439888433691,-9.399256620293936,-0.0620648803726577,-0.8477439888433691,-10.469770376086718,-1.6534214440043622,-3.223751963853445,0
-2.371351614852414,-0.0447329715574875,3.267110146410875,0.6925887874368657,1.544092663524045,3.034353274359597,0.0240033755159861,0.0778857269806748,1.6925271481185893,-1.6414204606851943,2.72779366457695,3.267110146410875,-1.6414204606851943,13.822830235642266,0.6925887874368657,-2.371351614852414,1
-0.8577104784374544,1.4634292499299224,0.0780017297647703,1.1075185314841305,2.8013729896349786,-2.291672724734668,0.0316635521567821,-1.088634843059039,2.7523316620166245,3.3131686178691124,0.47472402353315757,0.0780017297647703,3.3131686178691124,8.637693725621887,1.1075185314841305,-0.8577104784374544,1
-0.1577493204674027,3.057284110916175,2.624914564651124,-0.9973137092212276,0.321652659591586,-2.162765734365904,-3.2839430636552813,0.8261456160405156,-0.272147048701596,-0.332130500655992,-6.039383951815537,2.624914564651124,-0.332130500655992,3.106281727926262,-0.9973137092212276,-0.1577493204674027,1
-0.8325267152489706,-2.7957481689722634,-1.2033684360541956,-1.4977189656598004,-0.7287901963773834,-2.2287988465186768,-2.1042303717047632,-0.8507827486281534,-2.9460333355428285,-0.2435116124496563,-11.931333527072807,-1.2033684360541956,-0.2435116124496563,-21.176722187337248,-1.4977189656598004,-0.8325267152489706,1
-1.8973407916264196,2.008139395647696,2.290057416915533,-3.7424745474237753,1.0925378336083031,1.238308638255969,-2.477043292404548,1.465835978602963,-0.979979136330044,-4.420361052173153,-8.052463011468262,2.290057416915533,-4.420361052173153,-2.056659206223876,-3.7424745474237753,-1.8973407916264196,1
-0.491758294468305,-0.8082730318073699,0.026381627137104,1.9916817067696888,0.7611740390516385,3.283645633957498,2.3440499035028317,0.0405229423170099,1.4854180992781258,-2.827653977444505,6.775337574467337,0.026381627137104,-2.827653977444505,6.3783616882741,1.9916817067696888,-0.491758294468305,1
-3.684932681421063,-0.5625768641907323,-1.7852389509143498,0.9396739295835652,0.2687757891486415,2.8031659029773976,4.314848869967313,-0.924925815719274,5.452416624999772,-0.350954426323413,6.262390633570465,-1.7852389509143498,-0.350954426323413,5.987890888386119,0.9396739295835652,-3.684932681421063,0
-1.9492420908393973,0.9663941738892452,1.2228008334907126,0.7149915629402329,0.1166617511695034,-2.9626728806903437,-1.1548967605960547,1.519336351090644,2.625158122228923,4.525502540886862,-2.8225963350997993,1.2228008334907126,4.525502540886862,6.048945799961871,0.7149915629402329,-1.9492420908393973,1
-0.2697937750396115,2.626612896051746,1.8798077960081216,-1.280467584615498,0.6084916486780788,1.35761761214466,0.0415169912302818,-0.2096399934191622,1.384697096774704,0.2922138783266321,4.12531763024287,1.8798077960081216,0.2922138783266321,14.11304936300465,-1.280467584615498,-0.2697937750396115,1
-3.0317412596514504,1.1122622804764255,-3.143787677507242,1.099015531709733,0.3252594982295819,1.8666913925663475,5.086342724119614,0.1982173277208201,6.640722673474851,-0.3157651259991549,7.683496935787862,-3.143787677507242,-0.3157651259991549,5.9387495754018165,1.099015531709733,-3.0317412596514504,0
-1.978133406708532,-1.4178430669931568,-0.4797953874735987,0.5628092523884267,0.195162047141818,-2.282089273194696,-1.4576403796833524,0.9442148402518143,0.0417897555945084,-0.5614198949800994,-9.416406042366106,-0.4797953874735987,-0.5614198949800994,-12.942756870061576,0.5628092523884267,-1.978133406708532,0
1.1881651582231352,2.6060449512768216,-0.6755913422303748,1.5573710512825252,1.5142807357204835,0.0889795224261433,0.8113011547049228,-0.1196589024731501,1.3687102168047895,-3.262280783447366,3.0785605768923254,-0.6755913422303748,-3.262280783447366,3.2318113805075246,1.5573710512825252,1.1881651582231352,0
-1.7553244932050942,1.4395797124477212,0.9246346290831688,-2.491590736385367,0.8179920992573367,0.1684031818696845,-1.0512710368415494,0.0682067826028363,0.5222804615714096,-1.038258357514675,-4.560058547759595,0.9246346290831688,-1.038258357514675,0.250478844879769,-2.491590736385367,-1.7553244932050942,1
-0.1366017272810107,-1.852866922307444,-2.3687635113330923,-2.551738577860884,0.6128253216693214,-0.2324491332224152,-0.1942688286156726,-0.5582302623977843,-2.425997280764689,-1.5179433897223749,-6.718317712232217,-2.3687635113330923,-1.5179433897223749,-16.678007310630328,-2.551738577860884,-0.1366017272810107,0
-1.7347694980460655,0.6409136486791516,-1.0504417856141688,1.9662713037195652,0.7460239529828163,2.8913485211473806,3.761576474818229,0.6712701367053535,4.478148885964018,-1.9166821082747787,8.500006863190862,-1.0504417856141688,-1.9166821082747787,9.477299717642882,1.9662713037195652,-1.7347694980460655,0
-1.4695278330617585,0.8621416957280904,1.7569130820686154,1.7735203104063426,-0.5198341457252261,-0.3478743302461751,0.8255468286952751,1.6218737477850511,3.697047403266843,4.766082145203107,6.062014486478707,1.7569130820686154,4.766082145203107,17.207856590147305,1.7735203104063426,-1.4695278330617585,1
-2.349581390187528,2.466156620554017,-2.476193063320503,2.485883690114775,-1.151226657507144,2.316144412364186,5.528375545415456,0.6312243569717831,7.672494776403079,-0.92758115359132,11.835542137033773,-2.476193063320503,-0.92758115359132,11.730768463200128,2.485883690114775,-2.349581390187528,0
-4.510984639199796,-1.2406780084089464,-0.3499238247883129,6.952914214008866,0.123419133500961,0.6336211685821325,4.5309969577422375,-0.2812035954027669,8.839995721484385,3.0370235249281503,10.036514386234778,-0.3499238247883129,3.0370235249281503,16.199051319002596,6.952914214008866,-4.510984639199796,1
-0.5903259762524988,2.1768772584859093,1.5953773439470975,1.2213962969029006,-1.213463360152923,-0.9901682840900756,-1.0305452235014063,-1.622974962003564,1.6789416322272517,-0.6551224591124849,-0.8580566716577311,1.5953773439470975,-0.6551224591124849,4.360308027095548,1.2213962969029006,-0.5903259762524988,1
-2.9027542105122963,0.1824548100967009,-0.1705535079069651,-2.0741905996545595,-1.124165984761934,-0.5433208009453532,-0.4239162229885458,1.1780873685621749,1.4344862573728503,0.235198408947159,-6.069849416002248,-0.1705535079069651,0.235198408947159,-5.80238751811821,-2.0741905996545595,-2.9027542105122963,1
-3.8704127634064993,-1.2812461692543065,-1.993423237742241,-1.16081916329092,1.5907957421712526,1.5747305948659414,3.057651050548408,0.2716835845000306,3.858653842877248,1.3849451447106187,1.2795792890391842,-1.993423237742241,1.3849451447106187,1.3629609183770477,-1.16081916329092,-3.8704127634064993,0
-0.7128169594150513,0.9595436055790186,1.4672473089305509,0.3369292978025895,0.2424501806358193,1.4211575258493616,0.4570777731189784,0.4137542029473876,1.4896873272890518,-0.1532400618565534,3.729808706927705,1.4672473089305509,-0.1532400618565534,10.166824129166526,0.3369292978025895,-0.7128169594150513,1
-0.8326514912865333,-2.8223534599572515,0.3221213561743823,-1.9471295098087684,0.5125436283994018,-1.173182102215746,-2.9113104560445384,-0.5678078421841054,-3.879791712623972,-1.2380169099137148,-12.097826031442299,0.3221213561743823,-1.2380169099137148,-17.143073419360277,-1.9471295098087684,-0.8326514912865333,0
-3.3428071688554035,0.2485219002954206,-1.8875564121381845,-0.5837150337666427,-1.7262139619578896,-2.990687100129156,-0.6826958556220483,0.8254145978230849,2.26696927645503,-0.844862079736877,-11.186932437943863,-1.8875564121381845,-0.844862079736877,-17.325621371671655,-0.5837150337666427,-3.3428071688554035,0
-3.410063536227499,1.090849085424777,3.042569340716801,-1.5965169804553454,0.2127261211917848,0.5672263823158198,-1.213669052818845,0.6381840407282129,2.2041914528894786,1.383735377212168,-2.611212342233105,3.042569340716801,1.383735377212168,10.146323811053371,-1.5965169804553454,-3.410063536227499,1
-3.614429402613103,0.4443717701226806,2.7908951402009947,1.9638080384507293,0.01433642217576,-2.042936433520454,-1.4961480147397466,1.1983685693734596,3.601760402317273,3.013808437557521,-3.7744620382628282,2.7908951402009947,3.013808437557521,8.334816855531688,1.9638080384507293,-3.614429402613103,1
-0.8308431008980193,-2.840923650629515,0.6594618751979278,0.0426413748574823,-0.0814559877778794,-0.7968466341096933,-2.384713350445965,0.995526691674114,-2.919476376218921,-2.013464697241948,-9.620996692577352,0.6594618751979278,-2.013464697241948,-14.569526937713487,0.0426413748574823,-0.8308431008980193,0
-3.909393529652733,0.2583060116312607,-3.616621736624359,2.0345067446085947,-0.1085278425648478,3.064832024818906,6.836879659905224,0.1144760588187792,8.294549127445936,0.3993277655494127,11.749290701679572,-3.616621736624359,0.3993277655494127,9.587654655406295,2.0345067446085947,-3.909393529652733,0
-5.664672711354903,0.6412738672392521,-2.546407838284653,0.5849736933792711,-0.2425830362897937,4.497223698226927,6.94110003396723,0.0459609360489338,9.298344265364603,0.1068240116732635,11.603946291357968,-2.546407838284653,0.1068240116732635,13.871113387035683,0.5849736933792711,-5.664672711354903,0
-0.5773920209421498,-0.098868177623526,-3.363794927050953,2.8471869453049745,-0.6140381615494112,0.5591917050098336,4.391989887928671,-2.343039101651841,4.397259925136689,0.8098197760330041,8.491119820720641,-3.363794927050953,0.8098197760330041,2.4249051456966546,2.8471869453049745,-0.5773920209421498,0
-2.680225827647207,0.3572009386991939,0.7849980374787693,-0.8908734659067457,-0.0862170980074527,2.1092384215066726,0.5505991877511274,1.0781253957947718,1.8278583401006916,-2.6673294769209344,-1.1121518010112204,0.7849980374787693,-2.6673294769209344,1.4479962115733618,-0.8908734659067457,-2.680225827647207,0
-1.1736056443903125,4.066846224412991,-0.8477839503222325,0.5160666480920775,-0.4134487034717953,1.9351283757057756,3.1262882775634546,-0.9001602278736629,5.280398548644625,-2.3204275212753727,8.085424735814389,-0.8477839503222325,-2.3204275212753727,11.812065481622692,0.5160666480920775,-1.1736056443903125,0
-2.193762630434684,0.8045728475397502,-1.9624050748445248,2.9146092031671595,-0.7816720723468876,2.827456944720316,4.906728352060608,1.000820497768414,6.066763158375324,-1.8653131009996693,10.221748560773797,-1.9624050748445248,-1.8653131009996693,8.44201783631297,2.9146092031671595,-2.193762630434684,0
0.579101644686991,-2.6177020791218304,-0.8560398449914717,-0.4967900066969892,-1.41682352794919,-1.7075382001288082,-2.3310807069212283,0.2167196421228829,-4.039338877450022,-2.1664648772928192,-10.448012425603492,-0.8560398449914717,-2.1664648772928192,-21.77687897060788,-0.4967900066969892,0.579101644686991,0
1.039804441502417,3.6746189215385328,1.88260874596464,1.8614708678857452,-0.4046958568633263,2.9781102685148992,1.5936643639678478,-0.2006852183753297,2.6159879854216763,-3.0690390803405068,11.056740051583834,1.88260874596464,-3.0690390803405068,19.02327541781654,1.8614708678857452,1.039804441502417,0
-1.2530165059084188,0.7602770650523891,1.428509238022878,-0.0882374604358429,-1.4144630113663208,2.2212914625535296,0.4961120162314537,-0.5461661042180197,1.3232961740717453,-1.9581258726134585,2.399592167433182,1.428509238022878,-1.9581258726134585,5.692774444945369,-0.0882374604358429,-1.2530165059084188,1
0.8770838078304961,2.251039280234016,-0.3568488613651392,3.450425929307296,0.1434176306814761,2.09940309733785,3.149459581875976,-0.4846285646000813,3.674949103805612,-1.932060196763078,11.994754597160405,-0.3568488613651392,-1.932060196763078,14.36834620785003,3.450425929307296,0.8770838078304961,0
-0.8564803084447006,1.060028073717792,0.3832682633039648,2.6884875352214737,0.1973134122902665,-1.4378910684032915,0.670182058680558,0.48674150215806,3.3241378916772013,2.4312912490816787,3.1177264714502186,0.3832682633039648,2.4312912490816787,8.788960497741236,2.6884875352214737,-0.8564803084447006,1
-0.6751353160724178,-1.92936465344009,-3.0721229881639283,-3.305977233609735,0.4931956884898786,0.4509499687630314,0.7816348807135475,1.8307438248312615,-1.720605008815819,-1.2027806076196377,-5.4297229925022705,-3.0721229881639283,-1.2027806076196377,-16.264208462166312,-3.305977233609735,-0.6751353160724178,0
-0.4346044645853724,2.139088209101277,1.882584352957,0.9532346039560056,0.6564065654899721,-0.2594926584533883,-0.7466747326025412,1.2891318354374448,1.5876082303990118,-0.4178765042497026,0.9741817947128895,1.882584352957,-0.4178765042497026,9.191759075516602,0.9532346039560056,-0.4346044645853724,1
-1.5867154115287632,1.6352910678420718,0.1802927757829031,2.081048565981359,-1.7047757442280442,1.8481443401605293,1.5216170876818391,-1.120896973768159,3.2872995751208194,-4.649773345750793,2.6977566445467724,0.1802927757829031,-4.649773345750793,1.9529110015753226,2.081048565981359,-1.5867154115287632,0
-2.048839537294657,2.145551789337085,2.327430832592725,-3.306373791056811,-0.6284426891553463,1.6726070570859195,-1.3277588471327293,1.5480082208186925,0.4310172555526451,-2.225783563134187,-3.417989835109461,2.327430832592725,-2.225783563134187,3.959580526894835,-3.306373791056811,-2.048839537294657,1
-1.4719870463471292,-0.96013762366454,-2.211935558135255,-1.1995419561578704,0.5930540502830212,-2.3909073876194054,-1.096494986282857,-1.3853605184444944,-0.6940812449492914,-1.713687850383936,-11.223664238075143,-2.211935558135255,-1.713687850383936,-19.71680042439695,-1.1995419561578704,-1.4719870463471292,0
-4.6737487480274496,-1.3770301783942975,0.8415496898321544,-2.4304460035386293,-0.9677523395471,-1.697877026109667,-2.0577901441301103,-0.3075773895637438,0.9358035127607228,1.496016479159561,-12.43875264715026,0.8415496898321544,1.496016479159561,-10.308702675486622,-2.4304460035386293,-4.6737487480274496,1
-1.1482137265901131,-0.7368986396385901,-4.522895991051362,-3.026132561926497,-0.1271585968748843,-0.3651028974781549,1.6519654023345136,1.1044777038374665,0.0724188907896937,-1.7514046272197004,-5.740889947996696,-4.522895991051362,-1.7514046272197004,-19.346793202855572,-3.026132561926497,-1.1482137265901131,0
0.7014331904972964,2.2980562928240653,-0.1538534403369307,-0.4231578132041516,0.3286823494964829,2.2941947681897714,1.6255172860816278,-0.5911468299256105,1.2481805897113056,-2.5398833087313526,6.250355183847029,-0.1538534403369307,-2.5398833087313526,7.9463617085818115,-0.4231578132041516,0.7014331904972964,1
-0.4099762845046844,2.880782506533864,3.39383597457626,-0.5279521992323133,0.9661396608610484,-0.9350656212614096,-3.031619758458345,0.1654915641331403,-0.0759439591952141,-1.3182671516790512,-4.277164129863349,3.39383597457626,-1.3182671516790512,7.059773013006754,-0.5279521992323133,-0.4099762845046844,1
-0.8321060848567832,2.6161113956185176,-0.5064880748069578,1.6667496961727255,1.202249003361171,1.5513180791635812,2.0830609366425272,-0.6172857068788872,3.6672365005659673,-3.759831720471173,4.876620381432977,-0.5064880748069578,-3.759831720471173,7.057666553414599,1.6667496961727255,-0.8321060848567832,0
-2.206269168727025,0.7333219395426426,-4.206148106156874,3.081795766961563,-0.3129289671900141,1.3917805447355442,5.996316347372647,-0.3043448710539514,7.1239999554892055,-0.3375667910303119,10.051159183590606,-4.206148106156874,-0.3375667910303119,4.241153305451275,3.081795766961563,-2.206269168727025,0
-0.778053323531066,2.747969066666841,1.667238552156045,0.3826229740103439,0.1794141710488413,-0.891298415928072,-1.1436051016082638,0.2510035431501465,1.7723738388408656,-0.775107831530931,-1.3487710478492203,1.667238552156045,-0.775107831530931,6.162661987168678,0.3826229740103439,-0.778053323531066,1
-4.161301388681771,-0.7036079650795655,-1.1621708615218689,0.8953982124085292,2.0268171160423925,3.453645418969201,4.215279279944753,-1.9790186934897125,5.534383890862661,-0.8879703819521584,6.265088594578191,-1.1621708615218689,-0.8879703819521584,9.14873567043223,0.8953982124085292,-4.161301388681771,0
-2.7656907612150103,-0.1998650974282849,-4.649209522488744,-3.6162715275744257,0.4273760454707971,-0.127805710325803,2.2954938242656944,-0.5439834133726836,1.9494808333865237,-1.2708051018336723,-5.812750084437305,-4.649209522488744,-1.2708051018336723,-16.628281984410926,-3.6162715275744257,-2.7656907612150103,0
-1.093486839480926,-2.606261868937238,-0.4533499541115489,-2.906957232372784,0.7756752996156893,0.3244765114438026,-1.5767488084825458,0.7082662196573998,-3.2823604216474247,-2.014793419280619,-9.549295145666507,-0.4533499541115489,-2.014793419280619,-15.682510144212852,-2.906957232372784,-1.093486839480926,0
-1.5195919117182433,1.5425182473313162,1.9965747128004423,-0.7241165211415465,2.445769569113684,1.960846175969559,0.2548744938162536,-1.03008605490443,1.8523303196322152,-0.6637516249572326,2.8116250352696657,1.9965747128004423,-0.6637516249572326,13.68761265414384,-0.7241165211415465,-1.5195919117182433,1
-2.1874380091551027,-1.4973477722104418,-1.1995557147151898,-1.588175347155139,0.3424508791769014,-1.3058132871501704,-0.8033151986957919,-0.6937666074967505,-0.2966330131687075,-0.2668752319609659,-8.954778133477783,-1.1995557147151898,-0.2668752319609659,-13.574792789525754,-1.588175347155139,-2.1874380091551027,0
-1.2025444917334474,1.1027425872545682,-0.5665816069037096,2.2460137982366875,-0.1873303098213008,1.8715874750300303,2.6532797364219105,0.5095135639296859,3.790336468931435,-2.169028297998257,6.373638282241522,-0.5665816069037096,-2.169028297998257,6.995503255408668,2.2460137982366875,-1.2025444917334474,0
-1.2917634974676702,0.7778104697639319,-1.6289197675547733,4.324362538277796,-0.2606083323339582,-2.049077953803457,2.28128874816466,-0.7057555622271979,5.17208048003978,2.2153259220983803,4.208868273230184,-1.6289197675547733,2.2153259220983803,4.525270575720655,4.324362538277796,-1.2917634974676702,1
-0.5033389499795607,1.3829237731024298,-2.480257781039653,1.5901355001370887,2.054092441435975,-0.5527458598711044,2.277994047769466,0.5557421780428925,3.259516776630204,-1.0421490841912413,2.600073567095974,-2.480257781039653,-1.0421490841912413,0.4632020043534646,1.5901355001370887,-0.5033389499795607,0
-1.735469071237421,1.5722492831953012,1.8609724784960493,2.1794988328760003,2.6323862046774984,-0.7074742937762567,-0.7641136400945944,-0.5319315082920923,2.6709255705630226,-1.0566925943454772,-1.2194757771587041,1.8609724784960493,-1.0566925943454772,8.377976990242077,2.1794988328760003,-1.735469071237421,1
-0.333667895421792,4.011910368744592,2.1864179321301824,-3.3144515342045757,0.949263174282309,3.3864129770761604,-0.5849292956736913,-1.4036162110718102,0.088922977100138,-5.707790186585435,0.8438974110114179,2.1864179321301824,-5.707790186585435,8.530381881563237,-3.3144515342045757,-0.333667895421792,1
-0.6685141210100753,2.7874650937723287,-1.243990384620913,2.771017901017819,1.334506133337838,1.073076795959376,3.2087327430463826,-1.1068702915340567,5.104763419687211,-1.944273529806788,8.30058167893842,-1.243990384620913,-1.944273529806788,10.959406079600178,2.771017901017819,-0.6685141210100753,0
1.018019234269644,1.809579476141372,-1.8605347721054668,2.861022084813783,0.4583179391254417,-0.5625594027013392,1.639677993931252,-1.0736928461974642,2.158651492092046,-2.717229109605067,3.4859508741483056,-1.8605347721054668,-2.717229109605067,-0.7280362689414277,2.861022084813783,1.018019234269644,0
-1.50444032499508,4.558227754718141,3.4986377552325045,-4.78150264393939,-2.9937066026606227,0.4354796551616584,-2.3516104255248136,-0.4023100227527226,0.8335322983740048,0.5766288713178089,-2.631737458100016,3.4986377552325045,0.5766288713178089,10.127310454800796,-4.78150264393939,-1.50444032499508,1
-2.096953325916148,-0.383061838344622,-0.5375221817688179,0.9052330190975112,0.925904176727718,-4.090228539944725,-2.368166295843744,0.7356551436413686,0.5047823700092293,-0.4790688513064012,-12.602474372202854,-0.5375221817688179,-0.4790688513064012,-14.831025122755547,0.9052330190975112,-2.096953325916148,0
0.1927428207240067,-2.5761667659490914,-0.3165206483711864,-1.328683665545365,-0.3074609000151421,-1.488866128828843,-2.423545070388051,-1.5722305440781297,-3.901979059776752,-0.8135541314489095,-9.926939070265096,-0.3165206483711864,-0.8135541314489095,-17.224462282638154,-1.328683665545365,0.1927428207240067,0
0.0343206595439262,2.349162817489386,1.9825829098498884,-0.8599021515201466,-0.5416207633091875,-2.5870423175165973,-2.434556608518043,-0.318301014104334,0.2102823340012316,2.7985008974942187,-3.2865590205438533,1.9825829098498884,2.7985008974942187,5.342446375833018,-0.8599021515201466,0.0343206595439262,1
-1.5075508023825772,1.1901813834706862,-1.836577783550302,3.0965236798087448,-1.873240111819152,1.731025385358416,4.281059078422762,-0.4992476144946552,5.667110125433906,-0.8738106965318934,9.648453413504555,-1.836577783550302,-0.8738106965318934,7.535504853893152,3.0965236798087448,-1.5075508023825772,0
-0.9495407423883624,1.8406486148936907,1.896756261174712,0.285321027582331,0.5010900093087719,-3.383302625325556,-2.988751787329757,-2.476792066877087,0.5968868874442143,1.2791023732723934,-7.299825764620818,1.896756261174712,1.2791023732723934,0.316863804651879,0.285321027582331,-0.9495407423883624,1
-1.798367255506447,4.03142788411736,-0.7062813450682902,0.871213021778008,0.6970509788397266,2.524950398134817,3.5443737764019634,0.2541276870714354,6.034882737358319,-2.897938355923909,8.80060986713661,-0.7062813450682902,-2.897938355923909,14.234047043124377,0.871213021778008,-1.798367255506447,0
-1.2414360691165254,2.1278467550592857,1.171655225906453,0.0456757510895011,0.2802359460024943,2.4442365350934843,1.263352409746689,0.2921488421187989,2.6933913310159485,-2.166772108114463,4.917139808851456,1.171655225906453,-2.166772108114463,11.376036309974424,0.0456757510895011,-1.2414360691165254,0
-0.7187555758889258,1.4403934128426996,0.0280793335873312,0.6555082811291841,-0.2122443098399305,-0.2573000334536328,-0.4803490785802723,1.391457966955942,0.9217157112050032,-3.720434291078918,-3.3382373184834977,0.0280793335873312,-3.720434291078918,-4.629599083053341,0.6555082811291841,-0.7187555758889258,0
-1.845681302400673,-0.4128607434504803,2.7737808729049087,0.2191447112262334,0.1796953811062069,1.7645064991364685,-0.9264766980979134,0.9772633703031224,0.3520544454547297,-1.5176223378156932,-0.9544833722655897,2.7737808729049087,-1.5176223378156932,5.885328316073373,0.2191447112262334,-1.845681302400673,1
-1.0634434811243805,2.0940090121449537,1.3643926622353872,1.082445846692392,0.7138774440901375,-3.6018294075093347,-2.8108096388751678,-0.1546903311345547,1.0550955150546972,-0.3216450785219269,-8.223102154702799,1.3643926622353872,-0.3216450785219269,-2.74399970609833,1.082445846692392,-1.0634434811243805,1
-2.044524462446293,0.7704980124662073,2.06121726242883,0.7614813934474053,0.0092269929954689,-2.3101450427261083,-1.314693506002032,-0.0936090233663665,2.446617989439388,4.545501213008448,-1.9020274349784814,2.06121726242883,4.545501213008448,8.996799761064615,0.7614813934474053,-2.044524462446293,1
-1.10709935946733,2.074118090276156,1.7905866968804962,1.2210581244708116,-0.7737805788906578,-0.3514486786090913,-0.2532980899240254,-0.9857330334274744,2.6725099350081463,0.6619335244612067,1.893814932598636,1.7905866968804962,0.6619335244612067,10.011618708529413,1.2210581244708116,-1.10709935946733,1
-1.9927921068649752,0.4756252497812929,-1.7281947605657364,0.8674201322975638,-0.066112393952007,1.1626356580412631,2.527910722271677,-0.1711793697963994,3.48580385091738,-1.9167517830925032,2.2866835304755813,-1.7281947605657364,-1.9167517830925032,-0.5564161312321432,0.8674201322975638,-1.9927921068649752,0
-0.4706074918560292,-0.7892461321849373,-4.632538304070852,-2.7977955006023327,0.8594142547594531,-1.0117613427729766,0.9677331456960988,-0.0042629376438761,-0.9166309501621852,-2.5043701971366503,-7.617808861629804,-4.632538304070852,-2.5043701971366503,-22.213212982964905,-2.7977955006023327,-0.4706074918560292,0
-0.2668834467449485,3.1672682638940404,-2.3761850673739224,2.3324680846395003,-0.3927262384258175,1.7464695999828623,4.735032322408789,-1.1929733710191368,5.900646496133241,-1.140387847518213,12.320436576644894,-2.3761850673739224,-1.140387847518213,12.114304393554374,2.3324680846395003,-0.2668834467449485,0
0.8162568193359112,-2.864273922579686,-2.5585846759755406,-2.795844316312297,0.679373170574121,-0.4869124645498304,-0.7692882748689961,-0.8594597234480168,-4.274133689067843,-1.423695760630345,-8.010670384155073,-2.5585846759755406,-1.423695760630345,-20.728194127490745,-2.795844316312297,0.8162568193359112,0
-2.314652141468255,-1.57485066097307,-2.1290557625040654,-4.074563790692275,-0.6160275437179559,-0.0946865386749351,-1.0647822032481535,-0.2805717065985525,-2.0384313904400835,-4.024540157066145,-13.242762030797769,-2.1290557625040654,-4.024540157066145,-24.784627643429936,-4.074563790692275,-2.314652141468255,0
-2.441173758728884,0.1376276047579223,-2.9645738530335723,-2.2996111328691238,1.3486931986455122,-1.0617005040083776,0.5085878193971032,0.878654850180379,1.2199860159738796,-2.1655187955343997,-8.383489270994138,-2.9645738530335723,-2.1655187955343997,-15.342137276623848,-2.2996111328691238,-2.441173758728884,0
-3.085435200621804,1.7503157647963783,-0.0782074812922097,1.7137349330743294,-1.498635497149212,3.941465349923025,4.31891062329136,0.6621687539474996,6.469966690333754,-1.8393197913611783,10.741137029025134,-0.0782074812922097,-1.8393197913611783,15.089603959692123,1.7137349330743294,-3.085435200621804,0
-0.8697869238907967,2.49691909060111,-1.073245148659317,2.497690629449422,-0.5738199139101188,1.535514206410857,3.15141080068303,0.3286440258048085,4.825746997222624,-2.443739925362641,7.903522084301838,-1.073245148659317,-2.443739925362641,8.446241441262003,2.497690629449422,-0.8697869238907967,0
-1.849161669347092,4.266490254037254,3.297777723824441,-5.120048624060628,-0.9711898691379915,0.4725574785817503,-2.706866149721621,-0.1664855842815459,0.3481457222778536,-0.8318627875812241,-5.296334019509811,3.297777723824441,-0.8318627875812241,7.290228376038334,-5.120048624060628,-1.849161669347092,1
-1.2164294647987883,2.5425732335446813,2.371353679519505,0.4684105565881717,0.000223947995788,-2.6077056168607964,-3.3409673731412197,-0.9621412281903848,0.5675388468954657,-1.9859456296021527,-8.7477699111309,2.371353679519505,-1.9859456296021527,-2.1474103969776843,0.4684105565881717,-1.2164294647987883,1
1.5280486904549209,1.2032845544610695,-1.6644618535255364,2.2180303235911545,0.2377317279059861,-1.1525305650718245,0.8278139696590119,-0.3246196743979412,0.7934031291510371,-1.6271801652974311,1.8449362427250764,-1.6644618535255364,-1.6271801652974311,-2.857092752836171,2.2180303235911545,1.5280486904549209,0
1.2384440014685096,2.7952483321200825,-1.9213939318017192,3.4869261075379483,-0.2164187116383712,-0.8344715869066555,1.6097619120597768,-0.3631755587328161,2.6840565273795414,-3.936648219276632,3.5247889600963744,-1.9213939318017192,-3.936648219276632,-1.4359944738888748,3.4869261075379483,1.2384440014685096,0
-3.5784939704344945,-0.0673027842708879,-2.7763754368918807,1.393183483478414,0.3232471875335622,1.8790406227220344,4.869589760309368,-1.1097501278882742,6.403656642491825,0.4308347056941759,6.805892440220645,-2.7763754368918807,0.4308347056941759,5.353028180298224,1.393183483478414,-3.5784939704344945,0
-1.071998107888041,-1.7102032170544803,0.8758447458831466,1.391746447753067,0.2483054757359842,-2.97878583404992,-3.2395608995669827,-0.9683358632535588,-1.7558563852063915,-1.3804338220901542,-11.968021266946433,0.8758447458831466,-1.3804338220901542,-14.553744658278116,1.391746447753067,-1.071998107888041,0
-0.4805955055261883,2.610442068327373,2.9223006238103704,-2.1997891346707403,-1.3268775593670228,2.078790284941957,-1.4526730197755773,-0.577004439727203,-0.3314348916455527,-3.106908564036739,-0.47194358579795814,2.9223006238103704,-3.106908564036739,6.749342019818376,-2.1997891346707403,-0.4805955055261883,1
-1.8565864318720624,1.3416348083178062,2.1039224508941907,0.9500006055744734,0.2007385407583894,-1.4454932003501986,-0.8211623085792572,1.4056475975079636,2.7989145449012094,3.259258070883734,-0.017841656375703563,2.1039224508941907,3.259258070883734,11.166218318502874,0.9500006055744734,-1.8565864318720624,1
0.7868586135704838,2.017207077173715,-0.4055134134614326,0.1932145487332557,0.1617915406027201,2.7644012537176144,1.9996818452052236,0.6734288127536935,1.273825736096677,-3.679414542320645,6.8463500497972625,-0.4055134134614326,-3.679414542320645,6.573452442939255,0.1932145487332557,0.7868586135704838,1
-2.2409509297613948,-2.0626466333951816,-1.053526287378609,-1.8487171477631543,-0.0423318956602127,-1.4023209055167671,-1.3918450101135509,0.4838411250264615,-1.1690379842782408,-0.7945175546237329,-11.14331908669055,-1.053526287378609,-0.7945175546237329,-17.329381624808352,-1.8487171477631543,-2.2409509297613948,0
-1.5892749248426248,0.3305389342969511,-1.9659155866516131,3.301495224555577,1.0467127137757637,1.68572188019543,4.015851290953255,-0.4576845616790778,5.0023335622437175,-1.466222604380074,7.963831680973943,-1.9659155866516131,-1.466222604380074,6.615233702849251,3.301495224555577,-1.5892749248426248,0
-2.55182580488046,0.3970413764915308,-1.4353175694947389,2.000673353592444,-0.5610891309809973,2.6328863862846545,4.045785632281886,-0.3759835793518661,5.245689607030828,-1.535617764879707,7.621829565175004,-1.4353175694947389,-1.535617764879707,6.884319267849948,2.000673353592444,-2.55182580488046,0
-2.736595800027782,1.4261524309503508,-1.4925621023345044,1.9718129804677744,1.1685803642733814,2.244640336073425,3.870043195949664,1.024774112281728,5.836982505787752,-2.3896526912734863,6.631040788213371,-1.4925621023345044,-2.3896526912734863,8.062576333406122,1.9718129804677744,-2.736595800027782,0
-2.9825586738805674,-0.7004341528183282,-1.7368454851886466,1.9253773310840263,0.5477389787375606,1.4998356729841342,3.0126781556285707,0.6882597107724135,4.222044825491277,-1.8891645840265567,2.3655694219554126,-1.7368454851886466,-1.8891645840265567,-0.4407789636823638,1.9253773310840263,-2.9825586738805674,0
-1.33001510141087,1.2948891690566338,0.951116142391501,2.36737261926684,-1.185921599186856,-0.7813995323386269,0.3548383244310208,-0.8557425799515072,3.253382278878795,0.9115803870675994,2.0358663337339697,0.951116142391501,0.9115803870675994,7.075790997563496,2.36737261926684,-1.33001510141087,1
-1.1551246486529143,1.7792814352489328,1.3304062979177045,1.2893536419235982,-1.5075529446334208,-0.8281688559096287,-0.0030848488272514,1.5161161803550431,2.9129875425031324,1.8101149084408483,2.064202776313956,1.3304062979177045,1.8101149084408483,8.89476230662648,1.2893536419235982,-1.1551246486529143,1
-0.6085569031843739,3.0702954749894733,-2.610221648580121,2.67458565287082,-0.6799058967468314,2.904172584788971,6.143782324508387,-1.2270140772885358,7.145118610613305,-0.5704929318478641,16.517958786914384,-2.610221648580121,-0.5704929318478641,17.022921007042807,2.67458565287082,-0.6085569031843739,0
-1.5593573010786912,2.283247644484472,1.700614217185177,-2.390084009957051,1.2354317757568007,1.4676758779588557,-0.5481244345059487,-0.599355705052997,1.0880813908964695,-1.634478412218362,-0.9134447573578695,1.700614217185177,-1.634478412218362,7.475866388396668,-2.390084009957051,-1.5593573010786912,1
-2.7788455729541086,-0.0608509377074506,-1.885042536487954,-2.5257163766822623,-0.057866159214341,-1.1292492472580649,0.058959993772652,-0.8072156774844398,1.275606013171029,-0.2675983683698817,-7.832549756457181,-1.885042536487954,-0.2675983683698817,-11.90155352258445,-2.5257163766822623,-2.7788455729541086,1
-1.6096154923657562,-0.7004223253926902,-0.4073757861327762,-0.1286381705929475,0.5286348153345591,0.620306927749412,0.5721145105599162,-0.5963246890919207,0.9665596818471028,-0.930607383213715,-1.5565550055063686,-0.4073757861327762,-0.930607383213715,-2.4589493720071687,-0.1286381705929475,-1.6096154923657562,1
-1.124238048367772,1.107336709498365,-3.53147752752125,-1.342423457459475,-1.1309873884855863,-2.8807059945401736,-0.3637915305241644,-0.4908064664964202,0.592070118754044,-3.1833618938246016,-10.667890209757996,-3.53147752752125,-3.1833618938246016,-22.86270218287428,-1.342423457459475,-1.124238048367772,0
-3.478806494299855,1.0703572881244825,-3.151362383362847,1.9791492411932683,-0.3310243342080806,2.0789950996037443,5.321050865675796,-1.2847277664174672,7.280408236714543,-1.4611406607834343,7.588600439117746,-3.151362383362847,-1.4611406607834343,4.60242043616751,1.9791492411932683,-3.478806494299855,0
-0.9361027494582718,1.9256337347551795,0.8568906654138322,1.733476724882277,1.4985463606698537,-0.9877072812539291,0.1764256462014773,-0.4702557162663573,3.0092811168969305,0.9855332160684088,1.9095520099412129,0.8568906654138322,0.9855332160684088,9.878194841703845,1.733476724882277,-0.9361027494582718,1
-1.4195115127494178,-1.8811375270330493,-2.4879416032335686,-2.6729995349028424,0.2273259068231903,0.3127654598749294,0.4162970691443624,-0.3536525548815512,-1.1576019331889758,-1.8083896508011004,-6.740210236592189,-2.4879416032335686,-1.8083896508011004,-16.439428256528696,-2.6729995349028424,-1.4195115127494178,0
-3.395230863789231,-1.3002851019159225,-2.558144866345054,-3.884397994098454,0.8496447827066518,0.4208196238778476,0.5627928319389323,-0.3461042717800152,0.375183867738021,-2.051842606363603,-9.227324486472583,-2.558144866345054,-2.051842606363603,-16.612886485058628,-3.884397994098454,-3.395230863789231,0
-1.257268785331601,2.345946608576047,3.2856809238581537,-1.750677079952334,-0.9427752402304744,3.433092790022393,-0.7178414985327073,-0.6059900460849119,0.5232033372480983,-4.062089442372024,1.4242553824321673,3.2856809238581537,-4.062089442372024,10.010836781925223,-1.750677079952334,-1.257268785331601,1
0.0133143470224814,3.067170876522899,2.1881442639719766,-0.9482827922788056,-2.2243841086088687,3.5227067500397937,0.6427616149437846,-0.0666010270219737,1.2273180656009672,-3.529265005942308,6.291112540347639,2.1881442639719766,-3.529265005942308,12.08818603096029,-0.9482827922788056,0.0133143470224814,1
0.4903795523320877,2.2206093323038347,1.1039883392879666,-1.0770859111351316,-0.2617807223427068,1.014927630324609,-0.4216990246457524,-0.9262391125885509,-0.0116325780097205,-1.9390159403737357,1.303043269130521,1.1039883392879666,-1.9390159403737357,4.955826694254487,-1.0770859111351316,0.4903795523320877,1
-2.316372724686129,1.454750917365902,3.3677623737570936,-1.6348551158112603,-1.6037294750298954,2.422010000548364,-1.0416453174948028,0.4331840672715426,1.0172951537354855,-1.9943991035713489,-0.6885013431009119,3.3677623737570936,-1.9943991035713489,8.384596214956584,-1.6348551158112603,-2.316372724686129,1
-1.2180342755601676,-1.4390459485895877,-0.497073343867578,0.0712623423067431,-0.6849961501263927,-2.0346165346501355,-1.8207866153648289,-0.6892766231523877,-1.1622690325229716,-1.487459747164564,-9.963297313672676,-0.497073343867578,-1.487459747164564,-15.945044799096655,0.0712623423067431,-1.2180342755601676,0
-0.4780760231523511,3.2550124726571816,-1.1913479054755418,1.0839662826128198,0.93736741425368,1.734039850490979,3.609355370887736,0.995167665158606,5.025653532049553,-0.4319558091730651,10.50638199481428,-1.1913479054755418,-0.4319558091730651,15.03444827325379,1.0839662826128198,-0.4780760231523511,0
1.805025844988405,-1.7281419317487443,-1.9281566332771285,-1.4569486622782255,0.3720814786673863,-2.0000733929791465,-2.5133591220094624,-1.5736290221169846,-5.184052552932553,-3.94357581888543,-11.837146475891752,-1.9281566332771285,-3.94357581888543,-25.663862838315033,-1.4569486622782255,1.805025844988405,0
-0.4661680540155906,2.984690351271806,1.098427980348425,-2.2447247688054563,-0.4485968731091201,2.4453125833379845,0.249479140957839,0.5224452109266943,0.8837090377291582,-3.482909874377221,1.9309919617073459,1.098427980348425,-3.482909874377221,6.260574006298964,-2.2447247688054563,-0.4661680540155906,1
-2.7907321460393097,-0.8377451098369337,0.2145862644858833,-0.7390815371956808,0.0375668587072523,0.7126230713691901,0.1743888348234074,0.0178322545297575,1.363529189415408,-0.6685649255293936,-3.4364887410395304,0.2145862644858833,-0.6685649255293936,-2.574295962765648,-0.7390815371956808,-2.7907321460393097,1
-1.9132533087215573,1.974916712883814,1.2056254211676602,1.4614248429138357,-0.5131272463642831,-1.2890355565934923,-0.4811713202377945,-1.0311060532942633,3.196197231678209,0.1563614203908159,-1.379792765957871,1.2056254211676602,0.1563614203908159,5.037941958610308,1.4614248429138357,-1.9132533087215573,1
-3.0874944003016678,0.8607679027739027,-4.887561100572807,1.3694317894151538,0.8582704301818718,2.2337331535694465,7.43733135635782,0.3120621317267384,8.457171495432961,2.066202027942262,13.113704983326365,-4.887561100572807,2.066202027942262,10.377396435723373,1.3694317894151538,-3.0874944003016678,0
-1.2798381473164735,1.721795195236936,0.8566084280493813,3.5856017592738545,-0.953157504755092,0.3061087505191096,0.9013850707783124,-0.4970306906659087,3.732939465739847,-2.458779538581297,3.0823818404295515,0.8566084280493813,-2.458779538581297,6.243119993909506,3.5856017592738545,-1.2798381473164735,1
-1.7262960296117744,-1.805059607604467,-1.6224734496968216,-1.6480696989392871,-1.6724045258123523,-1.7596128257217667,-1.2486442453117856,1.4443434119799452,-1.2613158675769385,-1.0792939163471469,-11.026589149257994,-1.6224734496968216,-1.0792939163471469,-20.600578546402524,-1.6480696989392871,-1.7262960296117744,0
1.1560355365307,3.9162150016750257,-0.1847118580242004,2.402019757151596,1.3558053394315013,1.5013027852190757,2.1410187097771747,-0.3894035615253766,3.2677087234975555,-3.605298654266089,9.01259592130656,-0.1847118580242004,-3.605298654266089,12.937886691038054,2.402019757151596,1.1560355365307,0
-1.1200452690399745,0.7798196483299173,-0.4236881568972572,-1.514789905446706,-0.9469827656173482,0.6434995471165907,0.2167294277077874,-0.4061514165738035,0.6311680843933533,-1.788823905244636,-2.1401109094604305,-0.4236881568972572,-1.788823905244636,-3.885536041984855,-1.514789905446706,-1.1200452690399745,1
-2.235616826125185,-0.8658149037231326,2.1836066543526598,1.0573625821055073,-0.1088486250691617,2.0189931809753623,0.2084060838442448,0.0714208325810931,1.532841504289489,-0.6669144399651488,1.5354088580870102,2.1836066543526598,-0.6669144399651488,7.604472799455493,1.0573625821055073,-2.235616826125185,1
-3.018550395367342,-0.01396989778714,1.360249377838715,-1.9312989370245437,2.523373331399558,-0.838071798043825,-1.561299351056311,-1.6368018643107916,0.9022096551056968,1.234525118053365,-6.966737059269621,1.360249377838715,1.234525118053365,1.123127456191774,-1.9312989370245437,-3.018550395367342,1
-0.9136554238204516,0.9952929869729992,0.5933234217840309,1.76684494196765,-0.2686216239380641,-1.7466365952403549,0.2112872259482427,0.3886472460333105,2.8513325475769067,3.469372618382039,2.0358691589697697,0.5933234217840309,3.469372618382039,8.311968710343113,1.76684494196765,-0.9136554238204516,1
-4.069259664328612,-1.2525693013707813,0.0663151426893464,-2.1768293768637763,-0.7946591841458039,-2.5748642896440668,-2.501176273495165,0.1776980457902398,0.2080304706001218,0.1281816069690318,-15.021381588377439,0.0663151426893464,0.1281816069690318,-16.673455727095075,-2.1768293768637763,-4.069259664328612,0
-0.807713585290579,1.071616064941912,0.0353408865947022,1.51178986823136,-0.5098939528656328,-0.5553684607031393,-0.5638654567236611,0.3624498815945265,1.0283669496894872,-3.925899685253281,-3.8248097155005274,0.0353408865947022,-3.925899685253281,-6.081441569778116,1.51178986823136,-0.807713585290579,0
0.7619403098042712,3.222921551941431,0.4407126963345504,-0.0994920078919237,1.3908335481766434,1.2151840963632776,0.946354373833146,-0.3199072780029138,1.709856362927672,-1.611896531577257,5.6501958888362225,0.4407126963345504,-1.611896531577257,11.512165935503944,-0.0994920078919237,0.7619403098042712,0
-0.5912977637649521,3.126454054074994,3.5704554913991724,-2.6385055837609084,-0.3592853043064165,-2.7375354049244085,-4.45314693644403,1.0896295229091613,-0.9495921992843588,1.528583452852096,-8.502983586891617,3.5704554913991724,1.528583452852096,3.6996989307626644,-2.6385055837609084,-0.5912977637649521,1
-0.2504048868903878,1.3616306038730648,-1.142458846217912,1.48301365651326,0.4476962663950118,0.436405681238408,1.7824978447164803,-1.1992043250956432,2.5371698180983677,-1.549408097987477,3.7001404827017566,-1.142458846217912,-1.549408097987477,2.8662192171668273,1.48301365651326,-0.2504048868903878,0
-2.088175951976137,1.7341947644928923,2.6009540013150767,0.7792241652331193,-2.722454140991939,-1.397462541261465,-1.937667824175954,0.4728150699278325,1.995552732927004,0.1796104942809755,-4.127739434668033,2.6009540013150767,0.1796104942809755,2.8012777015855415,0.7792241652331193,-2.088175951976137,1
-2.385324201330463,-1.6483342771559824,-0.7134883067213644,1.3446578704132972,0.7834656483247346,-3.544793615459266,-1.8665148518846515,-0.7184839851611164,0.4224564204743048,-0.1261380778520804,-11.771240768728411,-0.7134883067213644,-0.1261380778520804,-15.445046431954779,1.3446578704132972,-2.385324201330463,0
-1.5829373568054437,2.94381233772616,-3.301511683261661,1.8281949493925975,-0.7053167239158482,2.4530523062287344,6.462458353636107,-1.998344967144626,7.913123121625586,0.5346902172522108,15.092323113659099,-3.301511683261661,0.5346902172522108,15.166202652416514,1.8281949493925975,-1.5829373568054437,0
0.064703620744891,2.761154893939547,1.5322038619097125,-0.7255623288128485,0.2174058527270034,-2.788799098540552,-2.3827469565835218,1.2724283828165954,0.3892666660172285,1.703681465850146,-4.15636750194289,1.5322038619097125,1.703681465850146,3.5734969584534295,-0.7255623288128485,0.064703620744891,1
2.400279534101774,4.142785153356742,0.0869594069235029,-0.7134763604146098,0.1348014232902034,3.0060419945305377,1.7946623434587845,-1.2255347222149022,0.8342329094470553,-3.798277122056783,9.838057537506984,0.0869594069235029,-3.798277122056783,12.53689836646296,-0.7134763604146098,2.400279534101774,1
-4.802292643947887,0.1579540614727865,-0.2436073554319018,-0.328456125237442,0.5484632735405707,-3.7608347453900186,-2.387931653051634,1.0033658927291456,2.379087968975232,-1.3015608859267245,-16.18395673747094,-0.2436073554319018,-1.3015608859267245,-16.260130122611262,-0.328456125237442,-4.802292643947887,0
